INSERT INTO topics (topic_id, topic_name) VALUES (4001, 'עולם החי') ON CONFLICT (topic_id) DO NOTHING;
INSERT INTO topics (topic_id, topic_name) VALUES (4002, 'חיות ביער') ON CONFLICT (topic_id) DO NOTHING;
INSERT INTO topics (topic_id, topic_name) VALUES (4003, 'מערכת השמש') ON CONFLICT (topic_id) DO NOTHING;
INSERT INTO topics (topic_id, topic_name) VALUES (4004, 'חגים ישראלים') ON CONFLICT (topic_id) DO NOTHING;
INSERT INTO topics (topic_id, topic_name) VALUES (4005, 'צמחים ופרחים') ON CONFLICT (topic_id) DO NOTHING;
INSERT INTO topics (topic_id, topic_name) VALUES (4006, 'דינוזאורים') ON CONFLICT (topic_id) DO NOTHING;
INSERT INTO topics (topic_id, topic_name) VALUES (4007, 'גיבורי ספרות ילדים') ON CONFLICT (topic_id) DO NOTHING;
INSERT INTO topics (topic_id, topic_name) VALUES (4008, 'מדעי הטבע') ON CONFLICT (topic_id) DO NOTHING;
INSERT INTO topics (topic_id, topic_name) VALUES (4009, 'מזון בריא') ON CONFLICT (topic_id) DO NOTHING;
INSERT INTO topics (topic_id, topic_name) VALUES (4010, 'כלי תחבורה') ON CONFLICT (topic_id) DO NOTHING;
INSERT INTO topics (topic_id, topic_name) VALUES (4011, 'מים והידרולוגיה') ON CONFLICT (topic_id) DO NOTHING;
INSERT INTO topics (topic_id, topic_name) VALUES (4012, 'גופנו האנושי') ON CONFLICT (topic_id) DO NOTHING;
INSERT INTO topics (topic_id, topic_name) VALUES (4013, 'עצמות ושלד') ON CONFLICT (topic_id) DO NOTHING;
INSERT INTO topics (topic_id, topic_name) VALUES (4014, 'ציור ואמנות') ON CONFLICT (topic_id) DO NOTHING;
INSERT INTO topics (topic_id, topic_name) VALUES (4015, 'תרבויות שונות בעולם') ON CONFLICT (topic_id) DO NOTHING;
INSERT INTO topics (topic_id, topic_name) VALUES (4016, 'סיפורי עם') ON CONFLICT (topic_id) DO NOTHING;
INSERT INTO topics (topic_id, topic_name) VALUES (4017, 'גיאוגרפיה ומפות') ON CONFLICT (topic_id) DO NOTHING;
INSERT INTO topics (topic_id, topic_name) VALUES (4018, 'בעלי חיים מוגנים') ON CONFLICT (topic_id) DO NOTHING;
INSERT INTO topics (topic_id, topic_name) VALUES (4019, 'אבני חן ומינרלים') ON CONFLICT (topic_id) DO NOTHING;
INSERT INTO topics (topic_id, topic_name) VALUES (4020, 'מקצועות ועבודה') ON CONFLICT (topic_id) DO NOTHING;
INSERT INTO topics (topic_id, topic_name) VALUES (4021, 'מוזיקה וכלי נגינה') ON CONFLICT (topic_id) DO NOTHING;
INSERT INTO topics (topic_id, topic_name) VALUES (4022, 'מזג אוויר ואקלים') ON CONFLICT (topic_id) DO NOTHING;
INSERT INTO topics (topic_id, topic_name) VALUES (4023, 'עצמאות ישראל') ON CONFLICT (topic_id) DO NOTHING;
INSERT INTO topics (topic_id, topic_name) VALUES (4024, 'חקלאות ואיכרות') ON CONFLICT (topic_id) DO NOTHING;
INSERT INTO topics (topic_id, topic_name) VALUES (4025, 'חלל ואסטרונומיה') ON CONFLICT (topic_id) DO NOTHING;
INSERT INTO topics (topic_id, topic_name) VALUES (4026, 'חיות מחמד') ON CONFLICT (topic_id) DO NOTHING;
INSERT INTO topics (topic_id, topic_name) VALUES (4027, 'חוקים ונהלים') ON CONFLICT (topic_id) DO NOTHING;
INSERT INTO topics (topic_id, topic_name) VALUES (4028, 'עיצוב ואדריכלות') ON CONFLICT (topic_id) DO NOTHING;
INSERT INTO topics (topic_id, topic_name) VALUES (4029, 'חשמל ואנרגיה') ON CONFLICT (topic_id) DO NOTHING;
INSERT INTO topics (topic_id, topic_name) VALUES (4030, 'תקשורת ומדיה') ON CONFLICT (topic_id) DO NOTHING;
INSERT INTO topics (topic_id, topic_name) VALUES (4031, 'ספורט ופעילות גופנית') ON CONFLICT (topic_id) DO NOTHING;
INSERT INTO topics (topic_id, topic_name) VALUES (4032, 'חשיבה יצירתית') ON CONFLICT (topic_id) DO NOTHING;
INSERT INTO topics (topic_id, topic_name) VALUES (4033, 'אוכלוסייה ודמוגרפיה') ON CONFLICT (topic_id) DO NOTHING;
INSERT INTO topics (topic_id, topic_name) VALUES (4034, 'היסטוריה עולמית') ON CONFLICT (topic_id) DO NOTHING;
INSERT INTO topics (topic_id, topic_name) VALUES (4035, 'כוכבי לכת וגלקסיות') ON CONFLICT (topic_id) DO NOTHING;
INSERT INTO topics (topic_id, topic_name) VALUES (4036, 'חגים בעולם') ON CONFLICT (topic_id) DO NOTHING;
INSERT INTO topics (topic_id, topic_name) VALUES (4037, 'מחשבים וטכנולוגיה') ON CONFLICT (topic_id) DO NOTHING;
INSERT INTO topics (topic_id, topic_name) VALUES (4038, 'מטבעות וכלכלה') ON CONFLICT (topic_id) DO NOTHING;
INSERT INTO topics (topic_id, topic_name) VALUES (4039, 'ראשי ממשלה ונשיאים') ON CONFLICT (topic_id) DO NOTHING;
INSERT INTO topics (topic_id, topic_name) VALUES (4040, 'ציוד ספורט') ON CONFLICT (topic_id) DO NOTHING;
INSERT INTO topics (topic_id, topic_name) VALUES (4041, 'משחקים ופעילויות חברתיות') ON CONFLICT (topic_id) DO NOTHING;
INSERT INTO topics (topic_id, topic_name) VALUES (4042, 'תופעות טבע') ON CONFLICT (topic_id) DO NOTHING;
INSERT INTO topics (topic_id, topic_name) VALUES (4043, 'ערכים חברתיים ומוסר') ON CONFLICT (topic_id) DO NOTHING;
INSERT INTO topics (topic_id, topic_name) VALUES (4044, 'חגי דת ומנהגים') ON CONFLICT (topic_id) DO NOTHING;
INSERT INTO topics (topic_id, topic_name) VALUES (4045, 'אוצרות טבע') ON CONFLICT (topic_id) DO NOTHING;
INSERT INTO topics (topic_id, topic_name) VALUES (4046, 'קולנוע וסרטים') ON CONFLICT (topic_id) DO NOTHING;
INSERT INTO topics (topic_id, topic_name) VALUES (4047, 'מכשירים חשמליים') ON CONFLICT (topic_id) DO NOTHING;
INSERT INTO topics (topic_id, topic_name) VALUES (4048, 'חיים בימים העתיקים') ON CONFLICT (topic_id) DO NOTHING;
INSERT INTO topics (topic_id, topic_name) VALUES (4049, 'בעלי חיים בים') ON CONFLICT (topic_id) DO NOTHING;
INSERT INTO topics (topic_id, topic_name) VALUES (4050, 'נהיגה ותעבורה') ON CONFLICT (topic_id) DO NOTHING;
INSERT INTO topics (topic_id, topic_name) VALUES (4051, 'עצים ויערות') ON CONFLICT (topic_id) DO NOTHING;
INSERT INTO topics (topic_id, topic_name) VALUES (4052, 'ממציאים והמצאות') ON CONFLICT (topic_id) DO NOTHING;
INSERT INTO topics (topic_id, topic_name) VALUES (4053, 'חיות חרקים') ON CONFLICT (topic_id) DO NOTHING;
INSERT INTO topics (topic_id, topic_name) VALUES (4054, 'חגים ומועדים בעולם') ON CONFLICT (topic_id) DO NOTHING;
INSERT INTO topics (topic_id, topic_name) VALUES (4055, 'קומיקס וספרי ילדים') ON CONFLICT (topic_id) DO NOTHING;
INSERT INTO topics (topic_id, topic_name) VALUES (4056, 'פיזיקה ומדעים') ON CONFLICT (topic_id) DO NOTHING;
INSERT INTO topics (topic_id, topic_name) VALUES (4057, 'טיולים ואתרי טבע') ON CONFLICT (topic_id) DO NOTHING;
INSERT INTO topics (topic_id, topic_name) VALUES (4058, 'מערכת החיסון ובריאות') ON CONFLICT (topic_id) DO NOTHING;
INSERT INTO topics (topic_id, topic_name) VALUES (4059, 'גיבורים היסטוריים') ON CONFLICT (topic_id) DO NOTHING;
INSERT INTO topics (topic_id, topic_name) VALUES (4060, 'כוכבים וחלל') ON CONFLICT (topic_id) DO NOTHING;
INSERT INTO topics (topic_id, topic_name) VALUES (4061, 'מסורות ואמונות') ON CONFLICT (topic_id) DO NOTHING;
INSERT INTO topics (topic_id, topic_name) VALUES (4062, 'עולם הצומח') ON CONFLICT (topic_id) DO NOTHING;
INSERT INTO topics (topic_id, topic_name) VALUES (4063, 'שפות ולשונות') ON CONFLICT (topic_id) DO NOTHING;

INSERT INTO questions (question_id, language_id, topic_id, c_grade_id, level, question_text, explanation, interesting_fact)
VALUES ('304001101', 1, 4001, 1, 1, 'כלב ים הוא...', '', 'לשפמו של כלב הים יכולת חישה יוצאת מן הכלל שבאמצעותה הוא מצליח לאתר טרף') ON CONFLICT (question_id) DO UPDATE SET language_id = 1 ,topic_id= 4001,c_grade_id =1,level=1,question_text='כלב ים הוא...',explanation='',interesting_fact='לשפמו של כלב הים יכולת חישה יוצאת מן הכלל שבאמצעותה הוא מצליח לאתר טרף';


INSERT INTO answer_options (question_id, correct_answer, answer_text)
VALUES ('304001101', TRUE, 'יונק') ;

INSERT INTO answer_options (question_id, correct_answer, answer_text)
VALUES ('304001101', FALSE, 'דג');

INSERT INTO answer_options (question_id, correct_answer, answer_text)
VALUES ('304001101', FALSE, 'דו-חיים');

INSERT INTO answer_options (question_id, correct_answer, answer_text)
VALUES ('304001101', FALSE, 'ציפור');

INSERT INTO questions (question_id, language_id, topic_id, c_grade_id, level, question_text, explanation, interesting_fact)
VALUES ('304001102', 1, 4001, 2, 2, 'מה עושה חתול שבע רצון?', '', 'חום גופו של החתול גבוה במעט מזה של האדם. טמפרטורת הגוף הממוצעת של חתול נעה בין 38.5 למעט יותר מ-39 מעלות צלזיוס.') ON CONFLICT (question_id) DO UPDATE SET language_id = 1 ,topic_id= 4001,c_grade_id =2,level=2,question_text='מה עושה חתול שבע רצון?',explanation='',interesting_fact='חום גופו של החתול גבוה במעט מזה של האדם. טמפרטורת הגוף הממוצעת של חתול נעה בין 38.5 למעט יותר מ-39 מעלות צלזיוס.';


INSERT INTO answer_options (question_id, correct_answer, answer_text)
VALUES ('304001102', TRUE, 'מגרגר') ;

INSERT INTO answer_options (question_id, correct_answer, answer_text)
VALUES ('304001102', FALSE, 'יוצא לשופינג');

INSERT INTO answer_options (question_id, correct_answer, answer_text)
VALUES ('304001102', FALSE, 'מרטיט את שפמו');

INSERT INTO answer_options (question_id, correct_answer, answer_text)
VALUES ('304001102', FALSE, 'שולף ציפורניים');

INSERT INTO questions (question_id, language_id, topic_id, c_grade_id, level, question_text, explanation, interesting_fact)
VALUES ('304001103', 1, 4001, 3, 3, 'איזה איבר לא קיים בגוף הנחש?', '', 'לנחשים אוזן פנימית בלבד והיא ממוקמת סמוך ללסת') ON CONFLICT (question_id) DO UPDATE SET language_id = 1 ,topic_id= 4001,c_grade_id =3,level=3,question_text='איזה איבר לא קיים בגוף הנחש?',explanation='',interesting_fact='לנחשים אוזן פנימית בלבד והיא ממוקמת סמוך ללסת';


INSERT INTO answer_options (question_id, correct_answer, answer_text)
VALUES ('304001103', TRUE, 'תנוך אוזן') ;

INSERT INTO answer_options (question_id, correct_answer, answer_text)
VALUES ('304001103', FALSE, 'זנב');

INSERT INTO answer_options (question_id, correct_answer, answer_text)
VALUES ('304001103', FALSE, 'לב');

INSERT INTO answer_options (question_id, correct_answer, answer_text)
VALUES ('304001103', FALSE, 'לשון');

INSERT INTO questions (question_id, language_id, topic_id, c_grade_id, level, question_text, explanation, interesting_fact)
VALUES ('304001104', 1, 4001, 4, 4, 'כמה שיניים יש לדולפין?', '', 'דולפינות עוזרות זו לזו בגידול הצאצאים') ON CONFLICT (question_id) DO UPDATE SET language_id = 1 ,topic_id= 4001,c_grade_id =4,level=4,question_text='כמה שיניים יש לדולפין?',explanation='',interesting_fact='דולפינות עוזרות זו לזו בגידול הצאצאים';


INSERT INTO answer_options (question_id, correct_answer, answer_text)
VALUES ('304001104', TRUE, 'בערך 200') ;

INSERT INTO answer_options (question_id, correct_answer, answer_text)
VALUES ('304001104', FALSE, '24');

INSERT INTO answer_options (question_id, correct_answer, answer_text)
VALUES ('304001104', FALSE, '38');

INSERT INTO answer_options (question_id, correct_answer, answer_text)
VALUES ('304001104', FALSE, '44');

INSERT INTO questions (question_id, language_id, topic_id, c_grade_id, level, question_text, explanation, interesting_fact)
VALUES ('304001105', 1, 4001, 5, 5, 'איזה מהבאים אינו סוג של פרפר?', '', 'לפרפרים ארבעה שלבי התפחות עיקריים: ביצה, זחל, גולם ופרפר.') ON CONFLICT (question_id) DO UPDATE SET language_id = 1 ,topic_id= 4001,c_grade_id =5,level=5,question_text='איזה מהבאים אינו סוג של פרפר?',explanation='',interesting_fact='לפרפרים ארבעה שלבי התפחות עיקריים: ביצה, זחל, גולם ופרפר.';


INSERT INTO answer_options (question_id, correct_answer, answer_text)
VALUES ('304001105', TRUE, 'פרפרון העכברון') ;

INSERT INTO answer_options (question_id, correct_answer, answer_text)
VALUES ('304001105', FALSE, 'דנאית תפוח סדום');

INSERT INTO answer_options (question_id, correct_answer, answer_text)
VALUES ('304001105', FALSE, 'כחליל האפון');

INSERT INTO answer_options (question_id, correct_answer, answer_text)
VALUES ('304001105', FALSE, 'נימפית החורשף');

INSERT INTO questions (question_id, language_id, topic_id, c_grade_id, level, question_text, explanation, interesting_fact)
VALUES ('304002101', 1, 4002, 1, 1, 'מהי מהירות הריצה המירבית של הצ`יטה?', '', 'צ`יטות מצויות בעיקר בסוואנה האפריקאית.') ON CONFLICT (question_id) DO UPDATE SET language_id = 1 ,topic_id= 4002,c_grade_id =1,level=1,question_text='מהי מהירות הריצה המירבית של הצ`יטה?',explanation='',interesting_fact='צ`יטות מצויות בעיקר בסוואנה האפריקאית.';


INSERT INTO answer_options (question_id, correct_answer, answer_text)
VALUES ('304002101', TRUE, '115 קמ"ש') ;

INSERT INTO answer_options (question_id, correct_answer, answer_text)
VALUES ('304002101', FALSE, '60 קמ"ש');

INSERT INTO answer_options (question_id, correct_answer, answer_text)
VALUES ('304002101', FALSE, '75 קמ"ש');

INSERT INTO answer_options (question_id, correct_answer, answer_text)
VALUES ('304002101', FALSE, '230 קמ"ש');

INSERT INTO questions (question_id, language_id, topic_id, c_grade_id, level, question_text, explanation, interesting_fact)
VALUES ('304002102', 1, 4002, 2, 2, 'איזו סוג של סנאי הוא הגדול ביותר?', '', 'מרמיטה שעירה שוכנת בצפון אמריקה. משקלה עשוי להגיע עד 13 קילוגרם.') ON CONFLICT (question_id) DO UPDATE SET language_id = 1 ,topic_id= 4002,c_grade_id =2,level=2,question_text='איזו סוג של סנאי הוא הגדול ביותר?',explanation='',interesting_fact='מרמיטה שעירה שוכנת בצפון אמריקה. משקלה עשוי להגיע עד 13 קילוגרם.';


INSERT INTO answer_options (question_id, correct_answer, answer_text)
VALUES ('304002102', TRUE, 'מרמיטה שעירה') ;

INSERT INTO answer_options (question_id, correct_answer, answer_text)
VALUES ('304002102', FALSE, 'סנאי הפיצוחים');

INSERT INTO answer_options (question_id, correct_answer, answer_text)
VALUES ('304002102', FALSE, 'הסנאי הפיגמי');

INSERT INTO answer_options (question_id, correct_answer, answer_text)
VALUES ('304002102', FALSE, 'סנאי דואה');

INSERT INTO questions (question_id, language_id, topic_id, c_grade_id, level, question_text, explanation, interesting_fact)
VALUES ('304002103', 1, 4002, 3, 3, 'כיצד נקרא ה"אף" של הפיל?', '', 'ככלל, הפילים האפריקנים גדולים יותר מהפילים ההודים.') ON CONFLICT (question_id) DO UPDATE SET language_id = 1 ,topic_id= 4002,c_grade_id =3,level=3,question_text='כיצד נקרא ה"אף" של הפיל?',explanation='',interesting_fact='ככלל, הפילים האפריקנים גדולים יותר מהפילים ההודים.';


INSERT INTO answer_options (question_id, correct_answer, answer_text)
VALUES ('304002103', TRUE, 'חדק') ;

INSERT INTO answer_options (question_id, correct_answer, answer_text)
VALUES ('304002103', FALSE, 'חוטם');

INSERT INTO answer_options (question_id, correct_answer, answer_text)
VALUES ('304002103', FALSE, 'צינור פילי');

INSERT INTO answer_options (question_id, correct_answer, answer_text)
VALUES ('304002103', FALSE, 'צינור פלילי');

INSERT INTO questions (question_id, language_id, topic_id, c_grade_id, level, question_text, explanation, interesting_fact)
VALUES ('304002104', 1, 4002, 4, 4, 'לאיזו סדרה שייך הינשוף?', '', 'ינשופים אינם בונים קן אלא גרים בחללים נטושים כמו חורים בגזעי עצים.') ON CONFLICT (question_id) DO UPDATE SET language_id = 1 ,topic_id= 4002,c_grade_id =4,level=4,question_text='לאיזו סדרה שייך הינשוף?',explanation='',interesting_fact='ינשופים אינם בונים קן אלא גרים בחללים נטושים כמו חורים בגזעי עצים.';


INSERT INTO answer_options (question_id, correct_answer, answer_text)
VALUES ('304002104', TRUE, 'דורסי הלילה') ;

INSERT INTO answer_options (question_id, correct_answer, answer_text)
VALUES ('304002104', FALSE, 'דורסי בין הערביים');

INSERT INTO answer_options (question_id, correct_answer, answer_text)
VALUES ('304002104', FALSE, 'דורסי בוקר');

INSERT INTO answer_options (question_id, correct_answer, answer_text)
VALUES ('304002104', FALSE, 'דגני בוקר');

INSERT INTO questions (question_id, language_id, topic_id, c_grade_id, level, question_text, explanation, interesting_fact)
VALUES ('304002105', 1, 4002, 5, 5, 'באיזה אי בעולם שוכנות זיקיות רבות מאוד?', '', 'הזיקית מסוגלת לשנות את צבעה כדי להסתוות בסביבתה ולהסתתר מטורפים.') ON CONFLICT (question_id) DO UPDATE SET language_id = 1 ,topic_id= 4002,c_grade_id =5,level=5,question_text='באיזה אי בעולם שוכנות זיקיות רבות מאוד?',explanation='',interesting_fact='הזיקית מסוגלת לשנות את צבעה כדי להסתוות בסביבתה ולהסתתר מטורפים.';


INSERT INTO answer_options (question_id, correct_answer, answer_text)
VALUES ('304002105', TRUE, 'מדגסקר') ;

INSERT INTO answer_options (question_id, correct_answer, answer_text)
VALUES ('304002105', FALSE, 'קפריסין');

INSERT INTO answer_options (question_id, correct_answer, answer_text)
VALUES ('304002105', FALSE, 'קורסיקה');

INSERT INTO answer_options (question_id, correct_answer, answer_text)
VALUES ('304002105', FALSE, 'איסלנד');

INSERT INTO questions (question_id, language_id, topic_id, c_grade_id, level, question_text, explanation, interesting_fact)
VALUES ('304003101', 1, 4003, 1, 1, 'מי מרוחק יותר מהשמש?', '', 'מאז שנת 2006 פלוטו מוגדר כ-"כוכב לכת ננסי".') ON CONFLICT (question_id) DO UPDATE SET language_id = 1 ,topic_id= 4003,c_grade_id =1,level=1,question_text='מי מרוחק יותר מהשמש?',explanation='',interesting_fact='מאז שנת 2006 פלוטו מוגדר כ-"כוכב לכת ננסי".';


INSERT INTO answer_options (question_id, correct_answer, answer_text)
VALUES ('304003101', TRUE, 'פלוטו') ;

INSERT INTO answer_options (question_id, correct_answer, answer_text)
VALUES ('304003101', FALSE, 'נוגה');

INSERT INTO answer_options (question_id, correct_answer, answer_text)
VALUES ('304003101', FALSE, 'אורנוס');

INSERT INTO answer_options (question_id, correct_answer, answer_text)
VALUES ('304003101', FALSE, 'כדור הארץ');

INSERT INTO questions (question_id, language_id, topic_id, c_grade_id, level, question_text, explanation, interesting_fact)
VALUES ('304003102', 1, 4003, 2, 2, 'לאיזה כוכב במערכת השמש מאפיינים דומים לכדור הארץ?', '', 'מאדים קרוב בגודלו לכדור הארץ, ובניגוד לצדק, שבתאי ואורנוס הוא אינו עשוי מגז.') ON CONFLICT (question_id) DO UPDATE SET language_id = 1 ,topic_id= 4003,c_grade_id =2,level=2,question_text='לאיזה כוכב במערכת השמש מאפיינים דומים לכדור הארץ?',explanation='',interesting_fact='מאדים קרוב בגודלו לכדור הארץ, ובניגוד לצדק, שבתאי ואורנוס הוא אינו עשוי מגז.';


INSERT INTO answer_options (question_id, correct_answer, answer_text)
VALUES ('304003102', TRUE, 'מאדים') ;

INSERT INTO answer_options (question_id, correct_answer, answer_text)
VALUES ('304003102', FALSE, 'אורנוס');

INSERT INTO answer_options (question_id, correct_answer, answer_text)
VALUES ('304003102', FALSE, 'צדק');

INSERT INTO answer_options (question_id, correct_answer, answer_text)
VALUES ('304003102', FALSE, 'שבתאי');

INSERT INTO questions (question_id, language_id, topic_id, c_grade_id, level, question_text, explanation, interesting_fact)
VALUES ('304003103', 1, 4003, 3, 3, 'איזה כוכב לכת מסיים הקפה אחת של השמש במשך כשלושים שנה?', '', 'לכוכב הלכת שבתאי לפחות 8 טבעות מרהיבות המקיפות אותו.') ON CONFLICT (question_id) DO UPDATE SET language_id = 1 ,topic_id= 4003,c_grade_id =3,level=3,question_text='איזה כוכב לכת מסיים הקפה אחת של השמש במשך כשלושים שנה?',explanation='',interesting_fact='לכוכב הלכת שבתאי לפחות 8 טבעות מרהיבות המקיפות אותו.';


INSERT INTO answer_options (question_id, correct_answer, answer_text)
VALUES ('304003103', TRUE, 'שבתאי') ;

INSERT INTO answer_options (question_id, correct_answer, answer_text)
VALUES ('304003103', FALSE, 'מאדים');

INSERT INTO answer_options (question_id, correct_answer, answer_text)
VALUES ('304003103', FALSE, 'נגה');

INSERT INTO answer_options (question_id, correct_answer, answer_text)
VALUES ('304003103', FALSE, 'צדק');

INSERT INTO questions (question_id, language_id, topic_id, c_grade_id, level, question_text, explanation, interesting_fact)
VALUES ('304003104', 1, 4003, 4, 4, 'מה שמו של הירח הגדול ביותר במערכת השמש?', '', 'גנימד, הירח של צדק, הוא הגדול במערכת השמש. ירח זה גדול מכוכב הלכת מרקורי (חמה).') ON CONFLICT (question_id) DO UPDATE SET language_id = 1 ,topic_id= 4003,c_grade_id =4,level=4,question_text='מה שמו של הירח הגדול ביותר במערכת השמש?',explanation='',interesting_fact='גנימד, הירח של צדק, הוא הגדול במערכת השמש. ירח זה גדול מכוכב הלכת מרקורי (חמה).';


INSERT INTO answer_options (question_id, correct_answer, answer_text)
VALUES ('304003104', TRUE, 'גנימד') ;

INSERT INTO answer_options (question_id, correct_answer, answer_text)
VALUES ('304003104', FALSE, 'טיטאן');

INSERT INTO answer_options (question_id, correct_answer, answer_text)
VALUES ('304003104', FALSE, 'אירופה');

INSERT INTO answer_options (question_id, correct_answer, answer_text)
VALUES ('304003104', FALSE, 'דימונה');

INSERT INTO questions (question_id, language_id, topic_id, c_grade_id, level, question_text, explanation, interesting_fact)
VALUES ('304003105', 1, 4003, 5, 5, 'מה שם החללית שהטיסה את חלוץ החלל הרוסי, יורי גאגרין, לחלל?', '', 'ווסטוק 1 נשאה את גאגרין לחלל באפריל 1961.') ON CONFLICT (question_id) DO UPDATE SET language_id = 1 ,topic_id= 4003,c_grade_id =5,level=5,question_text='מה שם החללית שהטיסה את חלוץ החלל הרוסי, יורי גאגרין, לחלל?',explanation='',interesting_fact='ווסטוק 1 נשאה את גאגרין לחלל באפריל 1961.';


INSERT INTO answer_options (question_id, correct_answer, answer_text)
VALUES ('304003105', TRUE, 'ווסטוק 1') ;

INSERT INTO answer_options (question_id, correct_answer, answer_text)
VALUES ('304003105', FALSE, 'אפולוניוס');

INSERT INTO answer_options (question_id, correct_answer, answer_text)
VALUES ('304003105', FALSE, 'אפולו גטי');

INSERT INTO answer_options (question_id, correct_answer, answer_text)
VALUES ('304003105', FALSE, 'קסיני');

INSERT INTO questions (question_id, language_id, topic_id, c_grade_id, level, question_text, explanation, interesting_fact)
VALUES ('304004101', 1, 4004, 1, 1, 'באיזה חג שרים חד גדיא?', '', 'פסח נחגג זכר ליציאת מצרים. בשבת חול המועד פסח נהוג לקרוא בבתי הכנסת את מגילת שיר השירים.') ON CONFLICT (question_id) DO UPDATE SET language_id = 1 ,topic_id= 4004,c_grade_id =1,level=1,question_text='באיזה חג שרים חד גדיא?',explanation='',interesting_fact='פסח נחגג זכר ליציאת מצרים. בשבת חול המועד פסח נהוג לקרוא בבתי הכנסת את מגילת שיר השירים.';


INSERT INTO answer_options (question_id, correct_answer, answer_text)
VALUES ('304004101', TRUE, 'פסח') ;

INSERT INTO answer_options (question_id, correct_answer, answer_text)
VALUES ('304004101', FALSE, 'ראש השנה');

INSERT INTO answer_options (question_id, correct_answer, answer_text)
VALUES ('304004101', FALSE, 'חנוכה');

INSERT INTO answer_options (question_id, correct_answer, answer_text)
VALUES ('304004101', FALSE, 'שבועות');

INSERT INTO questions (question_id, language_id, topic_id, c_grade_id, level, question_text, explanation, interesting_fact)
VALUES ('304004102', 1, 4004, 2, 2, 'מתי נהוג להרעיש ברעשנים?', '', 'בחג הפורים נהוג לקרוא בבית הכנסת את מגילת אסתר.') ON CONFLICT (question_id) DO UPDATE SET language_id = 1 ,topic_id= 4004,c_grade_id =2,level=2,question_text='מתי נהוג להרעיש ברעשנים?',explanation='',interesting_fact='בחג הפורים נהוג לקרוא בבית הכנסת את מגילת אסתר.';


INSERT INTO answer_options (question_id, correct_answer, answer_text)
VALUES ('304004102', TRUE, 'כאשר מוזכר שמו של המן') ;

INSERT INTO answer_options (question_id, correct_answer, answer_text)
VALUES ('304004102', FALSE, 'כאשר תולים כביסה');

INSERT INTO answer_options (question_id, correct_answer, answer_text)
VALUES ('304004102', FALSE, 'אחרי שאוכלים אוזני המן');

INSERT INTO answer_options (question_id, correct_answer, answer_text)
VALUES ('304004102', FALSE, 'אחרי שלובשים בגד חדש');

INSERT INTO questions (question_id, language_id, topic_id, c_grade_id, level, question_text, explanation, interesting_fact)
VALUES ('304004103', 1, 4004, 3, 3, 'מה זו סופגניה?', '', 'בחנוכה חוגגים את נס פח השמן ואת הניצחון על היוונים.') ON CONFLICT (question_id) DO UPDATE SET language_id = 1 ,topic_id= 4004,c_grade_id =3,level=3,question_text='מה זו סופגניה?',explanation='',interesting_fact='בחנוכה חוגגים את נס פח השמן ואת הניצחון על היוונים.';


INSERT INTO answer_options (question_id, correct_answer, answer_text)
VALUES ('304004103', TRUE, 'מאכל מסורתי שנהוג לאכול בחנוכה') ;

INSERT INTO answer_options (question_id, correct_answer, answer_text)
VALUES ('304004103', FALSE, 'תוסף מזון');

INSERT INTO answer_options (question_id, correct_answer, answer_text)
VALUES ('304004103', FALSE, 'ירק ממשפחת המצליבים');

INSERT INTO answer_options (question_id, correct_answer, answer_text)
VALUES ('304004103', FALSE, 'קפסולה של מינרלים וויטמינים');

INSERT INTO questions (question_id, language_id, topic_id, c_grade_id, level, question_text, explanation, interesting_fact)
VALUES ('304004104', 1, 4004, 4, 4, 'באיזה חג נהוג לטבול תפוח בדבש?', '', 'חוגגים את ראש השנה בימים א`+ב` של חודש תשרי.') ON CONFLICT (question_id) DO UPDATE SET language_id = 1 ,topic_id= 4004,c_grade_id =4,level=4,question_text='באיזה חג נהוג לטבול תפוח בדבש?',explanation='',interesting_fact='חוגגים את ראש השנה בימים א`+ב` של חודש תשרי.';


INSERT INTO answer_options (question_id, correct_answer, answer_text)
VALUES ('304004104', TRUE, 'ראש השנה') ;

INSERT INTO answer_options (question_id, correct_answer, answer_text)
VALUES ('304004104', FALSE, 'פסח');

INSERT INTO answer_options (question_id, correct_answer, answer_text)
VALUES ('304004104', FALSE, 'פורים');

INSERT INTO answer_options (question_id, correct_answer, answer_text)
VALUES ('304004104', FALSE, 'חנוכה');

INSERT INTO questions (question_id, language_id, topic_id, c_grade_id, level, question_text, explanation, interesting_fact)
VALUES ('304004105', 1, 4004, 5, 5, 'באיזה חג נהוג לשיר: כָּךְ הוֹלְכִים הַשּׁוֹתְלִים: רֹן בַּלֵּב וְאֵת בַּיָּד, מִן הָעִיר וּמִן הַכְּפָר, מִן הָעֵמֶק, מִן הָהָר... ?', '', 'בט"ו בשבטהוא ראש השנה לאילנות.') ON CONFLICT (question_id) DO UPDATE SET language_id = 1 ,topic_id= 4004,c_grade_id =5,level=5,question_text='באיזה חג נהוג לשיר: כָּךְ הוֹלְכִים הַשּׁוֹתְלִים: רֹן בַּלֵּב וְאֵת בַּיָּד, מִן הָעִיר וּמִן הַכְּפָר, מִן הָעֵמֶק, מִן הָהָר... ?',explanation='',interesting_fact='בט"ו בשבטהוא ראש השנה לאילנות.';


INSERT INTO answer_options (question_id, correct_answer, answer_text)
VALUES ('304004105', TRUE, 'ט"ו בשבט') ;

INSERT INTO answer_options (question_id, correct_answer, answer_text)
VALUES ('304004105', FALSE, 'סוכות');

INSERT INTO answer_options (question_id, correct_answer, answer_text)
VALUES ('304004105', FALSE, 'פסח');

INSERT INTO answer_options (question_id, correct_answer, answer_text)
VALUES ('304004105', FALSE, 'יום העצמאות');

INSERT INTO questions (question_id, language_id, topic_id, c_grade_id, level, question_text, explanation, interesting_fact)
VALUES ('304005101', 1, 4005, 1, 1, 'מדוע העלים ירוקים?', '', 'העלה מורכב מטָרָף, פְּטוֹטֶרֶת ועֲלֵה לְוַאי.') ON CONFLICT (question_id) DO UPDATE SET language_id = 1 ,topic_id= 4005,c_grade_id =1,level=1,question_text='מדוע העלים ירוקים?',explanation='',interesting_fact='העלה מורכב מטָרָף, פְּטוֹטֶרֶת ועֲלֵה לְוַאי.';


INSERT INTO answer_options (question_id, correct_answer, answer_text)
VALUES ('304005101', TRUE, 'כיוון שהם מכילים את הפיגמנט כלורופיל') ;

INSERT INTO answer_options (question_id, correct_answer, answer_text)
VALUES ('304005101', FALSE, 'מכיוון שהם עדיין לא בשלים');

INSERT INTO answer_options (question_id, correct_answer, answer_text)
VALUES ('304005101', FALSE, 'כי ירוק זה הכתום החדש');

INSERT INTO answer_options (question_id, correct_answer, answer_text)
VALUES ('304005101', FALSE, 'כי ירוק מסמך קנאה');

INSERT INTO questions (question_id, language_id, topic_id, c_grade_id, level, question_text, explanation, interesting_fact)
VALUES ('304005102', 1, 4005, 2, 2, 'אחד הרכיבים במתכון למרציפן...', '', 'מרציפן הוא רקיחה המורכבת בעיקר מסוכר ושקדים טחונים.') ON CONFLICT (question_id) DO UPDATE SET language_id = 1 ,topic_id= 4005,c_grade_id =2,level=2,question_text='אחד הרכיבים במתכון למרציפן...',explanation='',interesting_fact='מרציפן הוא רקיחה המורכבת בעיקר מסוכר ושקדים טחונים.';


INSERT INTO answer_options (question_id, correct_answer, answer_text)
VALUES ('304005102', TRUE, 'מי ורדים') ;

INSERT INTO answer_options (question_id, correct_answer, answer_text)
VALUES ('304005102', FALSE, 'סחלב');

INSERT INTO answer_options (question_id, correct_answer, answer_text)
VALUES ('304005102', FALSE, 'אבוקדו');

INSERT INTO answer_options (question_id, correct_answer, answer_text)
VALUES ('304005102', FALSE, 'חמאת בוטנים');

INSERT INTO questions (question_id, language_id, topic_id, c_grade_id, level, question_text, explanation, interesting_fact)
VALUES ('304005103', 1, 4005, 3, 3, 'מהו הפרח הלאומי של ישראל?', '', 'הכלנית נבחרה להיות הפרח הלאומי במשאל שהתקיים בשנת 2013') ON CONFLICT (question_id) DO UPDATE SET language_id = 1 ,topic_id= 4005,c_grade_id =3,level=3,question_text='מהו הפרח הלאומי של ישראל?',explanation='',interesting_fact='הכלנית נבחרה להיות הפרח הלאומי במשאל שהתקיים בשנת 2013';


INSERT INTO answer_options (question_id, correct_answer, answer_text)
VALUES ('304005103', TRUE, 'כלנית') ;

INSERT INTO answer_options (question_id, correct_answer, answer_text)
VALUES ('304005103', FALSE, 'חמנייה');

INSERT INTO answer_options (question_id, correct_answer, answer_text)
VALUES ('304005103', FALSE, 'אירוס הנגב');

INSERT INTO answer_options (question_id, correct_answer, answer_text)
VALUES ('304005103', FALSE, 'חלמונית');

INSERT INTO questions (question_id, language_id, topic_id, c_grade_id, level, question_text, explanation, interesting_fact)
VALUES ('304005104', 1, 4005, 4, 4, 'אלו עצים הם הגבוהים בעולם?', '', 'עץ הסקויה הגבוה ביותר שתועד נסק לגובה 115 מטרים.') ON CONFLICT (question_id) DO UPDATE SET language_id = 1 ,topic_id= 4005,c_grade_id =4,level=4,question_text='אלו עצים הם הגבוהים בעולם?',explanation='',interesting_fact='עץ הסקויה הגבוה ביותר שתועד נסק לגובה 115 מטרים.';


INSERT INTO answer_options (question_id, correct_answer, answer_text)
VALUES ('304005104', TRUE, 'עצי הסקויה') ;

INSERT INTO answer_options (question_id, correct_answer, answer_text)
VALUES ('304005104', FALSE, 'אורן');

INSERT INTO answer_options (question_id, correct_answer, answer_text)
VALUES ('304005104', FALSE, 'אלון');

INSERT INTO answer_options (question_id, correct_answer, answer_text)
VALUES ('304005104', FALSE, 'ברוש');

INSERT INTO questions (question_id, language_id, topic_id, c_grade_id, level, question_text, explanation, interesting_fact)
VALUES ('304005105', 1, 4005, 5, 5, 'כיצד נקרא הפרח שבאיור?', '', 'חלמונית מתפרחת בסתיו ומכונה לעיתים "פרח הסתיו".') ON CONFLICT (question_id) DO UPDATE SET language_id = 1 ,topic_id= 4005,c_grade_id =5,level=5,question_text='כיצד נקרא הפרח שבאיור?',explanation='',interesting_fact='חלמונית מתפרחת בסתיו ומכונה לעיתים "פרח הסתיו".';


INSERT INTO answer_options (question_id, correct_answer, answer_text)
VALUES ('304005105', TRUE, 'רקפת') ;

INSERT INTO answer_options (question_id, correct_answer, answer_text)
VALUES ('304005105', FALSE, 'כלנית');

INSERT INTO answer_options (question_id, correct_answer, answer_text)
VALUES ('304005105', FALSE, 'יסמין');

INSERT INTO answer_options (question_id, correct_answer, answer_text)
VALUES ('304005105', FALSE, 'ורד');

INSERT INTO questions (question_id, language_id, topic_id, c_grade_id, level, question_text, explanation, interesting_fact)
VALUES ('304006101', 1, 4006, 1, 1, 'כיצד נקרא הסרט שביים סטיבן שפילברג על דינוזאורים?', '', 'הדינוזאורים תקופה ארוכה שהחלה לפני כ-250 מיליון שנה והסתיימה לפני כ-60 מיליון שנה.') ON CONFLICT (question_id) DO UPDATE SET language_id = 1 ,topic_id= 4006,c_grade_id =1,level=1,question_text='כיצד נקרא הסרט שביים סטיבן שפילברג על דינוזאורים?',explanation='',interesting_fact='הדינוזאורים תקופה ארוכה שהחלה לפני כ-250 מיליון שנה והסתיימה לפני כ-60 מיליון שנה.';


INSERT INTO answer_options (question_id, correct_answer, answer_text)
VALUES ('304006101', TRUE, 'פארק היורה') ;

INSERT INTO answer_options (question_id, correct_answer, answer_text)
VALUES ('304006101', FALSE, 'פארק הקופים');

INSERT INTO answer_options (question_id, correct_answer, answer_text)
VALUES ('304006101', FALSE, 'פארק הירקון');

INSERT INTO answer_options (question_id, correct_answer, answer_text)
VALUES ('304006101', FALSE, 'פארק המים');

INSERT INTO questions (question_id, language_id, topic_id, c_grade_id, level, question_text, explanation, interesting_fact)
VALUES ('304006102', 1, 4006, 2, 2, 'כיצד אנו יודעים שפעם חיו בכדור הארץ דינוזאורים?', '', 'הברכיוזאורוס היה אחד מהדינוזאורים הגדולים ביותר שחיו אי פעם.') ON CONFLICT (question_id) DO UPDATE SET language_id = 1 ,topic_id= 4006,c_grade_id =2,level=2,question_text='כיצד אנו יודעים שפעם חיו בכדור הארץ דינוזאורים?',explanation='',interesting_fact='הברכיוזאורוס היה אחד מהדינוזאורים הגדולים ביותר שחיו אי פעם.';


INSERT INTO answer_options (question_id, correct_answer, answer_text)
VALUES ('304006102', TRUE, 'כיוון שנמצאו מאובנים של דינוזאורים') ;

INSERT INTO answer_options (question_id, correct_answer, answer_text)
VALUES ('304006102', FALSE, 'כך כתוב בתנ"ך');

INSERT INTO answer_options (question_id, correct_answer, answer_text)
VALUES ('304006102', FALSE, 'נמצאו ציורי קיר קדומים של דינוזאורים');

INSERT INTO answer_options (question_id, correct_answer, answer_text)
VALUES ('304006102', FALSE, 'על סמך אינטואיציה נשית');

INSERT INTO questions (question_id, language_id, topic_id, c_grade_id, level, question_text, explanation, interesting_fact)
VALUES ('304006103', 1, 4006, 3, 3, 'לאיזה דינוזאור היו הקרניים?', '', 'הטריצרטופס היו שלוש הקרניים על ראשו.') ON CONFLICT (question_id) DO UPDATE SET language_id = 1 ,topic_id= 4006,c_grade_id =3,level=3,question_text='לאיזה דינוזאור היו הקרניים?',explanation='',interesting_fact='הטריצרטופס היו שלוש הקרניים על ראשו.';


INSERT INTO answer_options (question_id, correct_answer, answer_text)
VALUES ('304006103', TRUE, 'הטריצרטופס') ;

INSERT INTO answer_options (question_id, correct_answer, answer_text)
VALUES ('304006103', FALSE, 'הסטגוזאורוס');

INSERT INTO answer_options (question_id, correct_answer, answer_text)
VALUES ('304006103', FALSE, 'הדיפלודוקוס');

INSERT INTO answer_options (question_id, correct_answer, answer_text)
VALUES ('304006103', FALSE, 'הפטרוזאור');

INSERT INTO questions (question_id, language_id, topic_id, c_grade_id, level, question_text, explanation, interesting_fact)
VALUES ('304006104', 1, 4006, 4, 4, 'מה משמעות המילה "דינוזאור"?', '', 'מבנה גופו של הוולוצירפטור מרמז על כך שהיה מהיר תנועה.') ON CONFLICT (question_id) DO UPDATE SET language_id = 1 ,topic_id= 4006,c_grade_id =4,level=4,question_text='מה משמעות המילה "דינוזאור"?',explanation='',interesting_fact='מבנה גופו של הוולוצירפטור מרמז על כך שהיה מהיר תנועה.';


INSERT INTO answer_options (question_id, correct_answer, answer_text)
VALUES ('304006104', TRUE, 'לטאה חזקה ועוצמתית') ;

INSERT INTO answer_options (question_id, correct_answer, answer_text)
VALUES ('304006104', FALSE, 'ציפור שובבה');

INSERT INTO answer_options (question_id, correct_answer, answer_text)
VALUES ('304006104', FALSE, 'שיניים ארוכות');

INSERT INTO answer_options (question_id, correct_answer, answer_text)
VALUES ('304006104', FALSE, 'זנב מדגדג');

INSERT INTO questions (question_id, language_id, topic_id, c_grade_id, level, question_text, explanation, interesting_fact)
VALUES ('304006105', 1, 4006, 5, 5, 'מה ניתן לומר, ככול הנראה, על כלל הדינוזאורים?', '', 'הקומפסוגנטוס היה אחד מהדינוזאורים הקטנים ביותר שנמצאו.') ON CONFLICT (question_id) DO UPDATE SET language_id = 1 ,topic_id= 4006,c_grade_id =5,level=5,question_text='מה ניתן לומר, ככול הנראה, על כלל הדינוזאורים?',explanation='',interesting_fact='הקומפסוגנטוס היה אחד מהדינוזאורים הקטנים ביותר שנמצאו.';


INSERT INTO answer_options (question_id, correct_answer, answer_text)
VALUES ('304006105', TRUE, 'הטילו ביצים') ;

INSERT INTO answer_options (question_id, correct_answer, answer_text)
VALUES ('304006105', FALSE, 'ניזונו מצמחים בלבד');

INSERT INTO answer_options (question_id, correct_answer, answer_text)
VALUES ('304006105', FALSE, 'היו טורפים');

INSERT INTO answer_options (question_id, correct_answer, answer_text)
VALUES ('304006105', FALSE, 'צחצחו שיניים פעמיים ביום');

INSERT INTO questions (question_id, language_id, topic_id, c_grade_id, level, question_text, explanation, interesting_fact)
VALUES ('304007101', 1, 4007, 1, 1, 'מי היה אויבו של פיטר פן?', '', '"פיטר פן" הוא ספר שנכתב על ידי ג`יימס מתיו בארי על ילד שלא רוצה להתבגר.') ON CONFLICT (question_id) DO UPDATE SET language_id = 1 ,topic_id= 4007,c_grade_id =1,level=1,question_text='מי היה אויבו של פיטר פן?',explanation='',interesting_fact='"פיטר פן" הוא ספר שנכתב על ידי ג`יימס מתיו בארי על ילד שלא רוצה להתבגר.';


INSERT INTO answer_options (question_id, correct_answer, answer_text)
VALUES ('304007101', TRUE, 'קפטן הוק') ;

INSERT INTO answer_options (question_id, correct_answer, answer_text)
VALUES ('304007101', FALSE, 'קפטן קוק');

INSERT INTO answer_options (question_id, correct_answer, answer_text)
VALUES ('304007101', FALSE, 'טינקרבל');

INSERT INTO answer_options (question_id, correct_answer, answer_text)
VALUES ('304007101', FALSE, 'הגולם מפראג');

INSERT INTO questions (question_id, language_id, topic_id, c_grade_id, level, question_text, explanation, interesting_fact)
VALUES ('304007102', 1, 4007, 2, 2, 'איזו דמות היא "אומנת מעופפת"?', '', '"מרי פופינס" הוא ספר קלאסי של הסופרת פ.ל. טרוורס על מטפלת בעלת יכולות פלאיות.') ON CONFLICT (question_id) DO UPDATE SET language_id = 1 ,topic_id= 4007,c_grade_id =2,level=2,question_text='איזו דמות היא "אומנת מעופפת"?',explanation='',interesting_fact='"מרי פופינס" הוא ספר קלאסי של הסופרת פ.ל. טרוורס על מטפלת בעלת יכולות פלאיות.';


INSERT INTO answer_options (question_id, correct_answer, answer_text)
VALUES ('304007102', TRUE, 'מרי פופינס') ;

INSERT INTO answer_options (question_id, correct_answer, answer_text)
VALUES ('304007102', FALSE, 'איש הפח');

INSERT INTO answer_options (question_id, correct_answer, answer_text)
VALUES ('304007102', FALSE, 'דורותי');

INSERT INTO answer_options (question_id, correct_answer, answer_text)
VALUES ('304007102', FALSE, 'פו הדב');

INSERT INTO questions (question_id, language_id, topic_id, c_grade_id, level, question_text, explanation, interesting_fact)
VALUES ('304007103', 1, 4007, 3, 3, 'באיזה ספר (ולאחר מכן סרט) מופיעה הדמות של צ`רלי באקט?', '', '"צ`רלי והשוקולדה" הוא ספר מאת רואלד דאל.') ON CONFLICT (question_id) DO UPDATE SET language_id = 1 ,topic_id= 4007,c_grade_id =3,level=3,question_text='באיזה ספר (ולאחר מכן סרט) מופיעה הדמות של צ`רלי באקט?',explanation='',interesting_fact='"צ`רלי והשוקולדה" הוא ספר מאת רואלד דאל.';


INSERT INTO answer_options (question_id, correct_answer, answer_text)
VALUES ('304007103', TRUE, 'צ`רלי והשוקולדה') ;

INSERT INTO answer_options (question_id, correct_answer, answer_text)
VALUES ('304007103', FALSE, 'צ`רלי וחצי');

INSERT INTO answer_options (question_id, correct_answer, answer_text)
VALUES ('304007103', FALSE, 'צ`רלי צ`אפלין');

INSERT INTO answer_options (question_id, correct_answer, answer_text)
VALUES ('304007103', FALSE, 'צ`רלי ביטון');

INSERT INTO questions (question_id, language_id, topic_id, c_grade_id, level, question_text, explanation, interesting_fact)
VALUES ('304007104', 1, 4007, 4, 4, 'מי הדמות הראשית בספר "הקוסם מארץ עוץ"?', '', '"הקוסם מארץ עוץ" הוא ספר קלאסי מאת פרנק באום.') ON CONFLICT (question_id) DO UPDATE SET language_id = 1 ,topic_id= 4007,c_grade_id =4,level=4,question_text='מי הדמות הראשית בספר "הקוסם מארץ עוץ"?',explanation='',interesting_fact='"הקוסם מארץ עוץ" הוא ספר קלאסי מאת פרנק באום.';


INSERT INTO answer_options (question_id, correct_answer, answer_text)
VALUES ('304007104', TRUE, 'דורותי') ;

INSERT INTO answer_options (question_id, correct_answer, answer_text)
VALUES ('304007104', FALSE, 'מרי פופינס');

INSERT INTO answer_options (question_id, correct_answer, answer_text)
VALUES ('304007104', FALSE, 'אנה קרנינה');

INSERT INTO answer_options (question_id, correct_answer, answer_text)
VALUES ('304007104', FALSE, 'מדאם בובארי');

INSERT INTO questions (question_id, language_id, topic_id, c_grade_id, level, question_text, explanation, interesting_fact)
VALUES ('304007105', 1, 4007, 5, 5, 'באיזה ספר מופיעים הגיבור ג`יימס ושתי דודותיו המרושעות? להחליף ציור', '', '"ג`יימס והאפרסק הענק" הוא ספר ילדים מאת רואלד דאל על ילד שעבר הרפתקאות בתוך אפרסק ענק.') ON CONFLICT (question_id) DO UPDATE SET language_id = 1 ,topic_id= 4007,c_grade_id =5,level=5,question_text='באיזה ספר מופיעים הגיבור ג`יימס ושתי דודותיו המרושעות? להחליף ציור',explanation='',interesting_fact='"ג`יימס והאפרסק הענק" הוא ספר ילדים מאת רואלד דאל על ילד שעבר הרפתקאות בתוך אפרסק ענק.';


INSERT INTO answer_options (question_id, correct_answer, answer_text)
VALUES ('304007105', TRUE, '"ג`יימס והאפרסק הענק"') ;

INSERT INTO answer_options (question_id, correct_answer, answer_text)
VALUES ('304007105', FALSE, '"ג`יימס בונד"');

INSERT INTO answer_options (question_id, correct_answer, answer_text)
VALUES ('304007105', FALSE, '"המלך ג`יימס"');

INSERT INTO answer_options (question_id, correct_answer, answer_text)
VALUES ('304007105', FALSE, 'ג`יימס הארדן');

INSERT INTO questions (question_id, language_id, topic_id, c_grade_id, level, question_text, explanation, interesting_fact)
VALUES ('304008101', 1, 4008, 1, 1, 'כמה שיניים יש לכלב בוגר?', '', 'לכלב בוגר 42 שיניים.22 בלסת התחתונה.') ON CONFLICT (question_id) DO UPDATE SET language_id = 1 ,topic_id= 4008,c_grade_id =1,level=1,question_text='כמה שיניים יש לכלב בוגר?',explanation='',interesting_fact='לכלב בוגר 42 שיניים.22 בלסת התחתונה.';


INSERT INTO answer_options (question_id, correct_answer, answer_text)
VALUES ('304008101', TRUE, '42') ;

INSERT INTO answer_options (question_id, correct_answer, answer_text)
VALUES ('304008101', FALSE, '26');

INSERT INTO answer_options (question_id, correct_answer, answer_text)
VALUES ('304008101', FALSE, '104');

INSERT INTO answer_options (question_id, correct_answer, answer_text)
VALUES ('304008101', FALSE, '88');

INSERT INTO questions (question_id, language_id, topic_id, c_grade_id, level, question_text, explanation, interesting_fact)
VALUES ('304008102', 1, 4008, 2, 2, 'למה הכוונה כאשר אומרים "שנה של כוכב לכת מסוים"?', '', 'כדור הארץ הוא כוכב הלכת השלישי מרחקו מהשמש (אחרי כוכב חמה, ונוגה).') ON CONFLICT (question_id) DO UPDATE SET language_id = 1 ,topic_id= 4008,c_grade_id =2,level=2,question_text='למה הכוונה כאשר אומרים "שנה של כוכב לכת מסוים"?',explanation='',interesting_fact='כדור הארץ הוא כוכב הלכת השלישי מרחקו מהשמש (אחרי כוכב חמה, ונוגה).';


INSERT INTO answer_options (question_id, correct_answer, answer_text)
VALUES ('304008102', TRUE, 'פרק הזמן הדרוש לאותו כוכב להקיף את השמש') ;

INSERT INTO answer_options (question_id, correct_answer, answer_text)
VALUES ('304008102', FALSE, 'מספר השעות שלוקח לכוכב להסתובב סביב צירו');

INSERT INTO answer_options (question_id, correct_answer, answer_text)
VALUES ('304008102', FALSE, 'המרחק שהכוכב עובר בשנה');

INSERT INTO answer_options (question_id, correct_answer, answer_text)
VALUES ('304008102', FALSE, 'משך הזמן בין שני ליקויי חמה');

INSERT INTO questions (question_id, language_id, topic_id, c_grade_id, level, question_text, explanation, interesting_fact)
VALUES ('304008103', 1, 4008, 3, 3, 'מהו הגז העיקרי באטמוספירת כדור הארץ?', '', 'חנקן (מספר אטומי 7, סימונו N) הוא הגז העיקרי באטמוספירת כדור הארץ. חנקן מהווה כ-78% מהגזים.') ON CONFLICT (question_id) DO UPDATE SET language_id = 1 ,topic_id= 4008,c_grade_id =3,level=3,question_text='מהו הגז העיקרי באטמוספירת כדור הארץ?',explanation='',interesting_fact='חנקן (מספר אטומי 7, סימונו N) הוא הגז העיקרי באטמוספירת כדור הארץ. חנקן מהווה כ-78% מהגזים.';


INSERT INTO answer_options (question_id, correct_answer, answer_text)
VALUES ('304008103', TRUE, 'חנקן') ;

INSERT INTO answer_options (question_id, correct_answer, answer_text)
VALUES ('304008103', FALSE, 'חמצן');

INSERT INTO answer_options (question_id, correct_answer, answer_text)
VALUES ('304008103', FALSE, 'מתאן');

INSERT INTO answer_options (question_id, correct_answer, answer_text)
VALUES ('304008103', FALSE, 'ארגון');

INSERT INTO questions (question_id, language_id, topic_id, c_grade_id, level, question_text, explanation, interesting_fact)
VALUES ('304008104', 1, 4008, 4, 4, 'כיצב נקרא הסלע המותך בעומק כדור הארץ?', '', 'כאשר המאגמה פורץ החוצה היא הופכת ללבה.') ON CONFLICT (question_id) DO UPDATE SET language_id = 1 ,topic_id= 4008,c_grade_id =4,level=4,question_text='כיצב נקרא הסלע המותך בעומק כדור הארץ?',explanation='',interesting_fact='כאשר המאגמה פורץ החוצה היא הופכת ללבה.';


INSERT INTO answer_options (question_id, correct_answer, answer_text)
VALUES ('304008104', TRUE, 'מאגמה') ;

INSERT INTO answer_options (question_id, correct_answer, answer_text)
VALUES ('304008104', FALSE, 'סולת');

INSERT INTO answer_options (question_id, correct_answer, answer_text)
VALUES ('304008104', FALSE, 'עמבה');

INSERT INTO answer_options (question_id, correct_answer, answer_text)
VALUES ('304008104', FALSE, 'טריאקי');

INSERT INTO questions (question_id, language_id, topic_id, c_grade_id, level, question_text, explanation, interesting_fact)
VALUES ('304008105', 1, 4008, 5, 5, 'מהו רדיוס כדור הארץ?', '', 'רדיוס השמש גדול פי 140 מרדיוס כדור הארץ') ON CONFLICT (question_id) DO UPDATE SET language_id = 1 ,topic_id= 4008,c_grade_id =5,level=5,question_text='מהו רדיוס כדור הארץ?',explanation='',interesting_fact='רדיוס השמש גדול פי 140 מרדיוס כדור הארץ';


INSERT INTO answer_options (question_id, correct_answer, answer_text)
VALUES ('304008105', TRUE, '6,400 קילומטר') ;

INSERT INTO answer_options (question_id, correct_answer, answer_text)
VALUES ('304008105', FALSE, 'כחצי מיליון קילומטר');

INSERT INTO answer_options (question_id, correct_answer, answer_text)
VALUES ('304008105', FALSE, 'מעט פחות מרבע מיליון קילומטר');

INSERT INTO answer_options (question_id, correct_answer, answer_text)
VALUES ('304008105', FALSE, '80 מיליון קילומטר');

INSERT INTO questions (question_id, language_id, topic_id, c_grade_id, level, question_text, explanation, interesting_fact)
VALUES ('304009101', 1, 4009, 1, 1, 'מהו סוג השומן המומלץ לצריכה בריאה?', '', 'שומן בלתי רווי, כמו בשמן זית, מועיל לבריאות הלב.') ON CONFLICT (question_id) DO UPDATE SET language_id = 1 ,topic_id= 4009,c_grade_id =1,level=1,question_text='מהו סוג השומן המומלץ לצריכה בריאה?',explanation='',interesting_fact='שומן בלתי רווי, כמו בשמן זית, מועיל לבריאות הלב.';


INSERT INTO answer_options (question_id, correct_answer, answer_text)
VALUES ('304009101', TRUE, 'שומן בלתי רווי') ;

INSERT INTO answer_options (question_id, correct_answer, answer_text)
VALUES ('304009101', FALSE, 'שומן רווי');

INSERT INTO answer_options (question_id, correct_answer, answer_text)
VALUES ('304009101', FALSE, 'שומן טראנס');

INSERT INTO answer_options (question_id, correct_answer, answer_text)
VALUES ('304009101', FALSE, 'שומן מן חי');

INSERT INTO questions (question_id, language_id, topic_id, c_grade_id, level, question_text, explanation, interesting_fact)
VALUES ('304009102', 1, 4009, 2, 2, 'מהו המינרל החשוב לחיזוק העצמות?', '', 'סידן חשוב לחיזוק העצמות ונמצא במזון כמו חלב ומוצריו.') ON CONFLICT (question_id) DO UPDATE SET language_id = 1 ,topic_id= 4009,c_grade_id =2,level=2,question_text='מהו המינרל החשוב לחיזוק העצמות?',explanation='',interesting_fact='סידן חשוב לחיזוק העצמות ונמצא במזון כמו חלב ומוצריו.';


INSERT INTO answer_options (question_id, correct_answer, answer_text)
VALUES ('304009102', TRUE, 'סידן') ;

INSERT INTO answer_options (question_id, correct_answer, answer_text)
VALUES ('304009102', FALSE, 'פלוטוניום');

INSERT INTO answer_options (question_id, correct_answer, answer_text)
VALUES ('304009102', FALSE, 'יוד');

INSERT INTO answer_options (question_id, correct_answer, answer_text)
VALUES ('304009102', FALSE, 'מגנזיום');

INSERT INTO questions (question_id, language_id, topic_id, c_grade_id, level, question_text, explanation, interesting_fact)
VALUES ('304009103', 1, 4009, 3, 3, 'איזה ויטמין נמצא בכמות גבוהה בגזר?', '', 'ויטמין A בגזר משפר את ראיית הלילה. גזר בריא מאוד גם כאשר הוא מבושל.') ON CONFLICT (question_id) DO UPDATE SET language_id = 1 ,topic_id= 4009,c_grade_id =3,level=3,question_text='איזה ויטמין נמצא בכמות גבוהה בגזר?',explanation='',interesting_fact='ויטמין A בגזר משפר את ראיית הלילה. גזר בריא מאוד גם כאשר הוא מבושל.';


INSERT INTO answer_options (question_id, correct_answer, answer_text)
VALUES ('304009103', TRUE, 'ויטמין A') ;

INSERT INTO answer_options (question_id, correct_answer, answer_text)
VALUES ('304009103', FALSE, 'ויטמין צ`יק');

INSERT INTO answer_options (question_id, correct_answer, answer_text)
VALUES ('304009103', FALSE, 'ויטמין W');

INSERT INTO answer_options (question_id, correct_answer, answer_text)
VALUES ('304009103', FALSE, 'ויטמין E');

INSERT INTO questions (question_id, language_id, topic_id, c_grade_id, level, question_text, explanation, interesting_fact)
VALUES ('304009104', 1, 4009, 4, 4, 'איזה סוג מזון מסייע בשמירה על מערכת עיכול בריאה?', '', 'פירות וירקות עשירים בסיבים תזונתיים המסייעים למערכת העיכול.') ON CONFLICT (question_id) DO UPDATE SET language_id = 1 ,topic_id= 4009,c_grade_id =4,level=4,question_text='איזה סוג מזון מסייע בשמירה על מערכת עיכול בריאה?',explanation='',interesting_fact='פירות וירקות עשירים בסיבים תזונתיים המסייעים למערכת העיכול.';


INSERT INTO answer_options (question_id, correct_answer, answer_text)
VALUES ('304009104', TRUE, 'פירות וירקות') ;

INSERT INTO answer_options (question_id, correct_answer, answer_text)
VALUES ('304009104', FALSE, 'חטיפים מתוקים');

INSERT INTO answer_options (question_id, correct_answer, answer_text)
VALUES ('304009104', FALSE, 'משקאות מוגזים');

INSERT INTO answer_options (question_id, correct_answer, answer_text)
VALUES ('304009104', FALSE, 'מזון מהיר');

INSERT INTO questions (question_id, language_id, topic_id, c_grade_id, level, question_text, explanation, interesting_fact)
VALUES ('304009105', 1, 4009, 5, 5, 'איזה פרי המכיל אחוז גבוה יותר של מים?', '', 'אבטיח מכיל כ-92% מים.') ON CONFLICT (question_id) DO UPDATE SET language_id = 1 ,topic_id= 4009,c_grade_id =5,level=5,question_text='איזה פרי המכיל אחוז גבוה יותר של מים?',explanation='',interesting_fact='אבטיח מכיל כ-92% מים.';


INSERT INTO answer_options (question_id, correct_answer, answer_text)
VALUES ('304009105', TRUE, 'אבטיח') ;

INSERT INTO answer_options (question_id, correct_answer, answer_text)
VALUES ('304009105', FALSE, 'תפוח');

INSERT INTO answer_options (question_id, correct_answer, answer_text)
VALUES ('304009105', FALSE, 'בננה');

INSERT INTO answer_options (question_id, correct_answer, answer_text)
VALUES ('304009105', FALSE, 'אגס');

INSERT INTO questions (question_id, language_id, topic_id, c_grade_id, level, question_text, explanation, interesting_fact)
VALUES ('304010101', 1, 4010, 1, 1, 'מי הגה את המילה "רכבת" בעברית?', '', 'רכבת מהירות הפועלות היום ברחבי העולם נעות במהירויות של למעלה מ-300 קמ"ש.') ON CONFLICT (question_id) DO UPDATE SET language_id = 1 ,topic_id= 4010,c_grade_id =1,level=1,question_text='מי הגה את המילה "רכבת" בעברית?',explanation='',interesting_fact='רכבת מהירות הפועלות היום ברחבי העולם נעות במהירויות של למעלה מ-300 קמ"ש.';


INSERT INTO answer_options (question_id, correct_answer, answer_text)
VALUES ('304010101', TRUE, 'אליעזר בן יהודה') ;

INSERT INTO answer_options (question_id, correct_answer, answer_text)
VALUES ('304010101', FALSE, 'אליעזר עבד אברהם');

INSERT INTO answer_options (question_id, correct_answer, answer_text)
VALUES ('304010101', FALSE, 'אליעזר והגזר');

INSERT INTO answer_options (question_id, correct_answer, answer_text)
VALUES ('304010101', FALSE, 'אליעזר זמנהוף');

INSERT INTO questions (question_id, language_id, topic_id, c_grade_id, level, question_text, explanation, interesting_fact)
VALUES ('304010102', 1, 4010, 2, 2, 'סויוז היא סוג של...', '', 'חלליות משמשות לחקר החלל ויכולות לנוע מחוץ לאטמוספירת כדור הארץ.') ON CONFLICT (question_id) DO UPDATE SET language_id = 1 ,topic_id= 4010,c_grade_id =2,level=2,question_text='סויוז היא סוג של...',explanation='',interesting_fact='חלליות משמשות לחקר החלל ויכולות לנוע מחוץ לאטמוספירת כדור הארץ.';


INSERT INTO answer_options (question_id, correct_answer, answer_text)
VALUES ('304010102', TRUE, 'חללית') ;

INSERT INTO answer_options (question_id, correct_answer, answer_text)
VALUES ('304010102', FALSE, 'סירה');

INSERT INTO answer_options (question_id, correct_answer, answer_text)
VALUES ('304010102', FALSE, 'בלון אוויר חם');

INSERT INTO answer_options (question_id, correct_answer, answer_text)
VALUES ('304010102', FALSE, 'צוללת');

INSERT INTO questions (question_id, language_id, topic_id, c_grade_id, level, question_text, explanation, interesting_fact)
VALUES ('304010103', 1, 4010, 3, 3, 'איזה בעל חיים מיוצג גם בין כלי השחמט?', '', 'בין כלי השחמט הכי קשה לייצר את הפרש.') ON CONFLICT (question_id) DO UPDATE SET language_id = 1 ,topic_id= 4010,c_grade_id =3,level=3,question_text='איזה בעל חיים מיוצג גם בין כלי השחמט?',explanation='',interesting_fact='בין כלי השחמט הכי קשה לייצר את הפרש.';


INSERT INTO answer_options (question_id, correct_answer, answer_text)
VALUES ('304010103', TRUE, 'סוס') ;

INSERT INTO answer_options (question_id, correct_answer, answer_text)
VALUES ('304010103', FALSE, 'בואש');

INSERT INTO answer_options (question_id, correct_answer, answer_text)
VALUES ('304010103', FALSE, 'עגור');

INSERT INTO answer_options (question_id, correct_answer, answer_text)
VALUES ('304010103', FALSE, 'מרמיטה');

INSERT INTO questions (question_id, language_id, topic_id, c_grade_id, level, question_text, explanation, interesting_fact)
VALUES ('304010104', 1, 4010, 4, 4, 'כיצד נקראת המערכת שממירה אנרגיית רוח לחשמל?', '', 'סירות מפרש משתמשות בכוח הרוח לתנועה וניווט.') ON CONFLICT (question_id) DO UPDATE SET language_id = 1 ,topic_id= 4010,c_grade_id =4,level=4,question_text='כיצד נקראת המערכת שממירה אנרגיית רוח לחשמל?',explanation='',interesting_fact='סירות מפרש משתמשות בכוח הרוח לתנועה וניווט.';


INSERT INTO answer_options (question_id, correct_answer, answer_text)
VALUES ('304010104', TRUE, 'טורבינת רוח') ;

INSERT INTO answer_options (question_id, correct_answer, answer_text)
VALUES ('304010104', FALSE, 'סירה');

INSERT INTO answer_options (question_id, correct_answer, answer_text)
VALUES ('304010104', FALSE, 'אופנוע ים');

INSERT INTO answer_options (question_id, correct_answer, answer_text)
VALUES ('304010104', FALSE, 'כדור פורח');

INSERT INTO questions (question_id, language_id, topic_id, c_grade_id, level, question_text, explanation, interesting_fact)
VALUES ('304010105', 1, 4010, 5, 5, 'איזה כלי תחבורה משמש לנסיעה בשטחים קשים?', '', 'ג`יפים מתוכננים לנסיעה בשטחים קשים ומחוספסים.') ON CONFLICT (question_id) DO UPDATE SET language_id = 1 ,topic_id= 4010,c_grade_id =5,level=5,question_text='איזה כלי תחבורה משמש לנסיעה בשטחים קשים?',explanation='',interesting_fact='ג`יפים מתוכננים לנסיעה בשטחים קשים ומחוספסים.';


INSERT INTO answer_options (question_id, correct_answer, answer_text)
VALUES ('304010105', TRUE, 'ג`יפ') ;

INSERT INTO answer_options (question_id, correct_answer, answer_text)
VALUES ('304010105', FALSE, 'רכבת');

INSERT INTO answer_options (question_id, correct_answer, answer_text)
VALUES ('304010105', FALSE, 'אוטובוס');

INSERT INTO answer_options (question_id, correct_answer, answer_text)
VALUES ('304010105', FALSE, 'מטוס');

INSERT INTO questions (question_id, language_id, topic_id, c_grade_id, level, question_text, explanation, interesting_fact)
VALUES ('304011101', 1, 4011, 1, 1, 'מהו מחזור המים?', '', 'מחזור המים כולל התאדות מים, יצירת עננים וירידת גשם.') ON CONFLICT (question_id) DO UPDATE SET language_id = 1 ,topic_id= 4011,c_grade_id =1,level=1,question_text='מהו מחזור המים?',explanation='',interesting_fact='מחזור המים כולל התאדות מים, יצירת עננים וירידת גשם.';


INSERT INTO answer_options (question_id, correct_answer, answer_text)
VALUES ('304011101', TRUE, 'התאדות מים והתמצקותם לגשם') ;

INSERT INTO answer_options (question_id, correct_answer, answer_text)
VALUES ('304011101', FALSE, 'תהליך שבו מים זורמים בנהרות');

INSERT INTO answer_options (question_id, correct_answer, answer_text)
VALUES ('304011101', FALSE, 'המרה של מים לקרח');

INSERT INTO answer_options (question_id, correct_answer, answer_text)
VALUES ('304011101', FALSE, 'נסיגת מי ים');

INSERT INTO questions (question_id, language_id, topic_id, c_grade_id, level, question_text, explanation, interesting_fact)
VALUES ('304011102', 1, 4011, 2, 2, 'איזה אוקיינוס הוא העמוק ביותר?', '', 'האוקיינוס השקט הוא העמוק ביותר, עם מעמק מריאנה שעומקו מעל 11,000 מטר.') ON CONFLICT (question_id) DO UPDATE SET language_id = 1 ,topic_id= 4011,c_grade_id =2,level=2,question_text='איזה אוקיינוס הוא העמוק ביותר?',explanation='',interesting_fact='האוקיינוס השקט הוא העמוק ביותר, עם מעמק מריאנה שעומקו מעל 11,000 מטר.';


INSERT INTO answer_options (question_id, correct_answer, answer_text)
VALUES ('304011102', TRUE, 'האוקיינוס השקט') ;

INSERT INTO answer_options (question_id, correct_answer, answer_text)
VALUES ('304011102', FALSE, 'האוקיינוס האטלנטי');

INSERT INTO answer_options (question_id, correct_answer, answer_text)
VALUES ('304011102', FALSE, 'האוקיינוס ההודי');

INSERT INTO answer_options (question_id, correct_answer, answer_text)
VALUES ('304011102', FALSE, 'האוקיינוס הארקטי');

INSERT INTO questions (question_id, language_id, topic_id, c_grade_id, level, question_text, explanation, interesting_fact)
VALUES ('304011103', 1, 4011, 3, 3, 'איך נקרא התהליך שבו מים נשאבים על ידי השורשים ועולים לעלים?', '', 'טרנספירציה היא תהליך שבו הצמחים סופגים מים ומשחררים אותם לאוויר.') ON CONFLICT (question_id) DO UPDATE SET language_id = 1 ,topic_id= 4011,c_grade_id =3,level=3,question_text='איך נקרא התהליך שבו מים נשאבים על ידי השורשים ועולים לעלים?',explanation='',interesting_fact='טרנספירציה היא תהליך שבו הצמחים סופגים מים ומשחררים אותם לאוויר.';


INSERT INTO answer_options (question_id, correct_answer, answer_text)
VALUES ('304011103', TRUE, 'טרנספירציה') ;

INSERT INTO answer_options (question_id, correct_answer, answer_text)
VALUES ('304011103', FALSE, 'פוטוסינתזה');

INSERT INTO answer_options (question_id, correct_answer, answer_text)
VALUES ('304011103', FALSE, 'אידוי');

INSERT INTO answer_options (question_id, correct_answer, answer_text)
VALUES ('304011103', FALSE, 'נשימה');

INSERT INTO questions (question_id, language_id, topic_id, c_grade_id, level, question_text, explanation, interesting_fact)
VALUES ('304011104', 1, 4011, 4, 4, 'מהי התכונה הייחודית של מים ב-4 מעלות צלזיוס?', '', 'ב-4 מעלות צלזיוס, מים נמצאים בצפיפות המקסימלית שלהם.') ON CONFLICT (question_id) DO UPDATE SET language_id = 1 ,topic_id= 4011,c_grade_id =4,level=4,question_text='מהי התכונה הייחודית של מים ב-4 מעלות צלזיוס?',explanation='',interesting_fact='ב-4 מעלות צלזיוס, מים נמצאים בצפיפות המקסימלית שלהם.';


INSERT INTO answer_options (question_id, correct_answer, answer_text)
VALUES ('304011104', TRUE, 'הם בצפיפות המקסימלית') ;

INSERT INTO answer_options (question_id, correct_answer, answer_text)
VALUES ('304011104', FALSE, 'הם במצב גז');

INSERT INTO answer_options (question_id, correct_answer, answer_text)
VALUES ('304011104', FALSE, 'הם קופאים');

INSERT INTO answer_options (question_id, correct_answer, answer_text)
VALUES ('304011104', FALSE, 'הם מתחממים מהר');

INSERT INTO questions (question_id, language_id, topic_id, c_grade_id, level, question_text, explanation, interesting_fact)
VALUES ('304011105', 1, 4011, 5, 5, 'איזה גוף מים הוא הגדול ביותר בעולם?', '', 'האוקיינוס השקט הוא הגוף המימי הגדול ביותר בעולם.') ON CONFLICT (question_id) DO UPDATE SET language_id = 1 ,topic_id= 4011,c_grade_id =5,level=5,question_text='איזה גוף מים הוא הגדול ביותר בעולם?',explanation='',interesting_fact='האוקיינוס השקט הוא הגוף המימי הגדול ביותר בעולם.';


INSERT INTO answer_options (question_id, correct_answer, answer_text)
VALUES ('304011105', TRUE, 'האוקיינוס השקט') ;

INSERT INTO answer_options (question_id, correct_answer, answer_text)
VALUES ('304011105', FALSE, 'ים סוף');

INSERT INTO answer_options (question_id, correct_answer, answer_text)
VALUES ('304011105', FALSE, 'הים התיכון');

INSERT INTO answer_options (question_id, correct_answer, answer_text)
VALUES ('304011105', FALSE, 'ים המלח');

INSERT INTO questions (question_id, language_id, topic_id, c_grade_id, level, question_text, explanation, interesting_fact)
VALUES ('304012101', 1, 4012, 1, 1, 'כמה עצמות יש בגוף האדם?', '', 'בגוף האדם יש 206 עצמות.') ON CONFLICT (question_id) DO UPDATE SET language_id = 1 ,topic_id= 4012,c_grade_id =1,level=1,question_text='כמה עצמות יש בגוף האדם?',explanation='',interesting_fact='בגוף האדם יש 206 עצמות.';


INSERT INTO answer_options (question_id, correct_answer, answer_text)
VALUES ('304012101', TRUE, '206') ;

INSERT INTO answer_options (question_id, correct_answer, answer_text)
VALUES ('304012101', FALSE, '187');

INSERT INTO answer_options (question_id, correct_answer, answer_text)
VALUES ('304012101', FALSE, '300');

INSERT INTO answer_options (question_id, correct_answer, answer_text)
VALUES ('304012101', FALSE, '102');

INSERT INTO questions (question_id, language_id, topic_id, c_grade_id, level, question_text, explanation, interesting_fact)
VALUES ('304012102', 1, 4012, 2, 2, 'מהו האיבר הכי גדול בגופנו?', '', 'הכבד הוא האיבר הכי גדול בגופנו.') ON CONFLICT (question_id) DO UPDATE SET language_id = 1 ,topic_id= 4012,c_grade_id =2,level=2,question_text='מהו האיבר הכי גדול בגופנו?',explanation='',interesting_fact='הכבד הוא האיבר הכי גדול בגופנו.';


INSERT INTO answer_options (question_id, correct_answer, answer_text)
VALUES ('304012102', TRUE, 'הכבד') ;

INSERT INTO answer_options (question_id, correct_answer, answer_text)
VALUES ('304012102', FALSE, 'המוח');

INSERT INTO answer_options (question_id, correct_answer, answer_text)
VALUES ('304012102', FALSE, 'הלב');

INSERT INTO answer_options (question_id, correct_answer, answer_text)
VALUES ('304012102', FALSE, 'הריאות');

INSERT INTO questions (question_id, language_id, topic_id, c_grade_id, level, question_text, explanation, interesting_fact)
VALUES ('304012103', 1, 4012, 3, 3, 'איזה איבר אחראי על הפצת הדם בגוף?', '', 'הלב אחראי על הפצת הדם בגוף.') ON CONFLICT (question_id) DO UPDATE SET language_id = 1 ,topic_id= 4012,c_grade_id =3,level=3,question_text='איזה איבר אחראי על הפצת הדם בגוף?',explanation='',interesting_fact='הלב אחראי על הפצת הדם בגוף.';


INSERT INTO answer_options (question_id, correct_answer, answer_text)
VALUES ('304012103', TRUE, 'הלב') ;

INSERT INTO answer_options (question_id, correct_answer, answer_text)
VALUES ('304012103', FALSE, 'הכבד');

INSERT INTO answer_options (question_id, correct_answer, answer_text)
VALUES ('304012103', FALSE, 'המוח');

INSERT INTO answer_options (question_id, correct_answer, answer_text)
VALUES ('304012103', FALSE, 'הריאות');

INSERT INTO questions (question_id, language_id, topic_id, c_grade_id, level, question_text, explanation, interesting_fact)
VALUES ('304012104', 1, 4012, 4, 4, 'כמה קצבי לב בממוצע לאדם במנוחה?', '', 'קצב לב רגיל במנוחה הוא בין 60 ל-100 פעימות בדקה.') ON CONFLICT (question_id) DO UPDATE SET language_id = 1 ,topic_id= 4012,c_grade_id =4,level=4,question_text='כמה קצבי לב בממוצע לאדם במנוחה?',explanation='',interesting_fact='קצב לב רגיל במנוחה הוא בין 60 ל-100 פעימות בדקה.';


INSERT INTO answer_options (question_id, correct_answer, answer_text)
VALUES ('304012104', TRUE, '60-100 פעימות בדקה') ;

INSERT INTO answer_options (question_id, correct_answer, answer_text)
VALUES ('304012104', FALSE, '20-40 פעימות בדקה');

INSERT INTO answer_options (question_id, correct_answer, answer_text)
VALUES ('304012104', FALSE, '120-160 פעימות בדקה');

INSERT INTO answer_options (question_id, correct_answer, answer_text)
VALUES ('304012104', FALSE, '200-220 פעימות בדקה');

INSERT INTO questions (question_id, language_id, topic_id, c_grade_id, level, question_text, explanation, interesting_fact)
VALUES ('304012105', 1, 4012, 5, 5, 'איזה חלק במוח אחראי על התחושות והתנועה?', '', 'המוח הגדול אחראי על התחושות והתנועה.') ON CONFLICT (question_id) DO UPDATE SET language_id = 1 ,topic_id= 4012,c_grade_id =5,level=5,question_text='איזה חלק במוח אחראי על התחושות והתנועה?',explanation='',interesting_fact='המוח הגדול אחראי על התחושות והתנועה.';


INSERT INTO answer_options (question_id, correct_answer, answer_text)
VALUES ('304012105', TRUE, 'המוח הגדול') ;

INSERT INTO answer_options (question_id, correct_answer, answer_text)
VALUES ('304012105', FALSE, 'המוח הקדמי');

INSERT INTO answer_options (question_id, correct_answer, answer_text)
VALUES ('304012105', FALSE, 'המוח האחורי');

INSERT INTO answer_options (question_id, correct_answer, answer_text)
VALUES ('304012105', FALSE, 'המוח התיכון');

INSERT INTO questions (question_id, language_id, topic_id, c_grade_id, level, question_text, explanation, interesting_fact)
VALUES ('304013101', 1, 4013, 1, 1, 'מהי העצם הארוכה ביותר בגוף האדם?', '', 'עצם הירך היא העצם הארוכה ביותר בגוף האדם.') ON CONFLICT (question_id) DO UPDATE SET language_id = 1 ,topic_id= 4013,c_grade_id =1,level=1,question_text='מהי העצם הארוכה ביותר בגוף האדם?',explanation='',interesting_fact='עצם הירך היא העצם הארוכה ביותר בגוף האדם.';


INSERT INTO answer_options (question_id, correct_answer, answer_text)
VALUES ('304013101', TRUE, 'עצם הירך') ;

INSERT INTO answer_options (question_id, correct_answer, answer_text)
VALUES ('304013101', FALSE, 'עצם הזרוע');

INSERT INTO answer_options (question_id, correct_answer, answer_text)
VALUES ('304013101', FALSE, 'עצם השוק');

INSERT INTO answer_options (question_id, correct_answer, answer_text)
VALUES ('304013101', FALSE, 'עצם האצבע');

INSERT INTO questions (question_id, language_id, topic_id, c_grade_id, level, question_text, explanation, interesting_fact)
VALUES ('304013102', 1, 4013, 2, 2, 'מהו תפקיד השלד?', '', 'השלד מתמך בגוף ומגן על איברים חשובים כמו המוח והלב.') ON CONFLICT (question_id) DO UPDATE SET language_id = 1 ,topic_id= 4013,c_grade_id =2,level=2,question_text='מהו תפקיד השלד?',explanation='',interesting_fact='השלד מתמך בגוף ומגן על איברים חשובים כמו המוח והלב.';


INSERT INTO answer_options (question_id, correct_answer, answer_text)
VALUES ('304013102', TRUE, 'לתמוך בגוף ולהגן על איברים פנימיים') ;

INSERT INTO answer_options (question_id, correct_answer, answer_text)
VALUES ('304013102', FALSE, 'לעכל מזון');

INSERT INTO answer_options (question_id, correct_answer, answer_text)
VALUES ('304013102', FALSE, 'לייצר חמצן');

INSERT INTO answer_options (question_id, correct_answer, answer_text)
VALUES ('304013102', FALSE, 'לשלוט בתנועות');

INSERT INTO questions (question_id, language_id, topic_id, c_grade_id, level, question_text, explanation, interesting_fact)
VALUES ('304013103', 1, 4013, 3, 3, 'באיזה גיל עצמות הראש מתחילות להתמצק?', '', 'עצמות הראש של תינוקות מתחילות להתמצק ולהתחבר יחד.') ON CONFLICT (question_id) DO UPDATE SET language_id = 1 ,topic_id= 4013,c_grade_id =3,level=3,question_text='באיזה גיל עצמות הראש מתחילות להתמצק?',explanation='',interesting_fact='עצמות הראש של תינוקות מתחילות להתמצק ולהתחבר יחד.';


INSERT INTO answer_options (question_id, correct_answer, answer_text)
VALUES ('304013103', TRUE, 'בתינוקות') ;

INSERT INTO answer_options (question_id, correct_answer, answer_text)
VALUES ('304013103', FALSE, 'בילדים');

INSERT INTO answer_options (question_id, correct_answer, answer_text)
VALUES ('304013103', FALSE, 'במתבגרים');

INSERT INTO answer_options (question_id, correct_answer, answer_text)
VALUES ('304013103', FALSE, 'במבוגרים');

INSERT INTO questions (question_id, language_id, topic_id, c_grade_id, level, question_text, explanation, interesting_fact)
VALUES ('304013104', 1, 4013, 4, 4, 'איך נקראת החומרה שבקצה עצמות הגפיים?', '', 'הסחוס הוא החומרה שבקצה עצמות הגפיים שמסייעת בתנועת המפרקים.') ON CONFLICT (question_id) DO UPDATE SET language_id = 1 ,topic_id= 4013,c_grade_id =4,level=4,question_text='איך נקראת החומרה שבקצה עצמות הגפיים?',explanation='',interesting_fact='הסחוס הוא החומרה שבקצה עצמות הגפיים שמסייעת בתנועת המפרקים.';


INSERT INTO answer_options (question_id, correct_answer, answer_text)
VALUES ('304013104', TRUE, 'הסחוס') ;

INSERT INTO answer_options (question_id, correct_answer, answer_text)
VALUES ('304013104', FALSE, 'המפרק');

INSERT INTO answer_options (question_id, correct_answer, answer_text)
VALUES ('304013104', FALSE, 'הגיד');

INSERT INTO answer_options (question_id, correct_answer, answer_text)
VALUES ('304013104', FALSE, 'הרקמה');

INSERT INTO questions (question_id, language_id, topic_id, c_grade_id, level, question_text, explanation, interesting_fact)
VALUES ('304013105', 1, 4013, 5, 5, 'איזה מינרל חשוב לבריאות העצמות?', '', 'סידן חשוב לחיזוק העצמות ולמניעת מחלות כמו אוסטאופורוזיס.') ON CONFLICT (question_id) DO UPDATE SET language_id = 1 ,topic_id= 4013,c_grade_id =5,level=5,question_text='איזה מינרל חשוב לבריאות העצמות?',explanation='',interesting_fact='סידן חשוב לחיזוק העצמות ולמניעת מחלות כמו אוסטאופורוזיס.';


INSERT INTO answer_options (question_id, correct_answer, answer_text)
VALUES ('304013105', TRUE, 'סידן') ;

INSERT INTO answer_options (question_id, correct_answer, answer_text)
VALUES ('304013105', FALSE, 'ברזל');

INSERT INTO answer_options (question_id, correct_answer, answer_text)
VALUES ('304013105', FALSE, 'יוד');

INSERT INTO answer_options (question_id, correct_answer, answer_text)
VALUES ('304013105', FALSE, 'נתרן');

INSERT INTO questions (question_id, language_id, topic_id, c_grade_id, level, question_text, explanation, interesting_fact)
VALUES ('304014101', 1, 4014, 1, 1, 'מי צייר את "המונה ליזה"?', '', 'לאונרדו דה וינצ`י צייר את "המונה ליזה", אחת מהיצירות המפורסמות בעולם.') ON CONFLICT (question_id) DO UPDATE SET language_id = 1 ,topic_id= 4014,c_grade_id =1,level=1,question_text='מי צייר את "המונה ליזה"?',explanation='',interesting_fact='לאונרדו דה וינצ`י צייר את "המונה ליזה", אחת מהיצירות המפורסמות בעולם.';


INSERT INTO answer_options (question_id, correct_answer, answer_text)
VALUES ('304014101', TRUE, 'לאונרדו דה וינצ`י') ;

INSERT INTO answer_options (question_id, correct_answer, answer_text)
VALUES ('304014101', FALSE, 'פיקאסו');

INSERT INTO answer_options (question_id, correct_answer, answer_text)
VALUES ('304014101', FALSE, 'ואן גוך');

INSERT INTO answer_options (question_id, correct_answer, answer_text)
VALUES ('304014101', FALSE, 'רמברנדט');

INSERT INTO questions (question_id, language_id, topic_id, c_grade_id, level, question_text, explanation, interesting_fact)
VALUES ('304014102', 1, 4014, 2, 2, 'איזה סוג ציור הוא מוזאיקה?', '', 'מוזאיקה היא ציור שנוצר מריבוי חלקים קטנים שיחד יוצרים תמונה.') ON CONFLICT (question_id) DO UPDATE SET language_id = 1 ,topic_id= 4014,c_grade_id =2,level=2,question_text='איזה סוג ציור הוא מוזאיקה?',explanation='',interesting_fact='מוזאיקה היא ציור שנוצר מריבוי חלקים קטנים שיחד יוצרים תמונה.';


INSERT INTO answer_options (question_id, correct_answer, answer_text)
VALUES ('304014102', TRUE, 'ציור מרובת חלקים') ;

INSERT INTO answer_options (question_id, correct_answer, answer_text)
VALUES ('304014102', FALSE, 'ציור בשמן');

INSERT INTO answer_options (question_id, correct_answer, answer_text)
VALUES ('304014102', FALSE, 'ציור במים');

INSERT INTO answer_options (question_id, correct_answer, answer_text)
VALUES ('304014102', FALSE, 'ציור פחם');

INSERT INTO questions (question_id, language_id, topic_id, c_grade_id, level, question_text, explanation, interesting_fact)
VALUES ('304014103', 1, 4014, 3, 3, 'מהו פרספקטיבה בציור?', '', 'פרספקטיבה בציור משמשת ליצירת תחושת עומק ומרחב.') ON CONFLICT (question_id) DO UPDATE SET language_id = 1 ,topic_id= 4014,c_grade_id =3,level=3,question_text='מהו פרספקטיבה בציור?',explanation='',interesting_fact='פרספקטיבה בציור משמשת ליצירת תחושת עומק ומרחב.';


INSERT INTO answer_options (question_id, correct_answer, answer_text)
VALUES ('304014103', TRUE, 'טכניקת ציור המדמה עומק') ;

INSERT INTO answer_options (question_id, correct_answer, answer_text)
VALUES ('304014103', FALSE, 'צבעים בהירים');

INSERT INTO answer_options (question_id, correct_answer, answer_text)
VALUES ('304014103', FALSE, 'ציור על קנבס גדול');

INSERT INTO answer_options (question_id, correct_answer, answer_text)
VALUES ('304014103', FALSE, 'שימוש בצבע אחד');

INSERT INTO questions (question_id, language_id, topic_id, c_grade_id, level, question_text, explanation, interesting_fact)
VALUES ('304014104', 1, 4014, 4, 4, 'מהי פיגורטיביות באמנות?', '', 'פיגורטיביות מתייחסת ליצירות שמתארות דמויות או אובייקטים מזוהים.') ON CONFLICT (question_id) DO UPDATE SET language_id = 1 ,topic_id= 4014,c_grade_id =4,level=4,question_text='מהי פיגורטיביות באמנות?',explanation='',interesting_fact='פיגורטיביות מתייחסת ליצירות שמתארות דמויות או אובייקטים מזוהים.';


INSERT INTO answer_options (question_id, correct_answer, answer_text)
VALUES ('304014104', TRUE, 'ציור של דמויות ואובייקטים מזוהים') ;

INSERT INTO answer_options (question_id, correct_answer, answer_text)
VALUES ('304014104', FALSE, 'אמנות אבסטרקטית');

INSERT INTO answer_options (question_id, correct_answer, answer_text)
VALUES ('304014104', FALSE, 'שימוש בצבעים בלבד');

INSERT INTO answer_options (question_id, correct_answer, answer_text)
VALUES ('304014104', FALSE, 'ציור בסגנון פרימיטיבי');

INSERT INTO questions (question_id, language_id, topic_id, c_grade_id, level, question_text, explanation, interesting_fact)
VALUES ('304014105', 1, 4014, 5, 5, 'מהו קולאז`?', '', 'קולאז` הוא טכניקת אמנות שבה חומרים שונים משולבים ליצירת תמונה או עבודה אמנותית.') ON CONFLICT (question_id) DO UPDATE SET language_id = 1 ,topic_id= 4014,c_grade_id =5,level=5,question_text='מהו קולאז`?',explanation='',interesting_fact='קולאז` הוא טכניקת אמנות שבה חומרים שונים משולבים ליצירת תמונה או עבודה אמנותית.';


INSERT INTO answer_options (question_id, correct_answer, answer_text)
VALUES ('304014105', TRUE, 'שילוב חומרים שונים ביצירת אמנות') ;

INSERT INTO answer_options (question_id, correct_answer, answer_text)
VALUES ('304014105', FALSE, 'ציור בצבעי מים');

INSERT INTO answer_options (question_id, correct_answer, answer_text)
VALUES ('304014105', FALSE, 'ציור דיגיטלי');

INSERT INTO answer_options (question_id, correct_answer, answer_text)
VALUES ('304014105', FALSE, 'שרבוטים על נייר');

INSERT INTO questions (question_id, language_id, topic_id, c_grade_id, level, question_text, explanation, interesting_fact)
VALUES ('304015101', 1, 4015, 1, 1, 'באיזו מדינה מציינים את החג דיוואלי?', '', 'דיוואלי, חג האורות, הוא חג מרכזי בהודו.') ON CONFLICT (question_id) DO UPDATE SET language_id = 1 ,topic_id= 4015,c_grade_id =1,level=1,question_text='באיזו מדינה מציינים את החג דיוואלי?',explanation='',interesting_fact='דיוואלי, חג האורות, הוא חג מרכזי בהודו.';


INSERT INTO answer_options (question_id, correct_answer, answer_text)
VALUES ('304015101', TRUE, 'הודו') ;

INSERT INTO answer_options (question_id, correct_answer, answer_text)
VALUES ('304015101', FALSE, 'יפן');

INSERT INTO answer_options (question_id, correct_answer, answer_text)
VALUES ('304015101', FALSE, 'גרמניה');

INSERT INTO answer_options (question_id, correct_answer, answer_text)
VALUES ('304015101', FALSE, 'איטליה');

INSERT INTO questions (question_id, language_id, topic_id, c_grade_id, level, question_text, explanation, interesting_fact)
VALUES ('304015102', 1, 4015, 2, 2, 'איזו מדינה ידועה באופרת הסידני?', '', 'אופרת הסידני באוסטרליה היא אחד מהמבנים המפורסמים בעולם.') ON CONFLICT (question_id) DO UPDATE SET language_id = 1 ,topic_id= 4015,c_grade_id =2,level=2,question_text='איזו מדינה ידועה באופרת הסידני?',explanation='',interesting_fact='אופרת הסידני באוסטרליה היא אחד מהמבנים המפורסמים בעולם.';


INSERT INTO answer_options (question_id, correct_answer, answer_text)
VALUES ('304015102', TRUE, 'אוסטרליה') ;

INSERT INTO answer_options (question_id, correct_answer, answer_text)
VALUES ('304015102', FALSE, 'סין');

INSERT INTO answer_options (question_id, correct_answer, answer_text)
VALUES ('304015102', FALSE, 'צרפת');

INSERT INTO answer_options (question_id, correct_answer, answer_text)
VALUES ('304015102', FALSE, 'ארצות הברית');

INSERT INTO questions (question_id, language_id, topic_id, c_grade_id, level, question_text, explanation, interesting_fact)
VALUES ('304015103', 1, 4015, 3, 3, 'מהו הכלי הלאומי של סקוטלנד?', '', 'חמת החלילים היא הכלי הלאומי של סקוטלנד.') ON CONFLICT (question_id) DO UPDATE SET language_id = 1 ,topic_id= 4015,c_grade_id =3,level=3,question_text='מהו הכלי הלאומי של סקוטלנד?',explanation='',interesting_fact='חמת החלילים היא הכלי הלאומי של סקוטלנד.';


INSERT INTO answer_options (question_id, correct_answer, answer_text)
VALUES ('304015103', TRUE, 'חמת חלילים') ;

INSERT INTO answer_options (question_id, correct_answer, answer_text)
VALUES ('304015103', FALSE, 'גיטרה');

INSERT INTO answer_options (question_id, correct_answer, answer_text)
VALUES ('304015103', FALSE, 'פסנתר');

INSERT INTO answer_options (question_id, correct_answer, answer_text)
VALUES ('304015103', FALSE, 'כינור');

INSERT INTO questions (question_id, language_id, topic_id, c_grade_id, level, question_text, explanation, interesting_fact)
VALUES ('304015104', 1, 4015, 4, 4, 'באיזה חג מסורתי מסתובבים סביב המורה בריקודים ושירה בבולגריה?', '', 'ההורו הוא חג מסורתי בבולגריה הכולל ריקודים קבוצתיים.') ON CONFLICT (question_id) DO UPDATE SET language_id = 1 ,topic_id= 4015,c_grade_id =4,level=4,question_text='באיזה חג מסורתי מסתובבים סביב המורה בריקודים ושירה בבולגריה?',explanation='',interesting_fact='ההורו הוא חג מסורתי בבולגריה הכולל ריקודים קבוצתיים.';


INSERT INTO answer_options (question_id, correct_answer, answer_text)
VALUES ('304015104', TRUE, 'הורו') ;

INSERT INTO answer_options (question_id, correct_answer, answer_text)
VALUES ('304015104', FALSE, 'קריסמס');

INSERT INTO answer_options (question_id, correct_answer, answer_text)
VALUES ('304015104', FALSE, 'פסח');

INSERT INTO answer_options (question_id, correct_answer, answer_text)
VALUES ('304015104', FALSE, 'האלואין');

INSERT INTO questions (question_id, language_id, topic_id, c_grade_id, level, question_text, explanation, interesting_fact)
VALUES ('304015105', 1, 4015, 5, 5, 'באיזו מדינה נהוג ללבוש קימונו?', '', 'ביפן נהוג ללבוש קימונו, בגד מסורתי יפני.') ON CONFLICT (question_id) DO UPDATE SET language_id = 1 ,topic_id= 4015,c_grade_id =5,level=5,question_text='באיזו מדינה נהוג ללבוש קימונו?',explanation='',interesting_fact='ביפן נהוג ללבוש קימונו, בגד מסורתי יפני.';


INSERT INTO answer_options (question_id, correct_answer, answer_text)
VALUES ('304015105', TRUE, 'יפן') ;

INSERT INTO answer_options (question_id, correct_answer, answer_text)
VALUES ('304015105', FALSE, 'רוסיה');

INSERT INTO answer_options (question_id, correct_answer, answer_text)
VALUES ('304015105', FALSE, 'מצרים');

INSERT INTO answer_options (question_id, correct_answer, answer_text)
VALUES ('304015105', FALSE, 'ברזיל');

INSERT INTO questions (question_id, language_id, topic_id, c_grade_id, level, question_text, explanation, interesting_fact)
VALUES ('304016101', 1, 4016, 1, 1, 'מי הכותב של "אליס בארץ הפלאות"?', '', '"אליס בארץ הפלאות" של לואיס קרול הוא סיפור עם קלאסי המפורסם בכל העולם.') ON CONFLICT (question_id) DO UPDATE SET language_id = 1 ,topic_id= 4016,c_grade_id =1,level=1,question_text='מי הכותב של "אליס בארץ הפלאות"?',explanation='',interesting_fact='"אליס בארץ הפלאות" של לואיס קרול הוא סיפור עם קלאסי המפורסם בכל העולם.';


INSERT INTO answer_options (question_id, correct_answer, answer_text)
VALUES ('304016101', TRUE, 'לואיס קרול') ;

INSERT INTO answer_options (question_id, correct_answer, answer_text)
VALUES ('304016101', FALSE, 'ג`יי.קיי. רולינג');

INSERT INTO answer_options (question_id, correct_answer, answer_text)
VALUES ('304016101', FALSE, 'רואלד דאל');

INSERT INTO answer_options (question_id, correct_answer, answer_text)
VALUES ('304016101', FALSE, 'האחים גרים');

INSERT INTO questions (question_id, language_id, topic_id, c_grade_id, level, question_text, explanation, interesting_fact)
VALUES ('304016102', 1, 4016, 2, 2, 'מהו הסיפור המפורסם של הנס בועז?', '', '"המלך שלמה ושבעת הברווזים" הוא סיפור עם ישראלי מפורסם מאת הנס בועז.') ON CONFLICT (question_id) DO UPDATE SET language_id = 1 ,topic_id= 4016,c_grade_id =2,level=2,question_text='מהו הסיפור המפורסם של הנס בועז?',explanation='',interesting_fact='"המלך שלמה ושבעת הברווזים" הוא סיפור עם ישראלי מפורסם מאת הנס בועז.';


INSERT INTO answer_options (question_id, correct_answer, answer_text)
VALUES ('304016102', TRUE, '"המלך שלמה ושבעת הברווזים"') ;

INSERT INTO answer_options (question_id, correct_answer, answer_text)
VALUES ('304016102', FALSE, '"סינדרלה"');

INSERT INTO answer_options (question_id, correct_answer, answer_text)
VALUES ('304016102', FALSE, '"פיטר פן"');

INSERT INTO answer_options (question_id, correct_answer, answer_text)
VALUES ('304016102', FALSE, '"הצפרדע המלך"');

INSERT INTO questions (question_id, language_id, topic_id, c_grade_id, level, question_text, explanation, interesting_fact)
VALUES ('304016103', 1, 4016, 3, 3, 'איזו דמות מספרי האחים גרים יוצאת לחפש גורלה בעולם?', '', '"ברתליני" הוא סיפור של האחים גרים על דמות שיוצאת לחפש את גורלה.') ON CONFLICT (question_id) DO UPDATE SET language_id = 1 ,topic_id= 4016,c_grade_id =3,level=3,question_text='איזו דמות מספרי האחים גרים יוצאת לחפש גורלה בעולם?',explanation='',interesting_fact='"ברתליני" הוא סיפור של האחים גרים על דמות שיוצאת לחפש את גורלה.';


INSERT INTO answer_options (question_id, correct_answer, answer_text)
VALUES ('304016103', TRUE, '"ברתליני"') ;

INSERT INTO answer_options (question_id, correct_answer, answer_text)
VALUES ('304016103', FALSE, '"האחיות הרעות"');

INSERT INTO answer_options (question_id, correct_answer, answer_text)
VALUES ('304016103', FALSE, '"שינדרלה"');

INSERT INTO answer_options (question_id, correct_answer, answer_text)
VALUES ('304016103', FALSE, '"האמא הזרה"');

INSERT INTO questions (question_id, language_id, topic_id, c_grade_id, level, question_text, explanation, interesting_fact)
VALUES ('304016104', 1, 4016, 4, 4, 'מי הדמות המרכזית בסיפור "הנער האמיץ"?', '', '"הנער האמיץ" הוא סיפור עם על נער שעובר מסע של גיבורות ואמיצות.') ON CONFLICT (question_id) DO UPDATE SET language_id = 1 ,topic_id= 4016,c_grade_id =4,level=4,question_text='מי הדמות המרכזית בסיפור "הנער האמיץ"?',explanation='',interesting_fact='"הנער האמיץ" הוא סיפור עם על נער שעובר מסע של גיבורות ואמיצות.';


INSERT INTO answer_options (question_id, correct_answer, answer_text)
VALUES ('304016104', TRUE, '"הנער האמיץ"') ;

INSERT INTO answer_options (question_id, correct_answer, answer_text)
VALUES ('304016104', FALSE, '"המלך ארתור"');

INSERT INTO answer_options (question_id, correct_answer, answer_text)
VALUES ('304016104', FALSE, '"רובינהוד"');

INSERT INTO answer_options (question_id, correct_answer, answer_text)
VALUES ('304016104', FALSE, '"אלדד הדג"');

INSERT INTO questions (question_id, language_id, topic_id, c_grade_id, level, question_text, explanation, interesting_fact)
VALUES ('304016105', 1, 4016, 5, 5, 'באיזה סיפור עם מופיע הענק גולית?', '', '"דוד וגולית" הוא סיפור מהתנ"ך המספר על קרב בין דוד הנער לענק גולית.') ON CONFLICT (question_id) DO UPDATE SET language_id = 1 ,topic_id= 4016,c_grade_id =5,level=5,question_text='באיזה סיפור עם מופיע הענק גולית?',explanation='',interesting_fact='"דוד וגולית" הוא סיפור מהתנ"ך המספר על קרב בין דוד הנער לענק גולית.';


INSERT INTO answer_options (question_id, correct_answer, answer_text)
VALUES ('304016105', TRUE, '"דוד וגולית"') ;

INSERT INTO answer_options (question_id, correct_answer, answer_text)
VALUES ('304016105', FALSE, '"הנסיך הקטן"');

INSERT INTO answer_options (question_id, correct_answer, answer_text)
VALUES ('304016105', FALSE, '"פינוקיו"');

INSERT INTO answer_options (question_id, correct_answer, answer_text)
VALUES ('304016105', FALSE, '"הקוסם מארץ עוץ"');

INSERT INTO questions (question_id, language_id, topic_id, c_grade_id, level, question_text, explanation, interesting_fact)
VALUES ('304017101', 1, 4017, 1, 1, 'איזה יבשת היא היבשה השנייה בגודלה בעולם?', '', 'אפריקה היא היבשת השנייה בגודלה, אחרי אסיה.') ON CONFLICT (question_id) DO UPDATE SET language_id = 1 ,topic_id= 4017,c_grade_id =1,level=1,question_text='איזה יבשת היא היבשה השנייה בגודלה בעולם?',explanation='',interesting_fact='אפריקה היא היבשת השנייה בגודלה, אחרי אסיה.';


INSERT INTO answer_options (question_id, correct_answer, answer_text)
VALUES ('304017101', TRUE, 'אפריקה') ;

INSERT INTO answer_options (question_id, correct_answer, answer_text)
VALUES ('304017101', FALSE, 'אסיה');

INSERT INTO answer_options (question_id, correct_answer, answer_text)
VALUES ('304017101', FALSE, 'דרום אמריקה');

INSERT INTO answer_options (question_id, correct_answer, answer_text)
VALUES ('304017101', FALSE, 'אוסטרליה');

INSERT INTO questions (question_id, language_id, topic_id, c_grade_id, level, question_text, explanation, interesting_fact)
VALUES ('304017102', 1, 4017, 2, 2, 'מהו הים הכי מלוח בעולם?', '', 'ים המלח הוא הים הכי מלוח בעולם וממוקם בישראל וירדן.') ON CONFLICT (question_id) DO UPDATE SET language_id = 1 ,topic_id= 4017,c_grade_id =2,level=2,question_text='מהו הים הכי מלוח בעולם?',explanation='',interesting_fact='ים המלח הוא הים הכי מלוח בעולם וממוקם בישראל וירדן.';


INSERT INTO answer_options (question_id, correct_answer, answer_text)
VALUES ('304017102', TRUE, 'ים המלח') ;

INSERT INTO answer_options (question_id, correct_answer, answer_text)
VALUES ('304017102', FALSE, 'הים התיכון');

INSERT INTO answer_options (question_id, correct_answer, answer_text)
VALUES ('304017102', FALSE, 'הים האדום');

INSERT INTO answer_options (question_id, correct_answer, answer_text)
VALUES ('304017102', FALSE, 'הים השחור');

INSERT INTO questions (question_id, language_id, topic_id, c_grade_id, level, question_text, explanation, interesting_fact)
VALUES ('304017103', 1, 4017, 3, 3, 'באיזה יבשת ממוקמת האמזונס?', '', 'האמזונס, הנהר הגדול ביותר לפי נפח מים, ממוקם בדרום אמריקה.') ON CONFLICT (question_id) DO UPDATE SET language_id = 1 ,topic_id= 4017,c_grade_id =3,level=3,question_text='באיזה יבשת ממוקמת האמזונס?',explanation='',interesting_fact='האמזונס, הנהר הגדול ביותר לפי נפח מים, ממוקם בדרום אמריקה.';


INSERT INTO answer_options (question_id, correct_answer, answer_text)
VALUES ('304017103', TRUE, 'דרום אמריקה') ;

INSERT INTO answer_options (question_id, correct_answer, answer_text)
VALUES ('304017103', FALSE, 'אפריקה');

INSERT INTO answer_options (question_id, correct_answer, answer_text)
VALUES ('304017103', FALSE, 'אסיה');

INSERT INTO answer_options (question_id, correct_answer, answer_text)
VALUES ('304017103', FALSE, 'אירופה');

INSERT INTO questions (question_id, language_id, topic_id, c_grade_id, level, question_text, explanation, interesting_fact)
VALUES ('304017104', 1, 4017, 4, 4, 'איזו מדינה היא הקטנה ביותר בעולם?', '', 'ותיקן היא המדינה הקטנה ביותר בעולם, עם שטח של כ-0.44 קמ"ר.') ON CONFLICT (question_id) DO UPDATE SET language_id = 1 ,topic_id= 4017,c_grade_id =4,level=4,question_text='איזו מדינה היא הקטנה ביותר בעולם?',explanation='',interesting_fact='ותיקן היא המדינה הקטנה ביותר בעולם, עם שטח של כ-0.44 קמ"ר.';


INSERT INTO answer_options (question_id, correct_answer, answer_text)
VALUES ('304017104', TRUE, 'ותיקן') ;

INSERT INTO answer_options (question_id, correct_answer, answer_text)
VALUES ('304017104', FALSE, 'מונקו');

INSERT INTO answer_options (question_id, correct_answer, answer_text)
VALUES ('304017104', FALSE, 'נאורו');

INSERT INTO answer_options (question_id, correct_answer, answer_text)
VALUES ('304017104', FALSE, 'ליכטנשטיין');

INSERT INTO questions (question_id, language_id, topic_id, c_grade_id, level, question_text, explanation, interesting_fact)
VALUES ('304017105', 1, 4017, 5, 5, 'מהו הנהר הארוך ביותר בעולם?', '', 'הנילוס, הממוקם באפריקה, הוא הנהר הארוך ביותר בעולם.') ON CONFLICT (question_id) DO UPDATE SET language_id = 1 ,topic_id= 4017,c_grade_id =5,level=5,question_text='מהו הנהר הארוך ביותר בעולם?',explanation='',interesting_fact='הנילוס, הממוקם באפריקה, הוא הנהר הארוך ביותר בעולם.';


INSERT INTO answer_options (question_id, correct_answer, answer_text)
VALUES ('304017105', TRUE, 'הנילוס') ;

INSERT INTO answer_options (question_id, correct_answer, answer_text)
VALUES ('304017105', FALSE, 'האמזונס');

INSERT INTO answer_options (question_id, correct_answer, answer_text)
VALUES ('304017105', FALSE, 'היאנגצה');

INSERT INTO answer_options (question_id, correct_answer, answer_text)
VALUES ('304017105', FALSE, 'המיסיסיפי');

INSERT INTO questions (question_id, language_id, topic_id, c_grade_id, level, question_text, explanation, interesting_fact)
VALUES ('304018101', 1, 4018, 1, 1, 'איזו ציפור מוגנת על ידי חוקים בינלאומיים?', '', 'הנשר השחור מוגן על ידי חוקים בינלאומיים כדי לשמור על מינו מפני הכחדה.') ON CONFLICT (question_id) DO UPDATE SET language_id = 1 ,topic_id= 4018,c_grade_id =1,level=1,question_text='איזו ציפור מוגנת על ידי חוקים בינלאומיים?',explanation='',interesting_fact='הנשר השחור מוגן על ידי חוקים בינלאומיים כדי לשמור על מינו מפני הכחדה.';


INSERT INTO answer_options (question_id, correct_answer, answer_text)
VALUES ('304018101', TRUE, 'הנשר השחור') ;

INSERT INTO answer_options (question_id, correct_answer, answer_text)
VALUES ('304018101', FALSE, 'התוכי הירוק');

INSERT INTO answer_options (question_id, correct_answer, answer_text)
VALUES ('304018101', FALSE, 'הצופית');

INSERT INTO answer_options (question_id, correct_answer, answer_text)
VALUES ('304018101', FALSE, 'הפינגווין');

INSERT INTO questions (question_id, language_id, topic_id, c_grade_id, level, question_text, explanation, interesting_fact)
VALUES ('304018102', 1, 4018, 2, 2, 'איזו חיה ימית מוגנת מפני ציד בלתי חוקי?', '', 'הלוויתן הכחול מוגן מפני ציד בלתי חוקי כדי למנוע את הכחדתו.') ON CONFLICT (question_id) DO UPDATE SET language_id = 1 ,topic_id= 4018,c_grade_id =2,level=2,question_text='איזו חיה ימית מוגנת מפני ציד בלתי חוקי?',explanation='',interesting_fact='הלוויתן הכחול מוגן מפני ציד בלתי חוקי כדי למנוע את הכחדתו.';


INSERT INTO answer_options (question_id, correct_answer, answer_text)
VALUES ('304018102', TRUE, 'הלוויתן הכחול') ;

INSERT INTO answer_options (question_id, correct_answer, answer_text)
VALUES ('304018102', FALSE, 'הכריש הלבן');

INSERT INTO answer_options (question_id, correct_answer, answer_text)
VALUES ('304018102', FALSE, 'הדולפין');

INSERT INTO answer_options (question_id, correct_answer, answer_text)
VALUES ('304018102', FALSE, 'הסרטן');

INSERT INTO questions (question_id, language_id, topic_id, c_grade_id, level, question_text, explanation, interesting_fact)
VALUES ('304018103', 1, 4018, 3, 3, 'באיזו חיה יבשתית מוגנת יש חמישה אצבעות בכל רגל?', '', 'הפנדה הענק מוגנת וידועה בחמישה אצבעותיה המיוחדים בכל רגל.') ON CONFLICT (question_id) DO UPDATE SET language_id = 1 ,topic_id= 4018,c_grade_id =3,level=3,question_text='באיזו חיה יבשתית מוגנת יש חמישה אצבעות בכל רגל?',explanation='',interesting_fact='הפנדה הענק מוגנת וידועה בחמישה אצבעותיה המיוחדים בכל רגל.';


INSERT INTO answer_options (question_id, correct_answer, answer_text)
VALUES ('304018103', TRUE, 'הפנדה הענק') ;

INSERT INTO answer_options (question_id, correct_answer, answer_text)
VALUES ('304018103', FALSE, 'הארנבת');

INSERT INTO answer_options (question_id, correct_answer, answer_text)
VALUES ('304018103', FALSE, 'האייל');

INSERT INTO answer_options (question_id, correct_answer, answer_text)
VALUES ('304018103', FALSE, 'הדוב הקוטב');

INSERT INTO questions (question_id, language_id, topic_id, c_grade_id, level, question_text, explanation, interesting_fact)
VALUES ('304018104', 1, 4018, 4, 4, 'איזו חיה מוגנת מסוכנת לבני אדם אך מוגנת על ידי חוקים?', '', 'הכלב המטורף מוגן על ידי חוקים למרות הסיכון שהוא מהווה לבני אדם.') ON CONFLICT (question_id) DO UPDATE SET language_id = 1 ,topic_id= 4018,c_grade_id =4,level=4,question_text='איזו חיה מוגנת מסוכנת לבני אדם אך מוגנת על ידי חוקים?',explanation='',interesting_fact='הכלב המטורף מוגן על ידי חוקים למרות הסיכון שהוא מהווה לבני אדם.';


INSERT INTO answer_options (question_id, correct_answer, answer_text)
VALUES ('304018104', TRUE, 'הכלב המטורף') ;

INSERT INTO answer_options (question_id, correct_answer, answer_text)
VALUES ('304018104', FALSE, 'הזאב');

INSERT INTO answer_options (question_id, correct_answer, answer_text)
VALUES ('304018104', FALSE, 'השועל');

INSERT INTO answer_options (question_id, correct_answer, answer_text)
VALUES ('304018104', FALSE, 'הדוב');

INSERT INTO questions (question_id, language_id, topic_id, c_grade_id, level, question_text, explanation, interesting_fact)
VALUES ('304018105', 1, 4018, 5, 5, 'איזה עוף מוגן מפני הכחדה עקב פגיעה במקורו המזוני?', '', 'התוכי הספרדי מוגן כדי לשמור על מינו מפני הכחדה עקב פגיעה במקורו המזוני.') ON CONFLICT (question_id) DO UPDATE SET language_id = 1 ,topic_id= 4018,c_grade_id =5,level=5,question_text='איזה עוף מוגן מפני הכחדה עקב פגיעה במקורו המזוני?',explanation='',interesting_fact='התוכי הספרדי מוגן כדי לשמור על מינו מפני הכחדה עקב פגיעה במקורו המזוני.';


INSERT INTO answer_options (question_id, correct_answer, answer_text)
VALUES ('304018105', TRUE, 'התוכי הספרדי') ;

INSERT INTO answer_options (question_id, correct_answer, answer_text)
VALUES ('304018105', FALSE, 'הנשר הקירח');

INSERT INTO answer_options (question_id, correct_answer, answer_text)
VALUES ('304018105', FALSE, 'הכוכב השחור');

INSERT INTO answer_options (question_id, correct_answer, answer_text)
VALUES ('304018105', FALSE, 'הדרור');

INSERT INTO questions (question_id, language_id, topic_id, c_grade_id, level, question_text, explanation, interesting_fact)
VALUES ('304019101', 1, 4019, 1, 1, 'איזו אבן חן היא המפורסמת בעולם לטבעות אירוסין?', '', 'היהלום נחשב לאבן החן המפורסמת ביותר לטבעות אירוסין, הודות לקשיו וברקו.') ON CONFLICT (question_id) DO UPDATE SET language_id = 1 ,topic_id= 4019,c_grade_id =1,level=1,question_text='איזו אבן חן היא המפורסמת בעולם לטבעות אירוסין?',explanation='',interesting_fact='היהלום נחשב לאבן החן המפורסמת ביותר לטבעות אירוסין, הודות לקשיו וברקו.';


INSERT INTO answer_options (question_id, correct_answer, answer_text)
VALUES ('304019101', TRUE, 'יהלום') ;

INSERT INTO answer_options (question_id, correct_answer, answer_text)
VALUES ('304019101', FALSE, 'רובי');

INSERT INTO answer_options (question_id, correct_answer, answer_text)
VALUES ('304019101', FALSE, 'ספיר');

INSERT INTO answer_options (question_id, correct_answer, answer_text)
VALUES ('304019101', FALSE, 'אמרלד');

INSERT INTO questions (question_id, language_id, topic_id, c_grade_id, level, question_text, explanation, interesting_fact)
VALUES ('304019102', 1, 4019, 2, 2, 'מהי אבן החן הנחשבת לאבן הלידה של חודש פברואר?', '', 'אמתיסט הוא אבן החן של חודש פברואר וידוע בצבעו הסגול העמוק.') ON CONFLICT (question_id) DO UPDATE SET language_id = 1 ,topic_id= 4019,c_grade_id =2,level=2,question_text='מהי אבן החן הנחשבת לאבן הלידה של חודש פברואר?',explanation='',interesting_fact='אמתיסט הוא אבן החן של חודש פברואר וידוע בצבעו הסגול העמוק.';


INSERT INTO answer_options (question_id, correct_answer, answer_text)
VALUES ('304019102', TRUE, 'אמתיסט') ;

INSERT INTO answer_options (question_id, correct_answer, answer_text)
VALUES ('304019102', FALSE, 'טופז');

INSERT INTO answer_options (question_id, correct_answer, answer_text)
VALUES ('304019102', FALSE, 'אקוומרין');

INSERT INTO answer_options (question_id, correct_answer, answer_text)
VALUES ('304019102', FALSE, 'אופל');

INSERT INTO questions (question_id, language_id, topic_id, c_grade_id, level, question_text, explanation, interesting_fact)
VALUES ('304019103', 1, 4019, 3, 3, 'איזה מינרל מפורסם בצבעו האדום?', '', 'גרנט הוא מינרל פופולרי בצבע אדום, שכיח בייצור תכשיטים.') ON CONFLICT (question_id) DO UPDATE SET language_id = 1 ,topic_id= 4019,c_grade_id =3,level=3,question_text='איזה מינרל מפורסם בצבעו האדום?',explanation='',interesting_fact='גרנט הוא מינרל פופולרי בצבע אדום, שכיח בייצור תכשיטים.';


INSERT INTO answer_options (question_id, correct_answer, answer_text)
VALUES ('304019103', TRUE, 'גרנט') ;

INSERT INTO answer_options (question_id, correct_answer, answer_text)
VALUES ('304019103', FALSE, 'קוורץ');

INSERT INTO answer_options (question_id, correct_answer, answer_text)
VALUES ('304019103', FALSE, 'פיריט');

INSERT INTO answer_options (question_id, correct_answer, answer_text)
VALUES ('304019103', FALSE, 'מלךיט');

INSERT INTO questions (question_id, language_id, topic_id, c_grade_id, level, question_text, explanation, interesting_fact)
VALUES ('304019104', 1, 4019, 4, 4, 'מהו המינרל הנמצא בטבע בצורת גבישים שקופים ומבריקים?', '', 'קריסטל הוא מינרל המצוי בטבע בצורת גבישים שקופים ומבריקים, משמש בעיקר לתכשיטים וקישוטים.') ON CONFLICT (question_id) DO UPDATE SET language_id = 1 ,topic_id= 4019,c_grade_id =4,level=4,question_text='מהו המינרל הנמצא בטבע בצורת גבישים שקופים ומבריקים?',explanation='',interesting_fact='קריסטל הוא מינרל המצוי בטבע בצורת גבישים שקופים ומבריקים, משמש בעיקר לתכשיטים וקישוטים.';


INSERT INTO answer_options (question_id, correct_answer, answer_text)
VALUES ('304019104', TRUE, 'קריסטל') ;

INSERT INTO answer_options (question_id, correct_answer, answer_text)
VALUES ('304019104', FALSE, 'פלדספר');

INSERT INTO answer_options (question_id, correct_answer, answer_text)
VALUES ('304019104', FALSE, 'מגנזיט');

INSERT INTO answer_options (question_id, correct_answer, answer_text)
VALUES ('304019104', FALSE, 'בריל');

INSERT INTO questions (question_id, language_id, topic_id, c_grade_id, level, question_text, explanation, interesting_fact)
VALUES ('304019105', 1, 4019, 5, 5, 'באיזה אבן חן משתמשים לציון יום הולדת 60?', '', 'יהלום משמש לציון יום הולדת 60, מסמל קשי ועמידות לאורך זמן.') ON CONFLICT (question_id) DO UPDATE SET language_id = 1 ,topic_id= 4019,c_grade_id =5,level=5,question_text='באיזה אבן חן משתמשים לציון יום הולדת 60?',explanation='',interesting_fact='יהלום משמש לציון יום הולדת 60, מסמל קשי ועמידות לאורך זמן.';


INSERT INTO answer_options (question_id, correct_answer, answer_text)
VALUES ('304019105', TRUE, 'יהלום') ;

INSERT INTO answer_options (question_id, correct_answer, answer_text)
VALUES ('304019105', FALSE, 'אמרלד');

INSERT INTO answer_options (question_id, correct_answer, answer_text)
VALUES ('304019105', FALSE, 'רובי');

INSERT INTO answer_options (question_id, correct_answer, answer_text)
VALUES ('304019105', FALSE, 'ספיר');

INSERT INTO questions (question_id, language_id, topic_id, c_grade_id, level, question_text, explanation, interesting_fact)
VALUES ('304020101', 1, 4020, 1, 1, 'מי חוקר חיידקים ווירוסים?', '', 'מיקרוביולוגים חוקרים חיידקים ווירוסים ומסייעים בפיתוח תרופות וחיסונים.') ON CONFLICT (question_id) DO UPDATE SET language_id = 1 ,topic_id= 4020,c_grade_id =1,level=1,question_text='מי חוקר חיידקים ווירוסים?',explanation='',interesting_fact='מיקרוביולוגים חוקרים חיידקים ווירוסים ומסייעים בפיתוח תרופות וחיסונים.';


INSERT INTO answer_options (question_id, correct_answer, answer_text)
VALUES ('304020101', TRUE, 'מיקרוביולוג') ;

INSERT INTO answer_options (question_id, correct_answer, answer_text)
VALUES ('304020101', FALSE, 'גיאולוג');

INSERT INTO answer_options (question_id, correct_answer, answer_text)
VALUES ('304020101', FALSE, 'מטאורולוג');

INSERT INTO answer_options (question_id, correct_answer, answer_text)
VALUES ('304020101', FALSE, 'פסיכולוג');

INSERT INTO questions (question_id, language_id, topic_id, c_grade_id, level, question_text, explanation, interesting_fact)
VALUES ('304020102', 1, 4020, 2, 2, 'מי בונה תוכניות לבניית מחשבים?', '', 'מהנדסי מחשבים מפתחים תוכניות ומערכות לבניית מחשבים ואפליקציות.') ON CONFLICT (question_id) DO UPDATE SET language_id = 1 ,topic_id= 4020,c_grade_id =2,level=2,question_text='מי בונה תוכניות לבניית מחשבים?',explanation='',interesting_fact='מהנדסי מחשבים מפתחים תוכניות ומערכות לבניית מחשבים ואפליקציות.';


INSERT INTO answer_options (question_id, correct_answer, answer_text)
VALUES ('304020102', TRUE, 'מהנדס מחשבים') ;

INSERT INTO answer_options (question_id, correct_answer, answer_text)
VALUES ('304020102', FALSE, 'מורה דרך');

INSERT INTO answer_options (question_id, correct_answer, answer_text)
VALUES ('304020102', FALSE, 'אופטומטריסט');

INSERT INTO answer_options (question_id, correct_answer, answer_text)
VALUES ('304020102', FALSE, 'קונדיטור');

INSERT INTO questions (question_id, language_id, topic_id, c_grade_id, level, question_text, explanation, interesting_fact)
VALUES ('304020103', 1, 4020, 3, 3, 'מי עוזר לאנשים בבעיות נפשיות?', '', 'פסיכולוגים עוזרים לאנשים להתמודד עם בעיות נפשיות ומספקים תמיכה וייעוץ.') ON CONFLICT (question_id) DO UPDATE SET language_id = 1 ,topic_id= 4020,c_grade_id =3,level=3,question_text='מי עוזר לאנשים בבעיות נפשיות?',explanation='',interesting_fact='פסיכולוגים עוזרים לאנשים להתמודד עם בעיות נפשיות ומספקים תמיכה וייעוץ.';


INSERT INTO answer_options (question_id, correct_answer, answer_text)
VALUES ('304020103', TRUE, 'פסיכולוג') ;

INSERT INTO answer_options (question_id, correct_answer, answer_text)
VALUES ('304020103', FALSE, 'אדריכל');

INSERT INTO answer_options (question_id, correct_answer, answer_text)
VALUES ('304020103', FALSE, 'צלם');

INSERT INTO answer_options (question_id, correct_answer, answer_text)
VALUES ('304020103', FALSE, 'שופט');

INSERT INTO questions (question_id, language_id, topic_id, c_grade_id, level, question_text, explanation, interesting_fact)
VALUES ('304020104', 1, 4020, 4, 4, 'מי מכין אוכל במסעדה?', '', 'השף הוא האחראי על הכנת האוכל במסעדה ומבשל מנות שונות.') ON CONFLICT (question_id) DO UPDATE SET language_id = 1 ,topic_id= 4020,c_grade_id =4,level=4,question_text='מי מכין אוכל במסעדה?',explanation='',interesting_fact='השף הוא האחראי על הכנת האוכל במסעדה ומבשל מנות שונות.';


INSERT INTO answer_options (question_id, correct_answer, answer_text)
VALUES ('304020104', TRUE, 'שף') ;

INSERT INTO answer_options (question_id, correct_answer, answer_text)
VALUES ('304020104', FALSE, 'פלסטינאי');

INSERT INTO answer_options (question_id, correct_answer, answer_text)
VALUES ('304020104', FALSE, 'עורך דין');

INSERT INTO answer_options (question_id, correct_answer, answer_text)
VALUES ('304020104', FALSE, 'טייס');

INSERT INTO questions (question_id, language_id, topic_id, c_grade_id, level, question_text, explanation, interesting_fact)
VALUES ('304020105', 1, 4020, 5, 5, 'מי מעצב בגדים ואופנה?', '', 'מעצבי אופנה מעצבים בגדים וטרנדים חדשים בעולם האופנה.') ON CONFLICT (question_id) DO UPDATE SET language_id = 1 ,topic_id= 4020,c_grade_id =5,level=5,question_text='מי מעצב בגדים ואופנה?',explanation='',interesting_fact='מעצבי אופנה מעצבים בגדים וטרנדים חדשים בעולם האופנה.';


INSERT INTO answer_options (question_id, correct_answer, answer_text)
VALUES ('304020105', TRUE, 'מעצב אופנה') ;

INSERT INTO answer_options (question_id, correct_answer, answer_text)
VALUES ('304020105', FALSE, 'רופא שיניים');

INSERT INTO answer_options (question_id, correct_answer, answer_text)
VALUES ('304020105', FALSE, 'גרפולוג');

INSERT INTO answer_options (question_id, correct_answer, answer_text)
VALUES ('304020105', FALSE, 'חשמלאי');

INSERT INTO questions (question_id, language_id, topic_id, c_grade_id, level, question_text, explanation, interesting_fact)
VALUES ('304021101', 1, 4021, 1, 1, 'איזה כלי נגינה הוא קלידים עם חוטים?', '', 'הפסנתר הוא כלי נגינה עם חוטים שננגנים בעזרת קלידים.') ON CONFLICT (question_id) DO UPDATE SET language_id = 1 ,topic_id= 4021,c_grade_id =1,level=1,question_text='איזה כלי נגינה הוא קלידים עם חוטים?',explanation='',interesting_fact='הפסנתר הוא כלי נגינה עם חוטים שננגנים בעזרת קלידים.';


INSERT INTO answer_options (question_id, correct_answer, answer_text)
VALUES ('304021101', TRUE, 'פסנתר') ;

INSERT INTO answer_options (question_id, correct_answer, answer_text)
VALUES ('304021101', FALSE, 'גיטרה');

INSERT INTO answer_options (question_id, correct_answer, answer_text)
VALUES ('304021101', FALSE, 'חצוצרה');

INSERT INTO answer_options (question_id, correct_answer, answer_text)
VALUES ('304021101', FALSE, 'תופים');

INSERT INTO questions (question_id, language_id, topic_id, c_grade_id, level, question_text, explanation, interesting_fact)
VALUES ('304021102', 1, 4021, 2, 2, 'מהו הכלי המשמש לנגינה בסקסופון?', '', 'קנה חול הוא החלק של הסקסופון שבו נושף הנגן כדי לייצר צליל.') ON CONFLICT (question_id) DO UPDATE SET language_id = 1 ,topic_id= 4021,c_grade_id =2,level=2,question_text='מהו הכלי המשמש לנגינה בסקסופון?',explanation='',interesting_fact='קנה חול הוא החלק של הסקסופון שבו נושף הנגן כדי לייצר צליל.';


INSERT INTO answer_options (question_id, correct_answer, answer_text)
VALUES ('304021102', TRUE, 'קנה חול') ;

INSERT INTO answer_options (question_id, correct_answer, answer_text)
VALUES ('304021102', FALSE, 'מפיק');

INSERT INTO answer_options (question_id, correct_answer, answer_text)
VALUES ('304021102', FALSE, 'קשת');

INSERT INTO answer_options (question_id, correct_answer, answer_text)
VALUES ('304021102', FALSE, 'פדל');

INSERT INTO questions (question_id, language_id, topic_id, c_grade_id, level, question_text, explanation, interesting_fact)
VALUES ('304021103', 1, 4021, 3, 3, 'איזה כלי נגינה משתמש במערכת תיפוף?', '', 'תופים הם כלי נגינה שמשתמשים במערכת תיפוף ליצירת קצב.') ON CONFLICT (question_id) DO UPDATE SET language_id = 1 ,topic_id= 4021,c_grade_id =3,level=3,question_text='איזה כלי נגינה משתמש במערכת תיפוף?',explanation='',interesting_fact='תופים הם כלי נגינה שמשתמשים במערכת תיפוף ליצירת קצב.';


INSERT INTO answer_options (question_id, correct_answer, answer_text)
VALUES ('304021103', TRUE, 'תופים') ;

INSERT INTO answer_options (question_id, correct_answer, answer_text)
VALUES ('304021103', FALSE, 'פסנתר');

INSERT INTO answer_options (question_id, correct_answer, answer_text)
VALUES ('304021103', FALSE, 'חצוצרה');

INSERT INTO answer_options (question_id, correct_answer, answer_text)
VALUES ('304021103', FALSE, 'כינור');

INSERT INTO questions (question_id, language_id, topic_id, c_grade_id, level, question_text, explanation, interesting_fact)
VALUES ('304021104', 1, 4021, 4, 4, 'איזה כלי נגינה נקרא גם "כינור של העניים"?', '', 'הגיטרה נקראת לעיתים "כינור של העניים" בשל נגישותה ופופולריותה.') ON CONFLICT (question_id) DO UPDATE SET language_id = 1 ,topic_id= 4021,c_grade_id =4,level=4,question_text='איזה כלי נגינה נקרא גם "כינור של העניים"?',explanation='',interesting_fact='הגיטרה נקראת לעיתים "כינור של העניים" בשל נגישותה ופופולריותה.';


INSERT INTO answer_options (question_id, correct_answer, answer_text)
VALUES ('304021104', TRUE, 'גיטרה') ;

INSERT INTO answer_options (question_id, correct_answer, answer_text)
VALUES ('304021104', FALSE, 'סקסופון');

INSERT INTO answer_options (question_id, correct_answer, answer_text)
VALUES ('304021104', FALSE, 'פלוט');

INSERT INTO answer_options (question_id, correct_answer, answer_text)
VALUES ('304021104', FALSE, 'אקורדיון');

INSERT INTO questions (question_id, language_id, topic_id, c_grade_id, level, question_text, explanation, interesting_fact)
VALUES ('304021105', 1, 4021, 5, 5, 'באיזה כלי נגינה יש חורים רבים ליצירת צלילים שונים?', '', 'בחליל יש חורים רבים שהנגן פותח וסוגר כדי לייצר צלילים שונים.') ON CONFLICT (question_id) DO UPDATE SET language_id = 1 ,topic_id= 4021,c_grade_id =5,level=5,question_text='באיזה כלי נגינה יש חורים רבים ליצירת צלילים שונים?',explanation='',interesting_fact='בחליל יש חורים רבים שהנגן פותח וסוגר כדי לייצר צלילים שונים.';


INSERT INTO answer_options (question_id, correct_answer, answer_text)
VALUES ('304021105', TRUE, 'חליל') ;

INSERT INTO answer_options (question_id, correct_answer, answer_text)
VALUES ('304021105', FALSE, 'כינור');

INSERT INTO answer_options (question_id, correct_answer, answer_text)
VALUES ('304021105', FALSE, 'אורגן');

INSERT INTO answer_options (question_id, correct_answer, answer_text)
VALUES ('304021105', FALSE, 'בלוקנספיל');

INSERT INTO questions (question_id, language_id, topic_id, c_grade_id, level, question_text, explanation, interesting_fact)
VALUES ('304022101', 1, 4022, 1, 1, 'מהו האזור החמים ביותר על פני כדור הארץ?', '', 'אזור הקו המשווה הוא החמים ביותר מכיוון שהוא קרוב ביותר לשמש.') ON CONFLICT (question_id) DO UPDATE SET language_id = 1 ,topic_id= 4022,c_grade_id =1,level=1,question_text='מהו האזור החמים ביותר על פני כדור הארץ?',explanation='',interesting_fact='אזור הקו המשווה הוא החמים ביותר מכיוון שהוא קרוב ביותר לשמש.';


INSERT INTO answer_options (question_id, correct_answer, answer_text)
VALUES ('304022101', TRUE, 'אזור הקו המשווה') ;

INSERT INTO answer_options (question_id, correct_answer, answer_text)
VALUES ('304022101', FALSE, 'הקוטב הצפוני');

INSERT INTO answer_options (question_id, correct_answer, answer_text)
VALUES ('304022101', FALSE, 'הקוטב הדרומי');

INSERT INTO answer_options (question_id, correct_answer, answer_text)
VALUES ('304022101', FALSE, 'אזור הים התיכון');

INSERT INTO questions (question_id, language_id, topic_id, c_grade_id, level, question_text, explanation, interesting_fact)
VALUES ('304022102', 1, 4022, 2, 2, 'איזה כלי מודד את הטמפרטורה?', '', 'התרמומטר מודד את הטמפרטורה ומראה את חום או קור הסביבה.') ON CONFLICT (question_id) DO UPDATE SET language_id = 1 ,topic_id= 4022,c_grade_id =2,level=2,question_text='איזה כלי מודד את הטמפרטורה?',explanation='',interesting_fact='התרמומטר מודד את הטמפרטורה ומראה את חום או קור הסביבה.';


INSERT INTO answer_options (question_id, correct_answer, answer_text)
VALUES ('304022102', TRUE, 'תרמומטר') ;

INSERT INTO answer_options (question_id, correct_answer, answer_text)
VALUES ('304022102', FALSE, 'ברומטר');

INSERT INTO answer_options (question_id, correct_answer, answer_text)
VALUES ('304022102', FALSE, 'היגרומטר');

INSERT INTO answer_options (question_id, correct_answer, answer_text)
VALUES ('304022102', FALSE, 'אנמומטר');

INSERT INTO questions (question_id, language_id, topic_id, c_grade_id, level, question_text, explanation, interesting_fact)
VALUES ('304022103', 1, 4022, 3, 3, 'מהו אקלים שבו יורד שלג בחורף?', '', 'באקלים קוטבי יורד שלג בחורף והטמפרטורות נמוכות מאוד.') ON CONFLICT (question_id) DO UPDATE SET language_id = 1 ,topic_id= 4022,c_grade_id =3,level=3,question_text='מהו אקלים שבו יורד שלג בחורף?',explanation='',interesting_fact='באקלים קוטבי יורד שלג בחורף והטמפרטורות נמוכות מאוד.';


INSERT INTO answer_options (question_id, correct_answer, answer_text)
VALUES ('304022103', TRUE, 'אקלים קוטבי') ;

INSERT INTO answer_options (question_id, correct_answer, answer_text)
VALUES ('304022103', FALSE, 'אקלים ים תיכוני');

INSERT INTO answer_options (question_id, correct_answer, answer_text)
VALUES ('304022103', FALSE, 'אקלים טרופי');

INSERT INTO answer_options (question_id, correct_answer, answer_text)
VALUES ('304022103', FALSE, 'אקלים מדברי');

INSERT INTO questions (question_id, language_id, topic_id, c_grade_id, level, question_text, explanation, interesting_fact)
VALUES ('304022104', 1, 4022, 4, 4, 'מהי תופעת "אל ניניו"?', '', '"אל ניניו" היא תופעה שבה טמפרטורות הים באוקיינוס השקט עולות וגורמות לשינויים במזג האוויר.') ON CONFLICT (question_id) DO UPDATE SET language_id = 1 ,topic_id= 4022,c_grade_id =4,level=4,question_text='מהי תופעת "אל ניניו"?',explanation='',interesting_fact='"אל ניניו" היא תופעה שבה טמפרטורות הים באוקיינוס השקט עולות וגורמות לשינויים במזג האוויר.';


INSERT INTO answer_options (question_id, correct_answer, answer_text)
VALUES ('304022104', TRUE, 'תופעה של שינוי טמפרטורות הים') ;

INSERT INTO answer_options (question_id, correct_answer, answer_text)
VALUES ('304022104', FALSE, 'סוג של גשם חומצי');

INSERT INTO answer_options (question_id, correct_answer, answer_text)
VALUES ('304022104', FALSE, 'סוג של סערת שלג');

INSERT INTO answer_options (question_id, correct_answer, answer_text)
VALUES ('304022104', FALSE, 'תופעה של רוחות חזקות');

INSERT INTO questions (question_id, language_id, topic_id, c_grade_id, level, question_text, explanation, interesting_fact)
VALUES ('304022105', 1, 4022, 5, 5, 'איך נקרא הכלי שמודד את כמות האדים באוויר?', '', 'ההיגרומטר מודד את כמות האדים באוויר ומראה את רמת הלחות.') ON CONFLICT (question_id) DO UPDATE SET language_id = 1 ,topic_id= 4022,c_grade_id =5,level=5,question_text='איך נקרא הכלי שמודד את כמות האדים באוויר?',explanation='',interesting_fact='ההיגרומטר מודד את כמות האדים באוויר ומראה את רמת הלחות.';


INSERT INTO answer_options (question_id, correct_answer, answer_text)
VALUES ('304022105', TRUE, 'היגרומטר') ;

INSERT INTO answer_options (question_id, correct_answer, answer_text)
VALUES ('304022105', FALSE, 'תרמומטר');

INSERT INTO answer_options (question_id, correct_answer, answer_text)
VALUES ('304022105', FALSE, 'ברומטר');

INSERT INTO answer_options (question_id, correct_answer, answer_text)
VALUES ('304022105', FALSE, 'אנמומטר');

INSERT INTO questions (question_id, language_id, topic_id, c_grade_id, level, question_text, explanation, interesting_fact)
VALUES ('304023101', 1, 4023, 1, 1, 'מי היה הנשיא הראשון של מדינת ישראל?', '', 'חיים ויצמן נבחר לנשיא הראשון של מדינת ישראל ב-1949.') ON CONFLICT (question_id) DO UPDATE SET language_id = 1 ,topic_id= 4023,c_grade_id =1,level=1,question_text='מי היה הנשיא הראשון של מדינת ישראל?',explanation='',interesting_fact='חיים ויצמן נבחר לנשיא הראשון של מדינת ישראל ב-1949.';


INSERT INTO answer_options (question_id, correct_answer, answer_text)
VALUES ('304023101', TRUE, 'חיים ויצמן') ;

INSERT INTO answer_options (question_id, correct_answer, answer_text)
VALUES ('304023101', FALSE, 'יצחק בן צבי');

INSERT INTO answer_options (question_id, correct_answer, answer_text)
VALUES ('304023101', FALSE, 'זלמן שזר');

INSERT INTO answer_options (question_id, correct_answer, answer_text)
VALUES ('304023101', FALSE, 'אפרים קציר');

INSERT INTO questions (question_id, language_id, topic_id, c_grade_id, level, question_text, explanation, interesting_fact)
VALUES ('304023102', 1, 4023, 2, 2, 'באיזה תאריך חל יום העצמאות הישראלי?', '', 'יום העצמאות הישראלי חל ב-5 באייר, לפי הלוח העברי.') ON CONFLICT (question_id) DO UPDATE SET language_id = 1 ,topic_id= 4023,c_grade_id =2,level=2,question_text='באיזה תאריך חל יום העצמאות הישראלי?',explanation='',interesting_fact='יום העצמאות הישראלי חל ב-5 באייר, לפי הלוח העברי.';


INSERT INTO answer_options (question_id, correct_answer, answer_text)
VALUES ('304023102', TRUE, '5 באייר') ;

INSERT INTO answer_options (question_id, correct_answer, answer_text)
VALUES ('304023102', FALSE, '15 בשבט');

INSERT INTO answer_options (question_id, correct_answer, answer_text)
VALUES ('304023102', FALSE, '10 בטבת');

INSERT INTO answer_options (question_id, correct_answer, answer_text)
VALUES ('304023102', FALSE, '25 באדר');

INSERT INTO questions (question_id, language_id, topic_id, c_grade_id, level, question_text, explanation, interesting_fact)
VALUES ('304023103', 1, 4023, 3, 3, 'איזו עיר הייתה העיר הראשונה שנפלה לידי הערבים במלחמת העצמאות?', '', 'יפו הייתה העיר הראשונה שנפלה לידי הערבים במהלך מלחמת העצמאות.') ON CONFLICT (question_id) DO UPDATE SET language_id = 1 ,topic_id= 4023,c_grade_id =3,level=3,question_text='איזו עיר הייתה העיר הראשונה שנפלה לידי הערבים במלחמת העצמאות?',explanation='',interesting_fact='יפו הייתה העיר הראשונה שנפלה לידי הערבים במהלך מלחמת העצמאות.';


INSERT INTO answer_options (question_id, correct_answer, answer_text)
VALUES ('304023103', TRUE, 'יפו') ;

INSERT INTO answer_options (question_id, correct_answer, answer_text)
VALUES ('304023103', FALSE, 'חיפה');

INSERT INTO answer_options (question_id, correct_answer, answer_text)
VALUES ('304023103', FALSE, 'עכו');

INSERT INTO answer_options (question_id, correct_answer, answer_text)
VALUES ('304023103', FALSE, 'באר שבע');

INSERT INTO questions (question_id, language_id, topic_id, c_grade_id, level, question_text, explanation, interesting_fact)
VALUES ('304023104', 1, 4023, 4, 4, 'מה נקרא המסמך שהכריז על הקמת מדינת ישראל?', '', 'מגילת העצמאות הוא המסמך שהכריז על הקמת מדינת ישראל ב-1948.') ON CONFLICT (question_id) DO UPDATE SET language_id = 1 ,topic_id= 4023,c_grade_id =4,level=4,question_text='מה נקרא המסמך שהכריז על הקמת מדינת ישראל?',explanation='',interesting_fact='מגילת העצמאות הוא המסמך שהכריז על הקמת מדינת ישראל ב-1948.';


INSERT INTO answer_options (question_id, correct_answer, answer_text)
VALUES ('304023104', TRUE, 'מגילת העצמאות') ;

INSERT INTO answer_options (question_id, correct_answer, answer_text)
VALUES ('304023104', FALSE, 'חוק השבות');

INSERT INTO answer_options (question_id, correct_answer, answer_text)
VALUES ('304023104', FALSE, 'חוק הלאום');

INSERT INTO answer_options (question_id, correct_answer, answer_text)
VALUES ('304023104', FALSE, 'צו המנדט');

INSERT INTO questions (question_id, language_id, topic_id, c_grade_id, level, question_text, explanation, interesting_fact)
VALUES ('304023105', 1, 4023, 5, 5, 'איך נקרא החייל הראשון שנהרג במלחמת העצמאות?', '', 'יקותיאל אדם היה החייל הראשון שנהרג במלחמת העצמאות.') ON CONFLICT (question_id) DO UPDATE SET language_id = 1 ,topic_id= 4023,c_grade_id =5,level=5,question_text='איך נקרא החייל הראשון שנהרג במלחמת העצמאות?',explanation='',interesting_fact='יקותיאל אדם היה החייל הראשון שנהרג במלחמת העצמאות.';


INSERT INTO answer_options (question_id, correct_answer, answer_text)
VALUES ('304023105', TRUE, 'יקותיאל אדם') ;

INSERT INTO answer_options (question_id, correct_answer, answer_text)
VALUES ('304023105', FALSE, 'אריה בן אליעזר');

INSERT INTO answer_options (question_id, correct_answer, answer_text)
VALUES ('304023105', FALSE, 'משה דיין');

INSERT INTO answer_options (question_id, correct_answer, answer_text)
VALUES ('304023105', FALSE, 'יגאל אלון');

INSERT INTO questions (question_id, language_id, topic_id, c_grade_id, level, question_text, explanation, interesting_fact)
VALUES ('304024101', 1, 4024, 1, 1, 'מהו התפקיד העיקרי של חממה בחקלאות?', '', 'חממה משמורת על תנאי חום ולחות קבועים לגידול צמחים.') ON CONFLICT (question_id) DO UPDATE SET language_id = 1 ,topic_id= 4024,c_grade_id =1,level=1,question_text='מהו התפקיד העיקרי של חממה בחקלאות?',explanation='',interesting_fact='חממה משמורת על תנאי חום ולחות קבועים לגידול צמחים.';


INSERT INTO answer_options (question_id, correct_answer, answer_text)
VALUES ('304024101', TRUE, 'לשמור על חום ולחות קבועים') ;

INSERT INTO answer_options (question_id, correct_answer, answer_text)
VALUES ('304024101', FALSE, 'להגן מפני חרקים');

INSERT INTO answer_options (question_id, correct_answer, answer_text)
VALUES ('304024101', FALSE, 'לאחסן כלים חקלאיים');

INSERT INTO answer_options (question_id, correct_answer, answer_text)
VALUES ('304024101', FALSE, 'לייבש תבואה');

INSERT INTO questions (question_id, language_id, topic_id, c_grade_id, level, question_text, explanation, interesting_fact)
VALUES ('304024102', 1, 4024, 2, 2, 'איזה כלי חקלאי משמש לקציר?', '', 'מקצרה היא כלי חקלאי המשמש לקציר תבואה וצמחים אחרים.') ON CONFLICT (question_id) DO UPDATE SET language_id = 1 ,topic_id= 4024,c_grade_id =2,level=2,question_text='איזה כלי חקלאי משמש לקציר?',explanation='',interesting_fact='מקצרה היא כלי חקלאי המשמש לקציר תבואה וצמחים אחרים.';


INSERT INTO answer_options (question_id, correct_answer, answer_text)
VALUES ('304024102', TRUE, 'מקצרה') ;

INSERT INTO answer_options (question_id, correct_answer, answer_text)
VALUES ('304024102', FALSE, 'טרקטור');

INSERT INTO answer_options (question_id, correct_answer, answer_text)
VALUES ('304024102', FALSE, 'מחרשה');

INSERT INTO answer_options (question_id, correct_answer, answer_text)
VALUES ('304024102', FALSE, 'דישון');

INSERT INTO questions (question_id, language_id, topic_id, c_grade_id, level, question_text, explanation, interesting_fact)
VALUES ('304024103', 1, 4024, 3, 3, 'מה הופך קרקע לפורייה יותר לגידול צמחים?', '', 'דישון מוסיף מינרלים לקרקע ומגביר את פוריותה.') ON CONFLICT (question_id) DO UPDATE SET language_id = 1 ,topic_id= 4024,c_grade_id =3,level=3,question_text='מה הופך קרקע לפורייה יותר לגידול צמחים?',explanation='',interesting_fact='דישון מוסיף מינרלים לקרקע ומגביר את פוריותה.';


INSERT INTO answer_options (question_id, correct_answer, answer_text)
VALUES ('304024103', TRUE, 'דישון') ;

INSERT INTO answer_options (question_id, correct_answer, answer_text)
VALUES ('304024103', FALSE, 'שימוש ברעלי מקטעים');

INSERT INTO answer_options (question_id, correct_answer, answer_text)
VALUES ('304024103', FALSE, 'כיסוי הקרקע בפלסטיק');

INSERT INTO answer_options (question_id, correct_answer, answer_text)
VALUES ('304024103', FALSE, 'השקייה עם מים מלוחים');

INSERT INTO questions (question_id, language_id, topic_id, c_grade_id, level, question_text, explanation, interesting_fact)
VALUES ('304024104', 1, 4024, 4, 4, 'אילו חיות נפוצות בחוות חקלאיות?', '', 'פרות וכבשים הן חיות חווה נפוצות המספקות חלב ובשר.') ON CONFLICT (question_id) DO UPDATE SET language_id = 1 ,topic_id= 4024,c_grade_id =4,level=4,question_text='אילו חיות נפוצות בחוות חקלאיות?',explanation='',interesting_fact='פרות וכבשים הן חיות חווה נפוצות המספקות חלב ובשר.';


INSERT INTO answer_options (question_id, correct_answer, answer_text)
VALUES ('304024104', TRUE, 'פרות וכבשים') ;

INSERT INTO answer_options (question_id, correct_answer, answer_text)
VALUES ('304024104', FALSE, 'זאבים ודובים');

INSERT INTO answer_options (question_id, correct_answer, answer_text)
VALUES ('304024104', FALSE, 'פילים וקרנפים');

INSERT INTO answer_options (question_id, correct_answer, answer_text)
VALUES ('304024104', FALSE, 'צבים ונחשים');

INSERT INTO questions (question_id, language_id, topic_id, c_grade_id, level, question_text, explanation, interesting_fact)
VALUES ('304024105', 1, 4024, 5, 5, 'מהו התהליך שבו צמחים קולטים מים ומינרלים מהקרקע?', '', 'צמחים קולטים מים ומינרלים מהקרקע דרך השורשים בתהליך ספיגה.') ON CONFLICT (question_id) DO UPDATE SET language_id = 1 ,topic_id= 4024,c_grade_id =5,level=5,question_text='מהו התהליך שבו צמחים קולטים מים ומינרלים מהקרקע?',explanation='',interesting_fact='צמחים קולטים מים ומינרלים מהקרקע דרך השורשים בתהליך ספיגה.';


INSERT INTO answer_options (question_id, correct_answer, answer_text)
VALUES ('304024105', TRUE, 'ספיגה על ידי השורשים') ;

INSERT INTO answer_options (question_id, correct_answer, answer_text)
VALUES ('304024105', FALSE, 'פוטוסינתזה');

INSERT INTO answer_options (question_id, correct_answer, answer_text)
VALUES ('304024105', FALSE, 'נשימה');

INSERT INTO answer_options (question_id, correct_answer, answer_text)
VALUES ('304024105', FALSE, 'התפתחות פרחים');

INSERT INTO questions (question_id, language_id, topic_id, c_grade_id, level, question_text, explanation, interesting_fact)
VALUES ('304025101', 1, 4025, 1, 1, 'איזה כוכב לכת הוא הכי גדול במערכת השמש?', '', 'צדק הוא הכוכב לכת הגדול ביותר במערכת השמש שלנו.') ON CONFLICT (question_id) DO UPDATE SET language_id = 1 ,topic_id= 4025,c_grade_id =1,level=1,question_text='איזה כוכב לכת הוא הכי גדול במערכת השמש?',explanation='',interesting_fact='צדק הוא הכוכב לכת הגדול ביותר במערכת השמש שלנו.';


INSERT INTO answer_options (question_id, correct_answer, answer_text)
VALUES ('304025101', TRUE, 'צדק') ;

INSERT INTO answer_options (question_id, correct_answer, answer_text)
VALUES ('304025101', FALSE, 'מאדים');

INSERT INTO answer_options (question_id, correct_answer, answer_text)
VALUES ('304025101', FALSE, 'נוגה');

INSERT INTO answer_options (question_id, correct_answer, answer_text)
VALUES ('304025101', FALSE, 'כדור הארץ');

INSERT INTO questions (question_id, language_id, topic_id, c_grade_id, level, question_text, explanation, interesting_fact)
VALUES ('304025102', 1, 4025, 2, 2, 'מהו ירח הגדול ביותר של צדק?', '', 'גנימד הוא הירח הגדול ביותר של צדק והגדול במערכת השמש.') ON CONFLICT (question_id) DO UPDATE SET language_id = 1 ,topic_id= 4025,c_grade_id =2,level=2,question_text='מהו ירח הגדול ביותר של צדק?',explanation='',interesting_fact='גנימד הוא הירח הגדול ביותר של צדק והגדול במערכת השמש.';


INSERT INTO answer_options (question_id, correct_answer, answer_text)
VALUES ('304025102', TRUE, 'גנימד') ;

INSERT INTO answer_options (question_id, correct_answer, answer_text)
VALUES ('304025102', FALSE, 'איו');

INSERT INTO answer_options (question_id, correct_answer, answer_text)
VALUES ('304025102', FALSE, 'קליסטו');

INSERT INTO answer_options (question_id, correct_answer, answer_text)
VALUES ('304025102', FALSE, 'אירופה');

INSERT INTO questions (question_id, language_id, topic_id, c_grade_id, level, question_text, explanation, interesting_fact)
VALUES ('304025103', 1, 4025, 3, 3, 'איזה כוכב הוא הכי חם במערכת השמש?', '', 'השמש היא הכוכב הכי חם במערכת השמש.') ON CONFLICT (question_id) DO UPDATE SET language_id = 1 ,topic_id= 4025,c_grade_id =3,level=3,question_text='איזה כוכב הוא הכי חם במערכת השמש?',explanation='',interesting_fact='השמש היא הכוכב הכי חם במערכת השמש.';


INSERT INTO answer_options (question_id, correct_answer, answer_text)
VALUES ('304025103', TRUE, 'השמש') ;

INSERT INTO answer_options (question_id, correct_answer, answer_text)
VALUES ('304025103', FALSE, 'ונוס');

INSERT INTO answer_options (question_id, correct_answer, answer_text)
VALUES ('304025103', FALSE, 'מרקורי');

INSERT INTO answer_options (question_id, correct_answer, answer_text)
VALUES ('304025103', FALSE, 'נוגה');

INSERT INTO questions (question_id, language_id, topic_id, c_grade_id, level, question_text, explanation, interesting_fact)
VALUES ('304025104', 1, 4025, 4, 4, 'מהו גודל כדור הארץ יחסית לשאר גרמי השמים במערכת השמש?', '', 'גודל כדור הארץ נחשב לבינוני ביחס לגרמים אחרים במערכת השמש.') ON CONFLICT (question_id) DO UPDATE SET language_id = 1 ,topic_id= 4025,c_grade_id =4,level=4,question_text='מהו גודל כדור הארץ יחסית לשאר גרמי השמים במערכת השמש?',explanation='',interesting_fact='גודל כדור הארץ נחשב לבינוני ביחס לגרמים אחרים במערכת השמש.';


INSERT INTO answer_options (question_id, correct_answer, answer_text)
VALUES ('304025104', TRUE, 'בינוני') ;

INSERT INTO answer_options (question_id, correct_answer, answer_text)
VALUES ('304025104', FALSE, 'הכי גדול');

INSERT INTO answer_options (question_id, correct_answer, answer_text)
VALUES ('304025104', FALSE, 'הכי קטן');

INSERT INTO answer_options (question_id, correct_answer, answer_text)
VALUES ('304025104', FALSE, 'גדול מאוד');

INSERT INTO questions (question_id, language_id, topic_id, c_grade_id, level, question_text, explanation, interesting_fact)
VALUES ('304025105', 1, 4025, 5, 5, 'מהו הלוויין הטבעי של כדור הארץ?', '', 'הירח הוא הלוויין הטבעי היחיד של כדור הארץ.') ON CONFLICT (question_id) DO UPDATE SET language_id = 1 ,topic_id= 4025,c_grade_id =5,level=5,question_text='מהו הלוויין הטבעי של כדור הארץ?',explanation='',interesting_fact='הירח הוא הלוויין הטבעי היחיד של כדור הארץ.';


INSERT INTO answer_options (question_id, correct_answer, answer_text)
VALUES ('304025105', TRUE, 'הירח') ;

INSERT INTO answer_options (question_id, correct_answer, answer_text)
VALUES ('304025105', FALSE, 'פובוס');

INSERT INTO answer_options (question_id, correct_answer, answer_text)
VALUES ('304025105', FALSE, 'דימוס');

INSERT INTO answer_options (question_id, correct_answer, answer_text)
VALUES ('304025105', FALSE, 'טיטאן');

INSERT INTO questions (question_id, language_id, topic_id, c_grade_id, level, question_text, explanation, interesting_fact)
VALUES ('304026101', 1, 4026, 1, 1, 'מהו הצבע הכי נפוץ של המסטרים?', '', 'המסטרים נמצאים במגוון צבעים, אך הצבע החום הוא הנפוץ ביותר.') ON CONFLICT (question_id) DO UPDATE SET language_id = 1 ,topic_id= 4026,c_grade_id =1,level=1,question_text='מהו הצבע הכי נפוץ של המסטרים?',explanation='',interesting_fact='המסטרים נמצאים במגוון צבעים, אך הצבע החום הוא הנפוץ ביותר.';


INSERT INTO answer_options (question_id, correct_answer, answer_text)
VALUES ('304026101', TRUE, 'חום') ;

INSERT INTO answer_options (question_id, correct_answer, answer_text)
VALUES ('304026101', FALSE, 'לבן');

INSERT INTO answer_options (question_id, correct_answer, answer_text)
VALUES ('304026101', FALSE, 'שחור');

INSERT INTO answer_options (question_id, correct_answer, answer_text)
VALUES ('304026101', FALSE, 'כתום');

INSERT INTO questions (question_id, language_id, topic_id, c_grade_id, level, question_text, explanation, interesting_fact)
VALUES ('304026102', 1, 4026, 2, 2, 'איזו חיית מחמד מסוגלת ללמוד מילים ולחקות קולות?', '', 'תוכים ידועים ביכולתם ללמוד מילים רבות ולחקות קולות שונים.') ON CONFLICT (question_id) DO UPDATE SET language_id = 1 ,topic_id= 4026,c_grade_id =2,level=2,question_text='איזו חיית מחמד מסוגלת ללמוד מילים ולחקות קולות?',explanation='',interesting_fact='תוכים ידועים ביכולתם ללמוד מילים רבות ולחקות קולות שונים.';


INSERT INTO answer_options (question_id, correct_answer, answer_text)
VALUES ('304026102', TRUE, 'תוכי') ;

INSERT INTO answer_options (question_id, correct_answer, answer_text)
VALUES ('304026102', FALSE, 'חתול');

INSERT INTO answer_options (question_id, correct_answer, answer_text)
VALUES ('304026102', FALSE, 'כלב');

INSERT INTO answer_options (question_id, correct_answer, answer_text)
VALUES ('304026102', FALSE, 'דג זהב');

INSERT INTO questions (question_id, language_id, topic_id, c_grade_id, level, question_text, explanation, interesting_fact)
VALUES ('304026103', 1, 4026, 3, 3, 'מהו החיה המחמד הקטנה ביותר?', '', 'דגי זהב הם אחד מחיות המחמד הקטנות ביותר שניתן לגדל בבית.') ON CONFLICT (question_id) DO UPDATE SET language_id = 1 ,topic_id= 4026,c_grade_id =3,level=3,question_text='מהו החיה המחמד הקטנה ביותר?',explanation='',interesting_fact='דגי זהב הם אחד מחיות המחמד הקטנות ביותר שניתן לגדל בבית.';


INSERT INTO answer_options (question_id, correct_answer, answer_text)
VALUES ('304026103', TRUE, 'דג זהב') ;

INSERT INTO answer_options (question_id, correct_answer, answer_text)
VALUES ('304026103', FALSE, 'כלב');

INSERT INTO answer_options (question_id, correct_answer, answer_text)
VALUES ('304026103', FALSE, 'ארנב');

INSERT INTO answer_options (question_id, correct_answer, answer_text)
VALUES ('304026103', FALSE, 'חתול');

INSERT INTO questions (question_id, language_id, topic_id, c_grade_id, level, question_text, explanation, interesting_fact)
VALUES ('304026104', 1, 4026, 4, 4, 'לאיזו חיית מחמד יש את היכולת להשאיר את ראשה במקום אחד גם כשגופה מסתובב?', '', 'ציפורי מחמד ידועות ביכולת המיוחדת שלהן להשאיר את ראשן במקום קבוע גם כשגופן מסתובב.') ON CONFLICT (question_id) DO UPDATE SET language_id = 1 ,topic_id= 4026,c_grade_id =4,level=4,question_text='לאיזו חיית מחמד יש את היכולת להשאיר את ראשה במקום אחד גם כשגופה מסתובב?',explanation='',interesting_fact='ציפורי מחמד ידועות ביכולת המיוחדת שלהן להשאיר את ראשן במקום קבוע גם כשגופן מסתובב.';


INSERT INTO answer_options (question_id, correct_answer, answer_text)
VALUES ('304026104', TRUE, 'ציפור מחמד') ;

INSERT INTO answer_options (question_id, correct_answer, answer_text)
VALUES ('304026104', FALSE, 'חמוסת');

INSERT INTO answer_options (question_id, correct_answer, answer_text)
VALUES ('304026104', FALSE, 'תוכי');

INSERT INTO answer_options (question_id, correct_answer, answer_text)
VALUES ('304026104', FALSE, 'כלב');

INSERT INTO questions (question_id, language_id, topic_id, c_grade_id, level, question_text, explanation, interesting_fact)
VALUES ('304026105', 1, 4026, 5, 5, 'כמה שנים חי חתול בממוצע?', '', 'חתולים מחיים בממוצע 12-15 שנים, תלוי בגזע ובתנאי הגידול.') ON CONFLICT (question_id) DO UPDATE SET language_id = 1 ,topic_id= 4026,c_grade_id =5,level=5,question_text='כמה שנים חי חתול בממוצע?',explanation='',interesting_fact='חתולים מחיים בממוצע 12-15 שנים, תלוי בגזע ובתנאי הגידול.';


INSERT INTO answer_options (question_id, correct_answer, answer_text)
VALUES ('304026105', TRUE, '12-15 שנים') ;

INSERT INTO answer_options (question_id, correct_answer, answer_text)
VALUES ('304026105', FALSE, '5-7 שנים');

INSERT INTO answer_options (question_id, correct_answer, answer_text)
VALUES ('304026105', FALSE, '20-25 שנים');

INSERT INTO answer_options (question_id, correct_answer, answer_text)
VALUES ('304026105', FALSE, '30-35 שנים');

INSERT INTO questions (question_id, language_id, topic_id, c_grade_id, level, question_text, explanation, interesting_fact)
VALUES ('304027101', 1, 4027, 1, 1, 'למה קיימים חוקים לשמירה על סביבה?', '', 'חוקים אלו משמרים את הסביבה לדורות הבאים ומבטיחים חיים בריאים יותר.') ON CONFLICT (question_id) DO UPDATE SET language_id = 1 ,topic_id= 4027,c_grade_id =1,level=1,question_text='למה קיימים חוקים לשמירה על סביבה?',explanation='',interesting_fact='חוקים אלו משמרים את הסביבה לדורות הבאים ומבטיחים חיים בריאים יותר.';


INSERT INTO answer_options (question_id, correct_answer, answer_text)
VALUES ('304027101', TRUE, 'למנוע זיהום ולשמור על בריאות הפלנטה') ;

INSERT INTO answer_options (question_id, correct_answer, answer_text)
VALUES ('304027101', FALSE, 'כדי להגדיל את הפרסום');

INSERT INTO answer_options (question_id, correct_answer, answer_text)
VALUES ('304027101', FALSE, 'לשלוט בשוק המניות');

INSERT INTO answer_options (question_id, correct_answer, answer_text)
VALUES ('304027101', FALSE, 'לעודד תיירות');

INSERT INTO questions (question_id, language_id, topic_id, c_grade_id, level, question_text, explanation, interesting_fact)
VALUES ('304027102', 1, 4027, 2, 2, 'למה נועד חוק העבודה?', '', 'חוק העבודה מגן על העובדים מניצול ומאפשר תנאי עבודה הוגנים ובטוחים.') ON CONFLICT (question_id) DO UPDATE SET language_id = 1 ,topic_id= 4027,c_grade_id =2,level=2,question_text='למה נועד חוק העבודה?',explanation='',interesting_fact='חוק העבודה מגן על העובדים מניצול ומאפשר תנאי עבודה הוגנים ובטוחים.';


INSERT INTO answer_options (question_id, correct_answer, answer_text)
VALUES ('304027102', TRUE, 'להגן על זכויות העובדים') ;

INSERT INTO answer_options (question_id, correct_answer, answer_text)
VALUES ('304027102', FALSE, 'לקבוע שעות עבודה ארוכות');

INSERT INTO answer_options (question_id, correct_answer, answer_text)
VALUES ('304027102', FALSE, 'להגביל את היצוא');

INSERT INTO answer_options (question_id, correct_answer, answer_text)
VALUES ('304027102', FALSE, 'לקדם את התעשייה הטכנולוגית');

INSERT INTO questions (question_id, language_id, topic_id, c_grade_id, level, question_text, explanation, interesting_fact)
VALUES ('304027103', 1, 4027, 3, 3, 'מדוע קיימים חוקים נגד עישון במקומות ציבוריים?', '', 'חוקים אלה נועדו למנוע נזק בריאותי לאנשים שאינם מעשנים.') ON CONFLICT (question_id) DO UPDATE SET language_id = 1 ,topic_id= 4027,c_grade_id =3,level=3,question_text='מדוע קיימים חוקים נגד עישון במקומות ציבוריים?',explanation='',interesting_fact='חוקים אלה נועדו למנוע נזק בריאותי לאנשים שאינם מעשנים.';


INSERT INTO answer_options (question_id, correct_answer, answer_text)
VALUES ('304027103', TRUE, 'להגן על בריאות הציבור') ;

INSERT INTO answer_options (question_id, correct_answer, answer_text)
VALUES ('304027103', FALSE, 'לעודד מכירת סיגריות');

INSERT INTO answer_options (question_id, correct_answer, answer_text)
VALUES ('304027103', FALSE, 'להגביל את התיירות');

INSERT INTO answer_options (question_id, correct_answer, answer_text)
VALUES ('304027103', FALSE, 'להגדיל הכנסות ממסים');

INSERT INTO questions (question_id, language_id, topic_id, c_grade_id, level, question_text, explanation, interesting_fact)
VALUES ('304027104', 1, 4027, 4, 4, 'מהי תכלית חוקי האינטרנט?', '', 'חוקים אלו מגנים על פרטיות ובטיחות המשתמשים ברשת האינטרנט.') ON CONFLICT (question_id) DO UPDATE SET language_id = 1 ,topic_id= 4027,c_grade_id =4,level=4,question_text='מהי תכלית חוקי האינטרנט?',explanation='',interesting_fact='חוקים אלו מגנים על פרטיות ובטיחות המשתמשים ברשת האינטרנט.';


INSERT INTO answer_options (question_id, correct_answer, answer_text)
VALUES ('304027104', TRUE, 'להגן על משתמשים מפני הטרדה ופרטיות') ;

INSERT INTO answer_options (question_id, correct_answer, answer_text)
VALUES ('304027104', FALSE, 'לקדם מכירות מקוונות');

INSERT INTO answer_options (question_id, correct_answer, answer_text)
VALUES ('304027104', FALSE, 'לאסור שימוש ברשתות חברתיות');

INSERT INTO answer_options (question_id, correct_answer, answer_text)
VALUES ('304027104', FALSE, 'להגביל את הגישה למידע');

INSERT INTO questions (question_id, language_id, topic_id, c_grade_id, level, question_text, explanation, interesting_fact)
VALUES ('304027105', 1, 4027, 5, 5, 'מדוע קיימים חוקים נגד רמיסת אור אדום?', '', 'חוקים אלו מגנים על חיי אדם ומבטיחים שזרימת התנועה תתבצע בצורה בטוחה ויעילה.') ON CONFLICT (question_id) DO UPDATE SET language_id = 1 ,topic_id= 4027,c_grade_id =5,level=5,question_text='מדוע קיימים חוקים נגד רמיסת אור אדום?',explanation='',interesting_fact='חוקים אלו מגנים על חיי אדם ומבטיחים שזרימת התנועה תתבצע בצורה בטוחה ויעילה.';


INSERT INTO answer_options (question_id, correct_answer, answer_text)
VALUES ('304027105', TRUE, 'למנוע תאונות דרכים') ;

INSERT INTO answer_options (question_id, correct_answer, answer_text)
VALUES ('304027105', FALSE, 'להאיץ את זרימת התנועה');

INSERT INTO answer_options (question_id, correct_answer, answer_text)
VALUES ('304027105', FALSE, 'להגדיל את הכנסות העירייה');

INSERT INTO answer_options (question_id, correct_answer, answer_text)
VALUES ('304027105', FALSE, 'לשפר את התאורה ברחובות');

INSERT INTO questions (question_id, language_id, topic_id, c_grade_id, level, question_text, explanation, interesting_fact)
VALUES ('304028101', 1, 4028, 1, 1, 'מהו המבנה הגבוה ביותר בעולם?', '', 'בורג` ח`ליפה מגיע לגובה של כ-828 מטרים.') ON CONFLICT (question_id) DO UPDATE SET language_id = 1 ,topic_id= 4028,c_grade_id =1,level=1,question_text='מהו המבנה הגבוה ביותר בעולם?',explanation='',interesting_fact='בורג` ח`ליפה מגיע לגובה של כ-828 מטרים.';


INSERT INTO answer_options (question_id, correct_answer, answer_text)
VALUES ('304028101', TRUE, 'בורג` ח`ליפה בדובאי') ;

INSERT INTO answer_options (question_id, correct_answer, answer_text)
VALUES ('304028101', FALSE, 'אמפייר סטייט בניו יורק');

INSERT INTO answer_options (question_id, correct_answer, answer_text)
VALUES ('304028101', FALSE, 'ביג בן בלונדון');

INSERT INTO answer_options (question_id, correct_answer, answer_text)
VALUES ('304028101', FALSE, 'מגדל אייפל בפריז');

INSERT INTO questions (question_id, language_id, topic_id, c_grade_id, level, question_text, explanation, interesting_fact)
VALUES ('304028102', 1, 4028, 2, 2, 'למה משמשת מודל אדריכלי?', '', 'מודלים אדריכליים עוזרים לראות איך יראה המבנה לפני שהוא נבנה בפועל.') ON CONFLICT (question_id) DO UPDATE SET language_id = 1 ,topic_id= 4028,c_grade_id =2,level=2,question_text='למה משמשת מודל אדריכלי?',explanation='',interesting_fact='מודלים אדריכליים עוזרים לראות איך יראה המבנה לפני שהוא נבנה בפועל.';


INSERT INTO answer_options (question_id, correct_answer, answer_text)
VALUES ('304028102', TRUE, 'להדמיה של מבנה לפני הבנייה') ;

INSERT INTO answer_options (question_id, correct_answer, answer_text)
VALUES ('304028102', FALSE, 'לקישוט');

INSERT INTO answer_options (question_id, correct_answer, answer_text)
VALUES ('304028102', FALSE, 'למשחקי ילדים');

INSERT INTO answer_options (question_id, correct_answer, answer_text)
VALUES ('304028102', FALSE, 'להצגת אופנה');

INSERT INTO questions (question_id, language_id, topic_id, c_grade_id, level, question_text, explanation, interesting_fact)
VALUES ('304028103', 1, 4028, 3, 3, 'מהי המטרה של פארק עירוני?', '', 'פארקים עירוניים מעניקים מרחב ירוק ומקום לנוח ולשחק בתוך העיר.') ON CONFLICT (question_id) DO UPDATE SET language_id = 1 ,topic_id= 4028,c_grade_id =3,level=3,question_text='מהי המטרה של פארק עירוני?',explanation='',interesting_fact='פארקים עירוניים מעניקים מרחב ירוק ומקום לנוח ולשחק בתוך העיר.';


INSERT INTO answer_options (question_id, correct_answer, answer_text)
VALUES ('304028103', TRUE, 'לספק מקום נעים וירוק בעיר') ;

INSERT INTO answer_options (question_id, correct_answer, answer_text)
VALUES ('304028103', FALSE, 'להציג פסלים');

INSERT INTO answer_options (question_id, correct_answer, answer_text)
VALUES ('304028103', FALSE, 'לבניית בתים נוספים');

INSERT INTO answer_options (question_id, correct_answer, answer_text)
VALUES ('304028103', FALSE, 'לכבישים חדשים');

INSERT INTO questions (question_id, language_id, topic_id, c_grade_id, level, question_text, explanation, interesting_fact)
VALUES ('304028104', 1, 4028, 4, 4, 'מהו עיצוב פנימי?', '', 'עיצוב פנימי עוסק במראה והתחושה של פנים הבית או המשרד.') ON CONFLICT (question_id) DO UPDATE SET language_id = 1 ,topic_id= 4028,c_grade_id =4,level=4,question_text='מהו עיצוב פנימי?',explanation='',interesting_fact='עיצוב פנימי עוסק במראה והתחושה של פנים הבית או המשרד.';


INSERT INTO answer_options (question_id, correct_answer, answer_text)
VALUES ('304028104', TRUE, 'עיצוב החלל הפנימי של בניין') ;

INSERT INTO answer_options (question_id, correct_answer, answer_text)
VALUES ('304028104', FALSE, 'ציורי קיר');

INSERT INTO answer_options (question_id, correct_answer, answer_text)
VALUES ('304028104', FALSE, 'עיצוב גנים');

INSERT INTO answer_options (question_id, correct_answer, answer_text)
VALUES ('304028104', FALSE, 'יצירת פסלים');

INSERT INTO questions (question_id, language_id, topic_id, c_grade_id, level, question_text, explanation, interesting_fact)
VALUES ('304028105', 1, 4028, 5, 5, 'מהי תכלית גג ירוק?', '', 'גגות ירוקים משפרים את איכות האוויר ומספקים מרחב ירוק בעיר.') ON CONFLICT (question_id) DO UPDATE SET language_id = 1 ,topic_id= 4028,c_grade_id =5,level=5,question_text='מהי תכלית גג ירוק?',explanation='',interesting_fact='גגות ירוקים משפרים את איכות האוויר ומספקים מרחב ירוק בעיר.';


INSERT INTO answer_options (question_id, correct_answer, answer_text)
VALUES ('304028105', TRUE, 'לספק חלל ירוק ולעזור בבקרת האקלים') ;

INSERT INTO answer_options (question_id, correct_answer, answer_text)
VALUES ('304028105', FALSE, 'לאחסון מים');

INSERT INTO answer_options (question_id, correct_answer, answer_text)
VALUES ('304028105', FALSE, 'לפרסומות');

INSERT INTO answer_options (question_id, correct_answer, answer_text)
VALUES ('304028105', FALSE, 'לתקשורת');

INSERT INTO questions (question_id, language_id, topic_id, c_grade_id, level, question_text, explanation, interesting_fact)
VALUES ('304029101', 1, 4029, 1, 1, 'מהו המקור העיקרי לאנרגיה בכדור הארץ?', '', 'השמש היא מקור אנרגיה חשוב המאפשר חיים על פני כדור הארץ.') ON CONFLICT (question_id) DO UPDATE SET language_id = 1 ,topic_id= 4029,c_grade_id =1,level=1,question_text='מהו המקור העיקרי לאנרגיה בכדור הארץ?',explanation='',interesting_fact='השמש היא מקור אנרגיה חשוב המאפשר חיים על פני כדור הארץ.';


INSERT INTO answer_options (question_id, correct_answer, answer_text)
VALUES ('304029101', TRUE, 'השמש') ;

INSERT INTO answer_options (question_id, correct_answer, answer_text)
VALUES ('304029101', FALSE, 'רוחות');

INSERT INTO answer_options (question_id, correct_answer, answer_text)
VALUES ('304029101', FALSE, 'מים');

INSERT INTO answer_options (question_id, correct_answer, answer_text)
VALUES ('304029101', FALSE, 'גזים');

INSERT INTO questions (question_id, language_id, topic_id, c_grade_id, level, question_text, explanation, interesting_fact)
VALUES ('304029102', 1, 4029, 2, 2, 'מהי התכונה העיקרית של חשמל?', '', 'החשמל מועבר באמצעות זרם של אלקטרונים בחומר מוליך.') ON CONFLICT (question_id) DO UPDATE SET language_id = 1 ,topic_id= 4029,c_grade_id =2,level=2,question_text='מהי התכונה העיקרית של חשמל?',explanation='',interesting_fact='החשמל מועבר באמצעות זרם של אלקטרונים בחומר מוליך.';


INSERT INTO answer_options (question_id, correct_answer, answer_text)
VALUES ('304029102', TRUE, 'זרם של אלקטרונים') ;

INSERT INTO answer_options (question_id, correct_answer, answer_text)
VALUES ('304029102', FALSE, 'תנועת חום');

INSERT INTO answer_options (question_id, correct_answer, answer_text)
VALUES ('304029102', FALSE, 'זרימת מים');

INSERT INTO answer_options (question_id, correct_answer, answer_text)
VALUES ('304029102', FALSE, 'התפשטות אוויר');

INSERT INTO questions (question_id, language_id, topic_id, c_grade_id, level, question_text, explanation, interesting_fact)
VALUES ('304029103', 1, 4029, 3, 3, 'איך טורבינת רוח מייצרת אנרגיה?', '', 'טורבינות רוח הן אמצעי יעיל לייצור חשמל ממקור אנרגיה נקי.') ON CONFLICT (question_id) DO UPDATE SET language_id = 1 ,topic_id= 4029,c_grade_id =3,level=3,question_text='איך טורבינת רוח מייצרת אנרגיה?',explanation='',interesting_fact='טורבינות רוח הן אמצעי יעיל לייצור חשמל ממקור אנרגיה נקי.';


INSERT INTO answer_options (question_id, correct_answer, answer_text)
VALUES ('304029103', TRUE, 'המרת רוח לחשמל') ;

INSERT INTO answer_options (question_id, correct_answer, answer_text)
VALUES ('304029103', FALSE, 'שבירת אטומים');

INSERT INTO answer_options (question_id, correct_answer, answer_text)
VALUES ('304029103', FALSE, 'חימום מים');

INSERT INTO answer_options (question_id, correct_answer, answer_text)
VALUES ('304029103', FALSE, 'סינתזה של אור');

INSERT INTO questions (question_id, language_id, topic_id, c_grade_id, level, question_text, explanation, interesting_fact)
VALUES ('304029104', 1, 4029, 4, 4, 'מה ייחודה של תחנת כוח גרעינית?', '', 'תחנות כוח גרעיניות יוצרות אנרגיה גדולה בכמויות קטנות של חומר.') ON CONFLICT (question_id) DO UPDATE SET language_id = 1 ,topic_id= 4029,c_grade_id =4,level=4,question_text='מה ייחודה של תחנת כוח גרעינית?',explanation='',interesting_fact='תחנות כוח גרעיניות יוצרות אנרגיה גדולה בכמויות קטנות של חומר.';


INSERT INTO answer_options (question_id, correct_answer, answer_text)
VALUES ('304029104', TRUE, 'מייצרת חשמל מאנרגיה גרעינית') ;

INSERT INTO answer_options (question_id, correct_answer, answer_text)
VALUES ('304029104', FALSE, 'משתמשת בשמש');

INSERT INTO answer_options (question_id, correct_answer, answer_text)
VALUES ('304029104', FALSE, 'מנצלת את כוח המים');

INSERT INTO answer_options (question_id, correct_answer, answer_text)
VALUES ('304029104', FALSE, 'מייצרת רוח');

INSERT INTO questions (question_id, language_id, topic_id, c_grade_id, level, question_text, explanation, interesting_fact)
VALUES ('304029105', 1, 4029, 5, 5, 'למה חשוב לחסוך באנרגיה?', '', 'חיסכון באנרגיה מסייע להפחתת זיהום ושימור משאבי טבע.') ON CONFLICT (question_id) DO UPDATE SET language_id = 1 ,topic_id= 4029,c_grade_id =5,level=5,question_text='למה חשוב לחסוך באנרגיה?',explanation='',interesting_fact='חיסכון באנרגיה מסייע להפחתת זיהום ושימור משאבי טבע.';


INSERT INTO answer_options (question_id, correct_answer, answer_text)
VALUES ('304029105', TRUE, 'לשמירה על הסביבה ומשאבים') ;

INSERT INTO answer_options (question_id, correct_answer, answer_text)
VALUES ('304029105', FALSE, 'להגדלת ייצור חשמל');

INSERT INTO answer_options (question_id, correct_answer, answer_text)
VALUES ('304029105', FALSE, 'להפעלת יותר מכשירים');

INSERT INTO answer_options (question_id, correct_answer, answer_text)
VALUES ('304029105', FALSE, 'ליצירת רעש פחות');

INSERT INTO questions (question_id, language_id, topic_id, c_grade_id, level, question_text, explanation, interesting_fact)
VALUES ('304030101', 1, 4030, 1, 1, 'מהו התפקיד של עיתונאי?', '', 'עיתונאים רבים משתמשים במחשב נייד כדי לכתוב מאמרים ולדווח מהשטח.') ON CONFLICT (question_id) DO UPDATE SET language_id = 1 ,topic_id= 4030,c_grade_id =1,level=1,question_text='מהו התפקיד של עיתונאי?',explanation='',interesting_fact='עיתונאים רבים משתמשים במחשב נייד כדי לכתוב מאמרים ולדווח מהשטח.';


INSERT INTO answer_options (question_id, correct_answer, answer_text)
VALUES ('304030101', TRUE, 'לכתוב ולדווח על חדשות') ;

INSERT INTO answer_options (question_id, correct_answer, answer_text)
VALUES ('304030101', FALSE, 'לבשל אוכל');

INSERT INTO answer_options (question_id, correct_answer, answer_text)
VALUES ('304030101', FALSE, 'לנהל בנק');

INSERT INTO answer_options (question_id, correct_answer, answer_text)
VALUES ('304030101', FALSE, 'לצייר תמונות');

INSERT INTO questions (question_id, language_id, topic_id, c_grade_id, level, question_text, explanation, interesting_fact)
VALUES ('304030102', 1, 4030, 2, 2, 'איזו טכנולוגיה משמשת לשידור תכנים בזמן אמת?', '', 'השידור הרדיופוני הראשון בעולם התבצע בשנת 1920.') ON CONFLICT (question_id) DO UPDATE SET language_id = 1 ,topic_id= 4030,c_grade_id =2,level=2,question_text='איזו טכנולוגיה משמשת לשידור תכנים בזמן אמת?',explanation='',interesting_fact='השידור הרדיופוני הראשון בעולם התבצע בשנת 1920.';


INSERT INTO answer_options (question_id, correct_answer, answer_text)
VALUES ('304030102', TRUE, 'רדיו וטלוויזיה') ;

INSERT INTO answer_options (question_id, correct_answer, answer_text)
VALUES ('304030102', FALSE, 'פקס');

INSERT INTO answer_options (question_id, correct_answer, answer_text)
VALUES ('304030102', FALSE, 'מכונת כתיבה');

INSERT INTO answer_options (question_id, correct_answer, answer_text)
VALUES ('304030102', FALSE, 'טלסקופ');

INSERT INTO questions (question_id, language_id, topic_id, c_grade_id, level, question_text, explanation, interesting_fact)
VALUES ('304030103', 1, 4030, 3, 3, 'מהו הקשר בין תקשורת למדיה חברתית?', '', 'פייסבוק, נוסדה בשנת 2004, היא אחת הרשתות החברתיות הגדולות בעולם.') ON CONFLICT (question_id) DO UPDATE SET language_id = 1 ,topic_id= 4030,c_grade_id =3,level=3,question_text='מהו הקשר בין תקשורת למדיה חברתית?',explanation='',interesting_fact='פייסבוק, נוסדה בשנת 2004, היא אחת הרשתות החברתיות הגדולות בעולם.';


INSERT INTO answer_options (question_id, correct_answer, answer_text)
VALUES ('304030103', TRUE, 'מדיה חברתית היא כלי תקשורת') ;

INSERT INTO answer_options (question_id, correct_answer, answer_text)
VALUES ('304030103', FALSE, 'מדיה חברתית היא כלי לבישול');

INSERT INTO answer_options (question_id, correct_answer, answer_text)
VALUES ('304030103', FALSE, 'מדיה חברתית משמשת למשחקים בלבד');

INSERT INTO answer_options (question_id, correct_answer, answer_text)
VALUES ('304030103', FALSE, 'מדיה חברתית היא כלי רפואי');

INSERT INTO questions (question_id, language_id, topic_id, c_grade_id, level, question_text, explanation, interesting_fact)
VALUES ('304030104', 1, 4030, 4, 4, 'מהי המטרה של פרסום?', '', 'פרסומות נפוצות מאוד בטלוויזיה, רדיו, עיתונים ובאינטרנט.') ON CONFLICT (question_id) DO UPDATE SET language_id = 1 ,topic_id= 4030,c_grade_id =4,level=4,question_text='מהי המטרה של פרסום?',explanation='',interesting_fact='פרסומות נפוצות מאוד בטלוויזיה, רדיו, עיתונים ובאינטרנט.';


INSERT INTO answer_options (question_id, correct_answer, answer_text)
VALUES ('304030104', TRUE, 'לשווק ולמכור מוצרים או שירותים') ;

INSERT INTO answer_options (question_id, correct_answer, answer_text)
VALUES ('304030104', FALSE, 'להדריך אנשים בבישול');

INSERT INTO answer_options (question_id, correct_answer, answer_text)
VALUES ('304030104', FALSE, 'ללמד מתמטיקה');

INSERT INTO answer_options (question_id, correct_answer, answer_text)
VALUES ('304030104', FALSE, 'לכתוב שירים');

INSERT INTO questions (question_id, language_id, topic_id, c_grade_id, level, question_text, explanation, interesting_fact)
VALUES ('304030105', 1, 4030, 5, 5, 'מהו אתר אינטרנט?', '', 'האינטרנט החל להיות פופולרי בקרב הציבור הרחב בשנות ה-90 של המאה ה-20.') ON CONFLICT (question_id) DO UPDATE SET language_id = 1 ,topic_id= 4030,c_grade_id =5,level=5,question_text='מהו אתר אינטרנט?',explanation='',interesting_fact='האינטרנט החל להיות פופולרי בקרב הציבור הרחב בשנות ה-90 של המאה ה-20.';


INSERT INTO answer_options (question_id, correct_answer, answer_text)
VALUES ('304030105', TRUE, 'דף או קבוצת דפים ברשת המכילים מידע') ;

INSERT INTO answer_options (question_id, correct_answer, answer_text)
VALUES ('304030105', FALSE, 'ספר');

INSERT INTO answer_options (question_id, correct_answer, answer_text)
VALUES ('304030105', FALSE, 'עיתון מודפס');

INSERT INTO answer_options (question_id, correct_answer, answer_text)
VALUES ('304030105', FALSE, 'פסל');

INSERT INTO questions (question_id, language_id, topic_id, c_grade_id, level, question_text, explanation, interesting_fact)
VALUES ('304031101', 1, 4031, 1, 1, 'איזה כלי משתמשים בו בג`ודו?', '', 'הג`ודו הוא ספורט לחימה שנוצר ביפן בסוף המאה ה-19.') ON CONFLICT (question_id) DO UPDATE SET language_id = 1 ,topic_id= 4031,c_grade_id =1,level=1,question_text='איזה כלי משתמשים בו בג`ודו?',explanation='',interesting_fact='הג`ודו הוא ספורט לחימה שנוצר ביפן בסוף המאה ה-19.';


INSERT INTO answer_options (question_id, correct_answer, answer_text)
VALUES ('304031101', TRUE, 'מד ג`ודו (ג`ודוגי)') ;

INSERT INTO answer_options (question_id, correct_answer, answer_text)
VALUES ('304031101', FALSE, 'כדור טניס');

INSERT INTO answer_options (question_id, correct_answer, answer_text)
VALUES ('304031101', FALSE, 'מחבט טניס');

INSERT INTO answer_options (question_id, correct_answer, answer_text)
VALUES ('304031101', FALSE, 'כפפות אגרוף');

INSERT INTO questions (question_id, language_id, topic_id, c_grade_id, level, question_text, explanation, interesting_fact)
VALUES ('304031102', 1, 4031, 2, 2, 'באיזה ספורט משתמשים באופניים?', '', 'רכיבה על אופניים היא פעילות גופנית פופולרית לשמירה על כושר.') ON CONFLICT (question_id) DO UPDATE SET language_id = 1 ,topic_id= 4031,c_grade_id =2,level=2,question_text='באיזה ספורט משתמשים באופניים?',explanation='',interesting_fact='רכיבה על אופניים היא פעילות גופנית פופולרית לשמירה על כושר.';


INSERT INTO answer_options (question_id, correct_answer, answer_text)
VALUES ('304031102', TRUE, 'רכיבה על אופניים') ;

INSERT INTO answer_options (question_id, correct_answer, answer_text)
VALUES ('304031102', FALSE, 'כדורסל');

INSERT INTO answer_options (question_id, correct_answer, answer_text)
VALUES ('304031102', FALSE, 'התעמלות אומנותית');

INSERT INTO answer_options (question_id, correct_answer, answer_text)
VALUES ('304031102', FALSE, 'כדורגל');

INSERT INTO questions (question_id, language_id, topic_id, c_grade_id, level, question_text, explanation, interesting_fact)
VALUES ('304031103', 1, 4031, 3, 3, 'מהו תפקידו של שוער בכדורגל?', '', 'שוער הוא השחקן היחיד בכדורגל שיכול לגעת בכדור בידיו.') ON CONFLICT (question_id) DO UPDATE SET language_id = 1 ,topic_id= 4031,c_grade_id =3,level=3,question_text='מהו תפקידו של שוער בכדורגל?',explanation='',interesting_fact='שוער הוא השחקן היחיד בכדורגל שיכול לגעת בכדור בידיו.';


INSERT INTO answer_options (question_id, correct_answer, answer_text)
VALUES ('304031103', TRUE, 'למנוע מהכדור להיכנס לשער') ;

INSERT INTO answer_options (question_id, correct_answer, answer_text)
VALUES ('304031103', FALSE, 'לכבוש שערים');

INSERT INTO answer_options (question_id, correct_answer, answer_text)
VALUES ('304031103', FALSE, 'לנהל את המשחק');

INSERT INTO answer_options (question_id, correct_answer, answer_text)
VALUES ('304031103', FALSE, 'להחליף שחקנים');

INSERT INTO questions (question_id, language_id, topic_id, c_grade_id, level, question_text, explanation, interesting_fact)
VALUES ('304031104', 1, 4031, 4, 4, 'למה חשוב לשתות מים במהלך פעילות גופנית?', '', 'שתיית מים מסייעת לשמור על טמפרטורת הגוף במהלך פעילות גופנית.') ON CONFLICT (question_id) DO UPDATE SET language_id = 1 ,topic_id= 4031,c_grade_id =4,level=4,question_text='למה חשוב לשתות מים במהלך פעילות גופנית?',explanation='',interesting_fact='שתיית מים מסייעת לשמור על טמפרטורת הגוף במהלך פעילות גופנית.';


INSERT INTO answer_options (question_id, correct_answer, answer_text)
VALUES ('304031104', TRUE, 'למנוע דהידרציה') ;

INSERT INTO answer_options (question_id, correct_answer, answer_text)
VALUES ('304031104', FALSE, 'להגביר את המהירות');

INSERT INTO answer_options (question_id, correct_answer, answer_text)
VALUES ('304031104', FALSE, 'לשפר את הזיכרון');

INSERT INTO answer_options (question_id, correct_answer, answer_text)
VALUES ('304031104', FALSE, 'ללמוד טוב יותר');

INSERT INTO questions (question_id, language_id, topic_id, c_grade_id, level, question_text, explanation, interesting_fact)
VALUES ('304031105', 1, 4031, 5, 5, 'איזה סוג ספורט הוא יוגה?', '', 'יוגה התפתחה בהודו לפני אלפי שנים וכוללת תרגול גופני ונפשי.') ON CONFLICT (question_id) DO UPDATE SET language_id = 1 ,topic_id= 4031,c_grade_id =5,level=5,question_text='איזה סוג ספורט הוא יוגה?',explanation='',interesting_fact='יוגה התפתחה בהודו לפני אלפי שנים וכוללת תרגול גופני ונפשי.';


INSERT INTO answer_options (question_id, correct_answer, answer_text)
VALUES ('304031105', TRUE, 'ספורט רוחני ופיזי') ;

INSERT INTO answer_options (question_id, correct_answer, answer_text)
VALUES ('304031105', FALSE, 'ספורט קבוצתי');

INSERT INTO answer_options (question_id, correct_answer, answer_text)
VALUES ('304031105', FALSE, 'ספורט מהירות');

INSERT INTO answer_options (question_id, correct_answer, answer_text)
VALUES ('304031105', FALSE, 'ספורט כוח');

INSERT INTO questions (question_id, language_id, topic_id, c_grade_id, level, question_text, explanation, interesting_fact)
VALUES ('304032101', 1, 4032, 1, 1, 'איך אפשר לפתח חשיבה יצירתית?', '', 'חשיבה יצירתית נעוצה ביכולת לראות דברים מנקודת מבט שונה.') ON CONFLICT (question_id) DO UPDATE SET language_id = 1 ,topic_id= 4032,c_grade_id =1,level=1,question_text='איך אפשר לפתח חשיבה יצירתית?',explanation='',interesting_fact='חשיבה יצירתית נעוצה ביכולת לראות דברים מנקודת מבט שונה.';


INSERT INTO answer_options (question_id, correct_answer, answer_text)
VALUES ('304032101', TRUE, 'דרך ציור, כתיבה ומשחק') ;

INSERT INTO answer_options (question_id, correct_answer, answer_text)
VALUES ('304032101', FALSE, 'על ידי שינה רבה');

INSERT INTO answer_options (question_id, correct_answer, answer_text)
VALUES ('304032101', FALSE, 'רק בקריאת ספרים');

INSERT INTO answer_options (question_id, correct_answer, answer_text)
VALUES ('304032101', FALSE, 'על ידי למידת מתמטיקה');

INSERT INTO questions (question_id, language_id, topic_id, c_grade_id, level, question_text, explanation, interesting_fact)
VALUES ('304032102', 1, 4032, 2, 2, 'מה מאפיין משחק שמפתח חשיבה יצירתית?', '', 'משחקים יצירתיים מעודדים חשיבה חופשית וביטוי עצמי.') ON CONFLICT (question_id) DO UPDATE SET language_id = 1 ,topic_id= 4032,c_grade_id =2,level=2,question_text='מה מאפיין משחק שמפתח חשיבה יצירתית?',explanation='',interesting_fact='משחקים יצירתיים מעודדים חשיבה חופשית וביטוי עצמי.';


INSERT INTO answer_options (question_id, correct_answer, answer_text)
VALUES ('304032102', TRUE, 'פתרון בעיות בדרכים חדשות') ;

INSERT INTO answer_options (question_id, correct_answer, answer_text)
VALUES ('304032102', FALSE, 'כללים קבועים ומדויקים');

INSERT INTO answer_options (question_id, correct_answer, answer_text)
VALUES ('304032102', FALSE, 'פעולות חוזרות ונשנות');

INSERT INTO answer_options (question_id, correct_answer, answer_text)
VALUES ('304032102', FALSE, 'שחקן אחד שמנצח תמיד');

INSERT INTO questions (question_id, language_id, topic_id, c_grade_id, level, question_text, explanation, interesting_fact)
VALUES ('304032103', 1, 4032, 3, 3, 'מהו דוגמא לפעילות יצירתית?', '', 'כתיבה יצירתית עוזרת לפתח מיומנויות ביטוי ומחשבה מקורית.') ON CONFLICT (question_id) DO UPDATE SET language_id = 1 ,topic_id= 4032,c_grade_id =3,level=3,question_text='מהו דוגמא לפעילות יצירתית?',explanation='',interesting_fact='כתיבה יצירתית עוזרת לפתח מיומנויות ביטוי ומחשבה מקורית.';


INSERT INTO answer_options (question_id, correct_answer, answer_text)
VALUES ('304032103', TRUE, 'כתיבת סיפור') ;

INSERT INTO answer_options (question_id, correct_answer, answer_text)
VALUES ('304032103', FALSE, 'חזרה על פעולה מדויקת');

INSERT INTO answer_options (question_id, correct_answer, answer_text)
VALUES ('304032103', FALSE, 'עקיבה אחר הוראות');

INSERT INTO answer_options (question_id, correct_answer, answer_text)
VALUES ('304032103', FALSE, 'למידת עובדות');

INSERT INTO questions (question_id, language_id, topic_id, c_grade_id, level, question_text, explanation, interesting_fact)
VALUES ('304032104', 1, 4032, 4, 4, 'איך חשיבה יצירתית עוזרת לנו ביום יום?', '', 'חשיבה יצירתית משפרת את היכולת להתמודד עם מצבים חדשים.') ON CONFLICT (question_id) DO UPDATE SET language_id = 1 ,topic_id= 4032,c_grade_id =4,level=4,question_text='איך חשיבה יצירתית עוזרת לנו ביום יום?',explanation='',interesting_fact='חשיבה יצירתית משפרת את היכולת להתמודד עם מצבים חדשים.';


INSERT INTO answer_options (question_id, correct_answer, answer_text)
VALUES ('304032104', TRUE, 'מציאת פתרונות לבעיות שונות') ;

INSERT INTO answer_options (question_id, correct_answer, answer_text)
VALUES ('304032104', FALSE, 'זיכרון טוב יותר');

INSERT INTO answer_options (question_id, correct_answer, answer_text)
VALUES ('304032104', FALSE, 'כושר ריצה מהיר יותר');

INSERT INTO answer_options (question_id, correct_answer, answer_text)
VALUES ('304032104', FALSE, 'יכולת חשבון מהירה');

INSERT INTO questions (question_id, language_id, topic_id, c_grade_id, level, question_text, explanation, interesting_fact)
VALUES ('304032105', 1, 4032, 5, 5, 'מדוע ילדים נהנים ממשחקי דמיון?', '', 'משחקי דמיון מפתחים יצירתיות ומיומנויות חברתיות.') ON CONFLICT (question_id) DO UPDATE SET language_id = 1 ,topic_id= 4032,c_grade_id =5,level=5,question_text='מדוע ילדים נהנים ממשחקי דמיון?',explanation='',interesting_fact='משחקי דמיון מפתחים יצירתיות ומיומנויות חברתיות.';


INSERT INTO answer_options (question_id, correct_answer, answer_text)
VALUES ('304032105', TRUE, 'מאפשרים להם לבטא את עצמם') ;

INSERT INTO answer_options (question_id, correct_answer, answer_text)
VALUES ('304032105', FALSE, 'משחקי דמיון קלים יותר');

INSERT INTO answer_options (question_id, correct_answer, answer_text)
VALUES ('304032105', FALSE, 'יש רק מנצח אחד');

INSERT INTO answer_options (question_id, correct_answer, answer_text)
VALUES ('304032105', FALSE, 'כללים קבועים וקשים');

INSERT INTO questions (question_id, language_id, topic_id, c_grade_id, level, question_text, explanation, interesting_fact)
VALUES ('304033101', 1, 4033, 1, 1, 'מהי אוכלוסייה?', '', 'במדינות גדולות כמו סין והודו, יש אוכלוסיות של מעל למיליארד איש.') ON CONFLICT (question_id) DO UPDATE SET language_id = 1 ,topic_id= 4033,c_grade_id =1,level=1,question_text='מהי אוכלוסייה?',explanation='',interesting_fact='במדינות גדולות כמו סין והודו, יש אוכלוסיות של מעל למיליארד איש.';


INSERT INTO answer_options (question_id, correct_answer, answer_text)
VALUES ('304033101', TRUE, 'קבוצת אנשים החיים באותו מקום') ;

INSERT INTO answer_options (question_id, correct_answer, answer_text)
VALUES ('304033101', FALSE, 'קבוצת בעלי חיים');

INSERT INTO answer_options (question_id, correct_answer, answer_text)
VALUES ('304033101', FALSE, 'סוג של צמח');

INSERT INTO answer_options (question_id, correct_answer, answer_text)
VALUES ('304033101', FALSE, 'סוג של כלי רכב');

INSERT INTO questions (question_id, language_id, topic_id, c_grade_id, level, question_text, explanation, interesting_fact)
VALUES ('304033102', 1, 4033, 2, 2, 'מה זה צפיפות אוכלוסייה?', '', 'טוקיו ביפן היא אחת הערים עם הצפיפות הגבוהה ביותר בעולם.') ON CONFLICT (question_id) DO UPDATE SET language_id = 1 ,topic_id= 4033,c_grade_id =2,level=2,question_text='מה זה צפיפות אוכלוסייה?',explanation='',interesting_fact='טוקיו ביפן היא אחת הערים עם הצפיפות הגבוהה ביותר בעולם.';


INSERT INTO answer_options (question_id, correct_answer, answer_text)
VALUES ('304033102', TRUE, 'מספר האנשים ביחידת שטח מסוימת') ;

INSERT INTO answer_options (question_id, correct_answer, answer_text)
VALUES ('304033102', FALSE, 'סוגי האוכל שהם אוכלים');

INSERT INTO answer_options (question_id, correct_answer, answer_text)
VALUES ('304033102', FALSE, 'צבעי הבגדים שהם לובשים');

INSERT INTO answer_options (question_id, correct_answer, answer_text)
VALUES ('304033102', FALSE, 'כמות המכוניות בעיר');

INSERT INTO questions (question_id, language_id, topic_id, c_grade_id, level, question_text, explanation, interesting_fact)
VALUES ('304033103', 1, 4033, 3, 3, 'מהי דמוגרפיה?', '', 'דמוגרפיה עוזרת לממשלות להבין את צרכי האוכלוסייה.') ON CONFLICT (question_id) DO UPDATE SET language_id = 1 ,topic_id= 4033,c_grade_id =3,level=3,question_text='מהי דמוגרפיה?',explanation='',interesting_fact='דמוגרפיה עוזרת לממשלות להבין את צרכי האוכלוסייה.';


INSERT INTO answer_options (question_id, correct_answer, answer_text)
VALUES ('304033103', TRUE, 'מדע העוסק בחקר האוכלוסייה') ;

INSERT INTO answer_options (question_id, correct_answer, answer_text)
VALUES ('304033103', FALSE, 'לימוד הפלנטות');

INSERT INTO answer_options (question_id, correct_answer, answer_text)
VALUES ('304033103', FALSE, 'חקר הבעלי חיים');

INSERT INTO answer_options (question_id, correct_answer, answer_text)
VALUES ('304033103', FALSE, 'חקר הצמחים');

INSERT INTO questions (question_id, language_id, topic_id, c_grade_id, level, question_text, explanation, interesting_fact)
VALUES ('304033104', 1, 4033, 4, 4, 'למה חשוב ללמוד על אוכלוסייה ודמוגרפיה?', '', 'לימוד דמוגרפיה יכול לסייע בתכנון ערים ושכונות.') ON CONFLICT (question_id) DO UPDATE SET language_id = 1 ,topic_id= 4033,c_grade_id =4,level=4,question_text='למה חשוב ללמוד על אוכלוסייה ודמוגרפיה?',explanation='',interesting_fact='לימוד דמוגרפיה יכול לסייע בתכנון ערים ושכונות.';


INSERT INTO answer_options (question_id, correct_answer, answer_text)
VALUES ('304033104', TRUE, 'להבין את הצורך בשירותים ותשתיות') ;

INSERT INTO answer_options (question_id, correct_answer, answer_text)
VALUES ('304033104', FALSE, 'לדעת איך לנהוג ברכב');

INSERT INTO answer_options (question_id, correct_answer, answer_text)
VALUES ('304033104', FALSE, 'ללמוד לבשל');

INSERT INTO answer_options (question_id, correct_answer, answer_text)
VALUES ('304033104', FALSE, 'לדעת איך לטפל בצמחים');

INSERT INTO questions (question_id, language_id, topic_id, c_grade_id, level, question_text, explanation, interesting_fact)
VALUES ('304033105', 1, 4033, 5, 5, 'מהי המדינה עם האוכלוסייה הצעירה ביותר?', '', 'באוגנדה, כ-50% מהאוכלוסייה היא מתחת לגיל 15.') ON CONFLICT (question_id) DO UPDATE SET language_id = 1 ,topic_id= 4033,c_grade_id =5,level=5,question_text='מהי המדינה עם האוכלוסייה הצעירה ביותר?',explanation='',interesting_fact='באוגנדה, כ-50% מהאוכלוסייה היא מתחת לגיל 15.';


INSERT INTO answer_options (question_id, correct_answer, answer_text)
VALUES ('304033105', TRUE, 'אוגנדה') ;

INSERT INTO answer_options (question_id, correct_answer, answer_text)
VALUES ('304033105', FALSE, 'סין');

INSERT INTO answer_options (question_id, correct_answer, answer_text)
VALUES ('304033105', FALSE, 'ארצות הברית');

INSERT INTO answer_options (question_id, correct_answer, answer_text)
VALUES ('304033105', FALSE, 'רוסיה');

INSERT INTO questions (question_id, language_id, topic_id, c_grade_id, level, question_text, explanation, interesting_fact)
VALUES ('304034101', 1, 4034, 1, 1, 'מי היה כריסטופר קולומבוס?', '', 'כריסטופר קולומבוס יצא למסעותיו לחפש דרך ימית להודו והגיע לאמריקה.') ON CONFLICT (question_id) DO UPDATE SET language_id = 1 ,topic_id= 4034,c_grade_id =1,level=1,question_text='מי היה כריסטופר קולומבוס?',explanation='',interesting_fact='כריסטופר קולומבוס יצא למסעותיו לחפש דרך ימית להודו והגיע לאמריקה.';


INSERT INTO answer_options (question_id, correct_answer, answer_text)
VALUES ('304034101', TRUE, 'חוקר ומגלה ימי') ;

INSERT INTO answer_options (question_id, correct_answer, answer_text)
VALUES ('304034101', FALSE, 'רופא');

INSERT INTO answer_options (question_id, correct_answer, answer_text)
VALUES ('304034101', FALSE, 'מלחין');

INSERT INTO answer_options (question_id, correct_answer, answer_text)
VALUES ('304034101', FALSE, 'סופר');

INSERT INTO questions (question_id, language_id, topic_id, c_grade_id, level, question_text, explanation, interesting_fact)
VALUES ('304034102', 1, 4034, 2, 2, 'מהי המאה השמונה-עשרה?', '', 'במאה ה-18 התרחשה המהפכה האמריקאית ותחילתה של מהפכת התעשייה.') ON CONFLICT (question_id) DO UPDATE SET language_id = 1 ,topic_id= 4034,c_grade_id =2,level=2,question_text='מהי המאה השמונה-עשרה?',explanation='',interesting_fact='במאה ה-18 התרחשה המהפכה האמריקאית ותחילתה של מהפכת התעשייה.';


INSERT INTO answer_options (question_id, correct_answer, answer_text)
VALUES ('304034102', TRUE, '1700-1799') ;

INSERT INTO answer_options (question_id, correct_answer, answer_text)
VALUES ('304034102', FALSE, '1800-1899');

INSERT INTO answer_options (question_id, correct_answer, answer_text)
VALUES ('304034102', FALSE, '1900-1999');

INSERT INTO answer_options (question_id, correct_answer, answer_text)
VALUES ('304034102', FALSE, '1600-1699');

INSERT INTO questions (question_id, language_id, topic_id, c_grade_id, level, question_text, explanation, interesting_fact)
VALUES ('304034103', 1, 4034, 3, 3, 'מה הייתה מלחמת העולם הראשונה?', '', 'מלחמת העולם הראשונה נמשכה מ-1914 עד 1918 והייתה אחת המלחמות הקטלניות בהיסטוריה.') ON CONFLICT (question_id) DO UPDATE SET language_id = 1 ,topic_id= 4034,c_grade_id =3,level=3,question_text='מה הייתה מלחמת העולם הראשונה?',explanation='',interesting_fact='מלחמת העולם הראשונה נמשכה מ-1914 עד 1918 והייתה אחת המלחמות הקטלניות בהיסטוריה.';


INSERT INTO answer_options (question_id, correct_answer, answer_text)
VALUES ('304034103', TRUE, 'מלחמה גלובלית שהתרחשה בעיקר באירופה') ;

INSERT INTO answer_options (question_id, correct_answer, answer_text)
VALUES ('304034103', FALSE, 'מלחמת אזרחים');

INSERT INTO answer_options (question_id, correct_answer, answer_text)
VALUES ('304034103', FALSE, 'קרב על ירושה');

INSERT INTO answer_options (question_id, correct_answer, answer_text)
VALUES ('304034103', FALSE, 'מלחמת ספורט');

INSERT INTO questions (question_id, language_id, topic_id, c_grade_id, level, question_text, explanation, interesting_fact)
VALUES ('304034104', 1, 4034, 4, 4, 'מהי האימפריה הרומית?', '', 'האימפריה הרומית הייתה אחת האימפריות החזקות והמשפיעות בעולם העתיק.') ON CONFLICT (question_id) DO UPDATE SET language_id = 1 ,topic_id= 4034,c_grade_id =4,level=4,question_text='מהי האימפריה הרומית?',explanation='',interesting_fact='האימפריה הרומית הייתה אחת האימפריות החזקות והמשפיעות בעולם העתיק.';


INSERT INTO answer_options (question_id, correct_answer, answer_text)
VALUES ('304034104', TRUE, 'מדינה עתיקה ששלטה בחלקים גדולים של אירופה') ;

INSERT INTO answer_options (question_id, correct_answer, answer_text)
VALUES ('304034104', FALSE, 'קבוצת מוזיקה');

INSERT INTO answer_options (question_id, correct_answer, answer_text)
VALUES ('304034104', FALSE, 'סוג של אוכל');

INSERT INTO answer_options (question_id, correct_answer, answer_text)
VALUES ('304034104', FALSE, 'תחרות ספורט');

INSERT INTO questions (question_id, language_id, topic_id, c_grade_id, level, question_text, explanation, interesting_fact)
VALUES ('304034105', 1, 4034, 5, 5, 'מהי המהפכה הצרפתית?', '', 'המהפכה הצרפתית, שהחלה ב-1789, סימנה את סוף המונרכיה המוחלטת בצרפת') ON CONFLICT (question_id) DO UPDATE SET language_id = 1 ,topic_id= 4034,c_grade_id =5,level=5,question_text='מהי המהפכה הצרפתית?',explanation='',interesting_fact='המהפכה הצרפתית, שהחלה ב-1789, סימנה את סוף המונרכיה המוחלטת בצרפת';


INSERT INTO answer_options (question_id, correct_answer, answer_text)
VALUES ('304034105', TRUE, 'מרד העם הצרפתי נגד המלוכה') ;

INSERT INTO answer_options (question_id, correct_answer, answer_text)
VALUES ('304034105', FALSE, 'תחרות שירה');

INSERT INTO answer_options (question_id, correct_answer, answer_text)
VALUES ('304034105', FALSE, 'מסע גילויים');

INSERT INTO answer_options (question_id, correct_answer, answer_text)
VALUES ('304034105', FALSE, 'תחרות ספורט');

INSERT INTO questions (question_id, language_id, topic_id, c_grade_id, level, question_text, explanation, interesting_fact)
VALUES ('304035101', 1, 4035, 1, 1, 'מהו הכוכב לכת הגדול ביותר במערכת השמש?', '', 'צדק גדול בכ-1,300 פעמים מכדור הארץ.') ON CONFLICT (question_id) DO UPDATE SET language_id = 1 ,topic_id= 4035,c_grade_id =1,level=1,question_text='מהו הכוכב לכת הגדול ביותר במערכת השמש?',explanation='',interesting_fact='צדק גדול בכ-1,300 פעמים מכדור הארץ.';


INSERT INTO answer_options (question_id, correct_answer, answer_text)
VALUES ('304035101', TRUE, 'צדק (Jupiter)') ;

INSERT INTO answer_options (question_id, correct_answer, answer_text)
VALUES ('304035101', FALSE, 'כדור הארץ');

INSERT INTO answer_options (question_id, correct_answer, answer_text)
VALUES ('304035101', FALSE, 'מאדים (Mars)');

INSERT INTO answer_options (question_id, correct_answer, answer_text)
VALUES ('304035101', FALSE, 'נוגה (Mercury)');

INSERT INTO questions (question_id, language_id, topic_id, c_grade_id, level, question_text, explanation, interesting_fact)
VALUES ('304035102', 1, 4035, 2, 2, 'מהי גלקסיה?', '', 'גלקסיית שביל החלב, שבה אנו חיים, מכילה מיליארדי כוכבים.') ON CONFLICT (question_id) DO UPDATE SET language_id = 1 ,topic_id= 4035,c_grade_id =2,level=2,question_text='מהי גלקסיה?',explanation='',interesting_fact='גלקסיית שביל החלב, שבה אנו חיים, מכילה מיליארדי כוכבים.';


INSERT INTO answer_options (question_id, correct_answer, answer_text)
VALUES ('304035102', TRUE, 'קבוצת כוכבים, גזים ואבק הנעים יחד') ;

INSERT INTO answer_options (question_id, correct_answer, answer_text)
VALUES ('304035102', FALSE, 'סוג של כוכב לכת');

INSERT INTO answer_options (question_id, correct_answer, answer_text)
VALUES ('304035102', FALSE, 'שם אחר לחללית');

INSERT INTO answer_options (question_id, correct_answer, answer_text)
VALUES ('304035102', FALSE, 'סוג של חור שחור');

INSERT INTO questions (question_id, language_id, topic_id, c_grade_id, level, question_text, explanation, interesting_fact)
VALUES ('304035103', 1, 4035, 3, 3, 'איזה כוכב לכת נחשב ל"השכן" הקרוב של כדור הארץ?', '', 'נוגה הוא הכוכב לכת הקרוב ביותר לשמש במערכת השמש.') ON CONFLICT (question_id) DO UPDATE SET language_id = 1 ,topic_id= 4035,c_grade_id =3,level=3,question_text='איזה כוכב לכת נחשב ל"השכן" הקרוב של כדור הארץ?',explanation='',interesting_fact='נוגה הוא הכוכב לכת הקרוב ביותר לשמש במערכת השמש.';


INSERT INTO answer_options (question_id, correct_answer, answer_text)
VALUES ('304035103', TRUE, 'נוגה (Mercury)') ;

INSERT INTO answer_options (question_id, correct_answer, answer_text)
VALUES ('304035103', FALSE, 'שבתאי (Saturn)');

INSERT INTO answer_options (question_id, correct_answer, answer_text)
VALUES ('304035103', FALSE, 'צדק (Jupiter)');

INSERT INTO answer_options (question_id, correct_answer, answer_text)
VALUES ('304035103', FALSE, 'אורנוס (Uranus)');

INSERT INTO questions (question_id, language_id, topic_id, c_grade_id, level, question_text, explanation, interesting_fact)
VALUES ('304035104', 1, 4035, 4, 4, 'מהו חור שחור?', '', 'חורים שחורים נוצרים כאשר כוכב ענקי מתמוטט לתוך עצמו.') ON CONFLICT (question_id) DO UPDATE SET language_id = 1 ,topic_id= 4035,c_grade_id =4,level=4,question_text='מהו חור שחור?',explanation='',interesting_fact='חורים שחורים נוצרים כאשר כוכב ענקי מתמוטט לתוך עצמו.';


INSERT INTO answer_options (question_id, correct_answer, answer_text)
VALUES ('304035104', TRUE, 'אזור בחלל עם כבידה חזקה שאינו מאפשר לאור לברוח') ;

INSERT INTO answer_options (question_id, correct_answer, answer_text)
VALUES ('304035104', FALSE, 'כוכב לכת קר');

INSERT INTO answer_options (question_id, correct_answer, answer_text)
VALUES ('304035104', FALSE, 'ירח של כוכב לכת');

INSERT INTO answer_options (question_id, correct_answer, answer_text)
VALUES ('304035104', FALSE, 'גלקסיה');

INSERT INTO questions (question_id, language_id, topic_id, c_grade_id, level, question_text, explanation, interesting_fact)
VALUES ('304035105', 1, 4035, 5, 5, 'מהי הגלקסיה הגדולה ביותר שנמצאה עד כה?', '', 'גלקסיה IC 1101 היא אחת הגלקסיות הגדולות בידוע לאדם, עם קוטר של כ-6 מיליון שנות אור.') ON CONFLICT (question_id) DO UPDATE SET language_id = 1 ,topic_id= 4035,c_grade_id =5,level=5,question_text='מהי הגלקסיה הגדולה ביותר שנמצאה עד כה?',explanation='',interesting_fact='גלקסיה IC 1101 היא אחת הגלקסיות הגדולות בידוע לאדם, עם קוטר של כ-6 מיליון שנות אור.';


INSERT INTO answer_options (question_id, correct_answer, answer_text)
VALUES ('304035105', TRUE, 'IC 1101') ;

INSERT INTO answer_options (question_id, correct_answer, answer_text)
VALUES ('304035105', FALSE, 'אנדרומדה');

INSERT INTO answer_options (question_id, correct_answer, answer_text)
VALUES ('304035105', FALSE, 'שביל החלב');

INSERT INTO answer_options (question_id, correct_answer, answer_text)
VALUES ('304035105', FALSE, 'NGC 4889');

INSERT INTO questions (question_id, language_id, topic_id, c_grade_id, level, question_text, explanation, interesting_fact)
VALUES ('304036101', 1, 4036, 1, 1, 'איזה חג חוגגים באמריקה כדי לזכור את מרטין לותר קינג ג`וניור?', '', 'יום מרטין לותר קינג נחוג ביום שני השלישי של ינואר.') ON CONFLICT (question_id) DO UPDATE SET language_id = 1 ,topic_id= 4036,c_grade_id =1,level=1,question_text='איזה חג חוגגים באמריקה כדי לזכור את מרטין לותר קינג ג`וניור?',explanation='',interesting_fact='יום מרטין לותר קינג נחוג ביום שני השלישי של ינואר.';


INSERT INTO answer_options (question_id, correct_answer, answer_text)
VALUES ('304036101', TRUE, 'יום מרטין לותר קינג') ;

INSERT INTO answer_options (question_id, correct_answer, answer_text)
VALUES ('304036101', FALSE, 'יום העצמאות');

INSERT INTO answer_options (question_id, correct_answer, answer_text)
VALUES ('304036101', FALSE, 'חג ההודיה');

INSERT INTO answer_options (question_id, correct_answer, answer_text)
VALUES ('304036101', FALSE, 'קריסמס');

INSERT INTO questions (question_id, language_id, topic_id, c_grade_id, level, question_text, explanation, interesting_fact)
VALUES ('304036102', 1, 4036, 2, 2, 'באיזה חג מסורתי בספרד נהוג לזרוק עגבניות?', '', 'לה תומטינה הוא פסטיבל קרב עגבניות שנערך בעיירת בוניול.') ON CONFLICT (question_id) DO UPDATE SET language_id = 1 ,topic_id= 4036,c_grade_id =2,level=2,question_text='באיזה חג מסורתי בספרד נהוג לזרוק עגבניות?',explanation='',interesting_fact='לה תומטינה הוא פסטיבל קרב עגבניות שנערך בעיירת בוניול.';


INSERT INTO answer_options (question_id, correct_answer, answer_text)
VALUES ('304036102', TRUE, 'לה תומטינה') ;

INSERT INTO answer_options (question_id, correct_answer, answer_text)
VALUES ('304036102', FALSE, 'סן פרמין');

INSERT INTO answer_options (question_id, correct_answer, answer_text)
VALUES ('304036102', FALSE, 'לה פלורה');

INSERT INTO answer_options (question_id, correct_answer, answer_text)
VALUES ('304036102', FALSE, 'דיה דה לוס מוארטוס');

INSERT INTO questions (question_id, language_id, topic_id, c_grade_id, level, question_text, explanation, interesting_fact)
VALUES ('304036103', 1, 4036, 3, 3, 'איזה חג חוגגים בג`מייקה ב-6 באוגוסט?', '', 'ג`מייקה קיבלה את עצמאותה מבריטניה ב-6 באוגוסט 1962.') ON CONFLICT (question_id) DO UPDATE SET language_id = 1 ,topic_id= 4036,c_grade_id =3,level=3,question_text='איזה חג חוגגים בג`מייקה ב-6 באוגוסט?',explanation='',interesting_fact='ג`מייקה קיבלה את עצמאותה מבריטניה ב-6 באוגוסט 1962.';


INSERT INTO answer_options (question_id, correct_answer, answer_text)
VALUES ('304036103', TRUE, 'יום העצמאות של ג`מייקה') ;

INSERT INTO answer_options (question_id, correct_answer, answer_text)
VALUES ('304036103', FALSE, 'קריסמס');

INSERT INTO answer_options (question_id, correct_answer, answer_text)
VALUES ('304036103', FALSE, 'יום הולדת המלך');

INSERT INTO answer_options (question_id, correct_answer, answer_text)
VALUES ('304036103', FALSE, 'פסח');

INSERT INTO questions (question_id, language_id, topic_id, c_grade_id, level, question_text, explanation, interesting_fact)
VALUES ('304036104', 1, 4036, 4, 4, 'באיזה חג ביפן נהוג לצפות בפריחת הדובדבן?', '', 'האנמי מציין את תחילת האביב ופריחת הדובדבנים ביפן.') ON CONFLICT (question_id) DO UPDATE SET language_id = 1 ,topic_id= 4036,c_grade_id =4,level=4,question_text='באיזה חג ביפן נהוג לצפות בפריחת הדובדבן?',explanation='',interesting_fact='האנמי מציין את תחילת האביב ופריחת הדובדבנים ביפן.';


INSERT INTO answer_options (question_id, correct_answer, answer_text)
VALUES ('304036104', TRUE, 'האנמי') ;

INSERT INTO answer_options (question_id, correct_answer, answer_text)
VALUES ('304036104', FALSE, 'טנאבטה');

INSERT INTO answer_options (question_id, correct_answer, answer_text)
VALUES ('304036104', FALSE, 'גולדן וויק');

INSERT INTO answer_options (question_id, correct_answer, answer_text)
VALUES ('304036104', FALSE, 'אובון');

INSERT INTO questions (question_id, language_id, topic_id, c_grade_id, level, question_text, explanation, interesting_fact)
VALUES ('304036105', 1, 4036, 5, 5, 'מהי התקופה המוסלמית של הצום הגדול?', '', 'ברמדאן, מוסלמים רבים צמים משחר עד שקיעה ומתפללים תפילות מיוחדות.') ON CONFLICT (question_id) DO UPDATE SET language_id = 1 ,topic_id= 4036,c_grade_id =5,level=5,question_text='מהי התקופה המוסלמית של הצום הגדול?',explanation='',interesting_fact='ברמדאן, מוסלמים רבים צמים משחר עד שקיעה ומתפללים תפילות מיוחדות.';


INSERT INTO answer_options (question_id, correct_answer, answer_text)
VALUES ('304036105', TRUE, 'רמדאן') ;

INSERT INTO answer_options (question_id, correct_answer, answer_text)
VALUES ('304036105', FALSE, 'עיד אל-פיטר');

INSERT INTO answer_options (question_id, correct_answer, answer_text)
VALUES ('304036105', FALSE, 'עיד אל-אדחה');

INSERT INTO answer_options (question_id, correct_answer, answer_text)
VALUES ('304036105', FALSE, 'ליל הקדר');

INSERT INTO questions (question_id, language_id, topic_id, c_grade_id, level, question_text, explanation, interesting_fact)
VALUES ('304037101', 1, 4037, 1, 1, 'מהו תפקידו של מעבד במחשב?', '', 'המעבד נחשב ל"מוח" המחשב.') ON CONFLICT (question_id) DO UPDATE SET language_id = 1 ,topic_id= 4037,c_grade_id =1,level=1,question_text='מהו תפקידו של מעבד במחשב?',explanation='',interesting_fact='המעבד נחשב ל"מוח" המחשב.';


INSERT INTO answer_options (question_id, correct_answer, answer_text)
VALUES ('304037101', TRUE, 'לעבד נתונים והוראות') ;

INSERT INTO answer_options (question_id, correct_answer, answer_text)
VALUES ('304037101', FALSE, 'לשמור קבצים');

INSERT INTO answer_options (question_id, correct_answer, answer_text)
VALUES ('304037101', FALSE, 'להדפיס מסמכים');

INSERT INTO answer_options (question_id, correct_answer, answer_text)
VALUES ('304037101', FALSE, 'להגן מווירוסים');

INSERT INTO questions (question_id, language_id, topic_id, c_grade_id, level, question_text, explanation, interesting_fact)
VALUES ('304037102', 1, 4037, 2, 2, 'מה זה אינטרנט?', '', 'האינטרנט מאפשר תקשורת וגישה למידע מכל העולם.') ON CONFLICT (question_id) DO UPDATE SET language_id = 1 ,topic_id= 4037,c_grade_id =2,level=2,question_text='מה זה אינטרנט?',explanation='',interesting_fact='האינטרנט מאפשר תקשורת וגישה למידע מכל העולם.';


INSERT INTO answer_options (question_id, correct_answer, answer_text)
VALUES ('304037102', TRUE, 'רשת שמחברת מחשבים ברחבי העולם') ;

INSERT INTO answer_options (question_id, correct_answer, answer_text)
VALUES ('304037102', FALSE, 'תוכנת מחשב');

INSERT INTO answer_options (question_id, correct_answer, answer_text)
VALUES ('304037102', FALSE, 'משחק וידאו');

INSERT INTO answer_options (question_id, correct_answer, answer_text)
VALUES ('304037102', FALSE, 'סוג של מחשב');

INSERT INTO questions (question_id, language_id, topic_id, c_grade_id, level, question_text, explanation, interesting_fact)
VALUES ('304037103', 1, 4037, 3, 3, 'למה משמשת תוכנת עיבוד טקסטים?', '', 'תוכנות עיבוד טקסט כמו Word הן כלי נפוץ בכל מחשב.') ON CONFLICT (question_id) DO UPDATE SET language_id = 1 ,topic_id= 4037,c_grade_id =3,level=3,question_text='למה משמשת תוכנת עיבוד טקסטים?',explanation='',interesting_fact='תוכנות עיבוד טקסט כמו Word הן כלי נפוץ בכל מחשב.';


INSERT INTO answer_options (question_id, correct_answer, answer_text)
VALUES ('304037103', TRUE, 'לכתוב ולערוך מסמכים') ;

INSERT INTO answer_options (question_id, correct_answer, answer_text)
VALUES ('304037103', FALSE, 'לצפות בסרטים');

INSERT INTO answer_options (question_id, correct_answer, answer_text)
VALUES ('304037103', FALSE, 'לשחק משחקים');

INSERT INTO answer_options (question_id, correct_answer, answer_text)
VALUES ('304037103', FALSE, 'לצייר תמונות');

INSERT INTO questions (question_id, language_id, topic_id, c_grade_id, level, question_text, explanation, interesting_fact)
VALUES ('304037104', 1, 4037, 4, 4, 'מהו רובוט?', '', 'רובוטים משמשים בתעשייה, בית, ואפילו בחלל!') ON CONFLICT (question_id) DO UPDATE SET language_id = 1 ,topic_id= 4037,c_grade_id =4,level=4,question_text='מהו רובוט?',explanation='',interesting_fact='רובוטים משמשים בתעשייה, בית, ואפילו בחלל!';


INSERT INTO answer_options (question_id, correct_answer, answer_text)
VALUES ('304037104', TRUE, 'מכונה שמבוקרת באמצעות תוכנה') ;

INSERT INTO answer_options (question_id, correct_answer, answer_text)
VALUES ('304037104', FALSE, 'כלי רכב');

INSERT INTO answer_options (question_id, correct_answer, answer_text)
VALUES ('304037104', FALSE, 'מכשיר תקשורת');

INSERT INTO answer_options (question_id, correct_answer, answer_text)
VALUES ('304037104', FALSE, 'מכונת כביסה');

INSERT INTO questions (question_id, language_id, topic_id, c_grade_id, level, question_text, explanation, interesting_fact)
VALUES ('304037105', 1, 4037, 5, 5, 'מהי טכנולוגיה?', '', 'טכנולוגיה משפרת את איכות החיים ומאיצה התפתחות.') ON CONFLICT (question_id) DO UPDATE SET language_id = 1 ,topic_id= 4037,c_grade_id =5,level=5,question_text='מהי טכנולוגיה?',explanation='',interesting_fact='טכנולוגיה משפרת את איכות החיים ומאיצה התפתחות.';


INSERT INTO answer_options (question_id, correct_answer, answer_text)
VALUES ('304037105', TRUE, 'שימוש בידע מדעי ליצירת מכשירים וכלים') ;

INSERT INTO answer_options (question_id, correct_answer, answer_text)
VALUES ('304037105', FALSE, 'סגנון של מוזיקה');

INSERT INTO answer_options (question_id, correct_answer, answer_text)
VALUES ('304037105', FALSE, 'סוג של ספורט');

INSERT INTO answer_options (question_id, correct_answer, answer_text)
VALUES ('304037105', FALSE, 'ענף באמנות');

INSERT INTO questions (question_id, language_id, topic_id, c_grade_id, level, question_text, explanation, interesting_fact)
VALUES ('304038101', 1, 4038, 1, 1, 'מהו תפקיד הבנק?', '', 'הבנק הראשון בעולם היה `בנקו די סנ ג`ורג`יו`, שנפתח ב-1406 בגנואה, איטליה.') ON CONFLICT (question_id) DO UPDATE SET language_id = 1 ,topic_id= 4038,c_grade_id =1,level=1,question_text='מהו תפקיד הבנק?',explanation='',interesting_fact='הבנק הראשון בעולם היה `בנקו די סנ ג`ורג`יו`, שנפתח ב-1406 בגנואה, איטליה.';


INSERT INTO answer_options (question_id, correct_answer, answer_text)
VALUES ('304038101', TRUE, 'לשמור על כספים ולתת הלוואות') ;

INSERT INTO answer_options (question_id, correct_answer, answer_text)
VALUES ('304038101', FALSE, 'למכור רכבים');

INSERT INTO answer_options (question_id, correct_answer, answer_text)
VALUES ('304038101', FALSE, 'לייצר מזון');

INSERT INTO answer_options (question_id, correct_answer, answer_text)
VALUES ('304038101', FALSE, 'ללמד תלמידים');

INSERT INTO questions (question_id, language_id, topic_id, c_grade_id, level, question_text, explanation, interesting_fact)
VALUES ('304038102', 1, 4038, 2, 2, 'מהי מטבע?', '', 'המטבע הראשון בעולם היה מטבע מתכת שנטבע בלידיה (טורקיה המודרנית) בסביבות 600 לפנה"ס.') ON CONFLICT (question_id) DO UPDATE SET language_id = 1 ,topic_id= 4038,c_grade_id =2,level=2,question_text='מהי מטבע?',explanation='',interesting_fact='המטבע הראשון בעולם היה מטבע מתכת שנטבע בלידיה (טורקיה המודרנית) בסביבות 600 לפנה"ס.';


INSERT INTO answer_options (question_id, correct_answer, answer_text)
VALUES ('304038102', TRUE, 'יחידת כסף שמשמשת לקניות ומכירות') ;

INSERT INTO answer_options (question_id, correct_answer, answer_text)
VALUES ('304038102', FALSE, 'סוג של משחק');

INSERT INTO answer_options (question_id, correct_answer, answer_text)
VALUES ('304038102', FALSE, 'כלי נגינה');

INSERT INTO answer_options (question_id, correct_answer, answer_text)
VALUES ('304038102', FALSE, 'סוג של מכונית');

INSERT INTO questions (question_id, language_id, topic_id, c_grade_id, level, question_text, explanation, interesting_fact)
VALUES ('304038103', 1, 4038, 3, 3, 'מה זה שוק ההון?', '', 'שוק ההון מאפשר לחברות לגייס כספים על ידי מכירת מניות או הנפקת אגרות חוב.') ON CONFLICT (question_id) DO UPDATE SET language_id = 1 ,topic_id= 4038,c_grade_id =3,level=3,question_text='מה זה שוק ההון?',explanation='',interesting_fact='שוק ההון מאפשר לחברות לגייס כספים על ידי מכירת מניות או הנפקת אגרות חוב.';


INSERT INTO answer_options (question_id, correct_answer, answer_text)
VALUES ('304038103', TRUE, 'שוק שבו נסחרות מניות ואגרות חוב') ;

INSERT INTO answer_options (question_id, correct_answer, answer_text)
VALUES ('304038103', FALSE, 'שוק למכירת פירות וירקות');

INSERT INTO answer_options (question_id, correct_answer, answer_text)
VALUES ('304038103', FALSE, 'מקום למכירת רהיטים');

INSERT INTO answer_options (question_id, correct_answer, answer_text)
VALUES ('304038103', FALSE, 'חנות למכירת ספרים');

INSERT INTO questions (question_id, language_id, topic_id, c_grade_id, level, question_text, explanation, interesting_fact)
VALUES ('304038104', 1, 4038, 4, 4, 'מהי כלכלה?', '', 'כלכלנים חוקרים את ההשפעות של החלטות פיננסיות ומדיניות על החברה.') ON CONFLICT (question_id) DO UPDATE SET language_id = 1 ,topic_id= 4038,c_grade_id =4,level=4,question_text='מהי כלכלה?',explanation='',interesting_fact='כלכלנים חוקרים את ההשפעות של החלטות פיננסיות ומדיניות על החברה.';


INSERT INTO answer_options (question_id, correct_answer, answer_text)
VALUES ('304038104', TRUE, 'לימוד הדרכים שבהן מפיצים ומשתמשים במשאבים') ;

INSERT INTO answer_options (question_id, correct_answer, answer_text)
VALUES ('304038104', FALSE, 'ענף באומנות');

INSERT INTO answer_options (question_id, correct_answer, answer_text)
VALUES ('304038104', FALSE, 'ענף במדע');

INSERT INTO answer_options (question_id, correct_answer, answer_text)
VALUES ('304038104', FALSE, 'סוג של ספורט');

INSERT INTO questions (question_id, language_id, topic_id, c_grade_id, level, question_text, explanation, interesting_fact)
VALUES ('304038105', 1, 4038, 5, 5, 'מהי חשבונאות?', '', 'חשבונאים מסייעים לעסקים ולאנשים לנהל את ענייניהם הכספיים ולשמור על חוקיות.') ON CONFLICT (question_id) DO UPDATE SET language_id = 1 ,topic_id= 4038,c_grade_id =5,level=5,question_text='מהי חשבונאות?',explanation='',interesting_fact='חשבונאים מסייעים לעסקים ולאנשים לנהל את ענייניהם הכספיים ולשמור על חוקיות.';


INSERT INTO answer_options (question_id, correct_answer, answer_text)
VALUES ('304038105', TRUE, 'תחום העוסק בניהול ובדיקת דוחות כספיים') ;

INSERT INTO answer_options (question_id, correct_answer, answer_text)
VALUES ('304038105', FALSE, 'סוג של משחק');

INSERT INTO answer_options (question_id, correct_answer, answer_text)
VALUES ('304038105', FALSE, 'ענף ברפואה');

INSERT INTO answer_options (question_id, correct_answer, answer_text)
VALUES ('304038105', FALSE, 'תחום במדעי החברה');

INSERT INTO questions (question_id, language_id, topic_id, c_grade_id, level, question_text, explanation, interesting_fact)
VALUES ('304039101', 1, 4039, 1, 1, 'מי היה אברהם לינקולן?', '', 'אברהם לינקולן נחשב לאחד הנשיאים הגדולים בהיסטוריה של ארה"ב.') ON CONFLICT (question_id) DO UPDATE SET language_id = 1 ,topic_id= 4039,c_grade_id =1,level=1,question_text='מי היה אברהם לינקולן?',explanation='',interesting_fact='אברהם לינקולן נחשב לאחד הנשיאים הגדולים בהיסטוריה של ארה"ב.';


INSERT INTO answer_options (question_id, correct_answer, answer_text)
VALUES ('304039101', TRUE, 'נשיא ארצות הברית ה-16') ;

INSERT INTO answer_options (question_id, correct_answer, answer_text)
VALUES ('304039101', FALSE, 'ראש ממשלת בריטניה');

INSERT INTO answer_options (question_id, correct_answer, answer_text)
VALUES ('304039101', FALSE, 'מלך יוון');

INSERT INTO answer_options (question_id, correct_answer, answer_text)
VALUES ('304039101', FALSE, 'שר החוץ של אוסטרליה');

INSERT INTO questions (question_id, language_id, topic_id, c_grade_id, level, question_text, explanation, interesting_fact)
VALUES ('304039102', 1, 4039, 2, 2, 'מהי התפקיד של נשיא צרפת?', '', 'נשיא צרפת נבחר על ידי הציבור לתקופה של חמש שנים.') ON CONFLICT (question_id) DO UPDATE SET language_id = 1 ,topic_id= 4039,c_grade_id =2,level=2,question_text='מהי התפקיד של נשיא צרפת?',explanation='',interesting_fact='נשיא צרפת נבחר על ידי הציבור לתקופה של חמש שנים.';


INSERT INTO answer_options (question_id, correct_answer, answer_text)
VALUES ('304039102', TRUE, 'להיות ראש המדינה והממשלה') ;

INSERT INTO answer_options (question_id, correct_answer, answer_text)
VALUES ('304039102', FALSE, 'להיות ראש הצבא');

INSERT INTO answer_options (question_id, correct_answer, answer_text)
VALUES ('304039102', FALSE, 'להיות ראש הבנק המרכזי');

INSERT INTO answer_options (question_id, correct_answer, answer_text)
VALUES ('304039102', FALSE, 'להיות מנהל בית ספר');

INSERT INTO questions (question_id, language_id, topic_id, c_grade_id, level, question_text, explanation, interesting_fact)
VALUES ('304039103', 1, 4039, 3, 3, 'מי היה נלסון מנדלה?', '', 'נלסון מנדלה היה מנהיג המאבק נגד האפרטהייד וזכה בפרס נובל לשלום.') ON CONFLICT (question_id) DO UPDATE SET language_id = 1 ,topic_id= 4039,c_grade_id =3,level=3,question_text='מי היה נלסון מנדלה?',explanation='',interesting_fact='נלסון מנדלה היה מנהיג המאבק נגד האפרטהייד וזכה בפרס נובל לשלום.';


INSERT INTO answer_options (question_id, correct_answer, answer_text)
VALUES ('304039103', TRUE, 'נשיא דרום אפריקה') ;

INSERT INTO answer_options (question_id, correct_answer, answer_text)
VALUES ('304039103', FALSE, 'ראש ממשלת קנדה');

INSERT INTO answer_options (question_id, correct_answer, answer_text)
VALUES ('304039103', FALSE, 'מלך אנגליה');

INSERT INTO answer_options (question_id, correct_answer, answer_text)
VALUES ('304039103', FALSE, 'שר החוץ של גרמניה');

INSERT INTO questions (question_id, language_id, topic_id, c_grade_id, level, question_text, explanation, interesting_fact)
VALUES ('304039104', 1, 4039, 4, 4, 'מהו התפקיד של ראש הממשלה בבריטניה?', '', 'ראש ממשלת בריטניה נבחר על ידי הפרלמנט ומונה על ידי המלכה.') ON CONFLICT (question_id) DO UPDATE SET language_id = 1 ,topic_id= 4039,c_grade_id =4,level=4,question_text='מהו התפקיד של ראש הממשלה בבריטניה?',explanation='',interesting_fact='ראש ממשלת בריטניה נבחר על ידי הפרלמנט ומונה על ידי המלכה.';


INSERT INTO answer_options (question_id, correct_answer, answer_text)
VALUES ('304039104', TRUE, 'לנהל את הממשלה ולייצג את המדינה') ;

INSERT INTO answer_options (question_id, correct_answer, answer_text)
VALUES ('304039104', FALSE, 'לשמש כשר החוץ');

INSERT INTO answer_options (question_id, correct_answer, answer_text)
VALUES ('304039104', FALSE, 'להיות ראש הצבא');

INSERT INTO answer_options (question_id, correct_answer, answer_text)
VALUES ('304039104', FALSE, 'להיות ראש הבנק המרכזי');

INSERT INTO questions (question_id, language_id, topic_id, c_grade_id, level, question_text, explanation, interesting_fact)
VALUES ('304039105', 1, 4039, 5, 5, 'מי היה פרנקלין ד. רוזוולט?', '', 'פרנקלין ד. רוזוולט נבחר לנשיא ארה"ב ארבע פעמים והוביל את המדינה במלחמת העולם השנייה.') ON CONFLICT (question_id) DO UPDATE SET language_id = 1 ,topic_id= 4039,c_grade_id =5,level=5,question_text='מי היה פרנקלין ד. רוזוולט?',explanation='',interesting_fact='פרנקלין ד. רוזוולט נבחר לנשיא ארה"ב ארבע פעמים והוביל את המדינה במלחמת העולם השנייה.';


INSERT INTO answer_options (question_id, correct_answer, answer_text)
VALUES ('304039105', TRUE, 'נשיא ארצות הברית ה-32') ;

INSERT INTO answer_options (question_id, correct_answer, answer_text)
VALUES ('304039105', FALSE, 'ראש ממשלת גרמניה');

INSERT INTO answer_options (question_id, correct_answer, answer_text)
VALUES ('304039105', FALSE, 'מלך ספרד');

INSERT INTO answer_options (question_id, correct_answer, answer_text)
VALUES ('304039105', FALSE, 'שר החוץ של יפן');

INSERT INTO questions (question_id, language_id, topic_id, c_grade_id, level, question_text, explanation, interesting_fact)
VALUES ('304040101', 1, 4040, 1, 1, 'לאיזה ספורט משמש המונח "מחבט"?', '', 'המחבט בטניס משמש להחזרת הכדור אל עבר היריב.') ON CONFLICT (question_id) DO UPDATE SET language_id = 1 ,topic_id= 4040,c_grade_id =1,level=1,question_text='לאיזה ספורט משמש המונח "מחבט"?',explanation='',interesting_fact='המחבט בטניס משמש להחזרת הכדור אל עבר היריב.';


INSERT INTO answer_options (question_id, correct_answer, answer_text)
VALUES ('304040101', TRUE, 'טניס') ;

INSERT INTO answer_options (question_id, correct_answer, answer_text)
VALUES ('304040101', FALSE, 'כדורסל');

INSERT INTO answer_options (question_id, correct_answer, answer_text)
VALUES ('304040101', FALSE, 'כדורגל');

INSERT INTO answer_options (question_id, correct_answer, answer_text)
VALUES ('304040101', FALSE, 'כדורעף');

INSERT INTO questions (question_id, language_id, topic_id, c_grade_id, level, question_text, explanation, interesting_fact)
VALUES ('304040102', 1, 4040, 2, 2, 'מהי השימוש של כפפת יד בבייסבול?', '', 'כפפות בבייסבול מותאמות להחזקה נוחה ובטוחה של הכדור.') ON CONFLICT (question_id) DO UPDATE SET language_id = 1 ,topic_id= 4040,c_grade_id =2,level=2,question_text='מהי השימוש של כפפת יד בבייסבול?',explanation='',interesting_fact='כפפות בבייסבול מותאמות להחזקה נוחה ובטוחה של הכדור.';


INSERT INTO answer_options (question_id, correct_answer, answer_text)
VALUES ('304040102', TRUE, 'לתפוס כדורים') ;

INSERT INTO answer_options (question_id, correct_answer, answer_text)
VALUES ('304040102', FALSE, 'לזרוק כדורים');

INSERT INTO answer_options (question_id, correct_answer, answer_text)
VALUES ('304040102', FALSE, 'לדרוך על בסיסים');

INSERT INTO answer_options (question_id, correct_answer, answer_text)
VALUES ('304040102', FALSE, 'להקיף את המגרש');

INSERT INTO questions (question_id, language_id, topic_id, c_grade_id, level, question_text, explanation, interesting_fact)
VALUES ('304040103', 1, 4040, 3, 3, 'באיזה ספורט משתמשים במקלות ובכדור?', '', 'גולף הוא משחק שבו משתמשים במקלות שונים להכנסת הכדור לחור.') ON CONFLICT (question_id) DO UPDATE SET language_id = 1 ,topic_id= 4040,c_grade_id =3,level=3,question_text='באיזה ספורט משתמשים במקלות ובכדור?',explanation='',interesting_fact='גולף הוא משחק שבו משתמשים במקלות שונים להכנסת הכדור לחור.';


INSERT INTO answer_options (question_id, correct_answer, answer_text)
VALUES ('304040103', TRUE, 'גולף') ;

INSERT INTO answer_options (question_id, correct_answer, answer_text)
VALUES ('304040103', FALSE, 'ריצה');

INSERT INTO answer_options (question_id, correct_answer, answer_text)
VALUES ('304040103', FALSE, 'כדורסל');

INSERT INTO answer_options (question_id, correct_answer, answer_text)
VALUES ('304040103', FALSE, 'כדורעף');

INSERT INTO questions (question_id, language_id, topic_id, c_grade_id, level, question_text, explanation, interesting_fact)
VALUES ('304040104', 1, 4040, 4, 4, 'מהו כדור פינג פונג?', '', 'כדור פינג פונג מיוצר מפלסטיק ונועד לשחק על שולחן.') ON CONFLICT (question_id) DO UPDATE SET language_id = 1 ,topic_id= 4040,c_grade_id =4,level=4,question_text='מהו כדור פינג פונג?',explanation='',interesting_fact='כדור פינג פונג מיוצר מפלסטיק ונועד לשחק על שולחן.';


INSERT INTO answer_options (question_id, correct_answer, answer_text)
VALUES ('304040104', TRUE, 'כדור קטן וקל למשחק שולחני') ;

INSERT INTO answer_options (question_id, correct_answer, answer_text)
VALUES ('304040104', FALSE, 'כדור לכדורגל');

INSERT INTO answer_options (question_id, correct_answer, answer_text)
VALUES ('304040104', FALSE, 'כדור לכדורסל');

INSERT INTO answer_options (question_id, correct_answer, answer_text)
VALUES ('304040104', FALSE, 'כדור לטניס');

INSERT INTO questions (question_id, language_id, topic_id, c_grade_id, level, question_text, explanation, interesting_fact)
VALUES ('304040105', 1, 4040, 5, 5, 'למה משמש סרגל קפיצה?', '', 'סרגלי קפיצה משמשים בתחרויות קליעת כידון וקליעת דיסקוס לקביעת הגובה.') ON CONFLICT (question_id) DO UPDATE SET language_id = 1 ,topic_id= 4040,c_grade_id =5,level=5,question_text='למה משמש סרגל קפיצה?',explanation='',interesting_fact='סרגלי קפיצה משמשים בתחרויות קליעת כידון וקליעת דיסקוס לקביעת הגובה.';


INSERT INTO answer_options (question_id, correct_answer, answer_text)
VALUES ('304040105', TRUE, 'לקביעת גובה הקפיצה') ;

INSERT INTO answer_options (question_id, correct_answer, answer_text)
VALUES ('304040105', FALSE, 'למדידת מרחק');

INSERT INTO answer_options (question_id, correct_answer, answer_text)
VALUES ('304040105', FALSE, 'למדידת זמן');

INSERT INTO answer_options (question_id, correct_answer, answer_text)
VALUES ('304040105', FALSE, 'למדידת מהירות');

INSERT INTO questions (question_id, language_id, topic_id, c_grade_id, level, question_text, explanation, interesting_fact)
VALUES ('304041101', 1, 4041, 1, 1, 'באיזה משחק יש לזהות את השחקן שמשקר?', '', 'משחקי בלוף מפתחים כישורי חשיבה ביקורתית.') ON CONFLICT (question_id) DO UPDATE SET language_id = 1 ,topic_id= 4041,c_grade_id =1,level=1,question_text='באיזה משחק יש לזהות את השחקן שמשקר?',explanation='',interesting_fact='משחקי בלוף מפתחים כישורי חשיבה ביקורתית.';


INSERT INTO answer_options (question_id, correct_answer, answer_text)
VALUES ('304041101', TRUE, 'משחק הבלוף') ;

INSERT INTO answer_options (question_id, correct_answer, answer_text)
VALUES ('304041101', FALSE, 'קלפים');

INSERT INTO answer_options (question_id, correct_answer, answer_text)
VALUES ('304041101', FALSE, 'חמישבך');

INSERT INTO answer_options (question_id, correct_answer, answer_text)
VALUES ('304041101', FALSE, 'דמקה');

INSERT INTO questions (question_id, language_id, topic_id, c_grade_id, level, question_text, explanation, interesting_fact)
VALUES ('304041102', 1, 4041, 2, 2, 'מהו המטרה במשחק "שחמט"?', '', 'שחמט מפתח כישורי תכנון ואסטרטגיה.') ON CONFLICT (question_id) DO UPDATE SET language_id = 1 ,topic_id= 4041,c_grade_id =2,level=2,question_text='מהו המטרה במשחק "שחמט"?',explanation='',interesting_fact='שחמט מפתח כישורי תכנון ואסטרטגיה.';


INSERT INTO answer_options (question_id, correct_answer, answer_text)
VALUES ('304041102', TRUE, 'להכריע את המלך של היריב') ;

INSERT INTO answer_options (question_id, correct_answer, answer_text)
VALUES ('304041102', FALSE, 'להביא את כל הכלים לקצה הלוח');

INSERT INTO answer_options (question_id, correct_answer, answer_text)
VALUES ('304041102', FALSE, 'לכבוש כל כלי של היריב');

INSERT INTO answer_options (question_id, correct_answer, answer_text)
VALUES ('304041102', FALSE, 'להגיע לשורה האחרונה');

INSERT INTO questions (question_id, language_id, topic_id, c_grade_id, level, question_text, explanation, interesting_fact)
VALUES ('304041103', 1, 4041, 3, 3, 'במשחק "קלפי יונו", מה עושים כשמוציאים קלף יונו?', '', 'יונו מקורו בארצות הברית ונוצר בשנת 1971.') ON CONFLICT (question_id) DO UPDATE SET language_id = 1 ,topic_id= 4041,c_grade_id =3,level=3,question_text='במשחק "קלפי יונו", מה עושים כשמוציאים קלף יונו?',explanation='',interesting_fact='יונו מקורו בארצות הברית ונוצר בשנת 1971.';


INSERT INTO answer_options (question_id, correct_answer, answer_text)
VALUES ('304041103', TRUE, 'קוראים "יונו"') ;

INSERT INTO answer_options (question_id, correct_answer, answer_text)
VALUES ('304041103', FALSE, 'מדלגים על התור הבא');

INSERT INTO answer_options (question_id, correct_answer, answer_text)
VALUES ('304041103', FALSE, 'מחליפים את צבע הקלפים');

INSERT INTO answer_options (question_id, correct_answer, answer_text)
VALUES ('304041103', FALSE, 'מוציאים שני קלפים נוספים');

INSERT INTO questions (question_id, language_id, topic_id, c_grade_id, level, question_text, explanation, interesting_fact)
VALUES ('304041104', 1, 4041, 4, 4, 'במשחק "נחשים וסולמות", מה המטרה העיקרית?', '', 'נחשים וסולמות הוא משחק קלאסי המקורי מהודו.') ON CONFLICT (question_id) DO UPDATE SET language_id = 1 ,topic_id= 4041,c_grade_id =4,level=4,question_text='במשחק "נחשים וסולמות", מה המטרה העיקרית?',explanation='',interesting_fact='נחשים וסולמות הוא משחק קלאסי המקורי מהודו.';


INSERT INTO answer_options (question_id, correct_answer, answer_text)
VALUES ('304041104', TRUE, 'להגיע ראשון למספר 100') ;

INSERT INTO answer_options (question_id, correct_answer, answer_text)
VALUES ('304041104', FALSE, 'לזרוק את הקוביה הגבוהה ביותר');

INSERT INTO answer_options (question_id, correct_answer, answer_text)
VALUES ('304041104', FALSE, 'להחזיר את השחקנים של השחקנים האחרים להתחלה');

INSERT INTO answer_options (question_id, correct_answer, answer_text)
VALUES ('304041104', FALSE, 'לבנות טירה');

INSERT INTO questions (question_id, language_id, topic_id, c_grade_id, level, question_text, explanation, interesting_fact)
VALUES ('304041105', 1, 4041, 5, 5, 'במשחק "פיקסלים", מהו היעד?', '', '"פיקסלים" מפתח כישורים חזותיים ויצירתיות.') ON CONFLICT (question_id) DO UPDATE SET language_id = 1 ,topic_id= 4041,c_grade_id =5,level=5,question_text='במשחק "פיקסלים", מהו היעד?',explanation='',interesting_fact='"פיקסלים" מפתח כישורים חזותיים ויצירתיות.';


INSERT INTO answer_options (question_id, correct_answer, answer_text)
VALUES ('304041105', TRUE, 'ליצור תמונות על ידי הצבת פיקסלים בצורה נכונה') ;

INSERT INTO answer_options (question_id, correct_answer, answer_text)
VALUES ('304041105', FALSE, 'להפיל כמה שיותר פיקסלים');

INSERT INTO answer_options (question_id, correct_answer, answer_text)
VALUES ('304041105', FALSE, 'למצוא את הפיקסל השונה');

INSERT INTO answer_options (question_id, correct_answer, answer_text)
VALUES ('304041105', FALSE, 'להחליף פיקסלים עם שחקנים אחרים');

INSERT INTO questions (question_id, language_id, topic_id, c_grade_id, level, question_text, explanation, interesting_fact)
VALUES ('304042101', 1, 4042, 1, 1, 'איזה סוג ענן מבשר על סערה קרובה?', '', 'ענני קומולונימבוס הם העננים הגבוהים והכבדים ביותר.') ON CONFLICT (question_id) DO UPDATE SET language_id = 1 ,topic_id= 4042,c_grade_id =1,level=1,question_text='איזה סוג ענן מבשר על סערה קרובה?',explanation='',interesting_fact='ענני קומולונימבוס הם העננים הגבוהים והכבדים ביותר.';


INSERT INTO answer_options (question_id, correct_answer, answer_text)
VALUES ('304042101', TRUE, 'ענני קומולונימבוס') ;

INSERT INTO answer_options (question_id, correct_answer, answer_text)
VALUES ('304042101', FALSE, 'ענני סירוס');

INSERT INTO answer_options (question_id, correct_answer, answer_text)
VALUES ('304042101', FALSE, 'ענני קומולוס');

INSERT INTO answer_options (question_id, correct_answer, answer_text)
VALUES ('304042101', FALSE, 'ענני סטרטוס');

INSERT INTO questions (question_id, language_id, topic_id, c_grade_id, level, question_text, explanation, interesting_fact)
VALUES ('304042102', 1, 4042, 2, 2, 'מהו המקום החם ביותר בעולם?', '', 'עמק המוות רשם את הטמפרטורה הגבוהה ביותר בעולם - 56.7 מעלות צלזיוס.') ON CONFLICT (question_id) DO UPDATE SET language_id = 1 ,topic_id= 4042,c_grade_id =2,level=2,question_text='מהו המקום החם ביותר בעולם?',explanation='',interesting_fact='עמק המוות רשם את הטמפרטורה הגבוהה ביותר בעולם - 56.7 מעלות צלזיוס.';


INSERT INTO answer_options (question_id, correct_answer, answer_text)
VALUES ('304042102', TRUE, 'עמק המוות, ארצות הברית') ;

INSERT INTO answer_options (question_id, correct_answer, answer_text)
VALUES ('304042102', FALSE, 'סהרה, אפריקה');

INSERT INTO answer_options (question_id, correct_answer, answer_text)
VALUES ('304042102', FALSE, 'אוסטרליה');

INSERT INTO answer_options (question_id, correct_answer, answer_text)
VALUES ('304042102', FALSE, 'המזרח התיכון');

INSERT INTO questions (question_id, language_id, topic_id, c_grade_id, level, question_text, explanation, interesting_fact)
VALUES ('304042103', 1, 4042, 3, 3, 'איך נקראת התופעה שבה נפלת ברק מושכת אליה ברק נוסף?', '', 'רוד אוסלטר מאפשר לברקים לנסוע מרחקים ארוכים באוויר.') ON CONFLICT (question_id) DO UPDATE SET language_id = 1 ,topic_id= 4042,c_grade_id =3,level=3,question_text='איך נקראת התופעה שבה נפלת ברק מושכת אליה ברק נוסף?',explanation='',interesting_fact='רוד אוסלטר מאפשר לברקים לנסוע מרחקים ארוכים באוויר.';


INSERT INTO answer_options (question_id, correct_answer, answer_text)
VALUES ('304042103', TRUE, 'רוד אוסלטר') ;

INSERT INTO answer_options (question_id, correct_answer, answer_text)
VALUES ('304042103', FALSE, 'פולג נטוי');

INSERT INTO answer_options (question_id, correct_answer, answer_text)
VALUES ('304042103', FALSE, 'הבזק כפול');

INSERT INTO answer_options (question_id, correct_answer, answer_text)
VALUES ('304042103', FALSE, 'סופה מקליעה');

INSERT INTO questions (question_id, language_id, topic_id, c_grade_id, level, question_text, explanation, interesting_fact)
VALUES ('304042104', 1, 4042, 4, 4, 'מה גורם לגשמי חומצה?', '', 'גשמי חומצה נוצרים כאשר גזי זיהום מתמזגים עם טיפות הגשם.') ON CONFLICT (question_id) DO UPDATE SET language_id = 1 ,topic_id= 4042,c_grade_id =4,level=4,question_text='מה גורם לגשמי חומצה?',explanation='',interesting_fact='גשמי חומצה נוצרים כאשר גזי זיהום מתמזגים עם טיפות הגשם.';


INSERT INTO answer_options (question_id, correct_answer, answer_text)
VALUES ('304042104', TRUE, 'זיהום אוויר') ;

INSERT INTO answer_options (question_id, correct_answer, answer_text)
VALUES ('304042104', FALSE, 'שריפות יער');

INSERT INTO answer_options (question_id, correct_answer, answer_text)
VALUES ('304042104', FALSE, 'פעילות וולקנית');

INSERT INTO answer_options (question_id, correct_answer, answer_text)
VALUES ('304042104', FALSE, 'נפילות אסטרואידים');

INSERT INTO questions (question_id, language_id, topic_id, c_grade_id, level, question_text, explanation, interesting_fact)
VALUES ('304042105', 1, 4042, 5, 5, 'מהו ההבדל העיקרי בין צונאמי לגל רגיל?', '', 'צונאמי יכול להגיע לגובה של מעל 30 מטרים ולנוע במהירות של מעל 800 קמ"ש.') ON CONFLICT (question_id) DO UPDATE SET language_id = 1 ,topic_id= 4042,c_grade_id =5,level=5,question_text='מהו ההבדל העיקרי בין צונאמי לגל רגיל?',explanation='',interesting_fact='צונאמי יכול להגיע לגובה של מעל 30 מטרים ולנוע במהירות של מעל 800 קמ"ש.';


INSERT INTO answer_options (question_id, correct_answer, answer_text)
VALUES ('304042105', TRUE, 'צונאמי נגרם על ידי רעידת אדמה') ;

INSERT INTO answer_options (question_id, correct_answer, answer_text)
VALUES ('304042105', FALSE, 'גובה הגל');

INSERT INTO answer_options (question_id, correct_answer, answer_text)
VALUES ('304042105', FALSE, 'מהירות הגל');

INSERT INTO answer_options (question_id, correct_answer, answer_text)
VALUES ('304042105', FALSE, 'צבע הגל');

INSERT INTO questions (question_id, language_id, topic_id, c_grade_id, level, question_text, explanation, interesting_fact)
VALUES ('304043101', 1, 4043, 1, 1, 'מה הכוונה ב"כבוד הזולת"?', '', 'כבוד הזולת חשוב ליצירת חברה תומכת ומכבדת.') ON CONFLICT (question_id) DO UPDATE SET language_id = 1 ,topic_id= 4043,c_grade_id =1,level=1,question_text='מה הכוונה ב"כבוד הזולת"?',explanation='',interesting_fact='כבוד הזולת חשוב ליצירת חברה תומכת ומכבדת.';


INSERT INTO answer_options (question_id, correct_answer, answer_text)
VALUES ('304043101', TRUE, 'להתייחס לאחרים בנימוס ובהבנה') ;

INSERT INTO answer_options (question_id, correct_answer, answer_text)
VALUES ('304043101', FALSE, 'להיות הכי טוב בכיתה');

INSERT INTO answer_options (question_id, correct_answer, answer_text)
VALUES ('304043101', FALSE, 'לעזור רק לחברים שלך');

INSERT INTO answer_options (question_id, correct_answer, answer_text)
VALUES ('304043101', FALSE, 'לקבל תמיד מתנות');

INSERT INTO questions (question_id, language_id, topic_id, c_grade_id, level, question_text, explanation, interesting_fact)
VALUES ('304043102', 1, 4043, 2, 2, 'למה חשוב לשתף פעולה עם אחרים?', '', 'שיתוף פעולה מפתח כישורים חברתיים ומוסריים.') ON CONFLICT (question_id) DO UPDATE SET language_id = 1 ,topic_id= 4043,c_grade_id =2,level=2,question_text='למה חשוב לשתף פעולה עם אחרים?',explanation='',interesting_fact='שיתוף פעולה מפתח כישורים חברתיים ומוסריים.';


INSERT INTO answer_options (question_id, correct_answer, answer_text)
VALUES ('304043102', TRUE, 'זה עוזר להשיג מטרות משותפות') ;

INSERT INTO answer_options (question_id, correct_answer, answer_text)
VALUES ('304043102', FALSE, 'זה נותן לך יתרון על פני אחרים');

INSERT INTO answer_options (question_id, correct_answer, answer_text)
VALUES ('304043102', FALSE, 'זה מונע ממך לעבוד קשה');

INSERT INTO answer_options (question_id, correct_answer, answer_text)
VALUES ('304043102', FALSE, 'זה מאפשר לך לקחת פחות אחריות');

INSERT INTO questions (question_id, language_id, topic_id, c_grade_id, level, question_text, explanation, interesting_fact)
VALUES ('304043103', 1, 4043, 3, 3, 'מהי המשמעות של "להיות הוגן"?', '', 'ההוגנות היא ערך חשוב בחברה דמוקרטית.') ON CONFLICT (question_id) DO UPDATE SET language_id = 1 ,topic_id= 4043,c_grade_id =3,level=3,question_text='מהי המשמעות של "להיות הוגן"?',explanation='',interesting_fact='ההוגנות היא ערך חשוב בחברה דמוקרטית.';


INSERT INTO answer_options (question_id, correct_answer, answer_text)
VALUES ('304043103', TRUE, 'לפעול בצורה שוויונית ולא להעדיף אף אחד') ;

INSERT INTO answer_options (question_id, correct_answer, answer_text)
VALUES ('304043103', FALSE, 'לוודא שאתה תמיד מנצח');

INSERT INTO answer_options (question_id, correct_answer, answer_text)
VALUES ('304043103', FALSE, 'להשיג את מה שאתה רוצה בכל מחיר');

INSERT INTO answer_options (question_id, correct_answer, answer_text)
VALUES ('304043103', FALSE, 'לתת לאחרים לעשות עבורך דברים');

INSERT INTO questions (question_id, language_id, topic_id, c_grade_id, level, question_text, explanation, interesting_fact)
VALUES ('304043104', 1, 4043, 4, 4, 'למה חשוב להקשיב לדעות של אחרים?', '', 'הקשבה לדעות שונות חשובה לפיתוח חשיבה ביקורתית.') ON CONFLICT (question_id) DO UPDATE SET language_id = 1 ,topic_id= 4043,c_grade_id =4,level=4,question_text='למה חשוב להקשיב לדעות של אחרים?',explanation='',interesting_fact='הקשבה לדעות שונות חשובה לפיתוח חשיבה ביקורתית.';


INSERT INTO answer_options (question_id, correct_answer, answer_text)
VALUES ('304043104', TRUE, 'זה מרחיב את האופקים ומלמד על תרבות ודעות שונות') ;

INSERT INTO answer_options (question_id, correct_answer, answer_text)
VALUES ('304043104', FALSE, 'זה מבזבז זמן');

INSERT INTO answer_options (question_id, correct_answer, answer_text)
VALUES ('304043104', FALSE, 'זה מונע ממך לחשוב בעצמך');

INSERT INTO answer_options (question_id, correct_answer, answer_text)
VALUES ('304043104', FALSE, 'זה יכול לגרום לך לשנות דעה');

INSERT INTO questions (question_id, language_id, topic_id, c_grade_id, level, question_text, explanation, interesting_fact)
VALUES ('304043105', 1, 4043, 5, 5, 'מה הכוונה ב"לקחת אחריות"?', '', 'לקיחת אחריות היא חלק מהתפתחות האישיות והחברתית.') ON CONFLICT (question_id) DO UPDATE SET language_id = 1 ,topic_id= 4043,c_grade_id =5,level=5,question_text='מה הכוונה ב"לקחת אחריות"?',explanation='',interesting_fact='לקיחת אחריות היא חלק מהתפתחות האישיות והחברתית.';


INSERT INTO answer_options (question_id, correct_answer, answer_text)
VALUES ('304043105', TRUE, 'להיות מוכן להתמודד עם השלכות של מעשיך') ;

INSERT INTO answer_options (question_id, correct_answer, answer_text)
VALUES ('304043105', FALSE, 'לחפש מישהו אחר שיתמודד במקומך');

INSERT INTO answer_options (question_id, correct_answer, answer_text)
VALUES ('304043105', FALSE, 'להאשים אחרים בכשלונות');

INSERT INTO answer_options (question_id, correct_answer, answer_text)
VALUES ('304043105', FALSE, 'להתעלם מהבעיות');

INSERT INTO questions (question_id, language_id, topic_id, c_grade_id, level, question_text, explanation, interesting_fact)
VALUES ('304044101', 1, 4044, 1, 1, 'מהו חג השבועות?', '', 'בשבועות מקובל לאכול מאכלים מחלב.') ON CONFLICT (question_id) DO UPDATE SET language_id = 1 ,topic_id= 4044,c_grade_id =1,level=1,question_text='מהו חג השבועות?',explanation='',interesting_fact='בשבועות מקובל לאכול מאכלים מחלב.';


INSERT INTO answer_options (question_id, correct_answer, answer_text)
VALUES ('304044101', TRUE, 'חג זיכרון למתן תורה') ;

INSERT INTO answer_options (question_id, correct_answer, answer_text)
VALUES ('304044101', FALSE, 'חג האביב');

INSERT INTO answer_options (question_id, correct_answer, answer_text)
VALUES ('304044101', FALSE, 'חג הקציר');

INSERT INTO answer_options (question_id, correct_answer, answer_text)
VALUES ('304044101', FALSE, 'חג החורף');

INSERT INTO questions (question_id, language_id, topic_id, c_grade_id, level, question_text, explanation, interesting_fact)
VALUES ('304044102', 1, 4044, 2, 2, 'באיזה חג אנו אוכלים סופגניות?', '', 'סופגניות הן מתוק פופולרי בחנוכה.') ON CONFLICT (question_id) DO UPDATE SET language_id = 1 ,topic_id= 4044,c_grade_id =2,level=2,question_text='באיזה חג אנו אוכלים סופגניות?',explanation='',interesting_fact='סופגניות הן מתוק פופולרי בחנוכה.';


INSERT INTO answer_options (question_id, correct_answer, answer_text)
VALUES ('304044102', TRUE, 'חנוכה') ;

INSERT INTO answer_options (question_id, correct_answer, answer_text)
VALUES ('304044102', FALSE, 'פורים');

INSERT INTO answer_options (question_id, correct_answer, answer_text)
VALUES ('304044102', FALSE, 'פסח');

INSERT INTO answer_options (question_id, correct_answer, answer_text)
VALUES ('304044102', FALSE, 'יום כיפור');

INSERT INTO questions (question_id, language_id, topic_id, c_grade_id, level, question_text, explanation, interesting_fact)
VALUES ('304044103', 1, 4044, 3, 3, 'באיזה חג מסתובבים בלולב ואתרוג?', '', 'לולב ואתרוג הם סמלים מרכזיים בחג הסוכות.') ON CONFLICT (question_id) DO UPDATE SET language_id = 1 ,topic_id= 4044,c_grade_id =3,level=3,question_text='באיזה חג מסתובבים בלולב ואתרוג?',explanation='',interesting_fact='לולב ואתרוג הם סמלים מרכזיים בחג הסוכות.';


INSERT INTO answer_options (question_id, correct_answer, answer_text)
VALUES ('304044103', TRUE, 'סוכות') ;

INSERT INTO answer_options (question_id, correct_answer, answer_text)
VALUES ('304044103', FALSE, 'פסח');

INSERT INTO answer_options (question_id, correct_answer, answer_text)
VALUES ('304044103', FALSE, 'שבועות');

INSERT INTO answer_options (question_id, correct_answer, answer_text)
VALUES ('304044103', FALSE, 'ראש השנה');

INSERT INTO questions (question_id, language_id, topic_id, c_grade_id, level, question_text, explanation, interesting_fact)
VALUES ('304044104', 1, 4044, 4, 4, 'מהו המנהג המרכזי בחג פורים?', '', 'מגילת אסתר מספרת את סיפור חג הפורים.') ON CONFLICT (question_id) DO UPDATE SET language_id = 1 ,topic_id= 4044,c_grade_id =4,level=4,question_text='מהו המנהג המרכזי בחג פורים?',explanation='',interesting_fact='מגילת אסתר מספרת את סיפור חג הפורים.';


INSERT INTO answer_options (question_id, correct_answer, answer_text)
VALUES ('304044104', TRUE, 'לקרוא את מגילת אסתר') ;

INSERT INTO answer_options (question_id, correct_answer, answer_text)
VALUES ('304044104', FALSE, 'לאכול מצות');

INSERT INTO answer_options (question_id, correct_answer, answer_text)
VALUES ('304044104', FALSE, 'להדליק נרות');

INSERT INTO answer_options (question_id, correct_answer, answer_text)
VALUES ('304044104', FALSE, 'לשמוע שופר');

INSERT INTO questions (question_id, language_id, topic_id, c_grade_id, level, question_text, explanation, interesting_fact)
VALUES ('304044105', 1, 4044, 5, 5, 'איזה חג נחוג בחודש אביב ומסמל את החירות?', '', 'פסח מסמל את יציאת בני ישראל מעבדות לחירות.') ON CONFLICT (question_id) DO UPDATE SET language_id = 1 ,topic_id= 4044,c_grade_id =5,level=5,question_text='איזה חג נחוג בחודש אביב ומסמל את החירות?',explanation='',interesting_fact='פסח מסמל את יציאת בני ישראל מעבדות לחירות.';


INSERT INTO answer_options (question_id, correct_answer, answer_text)
VALUES ('304044105', TRUE, 'פסח') ;

INSERT INTO answer_options (question_id, correct_answer, answer_text)
VALUES ('304044105', FALSE, 'חנוכה');

INSERT INTO answer_options (question_id, correct_answer, answer_text)
VALUES ('304044105', FALSE, 'פורים');

INSERT INTO answer_options (question_id, correct_answer, answer_text)
VALUES ('304044105', FALSE, 'יום העצמאות');

INSERT INTO questions (question_id, language_id, topic_id, c_grade_id, level, question_text, explanation, interesting_fact)
VALUES ('304045101', 1, 4045, 1, 1, 'מהו הנהר הארוך ביותר בעולם?', '', 'הנהר האמזונס הוא הארוך בעולם ומשתרע על פני קרוב ל-7,000 קילומטר.') ON CONFLICT (question_id) DO UPDATE SET language_id = 1 ,topic_id= 4045,c_grade_id =1,level=1,question_text='מהו הנהר הארוך ביותר בעולם?',explanation='',interesting_fact='הנהר האמזונס הוא הארוך בעולם ומשתרע על פני קרוב ל-7,000 קילומטר.';


INSERT INTO answer_options (question_id, correct_answer, answer_text)
VALUES ('304045101', TRUE, 'הנהר האמזונס') ;

INSERT INTO answer_options (question_id, correct_answer, answer_text)
VALUES ('304045101', FALSE, 'הנהר הנילוס');

INSERT INTO answer_options (question_id, correct_answer, answer_text)
VALUES ('304045101', FALSE, 'הנהר המיסיסיפי');

INSERT INTO answer_options (question_id, correct_answer, answer_text)
VALUES ('304045101', FALSE, 'הנהר היאנגצה');

INSERT INTO questions (question_id, language_id, topic_id, c_grade_id, level, question_text, explanation, interesting_fact)
VALUES ('304045102', 1, 4045, 2, 2, 'איזה חיה נחשבת למהירה ביותר בעולם?', '', 'נמר הצ`יטה יכול לרוץ במהירות של עד 112 קמ"ש.') ON CONFLICT (question_id) DO UPDATE SET language_id = 1 ,topic_id= 4045,c_grade_id =2,level=2,question_text='איזה חיה נחשבת למהירה ביותר בעולם?',explanation='',interesting_fact='נמר הצ`יטה יכול לרוץ במהירות של עד 112 קמ"ש.';


INSERT INTO answer_options (question_id, correct_answer, answer_text)
VALUES ('304045102', TRUE, 'נמר הצ`יטה') ;

INSERT INTO answer_options (question_id, correct_answer, answer_text)
VALUES ('304045102', FALSE, 'הגזל');

INSERT INTO answer_options (question_id, correct_answer, answer_text)
VALUES ('304045102', FALSE, 'הציפור הפלמינגו');

INSERT INTO answer_options (question_id, correct_answer, answer_text)
VALUES ('304045102', FALSE, 'האריה');

INSERT INTO questions (question_id, language_id, topic_id, c_grade_id, level, question_text, explanation, interesting_fact)
VALUES ('304045103', 1, 4045, 3, 3, 'איזה גוף מים נחשב למלוח ביותר בעולם?', '', 'ים המלח הוא הגוף המימי המלוח ביותר על פני כדור הארץ.') ON CONFLICT (question_id) DO UPDATE SET language_id = 1 ,topic_id= 4045,c_grade_id =3,level=3,question_text='איזה גוף מים נחשב למלוח ביותר בעולם?',explanation='',interesting_fact='ים המלח הוא הגוף המימי המלוח ביותר על פני כדור הארץ.';


INSERT INTO answer_options (question_id, correct_answer, answer_text)
VALUES ('304045103', TRUE, 'ים המלח') ;

INSERT INTO answer_options (question_id, correct_answer, answer_text)
VALUES ('304045103', FALSE, 'הים התיכון');

INSERT INTO answer_options (question_id, correct_answer, answer_text)
VALUES ('304045103', FALSE, 'האוקיינוס האטלנטי');

INSERT INTO answer_options (question_id, correct_answer, answer_text)
VALUES ('304045103', FALSE, 'הים האדום');

INSERT INTO questions (question_id, language_id, topic_id, c_grade_id, level, question_text, explanation, interesting_fact)
VALUES ('304045104', 1, 4045, 4, 4, 'מהי ההר הגבוה בעולם?', '', 'הר אוורסט נמצא ברום של כ-8,848 מטרים מעל פני הים.') ON CONFLICT (question_id) DO UPDATE SET language_id = 1 ,topic_id= 4045,c_grade_id =4,level=4,question_text='מהי ההר הגבוה בעולם?',explanation='',interesting_fact='הר אוורסט נמצא ברום של כ-8,848 מטרים מעל פני הים.';


INSERT INTO answer_options (question_id, correct_answer, answer_text)
VALUES ('304045104', TRUE, 'הר אוורסט') ;

INSERT INTO answer_options (question_id, correct_answer, answer_text)
VALUES ('304045104', FALSE, 'הר קילימנג`רו');

INSERT INTO answer_options (question_id, correct_answer, answer_text)
VALUES ('304045104', FALSE, 'הר מקינלי');

INSERT INTO answer_options (question_id, correct_answer, answer_text)
VALUES ('304045104', FALSE, 'הר פוג`י');

INSERT INTO questions (question_id, language_id, topic_id, c_grade_id, level, question_text, explanation, interesting_fact)
VALUES ('304045105', 1, 4045, 5, 5, 'איזה מינרל ידוע בצבעו הירוק העמוק?', '', 'ירוקת נחשבת לאבן יקרה ומיוחסת לעושר ולמלכות.') ON CONFLICT (question_id) DO UPDATE SET language_id = 1 ,topic_id= 4045,c_grade_id =5,level=5,question_text='איזה מינרל ידוע בצבעו הירוק העמוק?',explanation='',interesting_fact='ירוקת נחשבת לאבן יקרה ומיוחסת לעושר ולמלכות.';


INSERT INTO answer_options (question_id, correct_answer, answer_text)
VALUES ('304045105', TRUE, 'ירוקת') ;

INSERT INTO answer_options (question_id, correct_answer, answer_text)
VALUES ('304045105', FALSE, 'יהלום');

INSERT INTO answer_options (question_id, correct_answer, answer_text)
VALUES ('304045105', FALSE, 'רובי');

INSERT INTO answer_options (question_id, correct_answer, answer_text)
VALUES ('304045105', FALSE, 'ספיר');

INSERT INTO questions (question_id, language_id, topic_id, c_grade_id, level, question_text, explanation, interesting_fact)
VALUES ('304046101', 1, 4046, 1, 1, 'באיזה סוג סרטים משחקים בדרך כלל דמויות מתוך סיפורים ואגדות?', '', 'סרטי פנטזיה לעיתים קרובות מתרחשים בעולמות דמיוניים.') ON CONFLICT (question_id) DO UPDATE SET language_id = 1 ,topic_id= 4046,c_grade_id =1,level=1,question_text='באיזה סוג סרטים משחקים בדרך כלל דמויות מתוך סיפורים ואגדות?',explanation='',interesting_fact='סרטי פנטזיה לעיתים קרובות מתרחשים בעולמות דמיוניים.';


INSERT INTO answer_options (question_id, correct_answer, answer_text)
VALUES ('304046101', TRUE, 'סרטי פנטזיה') ;

INSERT INTO answer_options (question_id, correct_answer, answer_text)
VALUES ('304046101', FALSE, 'סרטי מדע בדיוני');

INSERT INTO answer_options (question_id, correct_answer, answer_text)
VALUES ('304046101', FALSE, 'סרטי אימה');

INSERT INTO answer_options (question_id, correct_answer, answer_text)
VALUES ('304046101', FALSE, 'סרטים דוקומנטריים');

INSERT INTO questions (question_id, language_id, topic_id, c_grade_id, level, question_text, explanation, interesting_fact)
VALUES ('304046102', 1, 4046, 2, 2, 'איזה סרט הוא סרט דוקומנטרי?', '', 'סרטים דוקומנטריים מציגים נושאים מהחיים האמיתיים.') ON CONFLICT (question_id) DO UPDATE SET language_id = 1 ,topic_id= 4046,c_grade_id =2,level=2,question_text='איזה סרט הוא סרט דוקומנטרי?',explanation='',interesting_fact='סרטים דוקומנטריים מציגים נושאים מהחיים האמיתיים.';


INSERT INTO answer_options (question_id, correct_answer, answer_text)
VALUES ('304046102', TRUE, 'סרט המתעד אירועים אמיתיים') ;

INSERT INTO answer_options (question_id, correct_answer, answer_text)
VALUES ('304046102', FALSE, 'סרט על חייזרים');

INSERT INTO answer_options (question_id, correct_answer, answer_text)
VALUES ('304046102', FALSE, 'סרט על סופרהירואים');

INSERT INTO answer_options (question_id, correct_answer, answer_text)
VALUES ('304046102', FALSE, 'סרט פנטזיה');

INSERT INTO questions (question_id, language_id, topic_id, c_grade_id, level, question_text, explanation, interesting_fact)
VALUES ('304046103', 1, 4046, 3, 3, 'מהי תכלית הסאונדטרק בסרט?', '', 'הסאונדטרק יכול לשפר את התחושה והאווירה בסרט.') ON CONFLICT (question_id) DO UPDATE SET language_id = 1 ,topic_id= 4046,c_grade_id =3,level=3,question_text='מהי תכלית הסאונדטרק בסרט?',explanation='',interesting_fact='הסאונדטרק יכול לשפר את התחושה והאווירה בסרט.';


INSERT INTO answer_options (question_id, correct_answer, answer_text)
VALUES ('304046103', TRUE, 'להעשיר את החוויה הקולנועית') ;

INSERT INTO answer_options (question_id, correct_answer, answer_text)
VALUES ('304046103', FALSE, 'לספר את הסיפור');

INSERT INTO answer_options (question_id, correct_answer, answer_text)
VALUES ('304046103', FALSE, 'להציג את השחקנים');

INSERT INTO answer_options (question_id, correct_answer, answer_text)
VALUES ('304046103', FALSE, 'לצלם את הסצנות');

INSERT INTO questions (question_id, language_id, topic_id, c_grade_id, level, question_text, explanation, interesting_fact)
VALUES ('304046104', 1, 4046, 4, 4, 'מהי תפקידה של עריכה בסרט?', '', 'עריכה טובה יכולה לשנות את קצב הסרט ולשפר את הסיפור.') ON CONFLICT (question_id) DO UPDATE SET language_id = 1 ,topic_id= 4046,c_grade_id =4,level=4,question_text='מהי תפקידה של עריכה בסרט?',explanation='',interesting_fact='עריכה טובה יכולה לשנות את קצב הסרט ולשפר את הסיפור.';


INSERT INTO answer_options (question_id, correct_answer, answer_text)
VALUES ('304046104', TRUE, 'לחבר ולעצב את הסצנות לסיפור מושלם') ;

INSERT INTO answer_options (question_id, correct_answer, answer_text)
VALUES ('304046104', FALSE, 'להציג את הסיפור');

INSERT INTO answer_options (question_id, correct_answer, answer_text)
VALUES ('304046104', FALSE, 'לכתוב את התסריט');

INSERT INTO answer_options (question_id, correct_answer, answer_text)
VALUES ('304046104', FALSE, 'להנחות את השחקנים');

INSERT INTO questions (question_id, language_id, topic_id, c_grade_id, level, question_text, explanation, interesting_fact)
VALUES ('304046105', 1, 4046, 5, 5, 'מהו תפקיד המפיק ביצירת סרט?', '', 'מפיקים דואגים למימון, לוגיסטיקה ולניהול כללי של הפרויקט.') ON CONFLICT (question_id) DO UPDATE SET language_id = 1 ,topic_id= 4046,c_grade_id =5,level=5,question_text='מהו תפקיד המפיק ביצירת סרט?',explanation='',interesting_fact='מפיקים דואגים למימון, לוגיסטיקה ולניהול כללי של הפרויקט.';


INSERT INTO answer_options (question_id, correct_answer, answer_text)
VALUES ('304046105', TRUE, 'לנהל את ההפקה ולספק משאבים') ;

INSERT INTO answer_options (question_id, correct_answer, answer_text)
VALUES ('304046105', FALSE, 'לביים את הסרט');

INSERT INTO answer_options (question_id, correct_answer, answer_text)
VALUES ('304046105', FALSE, 'לכתוב את התסריט');

INSERT INTO answer_options (question_id, correct_answer, answer_text)
VALUES ('304046105', FALSE, 'לערוך את הסרט');

INSERT INTO questions (question_id, language_id, topic_id, c_grade_id, level, question_text, explanation, interesting_fact)
VALUES ('304047101', 1, 4047, 1, 1, 'מהי תפקידה של מדיח כלים?', '', 'המדיח הראשון הומצא בשנת 1886 על ידי ג`וזףין כח.') ON CONFLICT (question_id) DO UPDATE SET language_id = 1 ,topic_id= 4047,c_grade_id =1,level=1,question_text='מהי תפקידה של מדיח כלים?',explanation='',interesting_fact='המדיח הראשון הומצא בשנת 1886 על ידי ג`וזףין כח.';


INSERT INTO answer_options (question_id, correct_answer, answer_text)
VALUES ('304047101', TRUE, 'לנקות ולחטא כלים') ;

INSERT INTO answer_options (question_id, correct_answer, answer_text)
VALUES ('304047101', FALSE, 'לבשל אוכל');

INSERT INTO answer_options (question_id, correct_answer, answer_text)
VALUES ('304047101', FALSE, 'לקרר מזון');

INSERT INTO answer_options (question_id, correct_answer, answer_text)
VALUES ('304047101', FALSE, 'לייבש בגדים');

INSERT INTO questions (question_id, language_id, topic_id, c_grade_id, level, question_text, explanation, interesting_fact)
VALUES ('304047102', 1, 4047, 2, 2, 'למה משמשת מכונת קפה?', '', 'מכונות קפה החשמליות הראשונות הומצאו בתחילת המאה ה-20.') ON CONFLICT (question_id) DO UPDATE SET language_id = 1 ,topic_id= 4047,c_grade_id =2,level=2,question_text='למה משמשת מכונת קפה?',explanation='',interesting_fact='מכונות קפה החשמליות הראשונות הומצאו בתחילת המאה ה-20.';


INSERT INTO answer_options (question_id, correct_answer, answer_text)
VALUES ('304047102', TRUE, 'להכין קפה') ;

INSERT INTO answer_options (question_id, correct_answer, answer_text)
VALUES ('304047102', FALSE, 'לחמם מים');

INSERT INTO answer_options (question_id, correct_answer, answer_text)
VALUES ('304047102', FALSE, 'לבשל אוכל');

INSERT INTO answer_options (question_id, correct_answer, answer_text)
VALUES ('304047102', FALSE, 'לנקות כלים');

INSERT INTO questions (question_id, language_id, topic_id, c_grade_id, level, question_text, explanation, interesting_fact)
VALUES ('304047103', 1, 4047, 3, 3, 'מהו תפקידו של טלוויזיה?', '', 'הטלוויזיה הראשונה הוצגה לציבור בשנת 1927.') ON CONFLICT (question_id) DO UPDATE SET language_id = 1 ,topic_id= 4047,c_grade_id =3,level=3,question_text='מהו תפקידו של טלוויזיה?',explanation='',interesting_fact='הטלוויזיה הראשונה הוצגה לציבור בשנת 1927.';


INSERT INTO answer_options (question_id, correct_answer, answer_text)
VALUES ('304047103', TRUE, 'להציג תוכניות וסרטים') ;

INSERT INTO answer_options (question_id, correct_answer, answer_text)
VALUES ('304047103', FALSE, 'להשמיע מוזיקה');

INSERT INTO answer_options (question_id, correct_answer, answer_text)
VALUES ('304047103', FALSE, 'לחמם את החדר');

INSERT INTO answer_options (question_id, correct_answer, answer_text)
VALUES ('304047103', FALSE, 'לקרר את החדר');

INSERT INTO questions (question_id, language_id, topic_id, c_grade_id, level, question_text, explanation, interesting_fact)
VALUES ('304047104', 1, 4047, 4, 4, 'למה משמש מקרר?', '', 'המקרר החשמלי הראשון הומצא בשנת 1913.') ON CONFLICT (question_id) DO UPDATE SET language_id = 1 ,topic_id= 4047,c_grade_id =4,level=4,question_text='למה משמש מקרר?',explanation='',interesting_fact='המקרר החשמלי הראשון הומצא בשנת 1913.';


INSERT INTO answer_options (question_id, correct_answer, answer_text)
VALUES ('304047104', TRUE, 'לשמור על האוכל קר וטרי') ;

INSERT INTO answer_options (question_id, correct_answer, answer_text)
VALUES ('304047104', FALSE, 'לחמם אוכל');

INSERT INTO answer_options (question_id, correct_answer, answer_text)
VALUES ('304047104', FALSE, 'לבשל אוכל');

INSERT INTO answer_options (question_id, correct_answer, answer_text)
VALUES ('304047104', FALSE, 'לייבש בגדים');

INSERT INTO questions (question_id, language_id, topic_id, c_grade_id, level, question_text, explanation, interesting_fact)
VALUES ('304047105', 1, 4047, 5, 5, 'איזה מכשיר חשמלי משמש לערוך את השיער?', '', 'המייבש החשמלי הראשון הומצא בשנת 1890.') ON CONFLICT (question_id) DO UPDATE SET language_id = 1 ,topic_id= 4047,c_grade_id =5,level=5,question_text='איזה מכשיר חשמלי משמש לערוך את השיער?',explanation='',interesting_fact='המייבש החשמלי הראשון הומצא בשנת 1890.';


INSERT INTO answer_options (question_id, correct_answer, answer_text)
VALUES ('304047105', TRUE, 'מייבש שיער') ;

INSERT INTO answer_options (question_id, correct_answer, answer_text)
VALUES ('304047105', FALSE, 'טלוויזיה');

INSERT INTO answer_options (question_id, correct_answer, answer_text)
VALUES ('304047105', FALSE, 'מדיח כלים');

INSERT INTO answer_options (question_id, correct_answer, answer_text)
VALUES ('304047105', FALSE, 'מקרר');

INSERT INTO questions (question_id, language_id, topic_id, c_grade_id, level, question_text, explanation, interesting_fact)
VALUES ('304048101', 1, 4048, 1, 1, 'באיזו חומר בנו בתים בימים העתיקים?', '', 'בתים עתיקים רבים עדיין עומדים הודות לחומרי הבנייה העמידים.') ON CONFLICT (question_id) DO UPDATE SET language_id = 1 ,topic_id= 4048,c_grade_id =1,level=1,question_text='באיזו חומר בנו בתים בימים העתיקים?',explanation='',interesting_fact='בתים עתיקים רבים עדיין עומדים הודות לחומרי הבנייה העמידים.';


INSERT INTO answer_options (question_id, correct_answer, answer_text)
VALUES ('304048101', TRUE, 'אבנים ולבנים') ;

INSERT INTO answer_options (question_id, correct_answer, answer_text)
VALUES ('304048101', FALSE, 'בטון');

INSERT INTO answer_options (question_id, correct_answer, answer_text)
VALUES ('304048101', FALSE, 'פלסטיק');

INSERT INTO answer_options (question_id, correct_answer, answer_text)
VALUES ('304048101', FALSE, 'זכוכית');

INSERT INTO questions (question_id, language_id, topic_id, c_grade_id, level, question_text, explanation, interesting_fact)
VALUES ('304048102', 1, 4048, 2, 2, 'מה היו אוכלים בימים העתיקים?', '', 'האנשים בימים העתיקים אכלו מזון שקטפו או צדו בעצמם.') ON CONFLICT (question_id) DO UPDATE SET language_id = 1 ,topic_id= 4048,c_grade_id =2,level=2,question_text='מה היו אוכלים בימים העתיקים?',explanation='',interesting_fact='האנשים בימים העתיקים אכלו מזון שקטפו או צדו בעצמם.';


INSERT INTO answer_options (question_id, correct_answer, answer_text)
VALUES ('304048102', TRUE, 'ירקות, פירות, בשר ודגים') ;

INSERT INTO answer_options (question_id, correct_answer, answer_text)
VALUES ('304048102', FALSE, 'מזון מהיר');

INSERT INTO answer_options (question_id, correct_answer, answer_text)
VALUES ('304048102', FALSE, 'ממתקים');

INSERT INTO answer_options (question_id, correct_answer, answer_text)
VALUES ('304048102', FALSE, 'מאכלים משומרים');

INSERT INTO questions (question_id, language_id, topic_id, c_grade_id, level, question_text, explanation, interesting_fact)
VALUES ('304048103', 1, 4048, 3, 3, 'איך נוסעים היו מתקדמים ממקום למקום?', '', 'סוסים ועגלות היו אמצעי תחבורה נפוצים בעת העתיקה.') ON CONFLICT (question_id) DO UPDATE SET language_id = 1 ,topic_id= 4048,c_grade_id =3,level=3,question_text='איך נוסעים היו מתקדמים ממקום למקום?',explanation='',interesting_fact='סוסים ועגלות היו אמצעי תחבורה נפוצים בעת העתיקה.';


INSERT INTO answer_options (question_id, correct_answer, answer_text)
VALUES ('304048103', TRUE, 'ברגל, על גבי סוסים או בעגלות') ;

INSERT INTO answer_options (question_id, correct_answer, answer_text)
VALUES ('304048103', FALSE, 'ברכבות');

INSERT INTO answer_options (question_id, correct_answer, answer_text)
VALUES ('304048103', FALSE, 'במטוסים');

INSERT INTO answer_options (question_id, correct_answer, answer_text)
VALUES ('304048103', FALSE, 'באוטובוסים');

INSERT INTO questions (question_id, language_id, topic_id, c_grade_id, level, question_text, explanation, interesting_fact)
VALUES ('304048104', 1, 4048, 4, 4, 'איזו חיה הייתה מקודשת במצרים העתיקה?', '', 'חתולים היו מקודשים במצרים העתיקה ואף הוקברו עם מלכים.') ON CONFLICT (question_id) DO UPDATE SET language_id = 1 ,topic_id= 4048,c_grade_id =4,level=4,question_text='איזו חיה הייתה מקודשת במצרים העתיקה?',explanation='',interesting_fact='חתולים היו מקודשים במצרים העתיקה ואף הוקברו עם מלכים.';


INSERT INTO answer_options (question_id, correct_answer, answer_text)
VALUES ('304048104', TRUE, 'החתול') ;

INSERT INTO answer_options (question_id, correct_answer, answer_text)
VALUES ('304048104', FALSE, 'הכלב');

INSERT INTO answer_options (question_id, correct_answer, answer_text)
VALUES ('304048104', FALSE, 'הפיל');

INSERT INTO answer_options (question_id, correct_answer, answer_text)
VALUES ('304048104', FALSE, 'העכבר');

INSERT INTO questions (question_id, language_id, topic_id, c_grade_id, level, question_text, explanation, interesting_fact)
VALUES ('304048105', 1, 4048, 5, 5, 'מה היו משתמשים לכתיבה בימים העתיקים?', '', 'עטי הנוצה היו נפוצים בעיקר בימי הביניים.') ON CONFLICT (question_id) DO UPDATE SET language_id = 1 ,topic_id= 4048,c_grade_id =5,level=5,question_text='מה היו משתמשים לכתיבה בימים העתיקים?',explanation='',interesting_fact='עטי הנוצה היו נפוצים בעיקר בימי הביניים.';


INSERT INTO answer_options (question_id, correct_answer, answer_text)
VALUES ('304048105', TRUE, 'עט נוצה ודיו') ;

INSERT INTO answer_options (question_id, correct_answer, answer_text)
VALUES ('304048105', FALSE, 'עט כדורי');

INSERT INTO answer_options (question_id, correct_answer, answer_text)
VALUES ('304048105', FALSE, 'מחשב');

INSERT INTO answer_options (question_id, correct_answer, answer_text)
VALUES ('304048105', FALSE, 'טלפון נייד');

INSERT INTO questions (question_id, language_id, topic_id, c_grade_id, level, question_text, explanation, interesting_fact)
VALUES ('304049101', 1, 4049, 1, 1, 'איזה בעל חיים נקרא "מלך הים"?', '', 'הכריש הלבן נחשב לאחד מהציידים העליונים בים.') ON CONFLICT (question_id) DO UPDATE SET language_id = 1 ,topic_id= 4049,c_grade_id =1,level=1,question_text='איזה בעל חיים נקרא "מלך הים"?',explanation='',interesting_fact='הכריש הלבן נחשב לאחד מהציידים העליונים בים.';


INSERT INTO answer_options (question_id, correct_answer, answer_text)
VALUES ('304049101', TRUE, 'הכריש הלבן') ;

INSERT INTO answer_options (question_id, correct_answer, answer_text)
VALUES ('304049101', FALSE, 'הדולפין');

INSERT INTO answer_options (question_id, correct_answer, answer_text)
VALUES ('304049101', FALSE, 'התמנון');

INSERT INTO answer_options (question_id, correct_answer, answer_text)
VALUES ('304049101', FALSE, 'הלווייתן הכחול');

INSERT INTO questions (question_id, language_id, topic_id, c_grade_id, level, question_text, explanation, interesting_fact)
VALUES ('304049102', 1, 4049, 2, 2, 'מהו תפקיד זיפים בגוף הסרטן?', '', 'זיפים משמשים את הסרטנים לתחושה ולהגנה מפני טורפים.') ON CONFLICT (question_id) DO UPDATE SET language_id = 1 ,topic_id= 4049,c_grade_id =2,level=2,question_text='מהו תפקיד זיפים בגוף הסרטן?',explanation='',interesting_fact='זיפים משמשים את הסרטנים לתחושה ולהגנה מפני טורפים.';


INSERT INTO answer_options (question_id, correct_answer, answer_text)
VALUES ('304049102', TRUE, 'הגנה ותחושה') ;

INSERT INTO answer_options (question_id, correct_answer, answer_text)
VALUES ('304049102', FALSE, 'הנקה');

INSERT INTO answer_options (question_id, correct_answer, answer_text)
VALUES ('304049102', FALSE, 'הזנה');

INSERT INTO answer_options (question_id, correct_answer, answer_text)
VALUES ('304049102', FALSE, 'נשימה');

INSERT INTO questions (question_id, language_id, topic_id, c_grade_id, level, question_text, explanation, interesting_fact)
VALUES ('304049103', 1, 4049, 3, 3, 'באיזה חיה ימית מצוי חומצה מיוחדת שגורמת לה להאיר?', '', 'דייגי מעמקים משתמשים באור למשיכת טרף ולהסוואה.') ON CONFLICT (question_id) DO UPDATE SET language_id = 1 ,topic_id= 4049,c_grade_id =3,level=3,question_text='באיזה חיה ימית מצוי חומצה מיוחדת שגורמת לה להאיר?',explanation='',interesting_fact='דייגי מעמקים משתמשים באור למשיכת טרף ולהסוואה.';


INSERT INTO answer_options (question_id, correct_answer, answer_text)
VALUES ('304049103', TRUE, 'דייג מעמקים') ;

INSERT INTO answer_options (question_id, correct_answer, answer_text)
VALUES ('304049103', FALSE, 'כריש טיגריס');

INSERT INTO answer_options (question_id, correct_answer, answer_text)
VALUES ('304049103', FALSE, 'פוקסית ים');

INSERT INTO answer_options (question_id, correct_answer, answer_text)
VALUES ('304049103', FALSE, 'קוף ים');

INSERT INTO questions (question_id, language_id, topic_id, c_grade_id, level, question_text, explanation, interesting_fact)
VALUES ('304049104', 1, 4049, 4, 4, 'איזו חיה ימית יכולה לשנות את צבעה?', '', 'התמנון משתמש ביכולת לשנות צבע להסוואה ולתקשורת.') ON CONFLICT (question_id) DO UPDATE SET language_id = 1 ,topic_id= 4049,c_grade_id =4,level=4,question_text='איזו חיה ימית יכולה לשנות את צבעה?',explanation='',interesting_fact='התמנון משתמש ביכולת לשנות צבע להסוואה ולתקשורת.';


INSERT INTO answer_options (question_id, correct_answer, answer_text)
VALUES ('304049104', TRUE, 'התמנון') ;

INSERT INTO answer_options (question_id, correct_answer, answer_text)
VALUES ('304049104', FALSE, 'הלווייתן');

INSERT INTO answer_options (question_id, correct_answer, answer_text)
VALUES ('304049104', FALSE, 'הסוסון הימי');

INSERT INTO answer_options (question_id, correct_answer, answer_text)
VALUES ('304049104', FALSE, 'החסילון');

INSERT INTO questions (question_id, language_id, topic_id, c_grade_id, level, question_text, explanation, interesting_fact)
VALUES ('304049105', 1, 4049, 5, 5, 'איזה בעל חיים חי בריפי אלמוגים וידוע בצבעים בהירים?', '', 'דגים טרופיים מצויים בשפע בריפי אלמוגים ומתהדרים בצבעים בהירים.') ON CONFLICT (question_id) DO UPDATE SET language_id = 1 ,topic_id= 4049,c_grade_id =5,level=5,question_text='איזה בעל חיים חי בריפי אלמוגים וידוע בצבעים בהירים?',explanation='',interesting_fact='דגים טרופיים מצויים בשפע בריפי אלמוגים ומתהדרים בצבעים בהירים.';


INSERT INTO answer_options (question_id, correct_answer, answer_text)
VALUES ('304049105', TRUE, 'הדג הטרופי') ;

INSERT INTO answer_options (question_id, correct_answer, answer_text)
VALUES ('304049105', FALSE, 'הכריש');

INSERT INTO answer_options (question_id, correct_answer, answer_text)
VALUES ('304049105', FALSE, 'הלווייתן');

INSERT INTO answer_options (question_id, correct_answer, answer_text)
VALUES ('304049105', FALSE, 'המדוזה');

INSERT INTO questions (question_id, language_id, topic_id, c_grade_id, level, question_text, explanation, interesting_fact)
VALUES ('304050101', 1, 4050, 1, 1, 'מהי המהירות המרבית המותרת ברוב הרחובות בעיר?', '', 'במדינות רבות, המהירות המרבית בעיר נקבעת כדי להבטיח בטיחות של הולכי רגל.') ON CONFLICT (question_id) DO UPDATE SET language_id = 1 ,topic_id= 4050,c_grade_id =1,level=1,question_text='מהי המהירות המרבית המותרת ברוב הרחובות בעיר?',explanation='',interesting_fact='במדינות רבות, המהירות המרבית בעיר נקבעת כדי להבטיח בטיחות של הולכי רגל.';


INSERT INTO answer_options (question_id, correct_answer, answer_text)
VALUES ('304050101', TRUE, '50 קמ"ש') ;

INSERT INTO answer_options (question_id, correct_answer, answer_text)
VALUES ('304050101', FALSE, '30 קמ"ש');

INSERT INTO answer_options (question_id, correct_answer, answer_text)
VALUES ('304050101', FALSE, '70 קמ"ש');

INSERT INTO answer_options (question_id, correct_answer, answer_text)
VALUES ('304050101', FALSE, '90 קמ"ש');

INSERT INTO questions (question_id, language_id, topic_id, c_grade_id, level, question_text, explanation, interesting_fact)
VALUES ('304050102', 1, 4050, 2, 2, 'מה תפקידו של רמזור?', '', 'הרמזור הראשון הוצב בלונדון בשנת 1868.') ON CONFLICT (question_id) DO UPDATE SET language_id = 1 ,topic_id= 4050,c_grade_id =2,level=2,question_text='מה תפקידו של רמזור?',explanation='',interesting_fact='הרמזור הראשון הוצב בלונדון בשנת 1868.';


INSERT INTO answer_options (question_id, correct_answer, answer_text)
VALUES ('304050102', TRUE, 'לסדר את זרימת התעבורה') ;

INSERT INTO answer_options (question_id, correct_answer, answer_text)
VALUES ('304050102', FALSE, 'להדריך טייסים');

INSERT INTO answer_options (question_id, correct_answer, answer_text)
VALUES ('304050102', FALSE, 'לסמן מקומות חניה');

INSERT INTO answer_options (question_id, correct_answer, answer_text)
VALUES ('304050102', FALSE, 'להורות על מגבלת מהירות');

INSERT INTO questions (question_id, language_id, topic_id, c_grade_id, level, question_text, explanation, interesting_fact)
VALUES ('304050103', 1, 4050, 3, 3, 'מהו חגורת בטיחות?', '', 'חגורות בטיחות הפחיתו משמעותית את מספר הפצועים וההרוגים בתאונות דרכים.') ON CONFLICT (question_id) DO UPDATE SET language_id = 1 ,topic_id= 4050,c_grade_id =3,level=3,question_text='מהו חגורת בטיחות?',explanation='',interesting_fact='חגורות בטיחות הפחיתו משמעותית את מספר הפצועים וההרוגים בתאונות דרכים.';


INSERT INTO answer_options (question_id, correct_answer, answer_text)
VALUES ('304050103', TRUE, 'חגורה ברכב המגינה על הנוסע בעת תאונה') ;

INSERT INTO answer_options (question_id, correct_answer, answer_text)
VALUES ('304050103', FALSE, 'חלק מהרכב');

INSERT INTO answer_options (question_id, correct_answer, answer_text)
VALUES ('304050103', FALSE, 'מכשיר נגינה');

INSERT INTO answer_options (question_id, correct_answer, answer_text)
VALUES ('304050103', FALSE, 'כלי עבודה');

INSERT INTO questions (question_id, language_id, topic_id, c_grade_id, level, question_text, explanation, interesting_fact)
VALUES ('304050104', 1, 4050, 4, 4, 'למה משמש השילוט "עצור"?', '', 'שלטי "עצור" נועדו למנוע תאונות על ידי נתינת זכות קדימה.') ON CONFLICT (question_id) DO UPDATE SET language_id = 1 ,topic_id= 4050,c_grade_id =4,level=4,question_text='למה משמש השילוט "עצור"?',explanation='',interesting_fact='שלטי "עצור" נועדו למנוע תאונות על ידי נתינת זכות קדימה.';


INSERT INTO answer_options (question_id, correct_answer, answer_text)
VALUES ('304050104', TRUE, 'להורות לנהגים לעצור לפני צומת') ;

INSERT INTO answer_options (question_id, correct_answer, answer_text)
VALUES ('304050104', FALSE, 'לסמן את המהירות המותרת');

INSERT INTO answer_options (question_id, correct_answer, answer_text)
VALUES ('304050104', FALSE, 'להראות דרך מומלצת');

INSERT INTO answer_options (question_id, correct_answer, answer_text)
VALUES ('304050104', FALSE, 'לסמן מקום חניה');

INSERT INTO questions (question_id, language_id, topic_id, c_grade_id, level, question_text, explanation, interesting_fact)
VALUES ('304050105', 1, 4050, 5, 5, 'מה תפקידו של מעבר חציה?', '', 'מעברי חציה נועדו להבטיח את בטיחות הולכי הרגל בעת חציית כבישים.') ON CONFLICT (question_id) DO UPDATE SET language_id = 1 ,topic_id= 4050,c_grade_id =5,level=5,question_text='מה תפקידו של מעבר חציה?',explanation='',interesting_fact='מעברי חציה נועדו להבטיח את בטיחות הולכי הרגל בעת חציית כבישים.';


INSERT INTO answer_options (question_id, correct_answer, answer_text)
VALUES ('304050105', TRUE, 'לאפשר להולכי רגל לחצות את הכביש בבטחה') ;

INSERT INTO answer_options (question_id, correct_answer, answer_text)
VALUES ('304050105', FALSE, 'לסמן שביל אופניים');

INSERT INTO answer_options (question_id, correct_answer, answer_text)
VALUES ('304050105', FALSE, 'להדריך תנועת רכבת');

INSERT INTO answer_options (question_id, correct_answer, answer_text)
VALUES ('304050105', FALSE, 'לסמן מקום חניה לנכים');

INSERT INTO questions (question_id, language_id, topic_id, c_grade_id, level, question_text, explanation, interesting_fact)
VALUES ('304051101', 1, 4051, 1, 1, 'מהו התפקיד העיקרי של עלים בעץ?', '', 'הפוטוסינתזה בעלים מאפשרת לעץ להפיק חומר אורגני מאור השמש.') ON CONFLICT (question_id) DO UPDATE SET language_id = 1 ,topic_id= 4051,c_grade_id =1,level=1,question_text='מהו התפקיד העיקרי של עלים בעץ?',explanation='',interesting_fact='הפוטוסינתזה בעלים מאפשרת לעץ להפיק חומר אורגני מאור השמש.';


INSERT INTO answer_options (question_id, correct_answer, answer_text)
VALUES ('304051101', TRUE, 'לבצע פוטוסינתזה') ;

INSERT INTO answer_options (question_id, correct_answer, answer_text)
VALUES ('304051101', FALSE, 'להגן על העץ מפני חרקים');

INSERT INTO answer_options (question_id, correct_answer, answer_text)
VALUES ('304051101', FALSE, 'להניע מים מהשורשים');

INSERT INTO answer_options (question_id, correct_answer, answer_text)
VALUES ('304051101', FALSE, 'להפיק פירות');

INSERT INTO questions (question_id, language_id, topic_id, c_grade_id, level, question_text, explanation, interesting_fact)
VALUES ('304051102', 1, 4051, 2, 2, 'איך נקרא החלק החיצוני של גזע העץ?', '', 'הקליפה מגנה על העץ ותומכת בו, ובנוסף משמשת להובלת מים ומינרלים.') ON CONFLICT (question_id) DO UPDATE SET language_id = 1 ,topic_id= 4051,c_grade_id =2,level=2,question_text='איך נקרא החלק החיצוני של גזע העץ?',explanation='',interesting_fact='הקליפה מגנה על העץ ותומכת בו, ובנוסף משמשת להובלת מים ומינרלים.';


INSERT INTO answer_options (question_id, correct_answer, answer_text)
VALUES ('304051102', TRUE, 'קליפה') ;

INSERT INTO answer_options (question_id, correct_answer, answer_text)
VALUES ('304051102', FALSE, 'פרח');

INSERT INTO answer_options (question_id, correct_answer, answer_text)
VALUES ('304051102', FALSE, 'שורש');

INSERT INTO answer_options (question_id, correct_answer, answer_text)
VALUES ('304051102', FALSE, 'ענף');

INSERT INTO questions (question_id, language_id, topic_id, c_grade_id, level, question_text, explanation, interesting_fact)
VALUES ('304051103', 1, 4051, 3, 3, 'למה משמש יער?', '', 'יערות מספקים חמצן ומהווים מערכת אקולוגית מורכבת למגוון רחב של יצורים.') ON CONFLICT (question_id) DO UPDATE SET language_id = 1 ,topic_id= 4051,c_grade_id =3,level=3,question_text='למה משמש יער?',explanation='',interesting_fact='יערות מספקים חמצן ומהווים מערכת אקולוגית מורכבת למגוון רחב של יצורים.';


INSERT INTO answer_options (question_id, correct_answer, answer_text)
VALUES ('304051103', TRUE, 'מקור לחמצן ובית גידול לחיות') ;

INSERT INTO answer_options (question_id, correct_answer, answer_text)
VALUES ('304051103', FALSE, 'מקום לקניות');

INSERT INTO answer_options (question_id, correct_answer, answer_text)
VALUES ('304051103', FALSE, 'אזור להשקיה');

INSERT INTO answer_options (question_id, correct_answer, answer_text)
VALUES ('304051103', FALSE, 'שדה למשחקי כדור');

INSERT INTO questions (question_id, language_id, topic_id, c_grade_id, level, question_text, explanation, interesting_fact)
VALUES ('304051104', 1, 4051, 4, 4, 'מהו השם של צמח שהוא גם סמל למדינת ישראל?', '', 'עץ הזית מסמל שלום והוא חלק חשוב בנוף ובתרבות של ישראל.') ON CONFLICT (question_id) DO UPDATE SET language_id = 1 ,topic_id= 4051,c_grade_id =4,level=4,question_text='מהו השם של צמח שהוא גם סמל למדינת ישראל?',explanation='',interesting_fact='עץ הזית מסמל שלום והוא חלק חשוב בנוף ובתרבות של ישראל.';


INSERT INTO answer_options (question_id, correct_answer, answer_text)
VALUES ('304051104', TRUE, 'זית') ;

INSERT INTO answer_options (question_id, correct_answer, answer_text)
VALUES ('304051104', FALSE, 'תפוח');

INSERT INTO answer_options (question_id, correct_answer, answer_text)
VALUES ('304051104', FALSE, 'תפוז');

INSERT INTO answer_options (question_id, correct_answer, answer_text)
VALUES ('304051104', FALSE, 'אגס');

INSERT INTO questions (question_id, language_id, topic_id, c_grade_id, level, question_text, explanation, interesting_fact)
VALUES ('304051105', 1, 4051, 5, 5, 'איזה סוג עץ נפוץ בישראל?', '', 'האלון הוא אחד העצים הנפוצים ביערות ישראל ומאפיין את הנוף הגלילי והכרמלי.') ON CONFLICT (question_id) DO UPDATE SET language_id = 1 ,topic_id= 4051,c_grade_id =5,level=5,question_text='איזה סוג עץ נפוץ בישראל?',explanation='',interesting_fact='האלון הוא אחד העצים הנפוצים ביערות ישראל ומאפיין את הנוף הגלילי והכרמלי.';


INSERT INTO answer_options (question_id, correct_answer, answer_text)
VALUES ('304051105', TRUE, 'אלון') ;

INSERT INTO answer_options (question_id, correct_answer, answer_text)
VALUES ('304051105', FALSE, 'ברוש');

INSERT INTO answer_options (question_id, correct_answer, answer_text)
VALUES ('304051105', FALSE, 'מפל');

INSERT INTO answer_options (question_id, correct_answer, answer_text)
VALUES ('304051105', FALSE, 'דקל');

INSERT INTO questions (question_id, language_id, topic_id, c_grade_id, level, question_text, explanation, interesting_fact)
VALUES ('304052101', 1, 4052, 1, 1, 'מי המציא את המכונית הראשונה?', '', 'קרל בנץ המציא את המכונית הראשונה בשנת 1885.') ON CONFLICT (question_id) DO UPDATE SET language_id = 1 ,topic_id= 4052,c_grade_id =1,level=1,question_text='מי המציא את המכונית הראשונה?',explanation='',interesting_fact='קרל בנץ המציא את המכונית הראשונה בשנת 1885.';


INSERT INTO answer_options (question_id, correct_answer, answer_text)
VALUES ('304052101', TRUE, 'קרל בנץ') ;

INSERT INTO answer_options (question_id, correct_answer, answer_text)
VALUES ('304052101', FALSE, 'אלכסנדר גרהם בל');

INSERT INTO answer_options (question_id, correct_answer, answer_text)
VALUES ('304052101', FALSE, 'תומאס אדיסון');

INSERT INTO answer_options (question_id, correct_answer, answer_text)
VALUES ('304052101', FALSE, 'ניקולה טסלה');

INSERT INTO questions (question_id, language_id, topic_id, c_grade_id, level, question_text, explanation, interesting_fact)
VALUES ('304052102', 1, 4052, 2, 2, 'מי המציא את הטלוויזיה?', '', 'ג`ון לוגי ביירד הדגים את הטלוויזיה המכנית הראשונה בשנת 1925.') ON CONFLICT (question_id) DO UPDATE SET language_id = 1 ,topic_id= 4052,c_grade_id =2,level=2,question_text='מי המציא את הטלוויזיה?',explanation='',interesting_fact='ג`ון לוגי ביירד הדגים את הטלוויזיה המכנית הראשונה בשנת 1925.';


INSERT INTO answer_options (question_id, correct_answer, answer_text)
VALUES ('304052102', TRUE, 'ג`ון לוגי ביירד') ;

INSERT INTO answer_options (question_id, correct_answer, answer_text)
VALUES ('304052102', FALSE, 'אלברט איינשטיין');

INSERT INTO answer_options (question_id, correct_answer, answer_text)
VALUES ('304052102', FALSE, 'הנרי פורד');

INSERT INTO answer_options (question_id, correct_answer, answer_text)
VALUES ('304052102', FALSE, 'ג`יימס וואט');

INSERT INTO questions (question_id, language_id, topic_id, c_grade_id, level, question_text, explanation, interesting_fact)
VALUES ('304052103', 1, 4052, 3, 3, 'מי המציא את המחשב המודרני?', '', 'אלן טיורינג תרם תרומה חשובה לפיתוח המחשב המודרני במהלך מלחמת העולם השנייה.') ON CONFLICT (question_id) DO UPDATE SET language_id = 1 ,topic_id= 4052,c_grade_id =3,level=3,question_text='מי המציא את המחשב המודרני?',explanation='',interesting_fact='אלן טיורינג תרם תרומה חשובה לפיתוח המחשב המודרני במהלך מלחמת העולם השנייה.';


INSERT INTO answer_options (question_id, correct_answer, answer_text)
VALUES ('304052103', TRUE, 'אלן טיורינג') ;

INSERT INTO answer_options (question_id, correct_answer, answer_text)
VALUES ('304052103', FALSE, 'לאונרדו דה וינצ`י');

INSERT INTO answer_options (question_id, correct_answer, answer_text)
VALUES ('304052103', FALSE, 'גלילאו גליליי');

INSERT INTO answer_options (question_id, correct_answer, answer_text)
VALUES ('304052103', FALSE, 'רייט ברדרס');

INSERT INTO questions (question_id, language_id, topic_id, c_grade_id, level, question_text, explanation, interesting_fact)
VALUES ('304052104', 1, 4052, 4, 4, 'מי המציא את הטלסקופ?', '', 'גלילאו גליליי שיפר את הטלסקופ והיה הראשון להשתמש בו לצפייה בשמיים.') ON CONFLICT (question_id) DO UPDATE SET language_id = 1 ,topic_id= 4052,c_grade_id =4,level=4,question_text='מי המציא את הטלסקופ?',explanation='',interesting_fact='גלילאו גליליי שיפר את הטלסקופ והיה הראשון להשתמש בו לצפייה בשמיים.';


INSERT INTO answer_options (question_id, correct_answer, answer_text)
VALUES ('304052104', TRUE, 'גלילאו גליליי') ;

INSERT INTO answer_options (question_id, correct_answer, answer_text)
VALUES ('304052104', FALSE, 'תומאס אדיסון');

INSERT INTO answer_options (question_id, correct_answer, answer_text)
VALUES ('304052104', FALSE, 'מרי קירי');

INSERT INTO answer_options (question_id, correct_answer, answer_text)
VALUES ('304052104', FALSE, 'אייזק ניוטון');

INSERT INTO questions (question_id, language_id, topic_id, c_grade_id, level, question_text, explanation, interesting_fact)
VALUES ('304052105', 1, 4052, 5, 5, 'מי המציא את הטלגרף?', '', 'סמואל מורס המציא את הטלגרף וקוד מורס, אמצעי תקשורת חשוב במאה ה-19.') ON CONFLICT (question_id) DO UPDATE SET language_id = 1 ,topic_id= 4052,c_grade_id =5,level=5,question_text='מי המציא את הטלגרף?',explanation='',interesting_fact='סמואל מורס המציא את הטלגרף וקוד מורס, אמצעי תקשורת חשוב במאה ה-19.';


INSERT INTO answer_options (question_id, correct_answer, answer_text)
VALUES ('304052105', TRUE, 'סמואל מורס') ;

INSERT INTO answer_options (question_id, correct_answer, answer_text)
VALUES ('304052105', FALSE, 'אלכסנדר גרהם בל');

INSERT INTO answer_options (question_id, correct_answer, answer_text)
VALUES ('304052105', FALSE, 'ג`ון לוגי ביירד');

INSERT INTO answer_options (question_id, correct_answer, answer_text)
VALUES ('304052105', FALSE, 'צ`ארלס בבג`');

INSERT INTO questions (question_id, language_id, topic_id, c_grade_id, level, question_text, explanation, interesting_fact)
VALUES ('304053101', 1, 4053, 1, 1, 'מהו החרק הגדול ביותר בעולם?', '', 'חיפושית גוליאת היא החרק הגדול ביותר, וגודלה יכול להגיע ל-12 ס"מ.') ON CONFLICT (question_id) DO UPDATE SET language_id = 1 ,topic_id= 4053,c_grade_id =1,level=1,question_text='מהו החרק הגדול ביותר בעולם?',explanation='',interesting_fact='חיפושית גוליאת היא החרק הגדול ביותר, וגודלה יכול להגיע ל-12 ס"מ.';


INSERT INTO answer_options (question_id, correct_answer, answer_text)
VALUES ('304053101', TRUE, 'חיפושית גוליאת') ;

INSERT INTO answer_options (question_id, correct_answer, answer_text)
VALUES ('304053101', FALSE, 'דבורה');

INSERT INTO answer_options (question_id, correct_answer, answer_text)
VALUES ('304053101', FALSE, 'פרפר');

INSERT INTO answer_options (question_id, correct_answer, answer_text)
VALUES ('304053101', FALSE, 'זבוב');

INSERT INTO questions (question_id, language_id, topic_id, c_grade_id, level, question_text, explanation, interesting_fact)
VALUES ('304053102', 1, 4053, 2, 2, 'מהי המיוחדת בחיים החברתיים של נמלים?', '', 'נמלים חיות בקולוניות מורכבות עם חלוקה ברורה של תפקידים.') ON CONFLICT (question_id) DO UPDATE SET language_id = 1 ,topic_id= 4053,c_grade_id =2,level=2,question_text='מהי המיוחדת בחיים החברתיים של נמלים?',explanation='',interesting_fact='נמלים חיות בקולוניות מורכבות עם חלוקה ברורה של תפקידים.';


INSERT INTO answer_options (question_id, correct_answer, answer_text)
VALUES ('304053102', TRUE, 'חיים בקולוניות מאורגנות') ;

INSERT INTO answer_options (question_id, correct_answer, answer_text)
VALUES ('304053102', FALSE, 'חיים בודדים');

INSERT INTO answer_options (question_id, correct_answer, answer_text)
VALUES ('304053102', FALSE, 'טיסות ארוכות');

INSERT INTO answer_options (question_id, correct_answer, answer_text)
VALUES ('304053102', FALSE, 'כנפיים צבעוניות');

INSERT INTO questions (question_id, language_id, topic_id, c_grade_id, level, question_text, explanation, interesting_fact)
VALUES ('304053103', 1, 4053, 3, 3, 'מהו תפקידו העיקרי של זחל?', '', 'זחלים אוכלים הרבה כדי לגדול במהירות לפני הזחלימה.') ON CONFLICT (question_id) DO UPDATE SET language_id = 1 ,topic_id= 4053,c_grade_id =3,level=3,question_text='מהו תפקידו העיקרי של זחל?',explanation='',interesting_fact='זחלים אוכלים הרבה כדי לגדול במהירות לפני הזחלימה.';


INSERT INTO answer_options (question_id, correct_answer, answer_text)
VALUES ('304053103', TRUE, 'לאכול ולגדול לפני הזחלימה') ;

INSERT INTO answer_options (question_id, correct_answer, answer_text)
VALUES ('304053103', FALSE, 'לכנף פרחים');

INSERT INTO answer_options (question_id, correct_answer, answer_text)
VALUES ('304053103', FALSE, 'לבנות קן');

INSERT INTO answer_options (question_id, correct_answer, answer_text)
VALUES ('304053103', FALSE, 'לפרוץ מביצים');

INSERT INTO questions (question_id, language_id, topic_id, c_grade_id, level, question_text, explanation, interesting_fact)
VALUES ('304053104', 1, 4053, 4, 4, 'מה מיוחד בדבורת המלכה?', '', 'הדבורה המלכה היא היחידה בקולוניה שמטילה ביצים ושולטת על הקולוניה.') ON CONFLICT (question_id) DO UPDATE SET language_id = 1 ,topic_id= 4053,c_grade_id =4,level=4,question_text='מה מיוחד בדבורת המלכה?',explanation='',interesting_fact='הדבורה המלכה היא היחידה בקולוניה שמטילה ביצים ושולטת על הקולוניה.';


INSERT INTO answer_options (question_id, correct_answer, answer_text)
VALUES ('304053104', TRUE, 'היא הדבורה היחידה שמטילה ביצים') ;

INSERT INTO answer_options (question_id, correct_answer, answer_text)
VALUES ('304053104', FALSE, 'היא הדבורה הקטנה ביותר');

INSERT INTO answer_options (question_id, correct_answer, answer_text)
VALUES ('304053104', FALSE, 'היא עושה את הדבש');

INSERT INTO answer_options (question_id, correct_answer, answer_text)
VALUES ('304053104', FALSE, 'היא מכניפה את הפרחים');

INSERT INTO questions (question_id, language_id, topic_id, c_grade_id, level, question_text, explanation, interesting_fact)
VALUES ('304053105', 1, 4053, 5, 5, 'למה נועד הריקוד של הדבורה?', '', 'דבורים משתמשות בריקוד כדי להצביע על מקום של נקטר ופולן.') ON CONFLICT (question_id) DO UPDATE SET language_id = 1 ,topic_id= 4053,c_grade_id =5,level=5,question_text='למה נועד הריקוד של הדבורה?',explanation='',interesting_fact='דבורים משתמשות בריקוד כדי להצביע על מקום של נקטר ופולן.';


INSERT INTO answer_options (question_id, correct_answer, answer_text)
VALUES ('304053105', TRUE, 'להראות לדבורים אחרות איפה יש נקטר') ;

INSERT INTO answer_options (question_id, correct_answer, answer_text)
VALUES ('304053105', FALSE, 'למשוך זכרים');

INSERT INTO answer_options (question_id, correct_answer, answer_text)
VALUES ('304053105', FALSE, 'להפחיד טורפים');

INSERT INTO answer_options (question_id, correct_answer, answer_text)
VALUES ('304053105', FALSE, 'לחמם את הקן');

INSERT INTO questions (question_id, language_id, topic_id, c_grade_id, level, question_text, explanation, interesting_fact)
VALUES ('304054101', 1, 4054, 1, 1, 'באיזה חג מקסיקני מציינים את יום המתים?', '', 'דיה דה לוס מוארטוס הוא חג צבעוני שבו זוכרים את המתים באמצעות דמויות גולגולת.') ON CONFLICT (question_id) DO UPDATE SET language_id = 1 ,topic_id= 4054,c_grade_id =1,level=1,question_text='באיזה חג מקסיקני מציינים את יום המתים?',explanation='',interesting_fact='דיה דה לוס מוארטוס הוא חג צבעוני שבו זוכרים את המתים באמצעות דמויות גולגולת.';


INSERT INTO answer_options (question_id, correct_answer, answer_text)
VALUES ('304054101', TRUE, 'דיה דה לוס מוארטוס') ;

INSERT INTO answer_options (question_id, correct_answer, answer_text)
VALUES ('304054101', FALSE, 'סינקו דה מאיו');

INSERT INTO answer_options (question_id, correct_answer, answer_text)
VALUES ('304054101', FALSE, 'נבידד');

INSERT INTO answer_options (question_id, correct_answer, answer_text)
VALUES ('304054101', FALSE, 'קרנבל');

INSERT INTO questions (question_id, language_id, topic_id, c_grade_id, level, question_text, explanation, interesting_fact)
VALUES ('304054102', 1, 4054, 2, 2, 'איזה חג מציינים בחינה עם פסטיבל פירוטכניקה וארוחה משפחתית?', '', 'השנה החדשה הסינית מתחילה ביום הראשון של הלוח החודשי הסיני וממשך שבועיים.') ON CONFLICT (question_id) DO UPDATE SET language_id = 1 ,topic_id= 4054,c_grade_id =2,level=2,question_text='איזה חג מציינים בחינה עם פסטיבל פירוטכניקה וארוחה משפחתית?',explanation='',interesting_fact='השנה החדשה הסינית מתחילה ביום הראשון של הלוח החודשי הסיני וממשך שבועיים.';


INSERT INTO answer_options (question_id, correct_answer, answer_text)
VALUES ('304054102', TRUE, 'השנה החדשה הסינית') ;

INSERT INTO answer_options (question_id, correct_answer, answer_text)
VALUES ('304054102', FALSE, 'כריסמס');

INSERT INTO answer_options (question_id, correct_answer, answer_text)
VALUES ('304054102', FALSE, 'דיוואלי');

INSERT INTO answer_options (question_id, correct_answer, answer_text)
VALUES ('304054102', FALSE, 'חנוכה');

INSERT INTO questions (question_id, language_id, topic_id, c_grade_id, level, question_text, explanation, interesting_fact)
VALUES ('304054103', 1, 4054, 3, 3, 'באיזה חג משחקים בסביבון ומדליקים נרות?', '', 'חנוכה הוא חג יהודי שמציין את חנוכת המקדש וניצחון המכבים על היוונים.') ON CONFLICT (question_id) DO UPDATE SET language_id = 1 ,topic_id= 4054,c_grade_id =3,level=3,question_text='באיזה חג משחקים בסביבון ומדליקים נרות?',explanation='',interesting_fact='חנוכה הוא חג יהודי שמציין את חנוכת המקדש וניצחון המכבים על היוונים.';


INSERT INTO answer_options (question_id, correct_answer, answer_text)
VALUES ('304054103', TRUE, 'חנוכה') ;

INSERT INTO answer_options (question_id, correct_answer, answer_text)
VALUES ('304054103', FALSE, 'פסח');

INSERT INTO answer_options (question_id, correct_answer, answer_text)
VALUES ('304054103', FALSE, 'ראש השנה');

INSERT INTO answer_options (question_id, correct_answer, answer_text)
VALUES ('304054103', FALSE, 'פורים');

INSERT INTO questions (question_id, language_id, topic_id, c_grade_id, level, question_text, explanation, interesting_fact)
VALUES ('304054104', 1, 4054, 4, 4, 'מהו החג המוסלמי של צום ותפילה, שמסתיים בעיד אל-פיטר?', '', 'ברמדאן, מוסלמים רבים צמים משחר עד שקיעה ומתפללים תפילות מיוחדות.') ON CONFLICT (question_id) DO UPDATE SET language_id = 1 ,topic_id= 4054,c_grade_id =4,level=4,question_text='מהו החג המוסלמי של צום ותפילה, שמסתיים בעיד אל-פיטר?',explanation='',interesting_fact='ברמדאן, מוסלמים רבים צמים משחר עד שקיעה ומתפללים תפילות מיוחדות.';


INSERT INTO answer_options (question_id, correct_answer, answer_text)
VALUES ('304054104', TRUE, 'רמדאן') ;

INSERT INTO answer_options (question_id, correct_answer, answer_text)
VALUES ('304054104', FALSE, 'עיד אל-אדחה');

INSERT INTO answer_options (question_id, correct_answer, answer_text)
VALUES ('304054104', FALSE, 'נורוז');

INSERT INTO answer_options (question_id, correct_answer, answer_text)
VALUES ('304054104', FALSE, 'עיד אל-פיטר');

INSERT INTO questions (question_id, language_id, topic_id, c_grade_id, level, question_text, explanation, interesting_fact)
VALUES ('304054105', 1, 4054, 5, 5, 'איזה חג הודי מכונה "חג האורות" ומציין ניצחון האור על החושך?', '', 'דיוואלי הוא חג האורות ההודי שבו מדליקים נרות ומפיצים מתנות.') ON CONFLICT (question_id) DO UPDATE SET language_id = 1 ,topic_id= 4054,c_grade_id =5,level=5,question_text='איזה חג הודי מכונה "חג האורות" ומציין ניצחון האור על החושך?',explanation='',interesting_fact='דיוואלי הוא חג האורות ההודי שבו מדליקים נרות ומפיצים מתנות.';


INSERT INTO answer_options (question_id, correct_answer, answer_text)
VALUES ('304054105', TRUE, 'דיוואלי') ;

INSERT INTO answer_options (question_id, correct_answer, answer_text)
VALUES ('304054105', FALSE, 'הולי');

INSERT INTO answer_options (question_id, correct_answer, answer_text)
VALUES ('304054105', FALSE, 'נבראטרי');

INSERT INTO answer_options (question_id, correct_answer, answer_text)
VALUES ('304054105', FALSE, 'ראקי');

INSERT INTO questions (question_id, language_id, topic_id, c_grade_id, level, question_text, explanation, interesting_fact)
VALUES ('304055101', 1, 4055, 1, 1, 'מי כתב את הספר "מטילדה"?', '', '"מטילדה" הוא ספר ילדים פופולרי שנכתב על ידי רואלד דאל ומספר את סיפורה של ילדה חכמה וחזקה.') ON CONFLICT (question_id) DO UPDATE SET language_id = 1 ,topic_id= 4055,c_grade_id =1,level=1,question_text='מי כתב את הספר "מטילדה"?',explanation='',interesting_fact='"מטילדה" הוא ספר ילדים פופולרי שנכתב על ידי רואלד דאל ומספר את סיפורה של ילדה חכמה וחזקה.';


INSERT INTO answer_options (question_id, correct_answer, answer_text)
VALUES ('304055101', TRUE, 'רואלד דאל') ;

INSERT INTO answer_options (question_id, correct_answer, answer_text)
VALUES ('304055101', FALSE, 'ד"ר סוס');

INSERT INTO answer_options (question_id, correct_answer, answer_text)
VALUES ('304055101', FALSE, 'לואיס קרול');

INSERT INTO answer_options (question_id, correct_answer, answer_text)
VALUES ('304055101', FALSE, 'אריק קרל');

INSERT INTO questions (question_id, language_id, topic_id, c_grade_id, level, question_text, explanation, interesting_fact)
VALUES ('304055102', 1, 4055, 2, 2, 'מי הדמות הראשית בסדרת קומיקס "סופרמן"?', '', 'סופרמן הוא דמות קומיקס אמריקאית שנוצרה על ידי ג`רי סיגל וג`ו שוסטר.') ON CONFLICT (question_id) DO UPDATE SET language_id = 1 ,topic_id= 4055,c_grade_id =2,level=2,question_text='מי הדמות הראשית בסדרת קומיקס "סופרמן"?',explanation='',interesting_fact='סופרמן הוא דמות קומיקס אמריקאית שנוצרה על ידי ג`רי סיגל וג`ו שוסטר.';


INSERT INTO answer_options (question_id, correct_answer, answer_text)
VALUES ('304055102', TRUE, 'סופרמן') ;

INSERT INTO answer_options (question_id, correct_answer, answer_text)
VALUES ('304055102', FALSE, 'בטמן');

INSERT INTO answer_options (question_id, correct_answer, answer_text)
VALUES ('304055102', FALSE, 'ספיידרמן');

INSERT INTO answer_options (question_id, correct_answer, answer_text)
VALUES ('304055102', FALSE, 'איירון מן');

INSERT INTO questions (question_id, language_id, topic_id, c_grade_id, level, question_text, explanation, interesting_fact)
VALUES ('304055103', 1, 4055, 3, 3, 'מי כתב את הספר "הפיל שרצה להיות הכי"?', '', '"הפיל שרצה להיות הכי" הוא ספר ילדים קלאסי של של סילוורסטיין עם מסר חשוב על שביעות רצון ואהבה עצמית.') ON CONFLICT (question_id) DO UPDATE SET language_id = 1 ,topic_id= 4055,c_grade_id =3,level=3,question_text='מי כתב את הספר "הפיל שרצה להיות הכי"?',explanation='',interesting_fact='"הפיל שרצה להיות הכי" הוא ספר ילדים קלאסי של של סילוורסטיין עם מסר חשוב על שביעות רצון ואהבה עצמית.';


INSERT INTO answer_options (question_id, correct_answer, answer_text)
VALUES ('304055103', TRUE, 'של סילוורסטיין') ;

INSERT INTO answer_options (question_id, correct_answer, answer_text)
VALUES ('304055103', FALSE, 'מוריס סנדק');

INSERT INTO answer_options (question_id, correct_answer, answer_text)
VALUES ('304055103', FALSE, 'ג`יי.קיי. רולינג');

INSERT INTO answer_options (question_id, correct_answer, answer_text)
VALUES ('304055103', FALSE, 'לואיס קרול');

INSERT INTO questions (question_id, language_id, topic_id, c_grade_id, level, question_text, explanation, interesting_fact)
VALUES ('304055104', 1, 4055, 4, 4, 'מי יצר את דמות הקומיקס "גרפילד"?', '', '"גרפילד" הוא חתול קומיקס שנוצר על ידי ג`ים דייוויס וידוע באהבתו ללזניה ובשנאתו ליום שני.') ON CONFLICT (question_id) DO UPDATE SET language_id = 1 ,topic_id= 4055,c_grade_id =4,level=4,question_text='מי יצר את דמות הקומיקס "גרפילד"?',explanation='',interesting_fact='"גרפילד" הוא חתול קומיקס שנוצר על ידי ג`ים דייוויס וידוע באהבתו ללזניה ובשנאתו ליום שני.';


INSERT INTO answer_options (question_id, correct_answer, answer_text)
VALUES ('304055104', TRUE, 'ג`ים דייוויס') ;

INSERT INTO answer_options (question_id, correct_answer, answer_text)
VALUES ('304055104', FALSE, 'סטן לי');

INSERT INTO answer_options (question_id, correct_answer, answer_text)
VALUES ('304055104', FALSE, 'צ`ארלס שולץ');

INSERT INTO answer_options (question_id, correct_answer, answer_text)
VALUES ('304055104', FALSE, 'הרג` גוסיני');

INSERT INTO questions (question_id, language_id, topic_id, c_grade_id, level, question_text, explanation, interesting_fact)
VALUES ('304055105', 1, 4055, 5, 5, 'מי כתב את הספר "המכשפה הרעה והחלה"?', '', '"המכשפה הרעה והחלה" הוא ספר ילדים ישראלי פופולרי של המשוררת דליה רביקוביץ`.') ON CONFLICT (question_id) DO UPDATE SET language_id = 1 ,topic_id= 4055,c_grade_id =5,level=5,question_text='מי כתב את הספר "המכשפה הרעה והחלה"?',explanation='',interesting_fact='"המכשפה הרעה והחלה" הוא ספר ילדים ישראלי פופולרי של המשוררת דליה רביקוביץ`.';


INSERT INTO answer_options (question_id, correct_answer, answer_text)
VALUES ('304055105', TRUE, 'דליה רביקוביץ`') ;

INSERT INTO answer_options (question_id, correct_answer, answer_text)
VALUES ('304055105', FALSE, 'דוד גרוסמן');

INSERT INTO answer_options (question_id, correct_answer, answer_text)
VALUES ('304055105', FALSE, 'אתגר קרת');

INSERT INTO answer_options (question_id, correct_answer, answer_text)
VALUES ('304055105', FALSE, 'רונית מטלון');

INSERT INTO questions (question_id, language_id, topic_id, c_grade_id, level, question_text, explanation, interesting_fact)
VALUES ('304056101', 1, 4056, 1, 1, 'מהו החומר הכי קשה בטבע?', '', 'יהלומים הם החומרים הטבעיים הקשים ביותר על פני כדור הארץ.') ON CONFLICT (question_id) DO UPDATE SET language_id = 1 ,topic_id= 4056,c_grade_id =1,level=1,question_text='מהו החומר הכי קשה בטבע?',explanation='',interesting_fact='יהלומים הם החומרים הטבעיים הקשים ביותר על פני כדור הארץ.';


INSERT INTO answer_options (question_id, correct_answer, answer_text)
VALUES ('304056101', TRUE, 'יהלום') ;

INSERT INTO answer_options (question_id, correct_answer, answer_text)
VALUES ('304056101', FALSE, 'ברזל');

INSERT INTO answer_options (question_id, correct_answer, answer_text)
VALUES ('304056101', FALSE, 'זכוכית');

INSERT INTO answer_options (question_id, correct_answer, answer_text)
VALUES ('304056101', FALSE, 'פלסטיק');

INSERT INTO questions (question_id, language_id, topic_id, c_grade_id, level, question_text, explanation, interesting_fact)
VALUES ('304056102', 1, 4056, 2, 2, 'איזה גז הוא הכי נפוץ באטמוספירה של כדור הארץ?', '', 'כ-78% מאטמוספירת כדור הארץ מורכבת מחנקן.') ON CONFLICT (question_id) DO UPDATE SET language_id = 1 ,topic_id= 4056,c_grade_id =2,level=2,question_text='איזה גז הוא הכי נפוץ באטמוספירה של כדור הארץ?',explanation='',interesting_fact='כ-78% מאטמוספירת כדור הארץ מורכבת מחנקן.';


INSERT INTO answer_options (question_id, correct_answer, answer_text)
VALUES ('304056102', TRUE, 'חנקן') ;

INSERT INTO answer_options (question_id, correct_answer, answer_text)
VALUES ('304056102', FALSE, 'חמצן');

INSERT INTO answer_options (question_id, correct_answer, answer_text)
VALUES ('304056102', FALSE, 'פחמן דו-חמצני');

INSERT INTO answer_options (question_id, correct_answer, answer_text)
VALUES ('304056102', FALSE, 'ארגון');

INSERT INTO questions (question_id, language_id, topic_id, c_grade_id, level, question_text, explanation, interesting_fact)
VALUES ('304056103', 1, 4056, 3, 3, 'מהי התפקיד של השלד בגוף האדם?', '', 'השלד מספק תמיכה לגוף, מגן על איברים פנימיים ומאפשר תנועה.') ON CONFLICT (question_id) DO UPDATE SET language_id = 1 ,topic_id= 4056,c_grade_id =3,level=3,question_text='מהי התפקיד של השלד בגוף האדם?',explanation='',interesting_fact='השלד מספק תמיכה לגוף, מגן על איברים פנימיים ומאפשר תנועה.';


INSERT INTO answer_options (question_id, correct_answer, answer_text)
VALUES ('304056103', TRUE, 'לתת תמיכה והגנה') ;

INSERT INTO answer_options (question_id, correct_answer, answer_text)
VALUES ('304056103', FALSE, 'לייצר חום');

INSERT INTO answer_options (question_id, correct_answer, answer_text)
VALUES ('304056103', FALSE, 'לסנן רעלים');

INSERT INTO answer_options (question_id, correct_answer, answer_text)
VALUES ('304056103', FALSE, 'להוביל חמצן');

INSERT INTO questions (question_id, language_id, topic_id, c_grade_id, level, question_text, explanation, interesting_fact)
VALUES ('304056104', 1, 4056, 4, 4, 'מהו תפקיד המפרקים בגוף?', '', 'מפרקים מחברים בין העצמות ומאפשרים גמישות ותנועה.') ON CONFLICT (question_id) DO UPDATE SET language_id = 1 ,topic_id= 4056,c_grade_id =4,level=4,question_text='מהו תפקיד המפרקים בגוף?',explanation='',interesting_fact='מפרקים מחברים בין העצמות ומאפשרים גמישות ותנועה.';


INSERT INTO answer_options (question_id, correct_answer, answer_text)
VALUES ('304056104', TRUE, 'לאפשר תנועה בין העצמות') ;

INSERT INTO answer_options (question_id, correct_answer, answer_text)
VALUES ('304056104', FALSE, 'לייצר דם');

INSERT INTO answer_options (question_id, correct_answer, answer_text)
VALUES ('304056104', FALSE, 'לנקות את הגוף מרעלים');

INSERT INTO answer_options (question_id, correct_answer, answer_text)
VALUES ('304056104', FALSE, 'להעביר מזון');

INSERT INTO questions (question_id, language_id, topic_id, c_grade_id, level, question_text, explanation, interesting_fact)
VALUES ('304056105', 1, 4056, 5, 5, 'מהו תפקיד הלב בגוף האדם?', '', 'הלב הוא משאבת הדם של הגוף ומספק דם חמצן ומזון לכל התאים.') ON CONFLICT (question_id) DO UPDATE SET language_id = 1 ,topic_id= 4056,c_grade_id =5,level=5,question_text='מהו תפקיד הלב בגוף האדם?',explanation='',interesting_fact='הלב הוא משאבת הדם של הגוף ומספק דם חמצן ומזון לכל התאים.';


INSERT INTO answer_options (question_id, correct_answer, answer_text)
VALUES ('304056105', TRUE, 'לשאוב דם לכל חלקי הגוף') ;

INSERT INTO answer_options (question_id, correct_answer, answer_text)
VALUES ('304056105', FALSE, 'לעזור בנשימה');

INSERT INTO answer_options (question_id, correct_answer, answer_text)
VALUES ('304056105', FALSE, 'לסנן רעלים');

INSERT INTO answer_options (question_id, correct_answer, answer_text)
VALUES ('304056105', FALSE, 'לייצר מזון');

INSERT INTO questions (question_id, language_id, topic_id, c_grade_id, level, question_text, explanation, interesting_fact)
VALUES ('304057101', 1, 4057, 1, 1, 'איפה נמצא הקניון הגדול ביותר בעולם?', '', 'הגרנד קניון נמצא באריזונה והוא אחד הקניונים הגדולים והמרשימים בעולם.') ON CONFLICT (question_id) DO UPDATE SET language_id = 1 ,topic_id= 4057,c_grade_id =1,level=1,question_text='איפה נמצא הקניון הגדול ביותר בעולם?',explanation='',interesting_fact='הגרנד קניון נמצא באריזונה והוא אחד הקניונים הגדולים והמרשימים בעולם.';


INSERT INTO answer_options (question_id, correct_answer, answer_text)
VALUES ('304057101', TRUE, 'הגרנד קניון, ארצות הברית') ;

INSERT INTO answer_options (question_id, correct_answer, answer_text)
VALUES ('304057101', FALSE, 'הקולוסיאום, איטליה');

INSERT INTO answer_options (question_id, correct_answer, answer_text)
VALUES ('304057101', FALSE, 'אייפל טאואר, צרפת');

INSERT INTO answer_options (question_id, correct_answer, answer_text)
VALUES ('304057101', FALSE, 'הכותל המערבי, ישראל');

INSERT INTO questions (question_id, language_id, topic_id, c_grade_id, level, question_text, explanation, interesting_fact)
VALUES ('304057102', 1, 4057, 2, 2, 'איזה יער בישראל מכונה "ריאות ירושלים"?', '', 'יער ירושלים מכונה "ריאות ירושלים" בשל תרומתו לאיכות האוויר בעיר.') ON CONFLICT (question_id) DO UPDATE SET language_id = 1 ,topic_id= 4057,c_grade_id =2,level=2,question_text='איזה יער בישראל מכונה "ריאות ירושלים"?',explanation='',interesting_fact='יער ירושלים מכונה "ריאות ירושלים" בשל תרומתו לאיכות האוויר בעיר.';


INSERT INTO answer_options (question_id, correct_answer, answer_text)
VALUES ('304057102', TRUE, 'יער ירושלים') ;

INSERT INTO answer_options (question_id, correct_answer, answer_text)
VALUES ('304057102', FALSE, 'יער הכרמל');

INSERT INTO answer_options (question_id, correct_answer, answer_text)
VALUES ('304057102', FALSE, 'יער בנימינה');

INSERT INTO answer_options (question_id, correct_answer, answer_text)
VALUES ('304057102', FALSE, 'יער חרוד');

INSERT INTO questions (question_id, language_id, topic_id, c_grade_id, level, question_text, explanation, interesting_fact)
VALUES ('304057103', 1, 4057, 3, 3, 'באיזה פארק בישראל ניתן לראות חורבות רומיות?', '', 'פארק קיסריה כולל חורבות מהתקופה הרומית ונחשב לאתר ארכיאולוגי חשוב.') ON CONFLICT (question_id) DO UPDATE SET language_id = 1 ,topic_id= 4057,c_grade_id =3,level=3,question_text='באיזה פארק בישראל ניתן לראות חורבות רומיות?',explanation='',interesting_fact='פארק קיסריה כולל חורבות מהתקופה הרומית ונחשב לאתר ארכיאולוגי חשוב.';


INSERT INTO answer_options (question_id, correct_answer, answer_text)
VALUES ('304057103', TRUE, 'פארק קיסריה') ;

INSERT INTO answer_options (question_id, correct_answer, answer_text)
VALUES ('304057103', FALSE, 'פארק אשכול');

INSERT INTO answer_options (question_id, correct_answer, answer_text)
VALUES ('304057103', FALSE, 'פארק עין גדי');

INSERT INTO answer_options (question_id, correct_answer, answer_text)
VALUES ('304057103', FALSE, 'פארק תמנע');

INSERT INTO questions (question_id, language_id, topic_id, c_grade_id, level, question_text, explanation, interesting_fact)
VALUES ('304057104', 1, 4057, 4, 4, 'מהי החיה הגדולה ביותר שחיה אי פעם ביערות ישראל?', '', 'הפיל האסייאתי חי ביערות ישראל בעבר הרחוק והיה החיה הגדולה ביותר.') ON CONFLICT (question_id) DO UPDATE SET language_id = 1 ,topic_id= 4057,c_grade_id =4,level=4,question_text='מהי החיה הגדולה ביותר שחיה אי פעם ביערות ישראל?',explanation='',interesting_fact='הפיל האסייאתי חי ביערות ישראל בעבר הרחוק והיה החיה הגדולה ביותר.';


INSERT INTO answer_options (question_id, correct_answer, answer_text)
VALUES ('304057104', TRUE, 'הפיל האסייאתי') ;

INSERT INTO answer_options (question_id, correct_answer, answer_text)
VALUES ('304057104', FALSE, 'האריה');

INSERT INTO answer_options (question_id, correct_answer, answer_text)
VALUES ('304057104', FALSE, 'הנמר');

INSERT INTO answer_options (question_id, correct_answer, answer_text)
VALUES ('304057104', FALSE, 'הדוב הבור');

INSERT INTO questions (question_id, language_id, topic_id, c_grade_id, level, question_text, explanation, interesting_fact)
VALUES ('304057105', 1, 4057, 5, 5, 'מהו הפארק הלאומי הגדול ביותר בישראל?', '', 'פארק אשכול הוא הפארק הלאומי הגדול ביותר בישראל וכולל שטחים טבעיים מגוונים.') ON CONFLICT (question_id) DO UPDATE SET language_id = 1 ,topic_id= 4057,c_grade_id =5,level=5,question_text='מהו הפארק הלאומי הגדול ביותר בישראל?',explanation='',interesting_fact='פארק אשכול הוא הפארק הלאומי הגדול ביותר בישראל וכולל שטחים טבעיים מגוונים.';


INSERT INTO answer_options (question_id, correct_answer, answer_text)
VALUES ('304057105', TRUE, 'פארק אשכול') ;

INSERT INTO answer_options (question_id, correct_answer, answer_text)
VALUES ('304057105', FALSE, 'פארק תמנע');

INSERT INTO answer_options (question_id, correct_answer, answer_text)
VALUES ('304057105', FALSE, 'פארק קיסריה');

INSERT INTO answer_options (question_id, correct_answer, answer_text)
VALUES ('304057105', FALSE, 'פארק עין גדי');

INSERT INTO questions (question_id, language_id, topic_id, c_grade_id, level, question_text, explanation, interesting_fact)
VALUES ('304058101', 1, 4058, 1, 1, 'מהי מערכת החיסון בגוף?', '', 'מערכת החיסון בגוף פועלת כל הזמן כדי להגן עלינו מפני מחלות.') ON CONFLICT (question_id) DO UPDATE SET language_id = 1 ,topic_id= 4058,c_grade_id =1,level=1,question_text='מהי מערכת החיסון בגוף?',explanation='',interesting_fact='מערכת החיסון בגוף פועלת כל הזמן כדי להגן עלינו מפני מחלות.';


INSERT INTO answer_options (question_id, correct_answer, answer_text)
VALUES ('304058101', TRUE, 'מערכת שמגנה על הגוף מפני מחלות') ;

INSERT INTO answer_options (question_id, correct_answer, answer_text)
VALUES ('304058101', FALSE, 'מערכת לנשימה');

INSERT INTO answer_options (question_id, correct_answer, answer_text)
VALUES ('304058101', FALSE, 'מערכת לעיכול מזון');

INSERT INTO answer_options (question_id, correct_answer, answer_text)
VALUES ('304058101', FALSE, 'מערכת לשליטה בטמפרטורה');

INSERT INTO questions (question_id, language_id, topic_id, c_grade_id, level, question_text, explanation, interesting_fact)
VALUES ('304058102', 1, 4058, 2, 2, 'למה חשוב לשתות מים?', '', 'מים מהווים חלק חשוב מאוד בתפקוד התקין של הגוף ומערכת החיסון.') ON CONFLICT (question_id) DO UPDATE SET language_id = 1 ,topic_id= 4058,c_grade_id =2,level=2,question_text='למה חשוב לשתות מים?',explanation='',interesting_fact='מים מהווים חלק חשוב מאוד בתפקוד התקין של הגוף ומערכת החיסון.';


INSERT INTO answer_options (question_id, correct_answer, answer_text)
VALUES ('304058102', TRUE, 'מים עוזרים לשמור על גוף בריא') ;

INSERT INTO answer_options (question_id, correct_answer, answer_text)
VALUES ('304058102', FALSE, 'מים עוזרים לראות טוב יותר');

INSERT INTO answer_options (question_id, correct_answer, answer_text)
VALUES ('304058102', FALSE, 'מים עוזרים לרוץ מהר יותר');

INSERT INTO answer_options (question_id, correct_answer, answer_text)
VALUES ('304058102', FALSE, 'מים מגבירים כוחות');

INSERT INTO questions (question_id, language_id, topic_id, c_grade_id, level, question_text, explanation, interesting_fact)
VALUES ('304058103', 1, 4058, 3, 3, 'מהי תפקידה של ויטמין D לבריאות?', '', 'ויטמין D חיוני לבניית עצמות חזקות ולתפקוד תקין של מערכת החיסון.') ON CONFLICT (question_id) DO UPDATE SET language_id = 1 ,topic_id= 4058,c_grade_id =3,level=3,question_text='מהי תפקידה של ויטמין D לבריאות?',explanation='',interesting_fact='ויטמין D חיוני לבניית עצמות חזקות ולתפקוד תקין של מערכת החיסון.';


INSERT INTO answer_options (question_id, correct_answer, answer_text)
VALUES ('304058103', TRUE, 'מחזקת את העצמות ומערכת החיסון') ;

INSERT INTO answer_options (question_id, correct_answer, answer_text)
VALUES ('304058103', FALSE, 'מחזקת את הראייה');

INSERT INTO answer_options (question_id, correct_answer, answer_text)
VALUES ('304058103', FALSE, 'משפרת כישורי ריצה');

INSERT INTO answer_options (question_id, correct_answer, answer_text)
VALUES ('304058103', FALSE, 'משפרת יכולת חישוב');

INSERT INTO questions (question_id, language_id, topic_id, c_grade_id, level, question_text, explanation, interesting_fact)
VALUES ('304058104', 1, 4058, 4, 4, 'מהו תפקידו של החיסון בגוף?', '', 'חיסונים מכינים את מערכת החיסון להילחם בחיידקים ווירוסים מסוימים.') ON CONFLICT (question_id) DO UPDATE SET language_id = 1 ,topic_id= 4058,c_grade_id =4,level=4,question_text='מהו תפקידו של החיסון בגוף?',explanation='',interesting_fact='חיסונים מכינים את מערכת החיסון להילחם בחיידקים ווירוסים מסוימים.';


INSERT INTO answer_options (question_id, correct_answer, answer_text)
VALUES ('304058104', TRUE, 'מגן על הגוף מפני חיידקים ווירוסים') ;

INSERT INTO answer_options (question_id, correct_answer, answer_text)
VALUES ('304058104', FALSE, 'מעכב את הגדילה');

INSERT INTO answer_options (question_id, correct_answer, answer_text)
VALUES ('304058104', FALSE, 'משפר את יכולת הזיכרון');

INSERT INTO answer_options (question_id, correct_answer, answer_text)
VALUES ('304058104', FALSE, 'משפר את יכולת השמיעה');

INSERT INTO questions (question_id, language_id, topic_id, c_grade_id, level, question_text, explanation, interesting_fact)
VALUES ('304058105', 1, 4058, 5, 5, 'למה חשוב לאכול ירקות ופירות?', '', 'ירקות ופירות עשירים בויטמינים ומינרלים שחיוניים לבריאות ולמערכת החיסון.') ON CONFLICT (question_id) DO UPDATE SET language_id = 1 ,topic_id= 4058,c_grade_id =5,level=5,question_text='למה חשוב לאכול ירקות ופירות?',explanation='',interesting_fact='ירקות ופירות עשירים בויטמינים ומינרלים שחיוניים לבריאות ולמערכת החיסון.';


INSERT INTO answer_options (question_id, correct_answer, answer_text)
VALUES ('304058105', TRUE, 'מספקים ויטמינים ומינרלים') ;

INSERT INTO answer_options (question_id, correct_answer, answer_text)
VALUES ('304058105', FALSE, 'מגבירים את מהירות הריצה');

INSERT INTO answer_options (question_id, correct_answer, answer_text)
VALUES ('304058105', FALSE, 'משפרים את יכולת הקפיצה');

INSERT INTO answer_options (question_id, correct_answer, answer_text)
VALUES ('304058105', FALSE, 'מחזקים את יכולת הריח');

INSERT INTO questions (question_id, language_id, topic_id, c_grade_id, level, question_text, explanation, interesting_fact)
VALUES ('304059101', 1, 4059, 1, 1, 'מי היה אלברט איינשטיין?', '', 'איינשטיין נחשב לאחד המדענים החשובים ביותר בהיסטוריה וזכה בפרס נובל לפיזיקה.') ON CONFLICT (question_id) DO UPDATE SET language_id = 1 ,topic_id= 4059,c_grade_id =1,level=1,question_text='מי היה אלברט איינשטיין?',explanation='',interesting_fact='איינשטיין נחשב לאחד המדענים החשובים ביותר בהיסטוריה וזכה בפרס נובל לפיזיקה.';


INSERT INTO answer_options (question_id, correct_answer, answer_text)
VALUES ('304059101', TRUE, 'פיזיקאי ידוע ומחבר תורת היחסות') ;

INSERT INTO answer_options (question_id, correct_answer, answer_text)
VALUES ('304059101', FALSE, 'ראש ממשלת בריטניה');

INSERT INTO answer_options (question_id, correct_answer, answer_text)
VALUES ('304059101', FALSE, 'מלחין קלאסי');

INSERT INTO answer_options (question_id, correct_answer, answer_text)
VALUES ('304059101', FALSE, 'מצלם ידוע');

INSERT INTO questions (question_id, language_id, topic_id, c_grade_id, level, question_text, explanation, interesting_fact)
VALUES ('304059102', 1, 4059, 2, 2, 'מי היה מרטין לותר קינג?', '', 'מרטין לותר קינג הוביל את המאבק לזכויות אזרח בארצות הברית ונרצח ב-1968.') ON CONFLICT (question_id) DO UPDATE SET language_id = 1 ,topic_id= 4059,c_grade_id =2,level=2,question_text='מי היה מרטין לותר קינג?',explanation='',interesting_fact='מרטין לותר קינג הוביל את המאבק לזכויות אזרח בארצות הברית ונרצח ב-1968.';


INSERT INTO answer_options (question_id, correct_answer, answer_text)
VALUES ('304059102', TRUE, 'מנהיג זכויות אזרח ומגן על שוויון') ;

INSERT INTO answer_options (question_id, correct_answer, answer_text)
VALUES ('304059102', FALSE, 'אסטרונום ידוע');

INSERT INTO answer_options (question_id, correct_answer, answer_text)
VALUES ('304059102', FALSE, 'סופר פנטזיה');

INSERT INTO answer_options (question_id, correct_answer, answer_text)
VALUES ('304059102', FALSE, 'שחקן תיאטרון');

INSERT INTO questions (question_id, language_id, topic_id, c_grade_id, level, question_text, explanation, interesting_fact)
VALUES ('304059103', 1, 4059, 3, 3, 'מי הייתה קליאופטרה?', '', 'קליאופטרה הייתה מלכת מצרים ונחשבת לאחת הדמויות ההיסטוריות המפורסמות ביותר.') ON CONFLICT (question_id) DO UPDATE SET language_id = 1 ,topic_id= 4059,c_grade_id =3,level=3,question_text='מי הייתה קליאופטרה?',explanation='',interesting_fact='קליאופטרה הייתה מלכת מצרים ונחשבת לאחת הדמויות ההיסטוריות המפורסמות ביותר.';


INSERT INTO answer_options (question_id, correct_answer, answer_text)
VALUES ('304059103', TRUE, 'מלכת מצרים האחרונה') ;

INSERT INTO answer_options (question_id, correct_answer, answer_text)
VALUES ('304059103', FALSE, 'פילוסופית יוונית');

INSERT INTO answer_options (question_id, correct_answer, answer_text)
VALUES ('304059103', FALSE, 'אסטרונאוטית ראשונה');

INSERT INTO answer_options (question_id, correct_answer, answer_text)
VALUES ('304059103', FALSE, 'ראש ממשלת ישראל');

INSERT INTO questions (question_id, language_id, topic_id, c_grade_id, level, question_text, explanation, interesting_fact)
VALUES ('304059104', 1, 4059, 4, 4, 'מה היה תפקידו של מוחמד עלי?', '', 'מוחמד עלי נחשב לאחד מהאגרופים הגדולים בכל הזמנים והיה פעיל בתחום זכויות האזרח.') ON CONFLICT (question_id) DO UPDATE SET language_id = 1 ,topic_id= 4059,c_grade_id =4,level=4,question_text='מה היה תפקידו של מוחמד עלי?',explanation='',interesting_fact='מוחמד עלי נחשב לאחד מהאגרופים הגדולים בכל הזמנים והיה פעיל בתחום זכויות האזרח.';


INSERT INTO answer_options (question_id, correct_answer, answer_text)
VALUES ('304059104', TRUE, 'אלוף העולם באגרוף') ;

INSERT INTO answer_options (question_id, correct_answer, answer_text)
VALUES ('304059104', FALSE, 'ראש ממשלת קנדה');

INSERT INTO answer_options (question_id, correct_answer, answer_text)
VALUES ('304059104', FALSE, 'סופר מדע בדיוני');

INSERT INTO answer_options (question_id, correct_answer, answer_text)
VALUES ('304059104', FALSE, 'צייר אבסטרקטי');

INSERT INTO questions (question_id, language_id, topic_id, c_grade_id, level, question_text, explanation, interesting_fact)
VALUES ('304059105', 1, 4059, 5, 5, 'מי היה גלילאו גליליי?', '', 'גלילאו גליליי היה מהמדענים הראשונים שהשתמש בטלסקופ לחקר השמיים.') ON CONFLICT (question_id) DO UPDATE SET language_id = 1 ,topic_id= 4059,c_grade_id =5,level=5,question_text='מי היה גלילאו גליליי?',explanation='',interesting_fact='גלילאו גליליי היה מהמדענים הראשונים שהשתמש בטלסקופ לחקר השמיים.';


INSERT INTO answer_options (question_id, correct_answer, answer_text)
VALUES ('304059105', TRUE, 'אסטרונום ופיזיקאי שחקר את השמיים') ;

INSERT INTO answer_options (question_id, correct_answer, answer_text)
VALUES ('304059105', FALSE, 'ראש ממשלת איטליה');

INSERT INTO answer_options (question_id, correct_answer, answer_text)
VALUES ('304059105', FALSE, 'אלוף טניס');

INSERT INTO answer_options (question_id, correct_answer, answer_text)
VALUES ('304059105', FALSE, 'סופר מסעות ים');

INSERT INTO questions (question_id, language_id, topic_id, c_grade_id, level, question_text, explanation, interesting_fact)
VALUES ('304060101', 1, 4060, 1, 1, 'מהי נפילת השביט הידועה ביותר?', '', 'נפילת שביט הובילה להכחדת הדינוזאורים לפני מיליוני שנים.') ON CONFLICT (question_id) DO UPDATE SET language_id = 1 ,topic_id= 4060,c_grade_id =1,level=1,question_text='מהי נפילת השביט הידועה ביותר?',explanation='',interesting_fact='נפילת שביט הובילה להכחדת הדינוזאורים לפני מיליוני שנים.';


INSERT INTO answer_options (question_id, correct_answer, answer_text)
VALUES ('304060101', TRUE, 'הדינוזאורים') ;

INSERT INTO answer_options (question_id, correct_answer, answer_text)
VALUES ('304060101', FALSE, 'יציאת הירח');

INSERT INTO answer_options (question_id, correct_answer, answer_text)
VALUES ('304060101', FALSE, 'האדם הולך על הירח');

INSERT INTO answer_options (question_id, correct_answer, answer_text)
VALUES ('304060101', FALSE, 'גילוי פלוטו');

INSERT INTO questions (question_id, language_id, topic_id, c_grade_id, level, question_text, explanation, interesting_fact)
VALUES ('304060102', 1, 4060, 2, 2, 'מה הוא גלקסיה?', '', 'ישנם מיליארדי גלקסיות ביקום, כל אחת מכילה מיליארדי כוכבים.') ON CONFLICT (question_id) DO UPDATE SET language_id = 1 ,topic_id= 4060,c_grade_id =2,level=2,question_text='מה הוא גלקסיה?',explanation='',interesting_fact='ישנם מיליארדי גלקסיות ביקום, כל אחת מכילה מיליארדי כוכבים.';


INSERT INTO answer_options (question_id, correct_answer, answer_text)
VALUES ('304060102', TRUE, 'מערכת של כוכבים וגרמים שמימיים אחרים') ;

INSERT INTO answer_options (question_id, correct_answer, answer_text)
VALUES ('304060102', FALSE, 'כוכב שוטט');

INSERT INTO answer_options (question_id, correct_answer, answer_text)
VALUES ('304060102', FALSE, 'חלקיק קטן בחלל');

INSERT INTO answer_options (question_id, correct_answer, answer_text)
VALUES ('304060102', FALSE, 'כוכב לכת ענק');

INSERT INTO questions (question_id, language_id, topic_id, c_grade_id, level, question_text, explanation, interesting_fact)
VALUES ('304060103', 1, 4060, 3, 3, 'איזה כוכב לכת הוא הגדול ביותר במערכת השמש?', '', 'צדק הוא הגדול ביותר במערכת השמש שלנו וידוע גם בשמו "הענק הגזי".') ON CONFLICT (question_id) DO UPDATE SET language_id = 1 ,topic_id= 4060,c_grade_id =3,level=3,question_text='איזה כוכב לכת הוא הגדול ביותר במערכת השמש?',explanation='',interesting_fact='צדק הוא הגדול ביותר במערכת השמש שלנו וידוע גם בשמו "הענק הגזי".';


INSERT INTO answer_options (question_id, correct_answer, answer_text)
VALUES ('304060103', TRUE, 'צדק') ;

INSERT INTO answer_options (question_id, correct_answer, answer_text)
VALUES ('304060103', FALSE, 'מאדים');

INSERT INTO answer_options (question_id, correct_answer, answer_text)
VALUES ('304060103', FALSE, 'ונוס');

INSERT INTO answer_options (question_id, correct_answer, answer_text)
VALUES ('304060103', FALSE, 'מרקורי');

INSERT INTO questions (question_id, language_id, topic_id, c_grade_id, level, question_text, explanation, interesting_fact)
VALUES ('304060104', 1, 4060, 4, 4, 'מהו גלקסיית האנדרומדה?', '', 'גלקסיית האנדרומדה ושביל החלב מתקרבות אחת לשנייה וייחברו בעתיד.') ON CONFLICT (question_id) DO UPDATE SET language_id = 1 ,topic_id= 4060,c_grade_id =4,level=4,question_text='מהו גלקסיית האנדרומדה?',explanation='',interesting_fact='גלקסיית האנדרומדה ושביל החלב מתקרבות אחת לשנייה וייחברו בעתיד.';


INSERT INTO answer_options (question_id, correct_answer, answer_text)
VALUES ('304060104', TRUE, 'גלקסיה הקרובה ביותר לשביל החלב') ;

INSERT INTO answer_options (question_id, correct_answer, answer_text)
VALUES ('304060104', FALSE, 'כוכב לכת ענק');

INSERT INTO answer_options (question_id, correct_answer, answer_text)
VALUES ('304060104', FALSE, 'חור שחור');

INSERT INTO answer_options (question_id, correct_answer, answer_text)
VALUES ('304060104', FALSE, 'ירח של צדק');

INSERT INTO questions (question_id, language_id, topic_id, c_grade_id, level, question_text, explanation, interesting_fact)
VALUES ('304060105', 1, 4060, 5, 5, 'מהי תופעת הזוהר הקוטבי?', '', 'הזוהר הקוטבי נוצר מהתנגשות חלקיקים סולאריים עם אטמוספירת כדור הארץ.') ON CONFLICT (question_id) DO UPDATE SET language_id = 1 ,topic_id= 4060,c_grade_id =5,level=5,question_text='מהי תופעת הזוהר הקוטבי?',explanation='',interesting_fact='הזוהר הקוטבי נוצר מהתנגשות חלקיקים סולאריים עם אטמוספירת כדור הארץ.';


INSERT INTO answer_options (question_id, correct_answer, answer_text)
VALUES ('304060105', TRUE, 'תופעת אור בשמי הלילה בקרבת הקוטבים') ;

INSERT INTO answer_options (question_id, correct_answer, answer_text)
VALUES ('304060105', FALSE, 'שביט מתנגש באטמוספירה');

INSERT INTO answer_options (question_id, correct_answer, answer_text)
VALUES ('304060105', FALSE, 'סערה חללית');

INSERT INTO answer_options (question_id, correct_answer, answer_text)
VALUES ('304060105', FALSE, 'חללית חוצה את האטמוספירה');

INSERT INTO questions (question_id, language_id, topic_id, c_grade_id, level, question_text, explanation, interesting_fact)
VALUES ('304061101', 1, 4061, 1, 1, 'מהו חג המולד?', '', 'חג המולד מצוין ברחבי העולם עם עץ מולד וקישוטים.') ON CONFLICT (question_id) DO UPDATE SET language_id = 1 ,topic_id= 4061,c_grade_id =1,level=1,question_text='מהו חג המולד?',explanation='',interesting_fact='חג המולד מצוין ברחבי העולם עם עץ מולד וקישוטים.';


INSERT INTO answer_options (question_id, correct_answer, answer_text)
VALUES ('304061101', TRUE, 'חג נוצרי המציין את לידת ישו') ;

INSERT INTO answer_options (question_id, correct_answer, answer_text)
VALUES ('304061101', FALSE, 'חג הפסחא');

INSERT INTO answer_options (question_id, correct_answer, answer_text)
VALUES ('304061101', FALSE, 'ראש השנה');

INSERT INTO answer_options (question_id, correct_answer, answer_text)
VALUES ('304061101', FALSE, 'חנוכה');

INSERT INTO questions (question_id, language_id, topic_id, c_grade_id, level, question_text, explanation, interesting_fact)
VALUES ('304061102', 1, 4061, 2, 2, 'מהי האיד אל-פיטר?', '', 'האיד אל-פיטר מתקיים בתום חודש הצום והוא יום שמחה וחגיגה.') ON CONFLICT (question_id) DO UPDATE SET language_id = 1 ,topic_id= 4061,c_grade_id =2,level=2,question_text='מהי האיד אל-פיטר?',explanation='',interesting_fact='האיד אל-פיטר מתקיים בתום חודש הצום והוא יום שמחה וחגיגה.';


INSERT INTO answer_options (question_id, correct_answer, answer_text)
VALUES ('304061102', TRUE, 'חג מוסלמי המציין את סוף רמדאן') ;

INSERT INTO answer_options (question_id, correct_answer, answer_text)
VALUES ('304061102', FALSE, 'חג הנביא מוחמד');

INSERT INTO answer_options (question_id, correct_answer, answer_text)
VALUES ('304061102', FALSE, 'יום העצמאות');

INSERT INTO answer_options (question_id, correct_answer, answer_text)
VALUES ('304061102', FALSE, 'יום ראשון של רמדאן');

INSERT INTO questions (question_id, language_id, topic_id, c_grade_id, level, question_text, explanation, interesting_fact)
VALUES ('304061103', 1, 4061, 3, 3, 'מהי חנוכה?', '', 'בחנוכה מדליקים נרות במשך שמונה ימים כסימן לנס השמן.') ON CONFLICT (question_id) DO UPDATE SET language_id = 1 ,topic_id= 4061,c_grade_id =3,level=3,question_text='מהי חנוכה?',explanation='',interesting_fact='בחנוכה מדליקים נרות במשך שמונה ימים כסימן לנס השמן.';


INSERT INTO answer_options (question_id, correct_answer, answer_text)
VALUES ('304061103', TRUE, 'חג יהודי המציין את נס פך השמן') ;

INSERT INTO answer_options (question_id, correct_answer, answer_text)
VALUES ('304061103', FALSE, 'פסח');

INSERT INTO answer_options (question_id, correct_answer, answer_text)
VALUES ('304061103', FALSE, 'סוכות');

INSERT INTO answer_options (question_id, correct_answer, answer_text)
VALUES ('304061103', FALSE, 'יום כיפור');

INSERT INTO questions (question_id, language_id, topic_id, c_grade_id, level, question_text, explanation, interesting_fact)
VALUES ('304061104', 1, 4061, 4, 4, 'מהי וסאק?', '', 'וסאק מתקיים במועדים שונים תלוי במסורת הבודהיסטית.') ON CONFLICT (question_id) DO UPDATE SET language_id = 1 ,topic_id= 4061,c_grade_id =4,level=4,question_text='מהי וסאק?',explanation='',interesting_fact='וסאק מתקיים במועדים שונים תלוי במסורת הבודהיסטית.';


INSERT INTO answer_options (question_id, correct_answer, answer_text)
VALUES ('304061104', TRUE, 'חג בודהיסטי המציין את לידתו, הארה ומותו של בודהה') ;

INSERT INTO answer_options (question_id, correct_answer, answer_text)
VALUES ('304061104', FALSE, 'חג השבועות');

INSERT INTO answer_options (question_id, correct_answer, answer_text)
VALUES ('304061104', FALSE, 'ראש השנה הבודהיסטי');

INSERT INTO answer_options (question_id, correct_answer, answer_text)
VALUES ('304061104', FALSE, 'יום ההולדת של דאלי לאמה');

INSERT INTO questions (question_id, language_id, topic_id, c_grade_id, level, question_text, explanation, interesting_fact)
VALUES ('304061105', 1, 4061, 5, 5, 'מהו חג המולד בחגיגת הקופטים?', '', 'חג המולד הקופטי מתקיים במועדים שונים מהלוח הגרגוריאני.') ON CONFLICT (question_id) DO UPDATE SET language_id = 1 ,topic_id= 4061,c_grade_id =5,level=5,question_text='מהו חג המולד בחגיגת הקופטים?',explanation='',interesting_fact='חג המולד הקופטי מתקיים במועדים שונים מהלוח הגרגוריאני.';


INSERT INTO answer_options (question_id, correct_answer, answer_text)
VALUES ('304061105', TRUE, 'חג נוצרי המציין את לידת ישו בקהילה הקופטית') ;

INSERT INTO answer_options (question_id, correct_answer, answer_text)
VALUES ('304061105', FALSE, 'חג הפסחא הקופטי');

INSERT INTO answer_options (question_id, correct_answer, answer_text)
VALUES ('304061105', FALSE, 'יום השנה החדשה הקופטי');

INSERT INTO answer_options (question_id, correct_answer, answer_text)
VALUES ('304061105', FALSE, 'יום כיפור הקופטי');

INSERT INTO questions (question_id, language_id, topic_id, c_grade_id, level, question_text, explanation, interesting_fact)
VALUES ('304062101', 1, 4062, 1, 1, 'מהי חשיבות הפוטוסינתזה לצמח?', '', 'פוטוסינתזה מאפשרת לצמח לייצר מזון וחמצן, חשובים לחיי כדור הארץ.') ON CONFLICT (question_id) DO UPDATE SET language_id = 1 ,topic_id= 4062,c_grade_id =1,level=1,question_text='מהי חשיבות הפוטוסינתזה לצמח?',explanation='',interesting_fact='פוטוסינתזה מאפשרת לצמח לייצר מזון וחמצן, חשובים לחיי כדור הארץ.';


INSERT INTO answer_options (question_id, correct_answer, answer_text)
VALUES ('304062101', TRUE, 'יצירת מזון וחמצן') ;

INSERT INTO answer_options (question_id, correct_answer, answer_text)
VALUES ('304062101', FALSE, 'הפקת חום לצמח');

INSERT INTO answer_options (question_id, correct_answer, answer_text)
VALUES ('304062101', FALSE, 'סינון מי גשם');

INSERT INTO answer_options (question_id, correct_answer, answer_text)
VALUES ('304062101', FALSE, 'הגנה מפני מזיקים');

INSERT INTO questions (question_id, language_id, topic_id, c_grade_id, level, question_text, explanation, interesting_fact)
VALUES ('304062102', 1, 4062, 2, 2, 'מהו תפקיד העלים בצמח?', '', 'עלים תורמים לתהליך הפוטוסינתזה ובכך לייצור המזון בצמח.') ON CONFLICT (question_id) DO UPDATE SET language_id = 1 ,topic_id= 4062,c_grade_id =2,level=2,question_text='מהו תפקיד העלים בצמח?',explanation='',interesting_fact='עלים תורמים לתהליך הפוטוסינתזה ובכך לייצור המזון בצמח.';


INSERT INTO answer_options (question_id, correct_answer, answer_text)
VALUES ('304062102', TRUE, 'תהליך הפוטוסינתזה') ;

INSERT INTO answer_options (question_id, correct_answer, answer_text)
VALUES ('304062102', FALSE, 'הפקת זרעים');

INSERT INTO answer_options (question_id, correct_answer, answer_text)
VALUES ('304062102', FALSE, 'שמירה על המים');

INSERT INTO answer_options (question_id, correct_answer, answer_text)
VALUES ('304062102', FALSE, 'הצללה לצמח');

INSERT INTO questions (question_id, language_id, topic_id, c_grade_id, level, question_text, explanation, interesting_fact)
VALUES ('304062103', 1, 4062, 3, 3, 'מהם צמחים נזילים?', '', 'צמחים נזילים מתאפיינים בגדילה במים או לידם, כמו קנים ופפירוס.') ON CONFLICT (question_id) DO UPDATE SET language_id = 1 ,topic_id= 4062,c_grade_id =3,level=3,question_text='מהם צמחים נזילים?',explanation='',interesting_fact='צמחים נזילים מתאפיינים בגדילה במים או לידם, כמו קנים ופפירוס.';


INSERT INTO answer_options (question_id, correct_answer, answer_text)
VALUES ('304062103', TRUE, 'צמחים שגדלים במים') ;

INSERT INTO answer_options (question_id, correct_answer, answer_text)
VALUES ('304062103', FALSE, 'צמחים קטנים במיוחד');

INSERT INTO answer_options (question_id, correct_answer, answer_text)
VALUES ('304062103', FALSE, 'צמחים עם פרחים צבעוניים');

INSERT INTO answer_options (question_id, correct_answer, answer_text)
VALUES ('304062103', FALSE, 'צמחים עם שורשים ארוכים');

INSERT INTO questions (question_id, language_id, topic_id, c_grade_id, level, question_text, explanation, interesting_fact)
VALUES ('304062104', 1, 4062, 4, 4, 'איזה צמח נחשב לצמח הכי גבוה בעולם?', '', 'עץ הרדווד הענק יכול להגיע לגובה של עד 100 מטר ויותר.') ON CONFLICT (question_id) DO UPDATE SET language_id = 1 ,topic_id= 4062,c_grade_id =4,level=4,question_text='איזה צמח נחשב לצמח הכי גבוה בעולם?',explanation='',interesting_fact='עץ הרדווד הענק יכול להגיע לגובה של עד 100 מטר ויותר.';


INSERT INTO answer_options (question_id, correct_answer, answer_text)
VALUES ('304062104', TRUE, 'עץ הרדווד הענק') ;

INSERT INTO answer_options (question_id, correct_answer, answer_text)
VALUES ('304062104', FALSE, 'דקל');

INSERT INTO answer_options (question_id, correct_answer, answer_text)
VALUES ('304062104', FALSE, 'עץ הברוש');

INSERT INTO answer_options (question_id, correct_answer, answer_text)
VALUES ('304062104', FALSE, 'עץ התפוח');

INSERT INTO questions (question_id, language_id, topic_id, c_grade_id, level, question_text, explanation, interesting_fact)
VALUES ('304062105', 1, 4062, 5, 5, 'מהו תפקיד הפרח בתהליך הרבייה של הצמח?', '', 'פרחים מפיקים זרעים ופירות, ומשמשים בתהליך הרבייה של הצמח.') ON CONFLICT (question_id) DO UPDATE SET language_id = 1 ,topic_id= 4062,c_grade_id =5,level=5,question_text='מהו תפקיד הפרח בתהליך הרבייה של הצמח?',explanation='',interesting_fact='פרחים מפיקים זרעים ופירות, ומשמשים בתהליך הרבייה של הצמח.';


INSERT INTO answer_options (question_id, correct_answer, answer_text)
VALUES ('304062105', TRUE, 'יצירת זרעים') ;

INSERT INTO answer_options (question_id, correct_answer, answer_text)
VALUES ('304062105', FALSE, 'סינון מי גשם');

INSERT INTO answer_options (question_id, correct_answer, answer_text)
VALUES ('304062105', FALSE, 'צלילת חמצן');

INSERT INTO answer_options (question_id, correct_answer, answer_text)
VALUES ('304062105', FALSE, 'הפקת צל');

INSERT INTO questions (question_id, language_id, topic_id, c_grade_id, level, question_text, explanation, interesting_fact)
VALUES ('304063101', 1, 4063, 1, 1, 'מהי השפה הנפוצה ביותר בעולם?', '', 'יותר ממיליארד אנשים מדברים סינית מנדרינית ברחבי העולם.') ON CONFLICT (question_id) DO UPDATE SET language_id = 1 ,topic_id= 4063,c_grade_id =1,level=1,question_text='מהי השפה הנפוצה ביותר בעולם?',explanation='',interesting_fact='יותר ממיליארד אנשים מדברים סינית מנדרינית ברחבי העולם.';


INSERT INTO answer_options (question_id, correct_answer, answer_text)
VALUES ('304063101', TRUE, 'סינית מנדרינית') ;

INSERT INTO answer_options (question_id, correct_answer, answer_text)
VALUES ('304063101', FALSE, 'אנגלית');

INSERT INTO answer_options (question_id, correct_answer, answer_text)
VALUES ('304063101', FALSE, 'ספרדית');

INSERT INTO answer_options (question_id, correct_answer, answer_text)
VALUES ('304063101', FALSE, 'ערבית');

INSERT INTO questions (question_id, language_id, topic_id, c_grade_id, level, question_text, explanation, interesting_fact)
VALUES ('304063102', 1, 4063, 2, 2, 'באיזו שפה נכתב הספר "דון קיחוטה"?', '', '"דון קיחוטה" נחשב לאחד מהספרים החשובים והמשפיעים בספרות העולמית.') ON CONFLICT (question_id) DO UPDATE SET language_id = 1 ,topic_id= 4063,c_grade_id =2,level=2,question_text='באיזו שפה נכתב הספר "דון קיחוטה"?',explanation='',interesting_fact='"דון קיחוטה" נחשב לאחד מהספרים החשובים והמשפיעים בספרות העולמית.';


INSERT INTO answer_options (question_id, correct_answer, answer_text)
VALUES ('304063102', TRUE, 'ספרדית') ;

INSERT INTO answer_options (question_id, correct_answer, answer_text)
VALUES ('304063102', FALSE, 'איטלקית');

INSERT INTO answer_options (question_id, correct_answer, answer_text)
VALUES ('304063102', FALSE, 'פורטוגזית');

INSERT INTO answer_options (question_id, correct_answer, answer_text)
VALUES ('304063102', FALSE, 'צרפתית');

INSERT INTO questions (question_id, language_id, topic_id, c_grade_id, level, question_text, explanation, interesting_fact)
VALUES ('304063103', 1, 4063, 3, 3, 'אילו אותיות משמשות גם בשפה העברית וגם בשפה הארמית?', '', 'השפה הארמית והעברית משתמשות באותה סטיה של אותיות, אך עם משמעויות שונות.') ON CONFLICT (question_id) DO UPDATE SET language_id = 1 ,topic_id= 4063,c_grade_id =3,level=3,question_text='אילו אותיות משמשות גם בשפה העברית וגם בשפה הארמית?',explanation='',interesting_fact='השפה הארמית והעברית משתמשות באותה סטיה של אותיות, אך עם משמעויות שונות.';


INSERT INTO answer_options (question_id, correct_answer, answer_text)
VALUES ('304063103', TRUE, 'אותיות עבריות') ;

INSERT INTO answer_options (question_id, correct_answer, answer_text)
VALUES ('304063103', FALSE, 'אותיות לטיניות');

INSERT INTO answer_options (question_id, correct_answer, answer_text)
VALUES ('304063103', FALSE, 'אותיות יווניות');

INSERT INTO answer_options (question_id, correct_answer, answer_text)
VALUES ('304063103', FALSE, 'אותיות קיריליות');

INSERT INTO questions (question_id, language_id, topic_id, c_grade_id, level, question_text, explanation, interesting_fact)
VALUES ('304063104', 1, 4063, 4, 4, 'איזו שפה ידועה בכך שהיא משתמשת בכתב תמונות?', '', 'כתב התמונות בשפה הסינית מורכב מאלפי סמלים, כל אחד מייצג מילה או מונח.') ON CONFLICT (question_id) DO UPDATE SET language_id = 1 ,topic_id= 4063,c_grade_id =4,level=4,question_text='איזו שפה ידועה בכך שהיא משתמשת בכתב תמונות?',explanation='',interesting_fact='כתב התמונות בשפה הסינית מורכב מאלפי סמלים, כל אחד מייצג מילה או מונח.';


INSERT INTO answer_options (question_id, correct_answer, answer_text)
VALUES ('304063104', TRUE, 'סינית') ;

INSERT INTO answer_options (question_id, correct_answer, answer_text)
VALUES ('304063104', FALSE, 'אנגלית');

INSERT INTO answer_options (question_id, correct_answer, answer_text)
VALUES ('304063104', FALSE, 'רוסית');

INSERT INTO answer_options (question_id, correct_answer, answer_text)
VALUES ('304063104', FALSE, 'ערבית');
