INSERT INTO topics (topic_id, topic_name) VALUES (3001, 'נושא 1 יִצוּג שֶׁל מִסְפָּרִים טִבְעִיִים בִּתְחוּם האלף') ON CONFLICT (topic_id) DO NOTHING;
INSERT INTO topics (topic_id, topic_name) VALUES (3002, 'נושא 2 יִצוּג שֶׁל מִסְפָּרִים טִבְעִיִים בִּתְחוּם הרבבה') ON CONFLICT (topic_id) DO NOTHING;
INSERT INTO topics (topic_id, topic_name) VALUES (3003, 'נושא 3 הָעֵרֶךְ שֶׁסִפְרָה מְיַצֶגֶת בְּמִסְפָּר') ON CONFLICT (topic_id) DO NOTHING;
INSERT INTO topics (topic_id, topic_name) VALUES (3004, 'נושא 4 הַשְׁוָאָה בֵּין מִסְפָּרִים') ON CONFLICT (topic_id) DO NOTHING;
INSERT INTO topics (topic_id, topic_name) VALUES (3005, 'נושא 5 סֵדֶר וְרֶצֶף בֵּין מִסְפָּרִים') ON CONFLICT (topic_id) DO NOTHING;
INSERT INTO topics (topic_id, topic_name) VALUES (3007, 'נושא 7 עִגוּל מִסְפָּרִים') ON CONFLICT (topic_id) DO NOTHING;
INSERT INTO topics (topic_id, topic_name) VALUES (3008, 'נושא 8 חִבּוּר בִּתְחוּם הָרְבָבָה') ON CONFLICT (topic_id) DO NOTHING;
INSERT INTO topics (topic_id, topic_name) VALUES (3009, 'נושא 9 חִסוּר בִּתְחוּם הָרְבָבָה') ON CONFLICT (topic_id) DO NOTHING;
INSERT INTO topics (topic_id, topic_name) VALUES (3010, 'נושא 10 הַקֶשֶׁר בֵּין חִבּוּר לְבֵין חִסוּר') ON CONFLICT (topic_id) DO NOTHING;
INSERT INTO topics (topic_id, topic_name) VALUES (3011, 'נושא 11 בְּעָיוֹת מִלוּלִיוֹת') ON CONFLICT (topic_id) DO NOTHING;
INSERT INTO topics (topic_id, topic_name) VALUES (3012, 'נושא 12- מַשְׁמָעוּת הַכֶּפֶל וּמַשְׁמָעוּת הַחִלוּק') ON CONFLICT (topic_id) DO NOTHING;
INSERT INTO topics (topic_id, topic_name) VALUES (3013, 'נושא 13- חִשׁוּב מַכְפֵֵּלָה בְּעֶזְרַת מַכְפֵּלוֹת אֲחרות') ON CONFLICT (topic_id) DO NOTHING;
INSERT INTO topics (topic_id, topic_name) VALUES (3014, 'נושא 14- הַקֶשֶׁר בֵּין כֶּפֶל לְבֵין חִלוּק') ON CONFLICT (topic_id) DO NOTHING;
INSERT INTO topics (topic_id, topic_name) VALUES (3015, 'נושא 15- "גָדוֹל פִּי", "קָטָן פִּי"') ON CONFLICT (topic_id) DO NOTHING;
INSERT INTO topics (topic_id, topic_name) VALUES (3016, 'נושא 16- תְכוּנוֹת הָ-1 בְּכֶפֶל וּבְחִלוּק') ON CONFLICT (topic_id) DO NOTHING;
INSERT INTO topics (topic_id, topic_name) VALUES (3017, 'נושא 17- תְכוּנוֹת הָ-0 בְּכֶפֶל וּבְחִלוּק') ON CONFLICT (topic_id) DO NOTHING;
INSERT INTO topics (topic_id, topic_name) VALUES (3019, 'נושא 19- סֵדֶר פְּעֻלוֹת הַחֶשְׁבּוֹן וְשִׁמוּשׁ בְּסוגריים') ON CONFLICT (topic_id) DO NOTHING;
INSERT INTO topics (topic_id, topic_name) VALUES (3020, 'נושא 20- כֶּפֶל בְּ-10, כֶּפֶל בְּ-100') ON CONFLICT (topic_id) DO NOTHING;
INSERT INTO topics (topic_id, topic_name) VALUES (3021, 'נושא 21- כֶּפֶל בַּעֲשָׂרוֹת שְׁלֵמוֹת וּבְמֵאוֹת שְׁלֵמוֹת') ON CONFLICT (topic_id) DO NOTHING;
INSERT INTO topics (topic_id, topic_name) VALUES (3022, 'נושא 22- בְּעָיוֹת מִלוּלִיוֹת דוּ-שְׁלַבִּיוֹת') ON CONFLICT (topic_id) DO NOTHING;
INSERT INTO topics (topic_id, topic_name) VALUES (3023, 'נושא 23- כֶּפֶל גוֹרֵם דוּ-סִפְרָתִי בְּגוֹרֵם חַד-סִפרתי') ON CONFLICT (topic_id) DO NOTHING;
INSERT INTO topics (topic_id, topic_name) VALUES (3024, 'נושא 24- כֶּפֶל גוֹרֵם תְלַת-סִפְרָתִי בְּגוֹרֵם חַד-ספרתי') ON CONFLICT (topic_id) DO NOTHING;
INSERT INTO topics (topic_id, topic_name) VALUES (3025, 'נושא 25- כֶּפֶל גוֹרֵם דוּ-סִפְרָתִי בְּגוֹרֵם דו-סִפרתי') ON CONFLICT (topic_id) DO NOTHING;
INSERT INTO topics (topic_id, topic_name) VALUES (3026, 'נושא 26- כֶּפֶל גוֹרֵם תלתּ-סִפְרָתִי בְּגוֹרֵם דו-סִפרתי') ON CONFLICT (topic_id) DO NOTHING;
INSERT INTO topics (topic_id, topic_name) VALUES (3027, 'נושא 27- סֵדֶר הַפְּעֻלוֹת בְּתַרְגִילֵי כֶּפֶל') ON CONFLICT (topic_id) DO NOTHING;
INSERT INTO topics (topic_id, topic_name) VALUES (3028, 'נוֹשֵׂא 28 חִלוּק בִּתְחוּם הַ-100') ON CONFLICT (topic_id) DO NOTHING;
INSERT INTO topics (topic_id, topic_name) VALUES (3029, 'נוֹשֵׂא 29- חִלוּק עִם שְׁאֵרִית') ON CONFLICT (topic_id) DO NOTHING;
INSERT INTO topics (topic_id, topic_name) VALUES (3030, 'נוֹשֵׂא 30- סִימָנֵי הִתְחַלְקוּת בְּ 10- וּבְ 5') ON CONFLICT (topic_id) DO NOTHING;
INSERT INTO topics (topic_id, topic_name) VALUES (3031, 'נוֹשֵׂא 31-סִימַן הִתְחַלְקוּת בִּ 2') ON CONFLICT (topic_id) DO NOTHING;
INSERT INTO topics (topic_id, topic_name) VALUES (3032, 'נוֹשֵׂא 32- עוֹד עַל סִימָנֵי הִתְחַלְקוּת') ON CONFLICT (topic_id) DO NOTHING;

INSERT INTO questions (question_id, language_id, topic_id, c_grade_id, level, question_text, explanation, interesting_fact)
VALUES ('103001102', 1, 3001, 2, 2, 'Loop', '', '15') ON CONFLICT (question_id) DO UPDATE SET language_id = 1 ,topic_id= 3001,c_grade_id =2,level=2,question_text='Loop',explanation='',interesting_fact='15';


INSERT INTO answer_options (question_id, correct_answer, answer_text)
VALUES ('103001102', TRUE, 'באיזה מספר ספרת העשרות היא 5 וספרת האחדות היא 2?') ;

INSERT INTO answer_options (question_id, correct_answer, answer_text)
VALUES ('103001102', FALSE, '52');

INSERT INTO answer_options (question_id, correct_answer, answer_text)
VALUES ('103001102', FALSE, '25');

INSERT INTO answer_options (question_id, correct_answer, answer_text)
VALUES ('103001102', FALSE, '42');

INSERT INTO questions (question_id, language_id, topic_id, c_grade_id, level, question_text, explanation, interesting_fact)
VALUES ('103001103', 1, 3001, 3, 3, 'Loop', '', '1') ON CONFLICT (question_id) DO UPDATE SET language_id = 1 ,topic_id= 3001,c_grade_id =3,level=3,question_text='Loop',explanation='',interesting_fact='1';


INSERT INTO answer_options (question_id, correct_answer, answer_text)
VALUES ('103001103', TRUE, 'מהי ספרת האחדות במספר 309?') ;

INSERT INTO answer_options (question_id, correct_answer, answer_text)
VALUES ('103001103', FALSE, '9');

INSERT INTO answer_options (question_id, correct_answer, answer_text)
VALUES ('103001103', FALSE, '0');

INSERT INTO answer_options (question_id, correct_answer, answer_text)
VALUES ('103001103', FALSE, '3');

INSERT INTO questions (question_id, language_id, topic_id, c_grade_id, level, question_text, explanation, interesting_fact)
VALUES ('103001104', 1, 3001, 4, 4, 'Loop', '', '976') ON CONFLICT (question_id) DO UPDATE SET language_id = 1 ,topic_id= 3001,c_grade_id =4,level=4,question_text='Loop',explanation='',interesting_fact='976';


INSERT INTO answer_options (question_id, correct_answer, answer_text)
VALUES ('103001104', TRUE, 'באיזה מספר ספרת המאות היא 6 וספרת האחדות היא 7?') ;

INSERT INTO answer_options (question_id, correct_answer, answer_text)
VALUES ('103001104', FALSE, '607');

INSERT INTO answer_options (question_id, correct_answer, answer_text)
VALUES ('103001104', FALSE, '670');

INSERT INTO answer_options (question_id, correct_answer, answer_text)
VALUES ('103001104', FALSE, '760');

INSERT INTO questions (question_id, language_id, topic_id, c_grade_id, level, question_text, explanation, interesting_fact)
VALUES ('103001105', 1, 3001, 5, 5, 'Loop', '', '9780') ON CONFLICT (question_id) DO UPDATE SET language_id = 1 ,topic_id= 3001,c_grade_id =5,level=5,question_text='Loop',explanation='',interesting_fact='9780';


INSERT INTO answer_options (question_id, correct_answer, answer_text)
VALUES ('103001105', TRUE, 'איזה מספר הוא 400 יותר גדול מהמספר 578?') ;

INSERT INTO answer_options (question_id, correct_answer, answer_text)
VALUES ('103001105', FALSE, '978');

INSERT INTO answer_options (question_id, correct_answer, answer_text)
VALUES ('103001105', FALSE, '878');

INSERT INTO answer_options (question_id, correct_answer, answer_text)
VALUES ('103001105', FALSE, '1088');

INSERT INTO questions (question_id, language_id, topic_id, c_grade_id, level, question_text, explanation, interesting_fact)
VALUES ('103001106', 1, 3001, 6, 6, 'Loop', '', '910') ON CONFLICT (question_id) DO UPDATE SET language_id = 1 ,topic_id= 3001,c_grade_id =6,level=6,question_text='Loop',explanation='',interesting_fact='910';


INSERT INTO answer_options (question_id, correct_answer, answer_text)
VALUES ('103001106', TRUE, 'מהו המספר שבא אחרי המספר 999?') ;

INSERT INTO answer_options (question_id, correct_answer, answer_text)
VALUES ('103001106', FALSE, '1000');

INSERT INTO answer_options (question_id, correct_answer, answer_text)
VALUES ('103001106', FALSE, '990');

INSERT INTO answer_options (question_id, correct_answer, answer_text)
VALUES ('103001106', FALSE, '1001');

INSERT INTO questions (question_id, language_id, topic_id, c_grade_id, level, question_text, explanation, interesting_fact)
VALUES ('103001107', 1, 3001, 7, 7, 'Loop', '', '5') ON CONFLICT (question_id) DO UPDATE SET language_id = 1 ,topic_id= 3001,c_grade_id =7,level=7,question_text='Loop',explanation='',interesting_fact='5';


INSERT INTO answer_options (question_id, correct_answer, answer_text)
VALUES ('103001107', TRUE, 'מהי ספרת העשרות במספר 746?') ;

INSERT INTO answer_options (question_id, correct_answer, answer_text)
VALUES ('103001107', FALSE, '4');

INSERT INTO answer_options (question_id, correct_answer, answer_text)
VALUES ('103001107', FALSE, '7');

INSERT INTO answer_options (question_id, correct_answer, answer_text)
VALUES ('103001107', FALSE, '6');

INSERT INTO questions (question_id, language_id, topic_id, c_grade_id, level, question_text, explanation, interesting_fact)
VALUES ('103001108', 1, 3001, 8, 8, 'Loop', '', '1030') ON CONFLICT (question_id) DO UPDATE SET language_id = 1 ,topic_id= 3001,c_grade_id =8,level=8,question_text='Loop',explanation='',interesting_fact='1030';


INSERT INTO answer_options (question_id, correct_answer, answer_text)
VALUES ('103001108', TRUE, 'איזה מספר הוא 200 פחות מהמספר 832?') ;

INSERT INTO answer_options (question_id, correct_answer, answer_text)
VALUES ('103001108', FALSE, '632');

INSERT INTO answer_options (question_id, correct_answer, answer_text)
VALUES ('103001108', FALSE, '432');

INSERT INTO answer_options (question_id, correct_answer, answer_text)
VALUES ('103001108', FALSE, '1032');

INSERT INTO questions (question_id, language_id, topic_id, c_grade_id, level, question_text, explanation, interesting_fact)
VALUES ('103001109', 1, 3001, 9, 9, 'Loop', '', '900') ON CONFLICT (question_id) DO UPDATE SET language_id = 1 ,topic_id= 3001,c_grade_id =9,level=9,question_text='Loop',explanation='',interesting_fact='900';


INSERT INTO answer_options (question_id, correct_answer, answer_text)
VALUES ('103001109', TRUE, 'באיזה מספר ספרת האחדות היא 0 וספרת העשרות היא 9?') ;

INSERT INTO answer_options (question_id, correct_answer, answer_text)
VALUES ('103001109', FALSE, '90');

INSERT INTO answer_options (question_id, correct_answer, answer_text)
VALUES ('103001109', FALSE, '19');

INSERT INTO answer_options (question_id, correct_answer, answer_text)
VALUES ('103001109', FALSE, '901');

INSERT INTO questions (question_id, language_id, topic_id, c_grade_id, level, question_text, explanation, interesting_fact)
VALUES ('103001110', 1, 3001, 0, 0, 'Loop', '', '0') ON CONFLICT (question_id) DO UPDATE SET language_id = 1 ,topic_id= 3001,c_grade_id =0,level=0,question_text='Loop',explanation='',interesting_fact='0';


INSERT INTO answer_options (question_id, correct_answer, answer_text)
VALUES ('103001110', TRUE, 'מהי ספרת האחדות במספר 465?') ;

INSERT INTO answer_options (question_id, correct_answer, answer_text)
VALUES ('103001110', FALSE, '5');

INSERT INTO answer_options (question_id, correct_answer, answer_text)
VALUES ('103001110', FALSE, '4');

INSERT INTO answer_options (question_id, correct_answer, answer_text)
VALUES ('103001110', FALSE, '6');

INSERT INTO questions (question_id, language_id, topic_id, c_grade_id, level, question_text, explanation, interesting_fact)
VALUES ('103001111', 1, 3001, 1, 1, 'Loop', '', '0') ON CONFLICT (question_id) DO UPDATE SET language_id = 1 ,topic_id= 3001,c_grade_id =1,level=1,question_text='Loop',explanation='',interesting_fact='0';


INSERT INTO answer_options (question_id, correct_answer, answer_text)
VALUES ('103001111', TRUE, 'מהי ספרת העשרות במספר 319?') ;

INSERT INTO answer_options (question_id, correct_answer, answer_text)
VALUES ('103001111', FALSE, '1');

INSERT INTO answer_options (question_id, correct_answer, answer_text)
VALUES ('103001111', FALSE, '3');

INSERT INTO answer_options (question_id, correct_answer, answer_text)
VALUES ('103001111', FALSE, '9');

INSERT INTO questions (question_id, language_id, topic_id, c_grade_id, level, question_text, explanation, interesting_fact)
VALUES ('103001112', 1, 3001, 2, 2, 'Loop', '', '1024') ON CONFLICT (question_id) DO UPDATE SET language_id = 1 ,topic_id= 3001,c_grade_id =2,level=2,question_text='Loop',explanation='',interesting_fact='1024';


INSERT INTO answer_options (question_id, correct_answer, answer_text)
VALUES ('103001112', TRUE, 'איזה מספר הוא 300 יותר קטן מהמספר 724?') ;

INSERT INTO answer_options (question_id, correct_answer, answer_text)
VALUES ('103001112', FALSE, '424');

INSERT INTO answer_options (question_id, correct_answer, answer_text)
VALUES ('103001112', FALSE, '1024');

INSERT INTO answer_options (question_id, correct_answer, answer_text)
VALUES ('103001112', FALSE, '324');

INSERT INTO questions (question_id, language_id, topic_id, c_grade_id, level, question_text, explanation, interesting_fact)
VALUES ('103001113', 1, 3001, 3, 3, 'Loop', '', '602') ON CONFLICT (question_id) DO UPDATE SET language_id = 1 ,topic_id= 3001,c_grade_id =3,level=3,question_text='Loop',explanation='',interesting_fact='602';


INSERT INTO answer_options (question_id, correct_answer, answer_text)
VALUES ('103001113', TRUE, 'באיזה מספר ספרת האחדות היא 6 וספרת המאות היא 2?') ;

INSERT INTO answer_options (question_id, correct_answer, answer_text)
VALUES ('103001113', FALSE, '206');

INSERT INTO answer_options (question_id, correct_answer, answer_text)
VALUES ('103001113', FALSE, '260');

INSERT INTO answer_options (question_id, correct_answer, answer_text)
VALUES ('103001113', FALSE, '620');

INSERT INTO questions (question_id, language_id, topic_id, c_grade_id, level, question_text, explanation, interesting_fact)
VALUES ('103001114', 1, 3001, 4, 4, 'Loop', '', '0') ON CONFLICT (question_id) DO UPDATE SET language_id = 1 ,topic_id= 3001,c_grade_id =4,level=4,question_text='Loop',explanation='',interesting_fact='0';


INSERT INTO answer_options (question_id, correct_answer, answer_text)
VALUES ('103001114', TRUE, 'מהי ספרת המאות במספר 483?') ;

INSERT INTO answer_options (question_id, correct_answer, answer_text)
VALUES ('103001114', FALSE, '4');

INSERT INTO answer_options (question_id, correct_answer, answer_text)
VALUES ('103001114', FALSE, '8');

INSERT INTO answer_options (question_id, correct_answer, answer_text)
VALUES ('103001114', FALSE, '3');

INSERT INTO questions (question_id, language_id, topic_id, c_grade_id, level, question_text, explanation, interesting_fact)
VALUES ('103001115', 1, 3001, 5, 5, 'Loop', '', '723') ON CONFLICT (question_id) DO UPDATE SET language_id = 1 ,topic_id= 3001,c_grade_id =5,level=5,question_text='Loop',explanation='',interesting_fact='723';


INSERT INTO answer_options (question_id, correct_answer, answer_text)
VALUES ('103001115', TRUE, 'איזה מספר הוא 500 יותר גדול מהמספר 213?') ;

INSERT INTO answer_options (question_id, correct_answer, answer_text)
VALUES ('103001115', FALSE, '713');

INSERT INTO answer_options (question_id, correct_answer, answer_text)
VALUES ('103001115', FALSE, '7130');

INSERT INTO answer_options (question_id, correct_answer, answer_text)
VALUES ('103001115', FALSE, '813');

INSERT INTO questions (question_id, language_id, topic_id, c_grade_id, level, question_text, explanation, interesting_fact)
VALUES ('103001116', 1, 3001, 6, 6, 'Loop', '', '711') ON CONFLICT (question_id) DO UPDATE SET language_id = 1 ,topic_id= 3001,c_grade_id =6,level=6,question_text='Loop',explanation='',interesting_fact='711';


INSERT INTO answer_options (question_id, correct_answer, answer_text)
VALUES ('103001116', TRUE, 'באיזה מספר ספרת העשרות היא 7 וספרת האחדות היא 1?') ;

INSERT INTO answer_options (question_id, correct_answer, answer_text)
VALUES ('103001116', FALSE, '71');

INSERT INTO answer_options (question_id, correct_answer, answer_text)
VALUES ('103001116', FALSE, '17');

INSERT INTO answer_options (question_id, correct_answer, answer_text)
VALUES ('103001116', FALSE, '710');

INSERT INTO questions (question_id, language_id, topic_id, c_grade_id, level, question_text, explanation, interesting_fact)
VALUES ('103001117', 1, 3001, 7, 7, 'Loop', '', '840') ON CONFLICT (question_id) DO UPDATE SET language_id = 1 ,topic_id= 3001,c_grade_id =7,level=7,question_text='Loop',explanation='',interesting_fact='840';


INSERT INTO answer_options (question_id, correct_answer, answer_text)
VALUES ('103001117', TRUE, 'איזה מספר הוא 100 פחות מהמספר 950?') ;

INSERT INTO answer_options (question_id, correct_answer, answer_text)
VALUES ('103001117', FALSE, '850');

INSERT INTO answer_options (question_id, correct_answer, answer_text)
VALUES ('103001117', FALSE, '9500');

INSERT INTO answer_options (question_id, correct_answer, answer_text)
VALUES ('103001117', FALSE, '1050');

INSERT INTO questions (question_id, language_id, topic_id, c_grade_id, level, question_text, explanation, interesting_fact)
VALUES ('103001118', 1, 3001, 8, 8, 'Loop', '', '0') ON CONFLICT (question_id) DO UPDATE SET language_id = 1 ,topic_id= 3001,c_grade_id =8,level=8,question_text='Loop',explanation='',interesting_fact='0';


INSERT INTO answer_options (question_id, correct_answer, answer_text)
VALUES ('103001118', TRUE, 'מהי ספרת האחדות במספר 692?') ;

INSERT INTO answer_options (question_id, correct_answer, answer_text)
VALUES ('103001118', FALSE, '2');

INSERT INTO answer_options (question_id, correct_answer, answer_text)
VALUES ('103001118', FALSE, '6');

INSERT INTO answer_options (question_id, correct_answer, answer_text)
VALUES ('103001118', FALSE, '9');

INSERT INTO questions (question_id, language_id, topic_id, c_grade_id, level, question_text, explanation, interesting_fact)
VALUES ('103001119', 1, 3001, 9, 9, 'Loop', '', '15') ON CONFLICT (question_id) DO UPDATE SET language_id = 1 ,topic_id= 3001,c_grade_id =9,level=9,question_text='Loop',explanation='',interesting_fact='15';


INSERT INTO answer_options (question_id, correct_answer, answer_text)
VALUES ('103001119', TRUE, 'באיזה מספר ספרת העשרות היא 0 וספרת האחדות היא 5?') ;

INSERT INTO answer_options (question_id, correct_answer, answer_text)
VALUES ('103001119', FALSE, '5');

INSERT INTO answer_options (question_id, correct_answer, answer_text)
VALUES ('103001119', FALSE, '50');

INSERT INTO answer_options (question_id, correct_answer, answer_text)
VALUES ('103001119', FALSE, '500');

INSERT INTO questions (question_id, language_id, topic_id, c_grade_id, level, question_text, explanation, interesting_fact)
VALUES ('103001120', 1, 3001, 0, 0, 'Loop', '', '830') ON CONFLICT (question_id) DO UPDATE SET language_id = 1 ,topic_id= 3001,c_grade_id =0,level=0,question_text='Loop',explanation='',interesting_fact='830';


INSERT INTO answer_options (question_id, correct_answer, answer_text)
VALUES ('103001120', TRUE, 'איזה מספר הוא 700 יותר גדול מהמספר 120?') ;

INSERT INTO answer_options (question_id, correct_answer, answer_text)
VALUES ('103001120', FALSE, '820');

INSERT INTO answer_options (question_id, correct_answer, answer_text)
VALUES ('103001120', FALSE, '8200');

INSERT INTO answer_options (question_id, correct_answer, answer_text)
VALUES ('103001120', FALSE, '190');

INSERT INTO questions (question_id, language_id, topic_id, c_grade_id, level, question_text, explanation, interesting_fact)
VALUES ('103001201', 1, 3001, 1, 1, 'nan', '', '1200') ON CONFLICT (question_id) DO UPDATE SET language_id = 1 ,topic_id= 3001,c_grade_id =1,level=1,question_text='nan',explanation='',interesting_fact='1200';


INSERT INTO answer_options (question_id, correct_answer, answer_text)
VALUES ('103001201', TRUE, 'איזה מספר הוא החצי של 600?') ;

INSERT INTO answer_options (question_id, correct_answer, answer_text)
VALUES ('103001201', FALSE, '300');

INSERT INTO answer_options (question_id, correct_answer, answer_text)
VALUES ('103001201', FALSE, '3000');

INSERT INTO answer_options (question_id, correct_answer, answer_text)
VALUES ('103001201', FALSE, '150');

INSERT INTO questions (question_id, language_id, topic_id, c_grade_id, level, question_text, explanation, interesting_fact)
VALUES ('103001203', 1, 3001, 3, 3, 'nan', '', '1166') ON CONFLICT (question_id) DO UPDATE SET language_id = 1 ,topic_id= 3001,c_grade_id =3,level=3,question_text='nan',explanation='',interesting_fact='1166';


INSERT INTO answer_options (question_id, correct_answer, answer_text)
VALUES ('103001203', TRUE, 'מה ההפרש בין המספרים 789 ל-623?') ;

INSERT INTO answer_options (question_id, correct_answer, answer_text)
VALUES ('103001203', FALSE, '166');

INSERT INTO answer_options (question_id, correct_answer, answer_text)
VALUES ('103001203', FALSE, '456');

INSERT INTO answer_options (question_id, correct_answer, answer_text)
VALUES ('103001203', FALSE, '332');

INSERT INTO questions (question_id, language_id, topic_id, c_grade_id, level, question_text, explanation, interesting_fact)
VALUES ('103001204', 1, 3001, 4, 4, 'nan', '', '3200') ON CONFLICT (question_id) DO UPDATE SET language_id = 1 ,topic_id= 3001,c_grade_id =4,level=4,question_text='nan',explanation='',interesting_fact='3200';


INSERT INTO answer_options (question_id, correct_answer, answer_text)
VALUES ('103001204', TRUE, 'אם אני מחלק את המספר 800 ל-4 חלקים שווים, כמה אני מקבל בכל חלק?') ;

INSERT INTO answer_options (question_id, correct_answer, answer_text)
VALUES ('103001204', FALSE, '200');

INSERT INTO answer_options (question_id, correct_answer, answer_text)
VALUES ('103001204', FALSE, '100');

INSERT INTO answer_options (question_id, correct_answer, answer_text)
VALUES ('103001204', FALSE, '400');

INSERT INTO questions (question_id, language_id, topic_id, c_grade_id, level, question_text, explanation, interesting_fact)
VALUES ('103001205', 1, 3001, 5, 5, 'nan', '', '423') ON CONFLICT (question_id) DO UPDATE SET language_id = 1 ,topic_id= 3001,c_grade_id =5,level=5,question_text='nan',explanation='',interesting_fact='423';


INSERT INTO answer_options (question_id, correct_answer, answer_text)
VALUES ('103001205', TRUE, 'באיזה מספר ספרת המאות היא 3, ספרת העשרות היא 4 וספרת האחדות היא 2?') ;

INSERT INTO answer_options (question_id, correct_answer, answer_text)
VALUES ('103001205', FALSE, '342');

INSERT INTO answer_options (question_id, correct_answer, answer_text)
VALUES ('103001205', FALSE, '432');

INSERT INTO answer_options (question_id, correct_answer, answer_text)
VALUES ('103001205', FALSE, '234');

INSERT INTO questions (question_id, language_id, topic_id, c_grade_id, level, question_text, explanation, interesting_fact)
VALUES ('103001206', 1, 3001, 6, 6, 'nan', '', '91') ON CONFLICT (question_id) DO UPDATE SET language_id = 1 ,topic_id= 3001,c_grade_id =6,level=6,question_text='nan',explanation='',interesting_fact='91';


INSERT INTO answer_options (question_id, correct_answer, answer_text)
VALUES ('103001206', TRUE, 'מהו המספר הגדול ביותר עם שתי ספרות?') ;

INSERT INTO answer_options (question_id, correct_answer, answer_text)
VALUES ('103001206', FALSE, '99');

INSERT INTO answer_options (question_id, correct_answer, answer_text)
VALUES ('103001206', FALSE, '100');

INSERT INTO answer_options (question_id, correct_answer, answer_text)
VALUES ('103001206', FALSE, '90');

INSERT INTO questions (question_id, language_id, topic_id, c_grade_id, level, question_text, explanation, interesting_fact)
VALUES ('103001207', 1, 3001, 7, 7, 'nan', '', '25') ON CONFLICT (question_id) DO UPDATE SET language_id = 1 ,topic_id= 3001,c_grade_id =7,level=7,question_text='nan',explanation='',interesting_fact='25';


INSERT INTO answer_options (question_id, correct_answer, answer_text)
VALUES ('103001207', TRUE, 'אם אני מחסיר מהמספר 650 את המספר 425, מה התוצאה?') ;

INSERT INTO answer_options (question_id, correct_answer, answer_text)
VALUES ('103001207', FALSE, '225');

INSERT INTO answer_options (question_id, correct_answer, answer_text)
VALUES ('103001207', FALSE, '1075');

INSERT INTO answer_options (question_id, correct_answer, answer_text)
VALUES ('103001207', FALSE, '325');

INSERT INTO questions (question_id, language_id, topic_id, c_grade_id, level, question_text, explanation, interesting_fact)
VALUES ('103001208', 1, 3001, 8, 8, 'nan', '', '555') ON CONFLICT (question_id) DO UPDATE SET language_id = 1 ,topic_id= 3001,c_grade_id =8,level=8,question_text='nan',explanation='',interesting_fact='555';


INSERT INTO answer_options (question_id, correct_answer, answer_text)
VALUES ('103001208', TRUE, 'באיזה מספר הספרות הן זהות וסכומן 9?') ;

INSERT INTO answer_options (question_id, correct_answer, answer_text)
VALUES ('103001208', FALSE, '333');

INSERT INTO answer_options (question_id, correct_answer, answer_text)
VALUES ('103001208', FALSE, '444');

INSERT INTO answer_options (question_id, correct_answer, answer_text)
VALUES ('103001208', FALSE, '222');

INSERT INTO questions (question_id, language_id, topic_id, c_grade_id, level, question_text, explanation, interesting_fact)
VALUES ('103001209', 1, 3001, 9, 9, 'nan', '', '505') ON CONFLICT (question_id) DO UPDATE SET language_id = 1 ,topic_id= 3001,c_grade_id =9,level=9,question_text='nan',explanation='',interesting_fact='505';


INSERT INTO answer_options (question_id, correct_answer, answer_text)
VALUES ('103001209', TRUE, 'אם אני מוסיף למספר 360 את המספר 255, איזה מספר אני מקבל?') ;

INSERT INTO answer_options (question_id, correct_answer, answer_text)
VALUES ('103001209', FALSE, '615');

INSERT INTO answer_options (question_id, correct_answer, answer_text)
VALUES ('103001209', FALSE, '6150');

INSERT INTO answer_options (question_id, correct_answer, answer_text)
VALUES ('103001209', FALSE, '105');

INSERT INTO questions (question_id, language_id, topic_id, c_grade_id, level, question_text, explanation, interesting_fact)
VALUES ('103001210', 1, 3001, 0, 0, 'nan', '', '1010') ON CONFLICT (question_id) DO UPDATE SET language_id = 1 ,topic_id= 3001,c_grade_id =0,level=0,question_text='nan',explanation='',interesting_fact='1010';


INSERT INTO answer_options (question_id, correct_answer, answer_text)
VALUES ('103001210', TRUE, 'איזה מספר הוא 1000 פחות 10?') ;

INSERT INTO answer_options (question_id, correct_answer, answer_text)
VALUES ('103001210', FALSE, '990');

INSERT INTO answer_options (question_id, correct_answer, answer_text)
VALUES ('103001210', FALSE, '100');

INSERT INTO answer_options (question_id, correct_answer, answer_text)
VALUES ('103001210', FALSE, '910');

INSERT INTO questions (question_id, language_id, topic_id, c_grade_id, level, question_text, explanation, interesting_fact)
VALUES ('103001211', 1, 3001, 1, 1, 'nan', '', '70') ON CONFLICT (question_id) DO UPDATE SET language_id = 1 ,topic_id= 3001,c_grade_id =1,level=1,question_text='nan',explanation='',interesting_fact='70';


INSERT INTO answer_options (question_id, correct_answer, answer_text)
VALUES ('103001211', TRUE, 'אם היו לי מאה תפוחים ואכלתי 35, כמה תפוחים נשארו לי?') ;

INSERT INTO answer_options (question_id, correct_answer, answer_text)
VALUES ('103001211', FALSE, '65');

INSERT INTO answer_options (question_id, correct_answer, answer_text)
VALUES ('103001211', FALSE, '135');

INSERT INTO answer_options (question_id, correct_answer, answer_text)
VALUES ('103001211', FALSE, '30');

INSERT INTO questions (question_id, language_id, topic_id, c_grade_id, level, question_text, explanation, interesting_fact)
VALUES ('103001212', 1, 3001, 2, 2, 'nan', '', '0') ON CONFLICT (question_id) DO UPDATE SET language_id = 1 ,topic_id= 3001,c_grade_id =2,level=2,question_text='nan',explanation='',interesting_fact='0';


INSERT INTO answer_options (question_id, correct_answer, answer_text)
VALUES ('103001212', TRUE, 'כמה עשרות במספר 726?') ;

INSERT INTO answer_options (question_id, correct_answer, answer_text)
VALUES ('103001212', FALSE, '2');

INSERT INTO answer_options (question_id, correct_answer, answer_text)
VALUES ('103001212', FALSE, '7');

INSERT INTO answer_options (question_id, correct_answer, answer_text)
VALUES ('103001212', FALSE, '6');

INSERT INTO questions (question_id, language_id, topic_id, c_grade_id, level, question_text, explanation, interesting_fact)
VALUES ('103001213', 1, 3001, 3, 3, 'nan', '', '2000') ON CONFLICT (question_id) DO UPDATE SET language_id = 1 ,topic_id= 3001,c_grade_id =3,level=3,question_text='nan',explanation='',interesting_fact='2000';


INSERT INTO answer_options (question_id, correct_answer, answer_text)
VALUES ('103001213', TRUE, 'אם יש לי 4 קופסאות ובכל קופסה 250 פריטים, כמה פריטים יש לי בסך הכול?') ;

INSERT INTO answer_options (question_id, correct_answer, answer_text)
VALUES ('103001213', FALSE, '1000');

INSERT INTO answer_options (question_id, correct_answer, answer_text)
VALUES ('103001213', FALSE, '900');

INSERT INTO answer_options (question_id, correct_answer, answer_text)
VALUES ('103001213', FALSE, '650');

INSERT INTO questions (question_id, language_id, topic_id, c_grade_id, level, question_text, explanation, interesting_fact)
VALUES ('103001214', 1, 3001, 4, 4, 'nan', '', '236') ON CONFLICT (question_id) DO UPDATE SET language_id = 1 ,topic_id= 3001,c_grade_id =4,level=4,question_text='nan',explanation='',interesting_fact='236';


INSERT INTO answer_options (question_id, correct_answer, answer_text)
VALUES ('103001214', TRUE, 'כמה יש בסך הכול אם אני מוסיף ל-468 את המספר 532?') ;

INSERT INTO answer_options (question_id, correct_answer, answer_text)
VALUES ('103001214', FALSE, '1000');

INSERT INTO answer_options (question_id, correct_answer, answer_text)
VALUES ('103001214', FALSE, '936');

INSERT INTO answer_options (question_id, correct_answer, answer_text)
VALUES ('103001214', FALSE, '2360');

INSERT INTO questions (question_id, language_id, topic_id, c_grade_id, level, question_text, explanation, interesting_fact)
VALUES ('103001215', 1, 3001, 5, 5, 'nan', '', '530') ON CONFLICT (question_id) DO UPDATE SET language_id = 1 ,topic_id= 3001,c_grade_id =5,level=5,question_text='nan',explanation='',interesting_fact='530';


INSERT INTO answer_options (question_id, correct_answer, answer_text)
VALUES ('103001215', TRUE, 'איזה מספר יש בין המספרים 540 ל-560?') ;

INSERT INTO answer_options (question_id, correct_answer, answer_text)
VALUES ('103001215', FALSE, '550');

INSERT INTO answer_options (question_id, correct_answer, answer_text)
VALUES ('103001215', FALSE, '570');

INSERT INTO answer_options (question_id, correct_answer, answer_text)
VALUES ('103001215', FALSE, '520');

INSERT INTO questions (question_id, language_id, topic_id, c_grade_id, level, question_text, explanation, interesting_fact)
VALUES ('103001216', 1, 3001, 6, 6, 'nan', '', '822') ON CONFLICT (question_id) DO UPDATE SET language_id = 1 ,topic_id= 3001,c_grade_id =6,level=6,question_text='nan',explanation='',interesting_fact='822';


INSERT INTO answer_options (question_id, correct_answer, answer_text)
VALUES ('103001216', TRUE, 'כאשר אני מחסיר 123 מהמספר 999, איזו תוצאה אני מקבל?') ;

INSERT INTO answer_options (question_id, correct_answer, answer_text)
VALUES ('103001216', FALSE, '876');

INSERT INTO answer_options (question_id, correct_answer, answer_text)
VALUES ('103001216', FALSE, '1122');

INSERT INTO answer_options (question_id, correct_answer, answer_text)
VALUES ('103001216', FALSE, '1116');

INSERT INTO questions (question_id, language_id, topic_id, c_grade_id, level, question_text, explanation, interesting_fact)
VALUES ('103001217', 1, 3001, 7, 7, 'nan', '', '210') ON CONFLICT (question_id) DO UPDATE SET language_id = 1 ,topic_id= 3001,c_grade_id =7,level=7,question_text='nan',explanation='',interesting_fact='210';


INSERT INTO answer_options (question_id, correct_answer, answer_text)
VALUES ('103001217', TRUE, 'אם אני מחלק את המספר 880 ב-4, איזה מספר אני מקבל?') ;

INSERT INTO answer_options (question_id, correct_answer, answer_text)
VALUES ('103001217', FALSE, '220');

INSERT INTO answer_options (question_id, correct_answer, answer_text)
VALUES ('103001217', FALSE, '440');

INSERT INTO answer_options (question_id, correct_answer, answer_text)
VALUES ('103001217', FALSE, '3520');

INSERT INTO questions (question_id, language_id, topic_id, c_grade_id, level, question_text, explanation, interesting_fact)
VALUES ('103001218', 1, 3001, 8, 8, 'nan', '', '666') ON CONFLICT (question_id) DO UPDATE SET language_id = 1 ,topic_id= 3001,c_grade_id =8,level=8,question_text='nan',explanation='',interesting_fact='666';


INSERT INTO answer_options (question_id, correct_answer, answer_text)
VALUES ('103001218', TRUE, 'איזה מספר הוא הפעמיים של 444?') ;

INSERT INTO answer_options (question_id, correct_answer, answer_text)
VALUES ('103001218', FALSE, '888');

INSERT INTO answer_options (question_id, correct_answer, answer_text)
VALUES ('103001218', FALSE, '8888');

INSERT INTO answer_options (question_id, correct_answer, answer_text)
VALUES ('103001218', FALSE, '222');

INSERT INTO questions (question_id, language_id, topic_id, c_grade_id, level, question_text, explanation, interesting_fact)
VALUES ('103001219', 1, 3001, 9, 9, 'nan', '', '9') ON CONFLICT (question_id) DO UPDATE SET language_id = 1 ,topic_id= 3001,c_grade_id =9,level=9,question_text='nan',explanation='',interesting_fact='9';


INSERT INTO answer_options (question_id, correct_answer, answer_text)
VALUES ('103001219', TRUE, 'מהו המספר הקטן ביותר שמתחיל ב-9 ומסתיים ב-0?') ;

INSERT INTO answer_options (question_id, correct_answer, answer_text)
VALUES ('103001219', FALSE, '90');

INSERT INTO answer_options (question_id, correct_answer, answer_text)
VALUES ('103001219', FALSE, '900');

INSERT INTO answer_options (question_id, correct_answer, answer_text)
VALUES ('103001219', FALSE, '910');

INSERT INTO questions (question_id, language_id, topic_id, c_grade_id, level, question_text, explanation, interesting_fact)
VALUES ('103001220', 1, 3001, 0, 0, 'nan', '', '205') ON CONFLICT (question_id) DO UPDATE SET language_id = 1 ,topic_id= 3001,c_grade_id =0,level=0,question_text='nan',explanation='',interesting_fact='205';


INSERT INTO answer_options (question_id, correct_answer, answer_text)
VALUES ('103001220', TRUE, 'אם יש לי 5 שקים ובכל שק 200 כדורים, כמה כדורים יש לי בסך הכול?') ;

INSERT INTO answer_options (question_id, correct_answer, answer_text)
VALUES ('103001220', FALSE, '1000');

INSERT INTO answer_options (question_id, correct_answer, answer_text)
VALUES ('103001220', FALSE, '100');

INSERT INTO answer_options (question_id, correct_answer, answer_text)
VALUES ('103001220', FALSE, '2500');

INSERT INTO questions (question_id, language_id, topic_id, c_grade_id, level, question_text, explanation, interesting_fact)
VALUES ('103001301', 1, 3001, 1, 1, 'nan', '', '0') ON CONFLICT (question_id) DO UPDATE SET language_id = 1 ,topic_id= 3001,c_grade_id =1,level=1,question_text='nan',explanation='',interesting_fact='0';


INSERT INTO answer_options (question_id, correct_answer, answer_text)
VALUES ('103001301', TRUE, 'מהי ספרת האחדות במספר 637?') ;

INSERT INTO answer_options (question_id, correct_answer, answer_text)
VALUES ('103001301', FALSE, '7');

INSERT INTO answer_options (question_id, correct_answer, answer_text)
VALUES ('103001301', FALSE, '6');

INSERT INTO answer_options (question_id, correct_answer, answer_text)
VALUES ('103001301', FALSE, '3');

INSERT INTO questions (question_id, language_id, topic_id, c_grade_id, level, question_text, explanation, interesting_fact)
VALUES ('103001302', 1, 3001, 2, 2, 'nan', '', '0') ON CONFLICT (question_id) DO UPDATE SET language_id = 1 ,topic_id= 3001,c_grade_id =2,level=2,question_text='nan',explanation='',interesting_fact='0';


INSERT INTO answer_options (question_id, correct_answer, answer_text)
VALUES ('103001302', TRUE, 'מהי ספרת העשרות במספר 482?') ;

INSERT INTO answer_options (question_id, correct_answer, answer_text)
VALUES ('103001302', FALSE, '8');

INSERT INTO answer_options (question_id, correct_answer, answer_text)
VALUES ('103001302', FALSE, '4');

INSERT INTO answer_options (question_id, correct_answer, answer_text)
VALUES ('103001302', FALSE, '2');

INSERT INTO questions (question_id, language_id, topic_id, c_grade_id, level, question_text, explanation, interesting_fact)
VALUES ('103001304', 1, 3001, 4, 4, 'nan', '', '235') ON CONFLICT (question_id) DO UPDATE SET language_id = 1 ,topic_id= 3001,c_grade_id =4,level=4,question_text='nan',explanation='',interesting_fact='235';


INSERT INTO answer_options (question_id, correct_answer, answer_text)
VALUES ('103001304', TRUE, 'איזה מספר נוצר כאשר ספרת המאות היא 3, ספרת העשרות היא 5 וספרת האחדות היא 2?') ;

INSERT INTO answer_options (question_id, correct_answer, answer_text)
VALUES ('103001304', FALSE, '352');

INSERT INTO answer_options (question_id, correct_answer, answer_text)
VALUES ('103001304', FALSE, '253');

INSERT INTO answer_options (question_id, correct_answer, answer_text)
VALUES ('103001304', FALSE, '523');

INSERT INTO questions (question_id, language_id, topic_id, c_grade_id, level, question_text, explanation, interesting_fact)
VALUES ('103001305', 1, 3001, 5, 5, 'nan', '', '274') ON CONFLICT (question_id) DO UPDATE SET language_id = 1 ,topic_id= 3001,c_grade_id =5,level=5,question_text='nan',explanation='',interesting_fact='274';


INSERT INTO answer_options (question_id, correct_answer, answer_text)
VALUES ('103001305', TRUE, 'איזו מתוך המספרים הבאים הוא הגדול ביותר? 724, 742, או 427?') ;

INSERT INTO answer_options (question_id, correct_answer, answer_text)
VALUES ('103001305', FALSE, '742');

INSERT INTO answer_options (question_id, correct_answer, answer_text)
VALUES ('103001305', FALSE, '724');

INSERT INTO answer_options (question_id, correct_answer, answer_text)
VALUES ('103001305', FALSE, '427');

INSERT INTO questions (question_id, language_id, topic_id, c_grade_id, level, question_text, explanation, interesting_fact)
VALUES ('103001306', 1, 3001, 6, 6, 'nan', '', '309') ON CONFLICT (question_id) DO UPDATE SET language_id = 1 ,topic_id= 3001,c_grade_id =6,level=6,question_text='nan',explanation='',interesting_fact='309';


INSERT INTO answer_options (question_id, correct_answer, answer_text)
VALUES ('103001306', TRUE, 'איזו מתוך המספרים הבאים הוא הקטן ביותר? 390, 903, או 930?') ;

INSERT INTO answer_options (question_id, correct_answer, answer_text)
VALUES ('103001306', FALSE, '390');

INSERT INTO answer_options (question_id, correct_answer, answer_text)
VALUES ('103001306', FALSE, '930');

INSERT INTO answer_options (question_id, correct_answer, answer_text)
VALUES ('103001306', FALSE, '903');

INSERT INTO questions (question_id, language_id, topic_id, c_grade_id, level, question_text, explanation, interesting_fact)
VALUES ('103001307', 1, 3001, 7, 7, 'nan', '', '58.5') ON CONFLICT (question_id) DO UPDATE SET language_id = 1 ,topic_id= 3001,c_grade_id =7,level=7,question_text='nan',explanation='',interesting_fact='58.5';


INSERT INTO answer_options (question_id, correct_answer, answer_text)
VALUES ('103001307', TRUE, 'אם ספרת האחדות במספר היא 8 וספרת העשרות היא 5, איזה מספר זה?') ;

INSERT INTO answer_options (question_id, correct_answer, answer_text)
VALUES ('103001307', FALSE, '58');

INSERT INTO answer_options (question_id, correct_answer, answer_text)
VALUES ('103001307', FALSE, '85');

INSERT INTO answer_options (question_id, correct_answer, answer_text)
VALUES ('103001307', FALSE, '48');

INSERT INTO questions (question_id, language_id, topic_id, c_grade_id, level, question_text, explanation, interesting_fact)
VALUES ('103001308', 1, 3001, 8, 8, 'nan', '', '4.7') ON CONFLICT (question_id) DO UPDATE SET language_id = 1 ,topic_id= 3001,c_grade_id =8,level=8,question_text='nan',explanation='',interesting_fact='4.7';


INSERT INTO answer_options (question_id, correct_answer, answer_text)
VALUES ('103001308', TRUE, 'מהו המספר הווה את ספרת העשרות 4 ואת ספרת האחדות 7?') ;

INSERT INTO answer_options (question_id, correct_answer, answer_text)
VALUES ('103001308', FALSE, '47');

INSERT INTO answer_options (question_id, correct_answer, answer_text)
VALUES ('103001308', FALSE, '74');

INSERT INTO answer_options (question_id, correct_answer, answer_text)
VALUES ('103001308', FALSE, '57');

INSERT INTO questions (question_id, language_id, topic_id, c_grade_id, level, question_text, explanation, interesting_fact)
VALUES ('103001309', 1, 3001, 9, 9, 'nan', '', '650') ON CONFLICT (question_id) DO UPDATE SET language_id = 1 ,topic_id= 3001,c_grade_id =9,level=9,question_text='nan',explanation='',interesting_fact='650';


INSERT INTO answer_options (question_id, correct_answer, answer_text)
VALUES ('103001309', TRUE, 'אם הוספנו 1 לספרת האחדות של המספר 639, איזה מספר נקבל?') ;

INSERT INTO answer_options (question_id, correct_answer, answer_text)
VALUES ('103001309', FALSE, '640');

INSERT INTO answer_options (question_id, correct_answer, answer_text)
VALUES ('103001309', FALSE, '630');

INSERT INTO answer_options (question_id, correct_answer, answer_text)
VALUES ('103001309', FALSE, '649');

INSERT INTO questions (question_id, language_id, topic_id, c_grade_id, level, question_text, explanation, interesting_fact)
VALUES ('103001310', 1, 3001, 0, 0, 'nan', '', '603') ON CONFLICT (question_id) DO UPDATE SET language_id = 1 ,topic_id= 3001,c_grade_id =0,level=0,question_text='nan',explanation='',interesting_fact='603';


INSERT INTO answer_options (question_id, correct_answer, answer_text)
VALUES ('103001310', TRUE, 'אם הוספנו 10 למספר 583, איזה מספר נקבל?') ;

INSERT INTO answer_options (question_id, correct_answer, answer_text)
VALUES ('103001310', FALSE, '593');

INSERT INTO answer_options (question_id, correct_answer, answer_text)
VALUES ('103001310', FALSE, '5830');

INSERT INTO answer_options (question_id, correct_answer, answer_text)
VALUES ('103001310', FALSE, '5930');

INSERT INTO questions (question_id, language_id, topic_id, c_grade_id, level, question_text, explanation, interesting_fact)
VALUES ('103001311', 1, 3001, 1, 1, 'nan', '', '320') ON CONFLICT (question_id) DO UPDATE SET language_id = 1 ,topic_id= 3001,c_grade_id =1,level=1,question_text='nan',explanation='',interesting_fact='320';


INSERT INTO answer_options (question_id, correct_answer, answer_text)
VALUES ('103001311', TRUE, 'איזה מספר הוא 100 יחידות יותר מהמספר 420?') ;

INSERT INTO answer_options (question_id, correct_answer, answer_text)
VALUES ('103001311', FALSE, '520');

INSERT INTO answer_options (question_id, correct_answer, answer_text)
VALUES ('103001311', FALSE, '421');

INSERT INTO answer_options (question_id, correct_answer, answer_text)
VALUES ('103001311', FALSE, '5200');

INSERT INTO questions (question_id, language_id, topic_id, c_grade_id, level, question_text, explanation, interesting_fact)
VALUES ('103001312', 1, 3001, 2, 2, 'nan', '', '159') ON CONFLICT (question_id) DO UPDATE SET language_id = 1 ,topic_id= 3001,c_grade_id =2,level=2,question_text='nan',explanation='',interesting_fact='159';


INSERT INTO answer_options (question_id, correct_answer, answer_text)
VALUES ('103001312', TRUE, 'איזה מספר הוא 10 יחידות פחות מהמספר 269?') ;

INSERT INTO answer_options (question_id, correct_answer, answer_text)
VALUES ('103001312', FALSE, '259');

INSERT INTO answer_options (question_id, correct_answer, answer_text)
VALUES ('103001312', FALSE, '2590');

INSERT INTO answer_options (question_id, correct_answer, answer_text)
VALUES ('103001312', FALSE, '250');

INSERT INTO questions (question_id, language_id, topic_id, c_grade_id, level, question_text, explanation, interesting_fact)
VALUES ('103001313', 1, 3001, 3, 3, 'nan', '', '17') ON CONFLICT (question_id) DO UPDATE SET language_id = 1 ,topic_id= 3001,c_grade_id =3,level=3,question_text='nan',explanation='',interesting_fact='17';


INSERT INTO answer_options (question_id, correct_answer, answer_text)
VALUES ('103001313', TRUE, 'מה הסכום של ספרת המאות וספרת העשרות במספר 652?') ;

INSERT INTO answer_options (question_id, correct_answer, answer_text)
VALUES ('103001313', FALSE, '11');

INSERT INTO answer_options (question_id, correct_answer, answer_text)
VALUES ('103001313', FALSE, '12');

INSERT INTO answer_options (question_id, correct_answer, answer_text)
VALUES ('103001313', FALSE, '7');

INSERT INTO questions (question_id, language_id, topic_id, c_grade_id, level, question_text, explanation, interesting_fact)
VALUES ('103001314', 1, 3001, 4, 4, 'nan', '', '256') ON CONFLICT (question_id) DO UPDATE SET language_id = 1 ,topic_id= 3001,c_grade_id =4,level=4,question_text='nan',explanation='',interesting_fact='256';


INSERT INTO answer_options (question_id, correct_answer, answer_text)
VALUES ('103001314', TRUE, 'אם ספרת המאות היא 5, ספרת העשרות היא 2 וספרת האחדות היא 6, איזה מספר זה?') ;

INSERT INTO answer_options (question_id, correct_answer, answer_text)
VALUES ('103001314', FALSE, '526');

INSERT INTO answer_options (question_id, correct_answer, answer_text)
VALUES ('103001314', FALSE, '265');

INSERT INTO answer_options (question_id, correct_answer, answer_text)
VALUES ('103001314', FALSE, '625');

INSERT INTO questions (question_id, language_id, topic_id, c_grade_id, level, question_text, explanation, interesting_fact)
VALUES ('103001315', 1, 3001, 5, 5, 'nan', '', '297') ON CONFLICT (question_id) DO UPDATE SET language_id = 1 ,topic_id= 3001,c_grade_id =5,level=5,question_text='nan',explanation='',interesting_fact='297';


INSERT INTO answer_options (question_id, correct_answer, answer_text)
VALUES ('103001315', TRUE, 'איזה מספר נוצר כאשר ספרת המאות היא 2, ספרת העשרות היא 7 וספרת האחדות היא 9?') ;

INSERT INTO answer_options (question_id, correct_answer, answer_text)
VALUES ('103001315', FALSE, '279');

INSERT INTO answer_options (question_id, correct_answer, answer_text)
VALUES ('103001315', FALSE, '927');

INSERT INTO answer_options (question_id, correct_answer, answer_text)
VALUES ('103001315', FALSE, '792');

INSERT INTO questions (question_id, language_id, topic_id, c_grade_id, level, question_text, explanation, interesting_fact)
VALUES ('103001316', 1, 3001, 6, 6, 'nan', '', '46') ON CONFLICT (question_id) DO UPDATE SET language_id = 1 ,topic_id= 3001,c_grade_id =6,level=6,question_text='nan',explanation='',interesting_fact='46';


INSERT INTO answer_options (question_id, correct_answer, answer_text)
VALUES ('103001316', TRUE, 'מה המספר שבו ספרת המאות היא 6 וספרת האחדות היא 4, אך אין בו ספרת עשרות?') ;

INSERT INTO answer_options (question_id, correct_answer, answer_text)
VALUES ('103001316', FALSE, '604');

INSERT INTO answer_options (question_id, correct_answer, answer_text)
VALUES ('103001316', FALSE, '640');

INSERT INTO answer_options (question_id, correct_answer, answer_text)
VALUES ('103001316', FALSE, '406');

INSERT INTO questions (question_id, language_id, topic_id, c_grade_id, level, question_text, explanation, interesting_fact)
VALUES ('103001317', 1, 3001, 7, 7, 'nan', '', '751') ON CONFLICT (question_id) DO UPDATE SET language_id = 1 ,topic_id= 3001,c_grade_id =7,level=7,question_text='nan',explanation='',interesting_fact='751';


INSERT INTO answer_options (question_id, correct_answer, answer_text)
VALUES ('103001317', TRUE, 'אם נוסיף 100 למספר 750, איזה מספר נקבל?') ;

INSERT INTO answer_options (question_id, correct_answer, answer_text)
VALUES ('103001317', FALSE, '850');

INSERT INTO answer_options (question_id, correct_answer, answer_text)
VALUES ('103001317', FALSE, '7500');

INSERT INTO answer_options (question_id, correct_answer, answer_text)
VALUES ('103001317', FALSE, '8500');

INSERT INTO questions (question_id, language_id, topic_id, c_grade_id, level, question_text, explanation, interesting_fact)
VALUES ('103001318', 1, 3001, 8, 8, 'nan', '', '9') ON CONFLICT (question_id) DO UPDATE SET language_id = 1 ,topic_id= 3001,c_grade_id =8,level=8,question_text='nan',explanation='',interesting_fact='9';


INSERT INTO answer_options (question_id, correct_answer, answer_text)
VALUES ('103001318', TRUE, 'מה הוא המספר שבו ספרת העשרות היא 9 וספרת האחדות היא 0, אך אין לו ספרת מאות?') ;

INSERT INTO answer_options (question_id, correct_answer, answer_text)
VALUES ('103001318', FALSE, '90');

INSERT INTO answer_options (question_id, correct_answer, answer_text)
VALUES ('103001318', FALSE, '9');

INSERT INTO answer_options (question_id, correct_answer, answer_text)
VALUES ('103001318', FALSE, '900');

INSERT INTO questions (question_id, language_id, topic_id, c_grade_id, level, question_text, explanation, interesting_fact)
VALUES ('103001319', 1, 3001, 9, 9, 'nan', '', '479') ON CONFLICT (question_id) DO UPDATE SET language_id = 1 ,topic_id= 3001,c_grade_id =9,level=9,question_text='nan',explanation='',interesting_fact='479';


INSERT INTO answer_options (question_id, correct_answer, answer_text)
VALUES ('103001319', TRUE, 'איזה מספר הוא 10 יחידות יותר מהמספר 489?') ;

INSERT INTO answer_options (question_id, correct_answer, answer_text)
VALUES ('103001319', FALSE, '499');

INSERT INTO answer_options (question_id, correct_answer, answer_text)
VALUES ('103001319', FALSE, '4890');

INSERT INTO answer_options (question_id, correct_answer, answer_text)
VALUES ('103001319', FALSE, '4990');

INSERT INTO questions (question_id, language_id, topic_id, c_grade_id, level, question_text, explanation, interesting_fact)
VALUES ('103001320', 1, 3001, 0, 0, 'nan', '', '80.3') ON CONFLICT (question_id) DO UPDATE SET language_id = 1 ,topic_id= 3001,c_grade_id =0,level=0,question_text='nan',explanation='',interesting_fact='80.3';


INSERT INTO answer_options (question_id, correct_answer, answer_text)
VALUES ('103001320', TRUE, 'מה הוא המספר שבו ספרת המאות היא 8, ספרת העשרות היא 0 וספרת האחדות היא 3?') ;

INSERT INTO answer_options (question_id, correct_answer, answer_text)
VALUES ('103001320', FALSE, '803');

INSERT INTO answer_options (question_id, correct_answer, answer_text)
VALUES ('103001320', FALSE, '830');

INSERT INTO answer_options (question_id, correct_answer, answer_text)
VALUES ('103001320', FALSE, '380');

INSERT INTO questions (question_id, language_id, topic_id, c_grade_id, level, question_text, explanation, interesting_fact)
VALUES ('103001401', 1, 3001, 1, 1, 'nan', '', '852') ON CONFLICT (question_id) DO UPDATE SET language_id = 1 ,topic_id= 3001,c_grade_id =1,level=1,question_text='nan',explanation='',interesting_fact='852';


INSERT INTO answer_options (question_id, correct_answer, answer_text)
VALUES ('103001401', TRUE, 'באיזה מספר ספרת המאות היא גדולה ב 3 מספרת העשרות וספרת האחדות היא קטנה ב2 מספרת העשרות?') ;

INSERT INTO answer_options (question_id, correct_answer, answer_text)
VALUES ('103001401', FALSE, '742');

INSERT INTO answer_options (question_id, correct_answer, answer_text)
VALUES ('103001401', FALSE, '723');

INSERT INTO answer_options (question_id, correct_answer, answer_text)
VALUES ('103001401', FALSE, '632');

INSERT INTO questions (question_id, language_id, topic_id, c_grade_id, level, question_text, explanation, interesting_fact)
VALUES ('103001402', 1, 3001, 2, 2, 'nan', '', '758') ON CONFLICT (question_id) DO UPDATE SET language_id = 1 ,topic_id= 3001,c_grade_id =2,level=2,question_text='nan',explanation='',interesting_fact='758';


INSERT INTO answer_options (question_id, correct_answer, answer_text)
VALUES ('103001402', TRUE, 'אם ספרת המאות היא 8 והסכום של ספרת המאות והעשרות הוא 15, איזה מספר זה?') ;

INSERT INTO answer_options (question_id, correct_answer, answer_text)
VALUES ('103001402', FALSE, '875');

INSERT INTO answer_options (question_id, correct_answer, answer_text)
VALUES ('103001402', FALSE, '857');

INSERT INTO answer_options (question_id, correct_answer, answer_text)
VALUES ('103001402', FALSE, '785');

INSERT INTO questions (question_id, language_id, topic_id, c_grade_id, level, question_text, explanation, interesting_fact)
VALUES ('103001403', 1, 3001, 3, 3, 'nan', '', '579') ON CONFLICT (question_id) DO UPDATE SET language_id = 1 ,topic_id= 3001,c_grade_id =3,level=3,question_text='nan',explanation='',interesting_fact='579';


INSERT INTO answer_options (question_id, correct_answer, answer_text)
VALUES ('103001403', TRUE, 'באיזה מספר הסכום של ספרת האחדות והעשרות הוא 15 וספרת המאות היא 7?') ;

INSERT INTO answer_options (question_id, correct_answer, answer_text)
VALUES ('103001403', FALSE, '787');

INSERT INTO answer_options (question_id, correct_answer, answer_text)
VALUES ('103001403', FALSE, '759');

INSERT INTO answer_options (question_id, correct_answer, answer_text)
VALUES ('103001403', FALSE, '597');

INSERT INTO questions (question_id, language_id, topic_id, c_grade_id, level, question_text, explanation, interesting_fact)
VALUES ('103001405', 1, 3001, 5, 5, 'nan', '', '198') ON CONFLICT (question_id) DO UPDATE SET language_id = 1 ,topic_id= 3001,c_grade_id =5,level=5,question_text='nan',explanation='',interesting_fact='198';


INSERT INTO answer_options (question_id, correct_answer, answer_text)
VALUES ('103001405', TRUE, 'איזה מספר נוצר כאשר ההפרש בין ספרת המאות לספרת העשרות הוא 6 וספרת האחדות היא 9?') ;

INSERT INTO answer_options (question_id, correct_answer, answer_text)
VALUES ('103001405', FALSE, '829');

INSERT INTO answer_options (question_id, correct_answer, answer_text)
VALUES ('103001405', FALSE, '189');

INSERT INTO answer_options (question_id, correct_answer, answer_text)
VALUES ('103001405', FALSE, '981');

INSERT INTO questions (question_id, language_id, topic_id, c_grade_id, level, question_text, explanation, interesting_fact)
VALUES ('103001406', 1, 3001, 6, 6, 'nan', '', '8') ON CONFLICT (question_id) DO UPDATE SET language_id = 1 ,topic_id= 3001,c_grade_id =6,level=6,question_text='nan',explanation='',interesting_fact='8';


INSERT INTO answer_options (question_id, correct_answer, answer_text)
VALUES ('103001406', TRUE, 'אם המספר הוא 357, איזו ספרה היא הגדולה ביותר?') ;

INSERT INTO answer_options (question_id, correct_answer, answer_text)
VALUES ('103001406', FALSE, '7');

INSERT INTO answer_options (question_id, correct_answer, answer_text)
VALUES ('103001406', FALSE, '3');

INSERT INTO answer_options (question_id, correct_answer, answer_text)
VALUES ('103001406', FALSE, '5');

INSERT INTO questions (question_id, language_id, topic_id, c_grade_id, level, question_text, explanation, interesting_fact)
VALUES ('103001407', 1, 3001, 7, 7, 'nan', '', '79') ON CONFLICT (question_id) DO UPDATE SET language_id = 1 ,topic_id= 3001,c_grade_id =7,level=7,question_text='nan',explanation='',interesting_fact='79';


INSERT INTO answer_options (question_id, correct_answer, answer_text)
VALUES ('103001407', TRUE, 'באיזה מספר ספרת העשרות היא הגדולה ביותר והמספר קטן מ-800?') ;

INSERT INTO answer_options (question_id, correct_answer, answer_text)
VALUES ('103001407', FALSE, '790');

INSERT INTO answer_options (question_id, correct_answer, answer_text)
VALUES ('103001407', FALSE, '970');

INSERT INTO answer_options (question_id, correct_answer, answer_text)
VALUES ('103001407', FALSE, '709');

INSERT INTO questions (question_id, language_id, topic_id, c_grade_id, level, question_text, explanation, interesting_fact)
VALUES ('103001408', 1, 3001, 8, 8, 'nan', '', '683') ON CONFLICT (question_id) DO UPDATE SET language_id = 1 ,topic_id= 3001,c_grade_id =8,level=8,question_text='nan',explanation='',interesting_fact='683';


INSERT INTO answer_options (question_id, correct_answer, answer_text)
VALUES ('103001408', TRUE, 'אם ספרת המאות במספר היא 8 והסכום של כל הספרות הוא 17, איזה מספר זה יכול להיות?') ;

INSERT INTO answer_options (question_id, correct_answer, answer_text)
VALUES ('103001408', FALSE, '863');

INSERT INTO answer_options (question_id, correct_answer, answer_text)
VALUES ('103001408', FALSE, '826');

INSERT INTO answer_options (question_id, correct_answer, answer_text)
VALUES ('103001408', FALSE, '638');

INSERT INTO questions (question_id, language_id, topic_id, c_grade_id, level, question_text, explanation, interesting_fact)
VALUES ('103001409', 1, 3001, 9, 9, 'nan', '', '714') ON CONFLICT (question_id) DO UPDATE SET language_id = 1 ,topic_id= 3001,c_grade_id =9,level=9,question_text='nan',explanation='',interesting_fact='714';


INSERT INTO answer_options (question_id, correct_answer, answer_text)
VALUES ('103001409', TRUE, 'מהו המספר שבו ספרת העשרות היא הכפלה של ספרת המאות, וספרת האחדות היא 7?') ;

INSERT INTO answer_options (question_id, correct_answer, answer_text)
VALUES ('103001409', FALSE, '247');

INSERT INTO answer_options (question_id, correct_answer, answer_text)
VALUES ('103001409', FALSE, '174');

INSERT INTO answer_options (question_id, correct_answer, answer_text)
VALUES ('103001409', FALSE, '471');

INSERT INTO questions (question_id, language_id, topic_id, c_grade_id, level, question_text, explanation, interesting_fact)
VALUES ('103001410', 1, 3001, 0, 0, 'nan', '', '453') ON CONFLICT (question_id) DO UPDATE SET language_id = 1 ,topic_id= 3001,c_grade_id =0,level=0,question_text='nan',explanation='',interesting_fact='453';


INSERT INTO answer_options (question_id, correct_answer, answer_text)
VALUES ('103001410', TRUE, 'מהו המספר שבו ספרת האחדות היא 3 יחידות יותר מספרת המאות וספרת העשרות היא 4?') ;

INSERT INTO answer_options (question_id, correct_answer, answer_text)
VALUES ('103001410', FALSE, '548');

INSERT INTO answer_options (question_id, correct_answer, answer_text)
VALUES ('103001410', FALSE, '435');

INSERT INTO answer_options (question_id, correct_answer, answer_text)
VALUES ('103001410', FALSE, '534');

INSERT INTO questions (question_id, language_id, topic_id, c_grade_id, level, question_text, explanation, interesting_fact)
VALUES ('103001411', 1, 3001, 1, 1, 'nan', '', '826') ON CONFLICT (question_id) DO UPDATE SET language_id = 1 ,topic_id= 3001,c_grade_id =1,level=1,question_text='nan',explanation='',interesting_fact='826';


INSERT INTO answer_options (question_id, correct_answer, answer_text)
VALUES ('103001411', TRUE, 'באיזה מספר הסכום של ספרת המאות והעשרות הוא 10 והסכום של ספרת העשרות והאחדות הוא 8?') ;

INSERT INTO answer_options (question_id, correct_answer, answer_text)
VALUES ('103001411', FALSE, '826');

INSERT INTO answer_options (question_id, correct_answer, answer_text)
VALUES ('103001411', FALSE, '286');

INSERT INTO answer_options (question_id, correct_answer, answer_text)
VALUES ('103001411', FALSE, '682');

INSERT INTO questions (question_id, language_id, topic_id, c_grade_id, level, question_text, explanation, interesting_fact)
VALUES ('103001412', 1, 3001, 2, 2, 'nan', '', '362') ON CONFLICT (question_id) DO UPDATE SET language_id = 1 ,topic_id= 3001,c_grade_id =2,level=2,question_text='nan',explanation='',interesting_fact='362';


INSERT INTO answer_options (question_id, correct_answer, answer_text)
VALUES ('103001412', TRUE, 'מה הוא המספר בו ספרת העשרות היא הכפלה של ספרת האחדות והמספר הכולל הוא גדול מ-600?') ;

INSERT INTO answer_options (question_id, correct_answer, answer_text)
VALUES ('103001412', FALSE, '642');

INSERT INTO answer_options (question_id, correct_answer, answer_text)
VALUES ('103001412', FALSE, '326');

INSERT INTO answer_options (question_id, correct_answer, answer_text)
VALUES ('103001412', FALSE, '623');

INSERT INTO questions (question_id, language_id, topic_id, c_grade_id, level, question_text, explanation, interesting_fact)
VALUES ('103001413', 1, 3001, 3, 3, 'nan', '', '267') ON CONFLICT (question_id) DO UPDATE SET language_id = 1 ,topic_id= 3001,c_grade_id =3,level=3,question_text='nan',explanation='',interesting_fact='267';


INSERT INTO answer_options (question_id, correct_answer, answer_text)
VALUES ('103001413', TRUE, 'איזה מספר מתקבל כאשר ספרת האחדות כפולה מספרת העשרות וההפרש בין ספרת המאות לספרת העשרות הוא 5?') ;

INSERT INTO answer_options (question_id, correct_answer, answer_text)
VALUES ('103001413', FALSE, '724');

INSERT INTO answer_options (question_id, correct_answer, answer_text)
VALUES ('103001413', FALSE, '672');

INSERT INTO answer_options (question_id, correct_answer, answer_text)
VALUES ('103001413', FALSE, '627');

INSERT INTO questions (question_id, language_id, topic_id, c_grade_id, level, question_text, explanation, interesting_fact)
VALUES ('103001414', 1, 3001, 4, 4, 'nan', '', '963') ON CONFLICT (question_id) DO UPDATE SET language_id = 1 ,topic_id= 3001,c_grade_id =4,level=4,question_text='nan',explanation='',interesting_fact='963';


INSERT INTO answer_options (question_id, correct_answer, answer_text)
VALUES ('103001414', TRUE, 'מהו המספר שבו ספרת העשרות היא פחות ב-6 מספרת המאות וספרת האחדות היא 6?') ;

INSERT INTO answer_options (question_id, correct_answer, answer_text)
VALUES ('103001414', FALSE, '936');

INSERT INTO answer_options (question_id, correct_answer, answer_text)
VALUES ('103001414', FALSE, '369');

INSERT INTO answer_options (question_id, correct_answer, answer_text)
VALUES ('103001414', FALSE, '639');

INSERT INTO questions (question_id, language_id, topic_id, c_grade_id, level, question_text, explanation, interesting_fact)
VALUES ('103001415', 1, 3001, 5, 5, 'nan', '', '795') ON CONFLICT (question_id) DO UPDATE SET language_id = 1 ,topic_id= 3001,c_grade_id =5,level=5,question_text='nan',explanation='',interesting_fact='795';


INSERT INTO answer_options (question_id, correct_answer, answer_text)
VALUES ('103001415', TRUE, 'אם ספרת המאות במספר היא 9 וספרת העשרות גדולה ב 2 מספרת האחדות, איזה מספר זה יכול להיות?') ;

INSERT INTO answer_options (question_id, correct_answer, answer_text)
VALUES ('103001415', FALSE, '975');

INSERT INTO answer_options (question_id, correct_answer, answer_text)
VALUES ('103001415', FALSE, '759');

INSERT INTO answer_options (question_id, correct_answer, answer_text)
VALUES ('103001415', FALSE, '597');

INSERT INTO questions (question_id, language_id, topic_id, c_grade_id, level, question_text, explanation, interesting_fact)
VALUES ('103001416', 1, 3001, 6, 6, 'nan', '', '537') ON CONFLICT (question_id) DO UPDATE SET language_id = 1 ,topic_id= 3001,c_grade_id =6,level=6,question_text='nan',explanation='',interesting_fact='537';


INSERT INTO answer_options (question_id, correct_answer, answer_text)
VALUES ('103001416', TRUE, 'באיזה מספר ספרת המאות היא 2 יותר מספרת האחדות וספרת האחדות היא 2 יותר מספרת העשרות?') ;

INSERT INTO answer_options (question_id, correct_answer, answer_text)
VALUES ('103001416', FALSE, '735');

INSERT INTO answer_options (question_id, correct_answer, answer_text)
VALUES ('103001416', FALSE, '573');

INSERT INTO answer_options (question_id, correct_answer, answer_text)
VALUES ('103001416', FALSE, '375');

INSERT INTO questions (question_id, language_id, topic_id, c_grade_id, level, question_text, explanation, interesting_fact)
VALUES ('103001417', 1, 3001, 7, 7, 'nan', '', '0') ON CONFLICT (question_id) DO UPDATE SET language_id = 1 ,topic_id= 3001,c_grade_id =7,level=7,question_text='nan',explanation='',interesting_fact='0';


INSERT INTO answer_options (question_id, correct_answer, answer_text)
VALUES ('103001417', TRUE, 'אם המספר הוא 431, איזו ספרה היא הקטנה ביותר?') ;

INSERT INTO answer_options (question_id, correct_answer, answer_text)
VALUES ('103001417', FALSE, '1');

INSERT INTO answer_options (question_id, correct_answer, answer_text)
VALUES ('103001417', FALSE, '3');

INSERT INTO answer_options (question_id, correct_answer, answer_text)
VALUES ('103001417', FALSE, '4');

INSERT INTO questions (question_id, language_id, topic_id, c_grade_id, level, question_text, explanation, interesting_fact)
VALUES ('103001418', 1, 3001, 8, 8, 'nan', '', '174') ON CONFLICT (question_id) DO UPDATE SET language_id = 1 ,topic_id= 3001,c_grade_id =8,level=8,question_text='nan',explanation='',interesting_fact='174';


INSERT INTO answer_options (question_id, correct_answer, answer_text)
VALUES ('103001418', TRUE, 'באיזה מספר ספרת המאות היא הכפלה ב 4 של ספרת העשרות וספרת האחדות היא 7?') ;

INSERT INTO answer_options (question_id, correct_answer, answer_text)
VALUES ('103001418', FALSE, '417');

INSERT INTO answer_options (question_id, correct_answer, answer_text)
VALUES ('103001418', FALSE, '147');

INSERT INTO answer_options (question_id, correct_answer, answer_text)
VALUES ('103001418', FALSE, '471');

INSERT INTO questions (question_id, language_id, topic_id, c_grade_id, level, question_text, explanation, interesting_fact)
VALUES ('103001419', 1, 3001, 9, 9, 'nan', '', '556') ON CONFLICT (question_id) DO UPDATE SET language_id = 1 ,topic_id= 3001,c_grade_id =9,level=9,question_text='nan',explanation='',interesting_fact='556';


INSERT INTO answer_options (question_id, correct_answer, answer_text)
VALUES ('103001419', TRUE, 'איזה מספר נוצר כאשר הסכום של ספרת המאות לספרת האחדות הוא 11 וספרת העשרות היא 5?') ;

INSERT INTO answer_options (question_id, correct_answer, answer_text)
VALUES ('103001419', FALSE, '656');

INSERT INTO answer_options (question_id, correct_answer, answer_text)
VALUES ('103001419', FALSE, '565');

INSERT INTO answer_options (question_id, correct_answer, answer_text)
VALUES ('103001419', FALSE, '665');

INSERT INTO questions (question_id, language_id, topic_id, c_grade_id, level, question_text, explanation, interesting_fact)
VALUES ('103001420', 1, 3001, 0, 0, 'nan', '', '467') ON CONFLICT (question_id) DO UPDATE SET language_id = 1 ,topic_id= 3001,c_grade_id =0,level=0,question_text='nan',explanation='',interesting_fact='467';


INSERT INTO answer_options (question_id, correct_answer, answer_text)
VALUES ('103001420', TRUE, 'אם ספרת המאות היא 7 וספרת האחדות היא 3 יחידות פחות מספרת העשרות, איזה מספר זה יכול להיות?') ;

INSERT INTO answer_options (question_id, correct_answer, answer_text)
VALUES ('103001420', FALSE, '763');

INSERT INTO answer_options (question_id, correct_answer, answer_text)
VALUES ('103001420', FALSE, '746');

INSERT INTO answer_options (question_id, correct_answer, answer_text)
VALUES ('103001420', FALSE, '647');

INSERT INTO questions (question_id, language_id, topic_id, c_grade_id, level, question_text, explanation, interesting_fact)
VALUES ('103002101', 1, 3002, 1, 1, '100000000', '', '2000') ON CONFLICT (question_id) DO UPDATE SET language_id = 1 ,topic_id= 3002,c_grade_id =1,level=1,question_text='100000000',explanation='',interesting_fact='2000';


INSERT INTO answer_options (question_id, correct_answer, answer_text)
VALUES ('103002101', TRUE, 'מהו המספר הבא אחרי 1,002?') ;

INSERT INTO answer_options (question_id, correct_answer, answer_text)
VALUES ('103002101', FALSE, '1003');

INSERT INTO answer_options (question_id, correct_answer, answer_text)
VALUES ('103002101', FALSE, '1001');

INSERT INTO answer_options (question_id, correct_answer, answer_text)
VALUES ('103002101', FALSE, '1004');

INSERT INTO questions (question_id, language_id, topic_id, c_grade_id, level, question_text, explanation, interesting_fact)
VALUES ('103002102', 1, 3002, 2, 2, '100000000', '', '500') ON CONFLICT (question_id) DO UPDATE SET language_id = 1 ,topic_id= 3002,c_grade_id =2,level=2,question_text='100000000',explanation='',interesting_fact='500';


INSERT INTO answer_options (question_id, correct_answer, answer_text)
VALUES ('103002102', TRUE, 'כמה עשרות יש במספר 1,350?') ;

INSERT INTO answer_options (question_id, correct_answer, answer_text)
VALUES ('103002102', FALSE, '5');

INSERT INTO answer_options (question_id, correct_answer, answer_text)
VALUES ('103002102', FALSE, '0');

INSERT INTO answer_options (question_id, correct_answer, answer_text)
VALUES ('103002102', FALSE, '50');

INSERT INTO questions (question_id, language_id, topic_id, c_grade_id, level, question_text, explanation, interesting_fact)
VALUES ('103002103', 1, 3002, 3, 3, '100000000', '', '999') ON CONFLICT (question_id) DO UPDATE SET language_id = 1 ,topic_id= 3002,c_grade_id =3,level=3,question_text='100000000',explanation='',interesting_fact='999';


INSERT INTO answer_options (question_id, correct_answer, answer_text)
VALUES ('103002103', TRUE, 'מהו המספר הקטן ביותר בתחום הרבבה?') ;

INSERT INTO answer_options (question_id, correct_answer, answer_text)
VALUES ('103002103', FALSE, '1000');

INSERT INTO answer_options (question_id, correct_answer, answer_text)
VALUES ('103002103', FALSE, '100');

INSERT INTO answer_options (question_id, correct_answer, answer_text)
VALUES ('103002103', FALSE, '10001');

INSERT INTO questions (question_id, language_id, topic_id, c_grade_id, level, question_text, explanation, interesting_fact)
VALUES ('103002104', 1, 3002, 4, 4, '100000000', '', '7') ON CONFLICT (question_id) DO UPDATE SET language_id = 1 ,topic_id= 3002,c_grade_id =4,level=4,question_text='100000000',explanation='',interesting_fact='7';


INSERT INTO answer_options (question_id, correct_answer, answer_text)
VALUES ('103002104', TRUE, 'באיזה מספר הספרה 7 היא במקום האלפים?') ;

INSERT INTO answer_options (question_id, correct_answer, answer_text)
VALUES ('103002104', FALSE, '7000');

INSERT INTO answer_options (question_id, correct_answer, answer_text)
VALUES ('103002104', FALSE, '70');

INSERT INTO answer_options (question_id, correct_answer, answer_text)
VALUES ('103002104', FALSE, '700');

INSERT INTO questions (question_id, language_id, topic_id, c_grade_id, level, question_text, explanation, interesting_fact)
VALUES ('103002106', 1, 3002, 6, 6, '100000000', '', '467') ON CONFLICT (question_id) DO UPDATE SET language_id = 1 ,topic_id= 3002,c_grade_id =6,level=6,question_text='100000000',explanation='',interesting_fact='467';


INSERT INTO answer_options (question_id, correct_answer, answer_text)
VALUES ('103002106', TRUE, 'כמה אלפים יש במספר 4,678?') ;

INSERT INTO answer_options (question_id, correct_answer, answer_text)
VALUES ('103002106', FALSE, '4');

INSERT INTO answer_options (question_id, correct_answer, answer_text)
VALUES ('103002106', FALSE, '400');

INSERT INTO answer_options (question_id, correct_answer, answer_text)
VALUES ('103002106', FALSE, '40');

INSERT INTO questions (question_id, language_id, topic_id, c_grade_id, level, question_text, explanation, interesting_fact)
VALUES ('103002107', 1, 3002, 7, 7, '100000000', '', '1000') ON CONFLICT (question_id) DO UPDATE SET language_id = 1 ,topic_id= 3002,c_grade_id =7,level=7,question_text='100000000',explanation='',interesting_fact='1000';


INSERT INTO answer_options (question_id, correct_answer, answer_text)
VALUES ('103002107', TRUE, 'איזה מספר מגיע לפני 2,000?') ;

INSERT INTO answer_options (question_id, correct_answer, answer_text)
VALUES ('103002107', FALSE, '1999');

INSERT INTO answer_options (question_id, correct_answer, answer_text)
VALUES ('103002107', FALSE, '1990');

INSERT INTO answer_options (question_id, correct_answer, answer_text)
VALUES ('103002107', FALSE, '2001');

INSERT INTO questions (question_id, language_id, topic_id, c_grade_id, level, question_text, explanation, interesting_fact)
VALUES ('103002108', 1, 3002, 8, 8, '100000000', '', '60000') ON CONFLICT (question_id) DO UPDATE SET language_id = 1 ,topic_id= 3002,c_grade_id =8,level=8,question_text='100000000',explanation='',interesting_fact='60000';


INSERT INTO answer_options (question_id, correct_answer, answer_text)
VALUES ('103002108', TRUE, 'מהו המספר שבו הספרה 6 היא במקום האלפים?') ;

INSERT INTO answer_options (question_id, correct_answer, answer_text)
VALUES ('103002108', FALSE, '6000');

INSERT INTO answer_options (question_id, correct_answer, answer_text)
VALUES ('103002108', FALSE, '60');

INSERT INTO answer_options (question_id, correct_answer, answer_text)
VALUES ('103002108', FALSE, '600');

INSERT INTO questions (question_id, language_id, topic_id, c_grade_id, level, question_text, explanation, interesting_fact)
VALUES ('103002109', 1, 3002, 9, 9, '100000000', '', '8800') ON CONFLICT (question_id) DO UPDATE SET language_id = 1 ,topic_id= 3002,c_grade_id =9,level=9,question_text='100000000',explanation='',interesting_fact='8800';


INSERT INTO answer_options (question_id, correct_answer, answer_text)
VALUES ('103002109', TRUE, 'כמה אלפים יש במספר 8,765?') ;

INSERT INTO answer_options (question_id, correct_answer, answer_text)
VALUES ('103002109', FALSE, '8');

INSERT INTO answer_options (question_id, correct_answer, answer_text)
VALUES ('103002109', FALSE, '80');

INSERT INTO answer_options (question_id, correct_answer, answer_text)
VALUES ('103002109', FALSE, '800');

INSERT INTO questions (question_id, language_id, topic_id, c_grade_id, level, question_text, explanation, interesting_fact)
VALUES ('103002110', 1, 3002, 0, 0, '100000000', '', '2500') ON CONFLICT (question_id) DO UPDATE SET language_id = 1 ,topic_id= 3002,c_grade_id =0,level=0,question_text='100000000',explanation='',interesting_fact='2500';


INSERT INTO answer_options (question_id, correct_answer, answer_text)
VALUES ('103002110', TRUE, 'איזה מספר הוא מחצית של 2,000?') ;

INSERT INTO answer_options (question_id, correct_answer, answer_text)
VALUES ('103002110', FALSE, '1000');

INSERT INTO answer_options (question_id, correct_answer, answer_text)
VALUES ('103002110', FALSE, '4000');

INSERT INTO answer_options (question_id, correct_answer, answer_text)
VALUES ('103002110', FALSE, '500');

INSERT INTO questions (question_id, language_id, topic_id, c_grade_id, level, question_text, explanation, interesting_fact)
VALUES ('103002111', 1, 3002, 1, 1, '100000000', '', '6000') ON CONFLICT (question_id) DO UPDATE SET language_id = 1 ,topic_id= 3002,c_grade_id =1,level=1,question_text='100000000',explanation='',interesting_fact='6000';


INSERT INTO answer_options (question_id, correct_answer, answer_text)
VALUES ('103002111', TRUE, 'מהו המספר הבא אחרי 5,678?') ;

INSERT INTO answer_options (question_id, correct_answer, answer_text)
VALUES ('103002111', FALSE, '5679');

INSERT INTO answer_options (question_id, correct_answer, answer_text)
VALUES ('103002111', FALSE, '5688');

INSERT INTO answer_options (question_id, correct_answer, answer_text)
VALUES ('103002111', FALSE, '5677');

INSERT INTO questions (question_id, language_id, topic_id, c_grade_id, level, question_text, explanation, interesting_fact)
VALUES ('103002112', 1, 3002, 2, 2, '100000000', '', '12000') ON CONFLICT (question_id) DO UPDATE SET language_id = 1 ,topic_id= 3002,c_grade_id =2,level=2,question_text='100000000',explanation='',interesting_fact='12000';


INSERT INTO answer_options (question_id, correct_answer, answer_text)
VALUES ('103002112', TRUE, 'איזה מספר הוא הכפל של 3,000 ב-3?') ;

INSERT INTO answer_options (question_id, correct_answer, answer_text)
VALUES ('103002112', FALSE, '9000');

INSERT INTO answer_options (question_id, correct_answer, answer_text)
VALUES ('103002112', FALSE, '1000');

INSERT INTO answer_options (question_id, correct_answer, answer_text)
VALUES ('103002112', FALSE, '6000');

INSERT INTO questions (question_id, language_id, topic_id, c_grade_id, level, question_text, explanation, interesting_fact)
VALUES ('103002113', 1, 3002, 3, 3, '100000000', '', '8') ON CONFLICT (question_id) DO UPDATE SET language_id = 1 ,topic_id= 3002,c_grade_id =3,level=3,question_text='100000000',explanation='',interesting_fact='8';


INSERT INTO answer_options (question_id, correct_answer, answer_text)
VALUES ('103002113', TRUE, 'באיזה מספר הספרה 8 היא במקום הרבבות?') ;

INSERT INTO answer_options (question_id, correct_answer, answer_text)
VALUES ('103002113', FALSE, '8000');

INSERT INTO answer_options (question_id, correct_answer, answer_text)
VALUES ('103002113', FALSE, '800');

INSERT INTO answer_options (question_id, correct_answer, answer_text)
VALUES ('103002113', FALSE, '80');

INSERT INTO questions (question_id, language_id, topic_id, c_grade_id, level, question_text, explanation, interesting_fact)
VALUES ('103002114', 1, 3002, 4, 4, '100000000', '', '34') ON CONFLICT (question_id) DO UPDATE SET language_id = 1 ,topic_id= 3002,c_grade_id =4,level=4,question_text='100000000',explanation='',interesting_fact='34';


INSERT INTO answer_options (question_id, correct_answer, answer_text)
VALUES ('103002114', TRUE, 'כמה מאות יש במספר 7,234?') ;

INSERT INTO answer_options (question_id, correct_answer, answer_text)
VALUES ('103002114', FALSE, '2');

INSERT INTO answer_options (question_id, correct_answer, answer_text)
VALUES ('103002114', FALSE, '7');

INSERT INTO answer_options (question_id, correct_answer, answer_text)
VALUES ('103002114', FALSE, '200');

INSERT INTO questions (question_id, language_id, topic_id, c_grade_id, level, question_text, explanation, interesting_fact)
VALUES ('103002115', 1, 3002, 5, 5, '100000000', '', '2750') ON CONFLICT (question_id) DO UPDATE SET language_id = 1 ,topic_id= 3002,c_grade_id =5,level=5,question_text='100000000',explanation='',interesting_fact='2750';


INSERT INTO answer_options (question_id, correct_answer, answer_text)
VALUES ('103002115', TRUE, 'איזה מספר הוא כפולה של 2,500 ב-2?') ;

INSERT INTO answer_options (question_id, correct_answer, answer_text)
VALUES ('103002115', FALSE, '5000');

INSERT INTO answer_options (question_id, correct_answer, answer_text)
VALUES ('103002115', FALSE, '1250');

INSERT INTO answer_options (question_id, correct_answer, answer_text)
VALUES ('103002115', FALSE, '7500');

INSERT INTO questions (question_id, language_id, topic_id, c_grade_id, level, question_text, explanation, interesting_fact)
VALUES ('103002116', 1, 3002, 6, 6, '100000000', '', '9') ON CONFLICT (question_id) DO UPDATE SET language_id = 1 ,topic_id= 3002,c_grade_id =6,level=6,question_text='100000000',explanation='',interesting_fact='9';


INSERT INTO answer_options (question_id, correct_answer, answer_text)
VALUES ('103002116', TRUE, 'כמה רבבות יש במספר 9,001?') ;

INSERT INTO answer_options (question_id, correct_answer, answer_text)
VALUES ('103002116', FALSE, '0');

INSERT INTO answer_options (question_id, correct_answer, answer_text)
VALUES ('103002116', FALSE, '90');

INSERT INTO answer_options (question_id, correct_answer, answer_text)
VALUES ('103002116', FALSE, '900');

INSERT INTO questions (question_id, language_id, topic_id, c_grade_id, level, question_text, explanation, interesting_fact)
VALUES ('103002117', 1, 3002, 7, 7, '100000000', '', '30') ON CONFLICT (question_id) DO UPDATE SET language_id = 1 ,topic_id= 3002,c_grade_id =7,level=7,question_text='100000000',explanation='',interesting_fact='30';


INSERT INTO answer_options (question_id, correct_answer, answer_text)
VALUES ('103002117', TRUE, 'מהו המספר הקטן ביותר שבו הספרה 3 היא במקום המאות?') ;

INSERT INTO answer_options (question_id, correct_answer, answer_text)
VALUES ('103002117', FALSE, '1300');

INSERT INTO answer_options (question_id, correct_answer, answer_text)
VALUES ('103002117', FALSE, '4300');

INSERT INTO answer_options (question_id, correct_answer, answer_text)
VALUES ('103002117', FALSE, '2330');

INSERT INTO questions (question_id, language_id, topic_id, c_grade_id, level, question_text, explanation, interesting_fact)
VALUES ('103002118', 1, 3002, 8, 8, '100000000', '', '2990') ON CONFLICT (question_id) DO UPDATE SET language_id = 1 ,topic_id= 3002,c_grade_id =8,level=8,question_text='100000000',explanation='',interesting_fact='2990';


INSERT INTO answer_options (question_id, correct_answer, answer_text)
VALUES ('103002118', TRUE, 'מהו המספר הגבוה ביותר בו הספרה 2 היא במקום העשרות?') ;

INSERT INTO answer_options (question_id, correct_answer, answer_text)
VALUES ('103002118', FALSE, '9920');

INSERT INTO answer_options (question_id, correct_answer, answer_text)
VALUES ('103002118', FALSE, '9200');

INSERT INTO answer_options (question_id, correct_answer, answer_text)
VALUES ('103002118', FALSE, '9029');

INSERT INTO questions (question_id, language_id, topic_id, c_grade_id, level, question_text, explanation, interesting_fact)
VALUES ('103002119', 1, 3002, 9, 9, '100000000', '', '3000') ON CONFLICT (question_id) DO UPDATE SET language_id = 1 ,topic_id= 3002,c_grade_id =9,level=9,question_text='100000000',explanation='',interesting_fact='3000';


INSERT INTO answer_options (question_id, correct_answer, answer_text)
VALUES ('103002119', TRUE, 'איזה מספר הוא רבע מ-8,000?') ;

INSERT INTO answer_options (question_id, correct_answer, answer_text)
VALUES ('103002119', FALSE, '2000');

INSERT INTO answer_options (question_id, correct_answer, answer_text)
VALUES ('103002119', FALSE, '4000');

INSERT INTO answer_options (question_id, correct_answer, answer_text)
VALUES ('103002119', FALSE, '6000');

INSERT INTO questions (question_id, language_id, topic_id, c_grade_id, level, question_text, explanation, interesting_fact)
VALUES ('103002120', 1, 3002, 0, 0, '100000000', '', '400') ON CONFLICT (question_id) DO UPDATE SET language_id = 1 ,topic_id= 3002,c_grade_id =0,level=0,question_text='100000000',explanation='',interesting_fact='400';


INSERT INTO answer_options (question_id, correct_answer, answer_text)
VALUES ('103002120', TRUE, 'כמה מאות יש במספר 6,432?') ;

INSERT INTO answer_options (question_id, correct_answer, answer_text)
VALUES ('103002120', FALSE, '4');

INSERT INTO answer_options (question_id, correct_answer, answer_text)
VALUES ('103002120', FALSE, '6');

INSERT INTO answer_options (question_id, correct_answer, answer_text)
VALUES ('103002120', FALSE, '40');

INSERT INTO questions (question_id, language_id, topic_id, c_grade_id, level, question_text, explanation, interesting_fact)
VALUES ('103002201', 1, 3002, 1, 1, 'nan', '', '2') ON CONFLICT (question_id) DO UPDATE SET language_id = 1 ,topic_id= 3002,c_grade_id =1,level=1,question_text='nan',explanation='',interesting_fact='2';


INSERT INTO answer_options (question_id, correct_answer, answer_text)
VALUES ('103002201', TRUE, 'איזו ספרה עומדת במקום האלפים במספר 6,782?') ;

INSERT INTO answer_options (question_id, correct_answer, answer_text)
VALUES ('103002201', FALSE, '6');

INSERT INTO answer_options (question_id, correct_answer, answer_text)
VALUES ('103002201', FALSE, '7');

INSERT INTO answer_options (question_id, correct_answer, answer_text)
VALUES ('103002201', FALSE, '8');

INSERT INTO questions (question_id, language_id, topic_id, c_grade_id, level, question_text, explanation, interesting_fact)
VALUES ('103002202', 1, 3002, 2, 2, 'nan', '', '4') ON CONFLICT (question_id) DO UPDATE SET language_id = 1 ,topic_id= 3002,c_grade_id =2,level=2,question_text='nan',explanation='',interesting_fact='4';


INSERT INTO answer_options (question_id, correct_answer, answer_text)
VALUES ('103002202', TRUE, 'איזה ערך מייצגת הספרה 4 במספר 5,432?') ;

INSERT INTO answer_options (question_id, correct_answer, answer_text)
VALUES ('103002202', FALSE, '400');

INSERT INTO answer_options (question_id, correct_answer, answer_text)
VALUES ('103002202', FALSE, '4000');

INSERT INTO answer_options (question_id, correct_answer, answer_text)
VALUES ('103002202', FALSE, '40');

INSERT INTO questions (question_id, language_id, topic_id, c_grade_id, level, question_text, explanation, interesting_fact)
VALUES ('103002203', 1, 3002, 3, 3, 'nan', '', '2319') ON CONFLICT (question_id) DO UPDATE SET language_id = 1 ,topic_id= 3002,c_grade_id =3,level=3,question_text='nan',explanation='',interesting_fact='2319';


INSERT INTO answer_options (question_id, correct_answer, answer_text)
VALUES ('103002203', TRUE, 'במספר 2,316, אם החלפנו את ספרת האלפים ל-9, מהו המספר החדש?') ;

INSERT INTO answer_options (question_id, correct_answer, answer_text)
VALUES ('103002203', FALSE, '9316');

INSERT INTO answer_options (question_id, correct_answer, answer_text)
VALUES ('103002203', FALSE, '2916');

INSERT INTO answer_options (question_id, correct_answer, answer_text)
VALUES ('103002203', FALSE, '2396');

INSERT INTO questions (question_id, language_id, topic_id, c_grade_id, level, question_text, explanation, interesting_fact)
VALUES ('103002204', 1, 3002, 4, 4, 'nan', '', '7') ON CONFLICT (question_id) DO UPDATE SET language_id = 1 ,topic_id= 3002,c_grade_id =4,level=4,question_text='nan',explanation='',interesting_fact='7';


INSERT INTO answer_options (question_id, correct_answer, answer_text)
VALUES ('103002204', TRUE, 'במספר 7,250, איזו ספרה עומדת במקום העשרות?') ;

INSERT INTO answer_options (question_id, correct_answer, answer_text)
VALUES ('103002204', FALSE, '5');

INSERT INTO answer_options (question_id, correct_answer, answer_text)
VALUES ('103002204', FALSE, '2');

INSERT INTO answer_options (question_id, correct_answer, answer_text)
VALUES ('103002204', FALSE, '0');

INSERT INTO questions (question_id, language_id, topic_id, c_grade_id, level, question_text, explanation, interesting_fact)
VALUES ('103002205', 1, 3002, 5, 5, 'nan', '', '1306') ON CONFLICT (question_id) DO UPDATE SET language_id = 1 ,topic_id= 3002,c_grade_id =5,level=5,question_text='nan',explanation='',interesting_fact='1306';


INSERT INTO answer_options (question_id, correct_answer, answer_text)
VALUES ('103002205', TRUE, 'איזה מספר מסתיים בספרה 6 והספרה במקום האלפים היא 3?') ;

INSERT INTO answer_options (question_id, correct_answer, answer_text)
VALUES ('103002205', FALSE, '3,___6');

INSERT INTO answer_options (question_id, correct_answer, answer_text)
VALUES ('103002205', FALSE, '3,_00');

INSERT INTO answer_options (question_id, correct_answer, answer_text)
VALUES ('103002205', FALSE, '3,0__');

INSERT INTO questions (question_id, language_id, topic_id, c_grade_id, level, question_text, explanation, interesting_fact)
VALUES ('103002207', 1, 3002, 7, 7, 'nan', '', '8770') ON CONFLICT (question_id) DO UPDATE SET language_id = 1 ,topic_id= 3002,c_grade_id =7,level=7,question_text='nan',explanation='',interesting_fact='8770';


INSERT INTO answer_options (question_id, correct_answer, answer_text)
VALUES ('103002207', TRUE, 'אם נוסיף 1,000 למספר שבו הספרה 7 עומדת במקום האלפים, מהו המספר החדש?') ;

INSERT INTO answer_options (question_id, correct_answer, answer_text)
VALUES ('103002207', FALSE, '8,___');

INSERT INTO answer_options (question_id, correct_answer, answer_text)
VALUES ('103002207', FALSE, '9,7_0');

INSERT INTO answer_options (question_id, correct_answer, answer_text)
VALUES ('103002207', FALSE, '8007');

INSERT INTO questions (question_id, language_id, topic_id, c_grade_id, level, question_text, explanation, interesting_fact)
VALUES ('103002208', 1, 3002, 8, 8, 'nan', '', '9020') ON CONFLICT (question_id) DO UPDATE SET language_id = 1 ,topic_id= 3002,c_grade_id =8,level=8,question_text='nan',explanation='',interesting_fact='9020';


INSERT INTO answer_options (question_id, correct_answer, answer_text)
VALUES ('103002208', TRUE, 'באיזה מספר הספרה 9 עומדת במקום האלפים והספרה 2 במקום היחידות?') ;

INSERT INTO answer_options (question_id, correct_answer, answer_text)
VALUES ('103002208', FALSE, '9,___2');

INSERT INTO answer_options (question_id, correct_answer, answer_text)
VALUES ('103002208', FALSE, '9022');

INSERT INTO answer_options (question_id, correct_answer, answer_text)
VALUES ('103002208', FALSE, '9,__0');

INSERT INTO questions (question_id, language_id, topic_id, c_grade_id, level, question_text, explanation, interesting_fact)
VALUES ('103002209', 1, 3002, 9, 9, 'nan', '', '5400') ON CONFLICT (question_id) DO UPDATE SET language_id = 1 ,topic_id= 3002,c_grade_id =9,level=9,question_text='nan',explanation='',interesting_fact='5400';


INSERT INTO answer_options (question_id, correct_answer, answer_text)
VALUES ('103002209', TRUE, 'מהו המספר שבו הספרה 4 עומדת במקום העשרות והספרה 5 במקום האלפים?') ;

INSERT INTO answer_options (question_id, correct_answer, answer_text)
VALUES ('103002209', FALSE, '5,04_');

INSERT INTO answer_options (question_id, correct_answer, answer_text)
VALUES ('103002209', FALSE, '5004');

INSERT INTO answer_options (question_id, correct_answer, answer_text)
VALUES ('103002209', FALSE, '5,0_0');

INSERT INTO questions (question_id, language_id, topic_id, c_grade_id, level, question_text, explanation, interesting_fact)
VALUES ('103002210', 1, 3002, 0, 0, 'nan', '', '6283') ON CONFLICT (question_id) DO UPDATE SET language_id = 1 ,topic_id= 3002,c_grade_id =0,level=0,question_text='nan',explanation='',interesting_fact='6283';


INSERT INTO answer_options (question_id, correct_answer, answer_text)
VALUES ('103002210', TRUE, 'במספר 6,218, אם נחליף את ספרת העשרות בספרה-3 , מהו המספר החדש?') ;

INSERT INTO answer_options (question_id, correct_answer, answer_text)
VALUES ('103002210', FALSE, '6238');

INSERT INTO answer_options (question_id, correct_answer, answer_text)
VALUES ('103002210', FALSE, '6318');

INSERT INTO answer_options (question_id, correct_answer, answer_text)
VALUES ('103002210', FALSE, '6213');

INSERT INTO questions (question_id, language_id, topic_id, c_grade_id, level, question_text, explanation, interesting_fact)
VALUES ('103002211', 1, 3002, 1, 1, 'nan', '', '2') ON CONFLICT (question_id) DO UPDATE SET language_id = 1 ,topic_id= 3002,c_grade_id =1,level=1,question_text='nan',explanation='',interesting_fact='2';


INSERT INTO answer_options (question_id, correct_answer, answer_text)
VALUES ('103002211', TRUE, 'איזו ספרה עומדת במקום המאות במספר 7,392?') ;

INSERT INTO answer_options (question_id, correct_answer, answer_text)
VALUES ('103002211', FALSE, '3');

INSERT INTO answer_options (question_id, correct_answer, answer_text)
VALUES ('103002211', FALSE, '9');

INSERT INTO answer_options (question_id, correct_answer, answer_text)
VALUES ('103002211', FALSE, '7');

INSERT INTO questions (question_id, language_id, topic_id, c_grade_id, level, question_text, explanation, interesting_fact)
VALUES ('103002212', 1, 3002, 2, 2, 'nan', '', '6') ON CONFLICT (question_id) DO UPDATE SET language_id = 1 ,topic_id= 3002,c_grade_id =2,level=2,question_text='nan',explanation='',interesting_fact='6';


INSERT INTO answer_options (question_id, correct_answer, answer_text)
VALUES ('103002212', TRUE, 'באיזה ערך מייצגת הספרה 8 במספר 4,867?') ;

INSERT INTO answer_options (question_id, correct_answer, answer_text)
VALUES ('103002212', FALSE, '800');

INSERT INTO answer_options (question_id, correct_answer, answer_text)
VALUES ('103002212', FALSE, '60');

INSERT INTO answer_options (question_id, correct_answer, answer_text)
VALUES ('103002212', FALSE, '8');

INSERT INTO questions (question_id, language_id, topic_id, c_grade_id, level, question_text, explanation, interesting_fact)
VALUES ('103002213', 1, 3002, 3, 3, 'nan', '', '2365') ON CONFLICT (question_id) DO UPDATE SET language_id = 1 ,topic_id= 3002,c_grade_id =3,level=3,question_text='nan',explanation='',interesting_fact='2365';


INSERT INTO answer_options (question_id, correct_answer, answer_text)
VALUES ('103002213', TRUE, 'במספר 2,436, אם החלפנו את ספרת המאות ב-5 , מהו המספר החדש?') ;

INSERT INTO answer_options (question_id, correct_answer, answer_text)
VALUES ('103002213', FALSE, '2536');

INSERT INTO answer_options (question_id, correct_answer, answer_text)
VALUES ('103002213', FALSE, '2456');

INSERT INTO answer_options (question_id, correct_answer, answer_text)
VALUES ('103002213', FALSE, '2635');

INSERT INTO questions (question_id, language_id, topic_id, c_grade_id, level, question_text, explanation, interesting_fact)
VALUES ('103002214', 1, 3002, 4, 4, 'nan', '', '6') ON CONFLICT (question_id) DO UPDATE SET language_id = 1 ,topic_id= 3002,c_grade_id =4,level=4,question_text='nan',explanation='',interesting_fact='6';


INSERT INTO answer_options (question_id, correct_answer, answer_text)
VALUES ('103002214', TRUE, 'במספר 6,741, איזו ספרה עומדת במקום העשרות?') ;

INSERT INTO answer_options (question_id, correct_answer, answer_text)
VALUES ('103002214', FALSE, '4');

INSERT INTO answer_options (question_id, correct_answer, answer_text)
VALUES ('103002214', FALSE, '7');

INSERT INTO answer_options (question_id, correct_answer, answer_text)
VALUES ('103002214', FALSE, '1');

INSERT INTO questions (question_id, language_id, topic_id, c_grade_id, level, question_text, explanation, interesting_fact)
VALUES ('103002215', 1, 3002, 5, 5, 'nan', '', '1030') ON CONFLICT (question_id) DO UPDATE SET language_id = 1 ,topic_id= 3002,c_grade_id =5,level=5,question_text='nan',explanation='',interesting_fact='1030';


INSERT INTO answer_options (question_id, correct_answer, answer_text)
VALUES ('103002215', TRUE, 'איזה מספר מסתיים בספרה 3 והספרה במקום האלפים היא 1?') ;

INSERT INTO answer_options (question_id, correct_answer, answer_text)
VALUES ('103002215', FALSE, '1,___3');

INSERT INTO answer_options (question_id, correct_answer, answer_text)
VALUES ('103002215', FALSE, '1003');

INSERT INTO answer_options (question_id, correct_answer, answer_text)
VALUES ('103002215', FALSE, '1300');

INSERT INTO questions (question_id, language_id, topic_id, c_grade_id, level, question_text, explanation, interesting_fact)
VALUES ('103002216', 1, 3002, 6, 6, 'nan', '', '9100') ON CONFLICT (question_id) DO UPDATE SET language_id = 1 ,topic_id= 3002,c_grade_id =6,level=6,question_text='nan',explanation='',interesting_fact='9100';


INSERT INTO answer_options (question_id, correct_answer, answer_text)
VALUES ('103002216', TRUE, 'איזה מספר יש לו ספרה 0 במקום המאות וספרה 9 במקום האלפים?') ;

INSERT INTO answer_options (question_id, correct_answer, answer_text)
VALUES ('103002216', FALSE, '9,0__');

INSERT INTO answer_options (question_id, correct_answer, answer_text)
VALUES ('103002216', FALSE, '9001');

INSERT INTO answer_options (question_id, correct_answer, answer_text)
VALUES ('103002216', FALSE, '9010');

INSERT INTO questions (question_id, language_id, topic_id, c_grade_id, level, question_text, explanation, interesting_fact)
VALUES ('103002217', 1, 3002, 7, 7, 'nan', '', '5040') ON CONFLICT (question_id) DO UPDATE SET language_id = 1 ,topic_id= 3002,c_grade_id =7,level=7,question_text='nan',explanation='',interesting_fact='5040';


INSERT INTO answer_options (question_id, correct_answer, answer_text)
VALUES ('103002217', TRUE, 'אם נוסיף 1,000 למספר שבו הספרה 4 עומדת במקום האלפים, מהו המספר החדש?') ;

INSERT INTO answer_options (question_id, correct_answer, answer_text)
VALUES ('103002217', FALSE, '5,___');

INSERT INTO answer_options (question_id, correct_answer, answer_text)
VALUES ('103002217', FALSE, '5400');

INSERT INTO answer_options (question_id, correct_answer, answer_text)
VALUES ('103002217', FALSE, '5004');

INSERT INTO questions (question_id, language_id, topic_id, c_grade_id, level, question_text, explanation, interesting_fact)
VALUES ('103002218', 1, 3002, 8, 8, 'nan', '', '7500') ON CONFLICT (question_id) DO UPDATE SET language_id = 1 ,topic_id= 3002,c_grade_id =8,level=8,question_text='nan',explanation='',interesting_fact='7500';


INSERT INTO answer_options (question_id, correct_answer, answer_text)
VALUES ('103002218', TRUE, 'באיזה מספר הספרה 7 עומדת במקום האלפים והספרה 5 במקום היחידות?') ;

INSERT INTO answer_options (question_id, correct_answer, answer_text)
VALUES ('103002218', FALSE, '7,___5');

INSERT INTO answer_options (question_id, correct_answer, answer_text)
VALUES ('103002218', FALSE, '7005');

INSERT INTO answer_options (question_id, correct_answer, answer_text)
VALUES ('103002218', FALSE, '7050');

INSERT INTO questions (question_id, language_id, topic_id, c_grade_id, level, question_text, explanation, interesting_fact)
VALUES ('103002219', 1, 3002, 9, 9, 'nan', '', '8200') ON CONFLICT (question_id) DO UPDATE SET language_id = 1 ,topic_id= 3002,c_grade_id =9,level=9,question_text='nan',explanation='',interesting_fact='8200';


INSERT INTO answer_options (question_id, correct_answer, answer_text)
VALUES ('103002219', TRUE, 'מהו המספר שבו הספרה 2 עומדת במקום העשרות והספרה 8 במקום האלפים?') ;

INSERT INTO answer_options (question_id, correct_answer, answer_text)
VALUES ('103002219', FALSE, '8,0__2');

INSERT INTO answer_options (question_id, correct_answer, answer_text)
VALUES ('103002219', FALSE, '8002');

INSERT INTO answer_options (question_id, correct_answer, answer_text)
VALUES ('103002219', FALSE, '8020');

INSERT INTO questions (question_id, language_id, topic_id, c_grade_id, level, question_text, explanation, interesting_fact)
VALUES ('103002220', 1, 3002, 0, 0, 'nan', '', '3281') ON CONFLICT (question_id) DO UPDATE SET language_id = 1 ,topic_id= 3002,c_grade_id =0,level=0,question_text='nan',explanation='',interesting_fact='3281';


INSERT INTO answer_options (question_id, correct_answer, answer_text)
VALUES ('103002220', TRUE, 'אם החלפנו את הספרה במקום העשרות ב-6 במספר 3,218, מהו המספר החדש?') ;

INSERT INTO answer_options (question_id, correct_answer, answer_text)
VALUES ('103002220', FALSE, '3216');

INSERT INTO answer_options (question_id, correct_answer, answer_text)
VALUES ('103002220', FALSE, '3268');

INSERT INTO answer_options (question_id, correct_answer, answer_text)
VALUES ('103002220', FALSE, '3186');

INSERT INTO questions (question_id, language_id, topic_id, c_grade_id, level, question_text, explanation, interesting_fact)
VALUES ('103002301', 1, 3002, 1, 1, 'nan', '', 'עשרות') ON CONFLICT (question_id) DO UPDATE SET language_id = 1 ,topic_id= 3002,c_grade_id =1,level=1,question_text='nan',explanation='',interesting_fact='עשרות';


INSERT INTO answer_options (question_id, correct_answer, answer_text)
VALUES ('103002301', TRUE, 'באיזה מקום מספרי נמצאת הספרה 6 במספר 6,218?') ;

INSERT INTO answer_options (question_id, correct_answer, answer_text)
VALUES ('103002301', FALSE, 'אלפים');

INSERT INTO answer_options (question_id, correct_answer, answer_text)
VALUES ('103002301', FALSE, 'יחידות');

INSERT INTO answer_options (question_id, correct_answer, answer_text)
VALUES ('103002301', FALSE, 'מאות');

INSERT INTO questions (question_id, language_id, topic_id, c_grade_id, level, question_text, explanation, interesting_fact)
VALUES ('103002302', 1, 3002, 2, 2, 'nan', '', 'X-10') ON CONFLICT (question_id) DO UPDATE SET language_id = 1 ,topic_id= 3002,c_grade_id =2,level=2,question_text='nan',explanation='',interesting_fact='X-10';


INSERT INTO answer_options (question_id, correct_answer, answer_text)
VALUES ('103002302', TRUE, 'אם הספרה במקום היחידות במספר X היא 0, איזה מספר נקבל אם נחסר מ-X את 1?') ;

INSERT INTO answer_options (question_id, correct_answer, answer_text)
VALUES ('103002302', FALSE, 'X-1');

INSERT INTO answer_options (question_id, correct_answer, answer_text)
VALUES ('103002302', FALSE, 'X');

INSERT INTO answer_options (question_id, correct_answer, answer_text)
VALUES ('103002302', FALSE, 'X+1');

INSERT INTO questions (question_id, language_id, topic_id, c_grade_id, level, question_text, explanation, interesting_fact)
VALUES ('103002303', 1, 3002, 3, 3, 'nan', '', '3500') ON CONFLICT (question_id) DO UPDATE SET language_id = 1 ,topic_id= 3002,c_grade_id =3,level=3,question_text='nan',explanation='',interesting_fact='3500';


INSERT INTO answer_options (question_id, correct_answer, answer_text)
VALUES ('103002303', TRUE, 'מהו המספר שבו הספרה 3 עומדת במקום האלפים, הספרה 5 במקום המאות, ואין לו עשרות?') ;

INSERT INTO answer_options (question_id, correct_answer, answer_text)
VALUES ('103002303', FALSE, '3,5_0');

INSERT INTO answer_options (question_id, correct_answer, answer_text)
VALUES ('103002303', FALSE, '3503');

INSERT INTO answer_options (question_id, correct_answer, answer_text)
VALUES ('103002303', FALSE, '3050');

INSERT INTO questions (question_id, language_id, topic_id, c_grade_id, level, question_text, explanation, interesting_fact)
VALUES ('103002304', 1, 3002, 4, 4, 'nan', '', '47') ON CONFLICT (question_id) DO UPDATE SET language_id = 1 ,topic_id= 3002,c_grade_id =4,level=4,question_text='nan',explanation='',interesting_fact='47';


INSERT INTO answer_options (question_id, correct_answer, answer_text)
VALUES ('103002304', TRUE, 'אם נחבר בין הספרה במקום האלפים לבין הספרה במקום העשרות במספר 7,426, מה נקבל?') ;

INSERT INTO answer_options (question_id, correct_answer, answer_text)
VALUES ('103002304', FALSE, '72');

INSERT INTO answer_options (question_id, correct_answer, answer_text)
VALUES ('103002304', FALSE, '76');

INSERT INTO answer_options (question_id, correct_answer, answer_text)
VALUES ('103002304', FALSE, '26');

INSERT INTO questions (question_id, language_id, topic_id, c_grade_id, level, question_text, explanation, interesting_fact)
VALUES ('103002305', 1, 3002, 5, 5, 'nan', '', '9 ו-3') ON CONFLICT (question_id) DO UPDATE SET language_id = 1 ,topic_id= 3002,c_grade_id =5,level=5,question_text='nan',explanation='',interesting_fact='9 ו-3';


INSERT INTO answer_options (question_id, correct_answer, answer_text)
VALUES ('103002305', TRUE, 'במספר 5,932 - אילו ספרות יש במקום האלפים והעשרות?') ;

INSERT INTO answer_options (question_id, correct_answer, answer_text)
VALUES ('103002305', FALSE, '5 ו-3');

INSERT INTO answer_options (question_id, correct_answer, answer_text)
VALUES ('103002305', FALSE, '9 ו-2');

INSERT INTO answer_options (question_id, correct_answer, answer_text)
VALUES ('103002305', FALSE, '5 ו-2');

INSERT INTO questions (question_id, language_id, topic_id, c_grade_id, level, question_text, explanation, interesting_fact)
VALUES ('103002306', 1, 3002, 6, 6, 'nan', '', '4052') ON CONFLICT (question_id) DO UPDATE SET language_id = 1 ,topic_id= 3002,c_grade_id =6,level=6,question_text='nan',explanation='',interesting_fact='4052';


INSERT INTO answer_options (question_id, correct_answer, answer_text)
VALUES ('103002306', TRUE, 'אילו מספרים יש בין 4,200 לבין 4,300 שהספרה במקום העשרות היא 5?') ;

INSERT INTO answer_options (question_id, correct_answer, answer_text)
VALUES ('103002306', FALSE, '4250');

INSERT INTO answer_options (question_id, correct_answer, answer_text)
VALUES ('103002306', FALSE, '4205');

INSERT INTO answer_options (question_id, correct_answer, answer_text)
VALUES ('103002306', FALSE, '4500');

INSERT INTO questions (question_id, language_id, topic_id, c_grade_id, level, question_text, explanation, interesting_fact)
VALUES ('103002308', 1, 3002, 8, 8, 'nan', '', '1009') ON CONFLICT (question_id) DO UPDATE SET language_id = 1 ,topic_id= 3002,c_grade_id =8,level=8,question_text='nan',explanation='',interesting_fact='1009';


INSERT INTO answer_options (question_id, correct_answer, answer_text)
VALUES ('103002308', TRUE, 'מהו המספר שבו הספרה 1 עומדת במקום המאות והספרה 9 במקום היחידות?') ;

INSERT INTO answer_options (question_id, correct_answer, answer_text)
VALUES ('103002308', FALSE, '_1_9');

INSERT INTO answer_options (question_id, correct_answer, answer_text)
VALUES ('103002308', FALSE, '9109');

INSERT INTO answer_options (question_id, correct_answer, answer_text)
VALUES ('103002308', FALSE, '1900');

INSERT INTO questions (question_id, language_id, topic_id, c_grade_id, level, question_text, explanation, interesting_fact)
VALUES ('103002309', 1, 3002, 9, 9, 'nan', '', '6400') ON CONFLICT (question_id) DO UPDATE SET language_id = 1 ,topic_id= 3002,c_grade_id =9,level=9,question_text='nan',explanation='',interesting_fact='6400';


INSERT INTO answer_options (question_id, correct_answer, answer_text)
VALUES ('103002309', TRUE, 'מהו המספר שבו הספרה 4 עומדת במקום העשרות והספרה 6 במקום האלפים, ואין לו יחידות?') ;

INSERT INTO answer_options (question_id, correct_answer, answer_text)
VALUES ('103002309', FALSE, '6,_4');

INSERT INTO answer_options (question_id, correct_answer, answer_text)
VALUES ('103002309', FALSE, '6004');

INSERT INTO answer_options (question_id, correct_answer, answer_text)
VALUES ('103002309', FALSE, '6040');

INSERT INTO questions (question_id, language_id, topic_id, c_grade_id, level, question_text, explanation, interesting_fact)
VALUES ('103002310', 1, 3002, 0, 0, 'nan', '', '2') ON CONFLICT (question_id) DO UPDATE SET language_id = 1 ,topic_id= 3002,c_grade_id =0,level=0,question_text='nan',explanation='',interesting_fact='2';


INSERT INTO answer_options (question_id, correct_answer, answer_text)
VALUES ('103002310', TRUE, 'איזה ספרה נמצאת במקום האלפים במספר 5,832?') ;

INSERT INTO answer_options (question_id, correct_answer, answer_text)
VALUES ('103002310', FALSE, '5');

INSERT INTO answer_options (question_id, correct_answer, answer_text)
VALUES ('103002310', FALSE, '8');

INSERT INTO answer_options (question_id, correct_answer, answer_text)
VALUES ('103002310', FALSE, '3');

INSERT INTO questions (question_id, language_id, topic_id, c_grade_id, level, question_text, explanation, interesting_fact)
VALUES ('103002311', 1, 3002, 1, 1, 'nan', '', '7345') ON CONFLICT (question_id) DO UPDATE SET language_id = 1 ,topic_id= 3002,c_grade_id =1,level=1,question_text='nan',explanation='',interesting_fact='7345';


INSERT INTO answer_options (question_id, correct_answer, answer_text)
VALUES ('103002311', TRUE, 'החסר את ערך הספרה במקום האלפים מ-7,645.') ;

INSERT INTO answer_options (question_id, correct_answer, answer_text)
VALUES ('103002311', FALSE, '6645');

INSERT INTO answer_options (question_id, correct_answer, answer_text)
VALUES ('103002311', FALSE, '7545');

INSERT INTO answer_options (question_id, correct_answer, answer_text)
VALUES ('103002311', FALSE, '7445');

INSERT INTO questions (question_id, language_id, topic_id, c_grade_id, level, question_text, explanation, interesting_fact)
VALUES ('103002312', 1, 3002, 2, 2, 'nan', '', 'יחידות') ON CONFLICT (question_id) DO UPDATE SET language_id = 1 ,topic_id= 3002,c_grade_id =2,level=2,question_text='nan',explanation='',interesting_fact='יחידות';


INSERT INTO answer_options (question_id, correct_answer, answer_text)
VALUES ('103002312', TRUE, 'באיזה מקום מספרי נמצאת הספרה 3 במספר 4,375?') ;

INSERT INTO answer_options (question_id, correct_answer, answer_text)
VALUES ('103002312', FALSE, 'מאות');

INSERT INTO answer_options (question_id, correct_answer, answer_text)
VALUES ('103002312', FALSE, 'אלפים');

INSERT INTO answer_options (question_id, correct_answer, answer_text)
VALUES ('103002312', FALSE, 'עשרות');

INSERT INTO questions (question_id, language_id, topic_id, c_grade_id, level, question_text, explanation, interesting_fact)
VALUES ('103002313', 1, 3002, 3, 3, 'nan', '', '2000') ON CONFLICT (question_id) DO UPDATE SET language_id = 1 ,topic_id= 3002,c_grade_id =3,level=3,question_text='nan',explanation='',interesting_fact='2000';


INSERT INTO answer_options (question_id, correct_answer, answer_text)
VALUES ('103002313', TRUE, 'המספר 2,506 הוא בעצם המספר 2,500 ועוד...?') ;

INSERT INTO answer_options (question_id, correct_answer, answer_text)
VALUES ('103002313', FALSE, '6');

INSERT INTO answer_options (question_id, correct_answer, answer_text)
VALUES ('103002313', FALSE, '60');

INSERT INTO answer_options (question_id, correct_answer, answer_text)
VALUES ('103002313', FALSE, '500');

INSERT INTO questions (question_id, language_id, topic_id, c_grade_id, level, question_text, explanation, interesting_fact)
VALUES ('103002314', 1, 3002, 4, 4, 'nan', '', '900') ON CONFLICT (question_id) DO UPDATE SET language_id = 1 ,topic_id= 3002,c_grade_id =4,level=4,question_text='nan',explanation='',interesting_fact='900';


INSERT INTO answer_options (question_id, correct_answer, answer_text)
VALUES ('103002314', TRUE, 'מהו ערך הספרה 9 במספר 9,412?') ;

INSERT INTO answer_options (question_id, correct_answer, answer_text)
VALUES ('103002314', FALSE, '9000');

INSERT INTO answer_options (question_id, correct_answer, answer_text)
VALUES ('103002314', FALSE, '90');

INSERT INTO answer_options (question_id, correct_answer, answer_text)
VALUES ('103002314', FALSE, '9');

INSERT INTO questions (question_id, language_id, topic_id, c_grade_id, level, question_text, explanation, interesting_fact)
VALUES ('103002315', 1, 3002, 5, 5, 'nan', '', '6842') ON CONFLICT (question_id) DO UPDATE SET language_id = 1 ,topic_id= 3002,c_grade_id =5,level=5,question_text='nan',explanation='',interesting_fact='6842';


INSERT INTO answer_options (question_id, correct_answer, answer_text)
VALUES ('103002315', TRUE, 'אם נחליף בין הספרה במקום העשרות לבין הספרה במקום היחידות ב-6,489 מה יהיה המספר?') ;

INSERT INTO answer_options (question_id, correct_answer, answer_text)
VALUES ('103002315', FALSE, '6498');

INSERT INTO answer_options (question_id, correct_answer, answer_text)
VALUES ('103002315', FALSE, '6889');

INSERT INTO answer_options (question_id, correct_answer, answer_text)
VALUES ('103002315', FALSE, '6984');

INSERT INTO questions (question_id, language_id, topic_id, c_grade_id, level, question_text, explanation, interesting_fact)
VALUES ('103002316', 1, 3002, 6, 6, 'nan', '', '5') ON CONFLICT (question_id) DO UPDATE SET language_id = 1 ,topic_id= 3002,c_grade_id =6,level=6,question_text='nan',explanation='',interesting_fact='5';


INSERT INTO answer_options (question_id, correct_answer, answer_text)
VALUES ('103002316', TRUE, 'איזו מהספרות הבאות יכולה להיות במקום האלפים במספר בין 3,000 ל-4,000?') ;

INSERT INTO answer_options (question_id, correct_answer, answer_text)
VALUES ('103002316', FALSE, '3');

INSERT INTO answer_options (question_id, correct_answer, answer_text)
VALUES ('103002316', FALSE, '2');

INSERT INTO answer_options (question_id, correct_answer, answer_text)
VALUES ('103002316', FALSE, '4');

INSERT INTO questions (question_id, language_id, topic_id, c_grade_id, level, question_text, explanation, interesting_fact)
VALUES ('103002317', 1, 3002, 7, 7, 'nan', '', '7025') ON CONFLICT (question_id) DO UPDATE SET language_id = 1 ,topic_id= 3002,c_grade_id =7,level=7,question_text='nan',explanation='',interesting_fact='7025';


INSERT INTO answer_options (question_id, correct_answer, answer_text)
VALUES ('103002317', TRUE, 'איזה מהמספרים הבאים אינו מכיל את הספרה 0 במקום העשרות?') ;

INSERT INTO answer_options (question_id, correct_answer, answer_text)
VALUES ('103002317', FALSE, '7219');

INSERT INTO answer_options (question_id, correct_answer, answer_text)
VALUES ('103002317', FALSE, '7209');

INSERT INTO answer_options (question_id, correct_answer, answer_text)
VALUES ('103002317', FALSE, '7290');

INSERT INTO questions (question_id, language_id, topic_id, c_grade_id, level, question_text, explanation, interesting_fact)
VALUES ('103002318', 1, 3002, 8, 8, 'nan', '', '8665') ON CONFLICT (question_id) DO UPDATE SET language_id = 1 ,topic_id= 3002,c_grade_id =8,level=8,question_text='nan',explanation='',interesting_fact='8665';


INSERT INTO answer_options (question_id, correct_answer, answer_text)
VALUES ('103002318', TRUE, 'אם נוסיף 200 למספר 8,765, איזה מספר נקבל?') ;

INSERT INTO answer_options (question_id, correct_answer, answer_text)
VALUES ('103002318', FALSE, '8965');

INSERT INTO answer_options (question_id, correct_answer, answer_text)
VALUES ('103002318', FALSE, '8765');

INSERT INTO answer_options (question_id, correct_answer, answer_text)
VALUES ('103002318', FALSE, '8867');

INSERT INTO questions (question_id, language_id, topic_id, c_grade_id, level, question_text, explanation, interesting_fact)
VALUES ('103002319', 1, 3002, 9, 9, 'nan', '', '7678') ON CONFLICT (question_id) DO UPDATE SET language_id = 1 ,topic_id= 3002,c_grade_id =9,level=9,question_text='nan',explanation='',interesting_fact='7678';


INSERT INTO answer_options (question_id, correct_answer, answer_text)
VALUES ('103002319', TRUE, 'איזה מהמספרים הבאים אינו מכיל את הספרה 7 במקום המאות?') ;

INSERT INTO answer_options (question_id, correct_answer, answer_text)
VALUES ('103002319', FALSE, '7482');

INSERT INTO answer_options (question_id, correct_answer, answer_text)
VALUES ('103002319', FALSE, '7783');

INSERT INTO answer_options (question_id, correct_answer, answer_text)
VALUES ('103002319', FALSE, '7276');

INSERT INTO questions (question_id, language_id, topic_id, c_grade_id, level, question_text, explanation, interesting_fact)
VALUES ('103002320', 1, 3002, 0, 0, 'nan', '', '9005') ON CONFLICT (question_id) DO UPDATE SET language_id = 1 ,topic_id= 3002,c_grade_id =0,level=0,question_text='nan',explanation='',interesting_fact='9005';


INSERT INTO answer_options (question_id, correct_answer, answer_text)
VALUES ('103002320', TRUE, 'איזה מהמספרים הבאים מכיל את הספרה 5 במקום העשרות?') ;

INSERT INTO answer_options (question_id, correct_answer, answer_text)
VALUES ('103002320', FALSE, '9450');

INSERT INTO answer_options (question_id, correct_answer, answer_text)
VALUES ('103002320', FALSE, '9405');

INSERT INTO answer_options (question_id, correct_answer, answer_text)
VALUES ('103002320', FALSE, '9504');

INSERT INTO questions (question_id, language_id, topic_id, c_grade_id, level, question_text, explanation, interesting_fact)
VALUES ('103002401', 1, 3002, 1, 1, 'nan', '', '4320') ON CONFLICT (question_id) DO UPDATE SET language_id = 1 ,topic_id= 3002,c_grade_id =1,level=1,question_text='nan',explanation='',interesting_fact='4320';


INSERT INTO answer_options (question_id, correct_answer, answer_text)
VALUES ('103002401', TRUE, 'אילו מהמספרים הבאים הוא הקטן ביותר?') ;

INSERT INTO answer_options (question_id, correct_answer, answer_text)
VALUES ('103002401', FALSE, '4203');

INSERT INTO answer_options (question_id, correct_answer, answer_text)
VALUES ('103002401', FALSE, '4302');

INSERT INTO answer_options (question_id, correct_answer, answer_text)
VALUES ('103002401', FALSE, '4332');

INSERT INTO questions (question_id, language_id, topic_id, c_grade_id, level, question_text, explanation, interesting_fact)
VALUES ('103002402', 1, 3002, 2, 2, 'nan', '', '1000') ON CONFLICT (question_id) DO UPDATE SET language_id = 1 ,topic_id= 3002,c_grade_id =2,level=2,question_text='nan',explanation='',interesting_fact='1000';


INSERT INTO answer_options (question_id, correct_answer, answer_text)
VALUES ('103002402', TRUE, 'מה הפער בין המספר 7,999 לבין המספר הגדול הבא אחריו?') ;

INSERT INTO answer_options (question_id, correct_answer, answer_text)
VALUES ('103002402', FALSE, '1');

INSERT INTO answer_options (question_id, correct_answer, answer_text)
VALUES ('103002402', FALSE, '10');

INSERT INTO answer_options (question_id, correct_answer, answer_text)
VALUES ('103002402', FALSE, '100');

INSERT INTO questions (question_id, language_id, topic_id, c_grade_id, level, question_text, explanation, interesting_fact)
VALUES ('103002403', 1, 3002, 3, 3, 'nan', '', '3625') ON CONFLICT (question_id) DO UPDATE SET language_id = 1 ,topic_id= 3002,c_grade_id =3,level=3,question_text='nan',explanation='',interesting_fact='3625';


INSERT INTO answer_options (question_id, correct_answer, answer_text)
VALUES ('103002403', TRUE, 'אם היינו מחליפים את הספרות במספר 5,632 כך שהיו הפוכות, איזה מספר היינו מקבלים?') ;

INSERT INTO answer_options (question_id, correct_answer, answer_text)
VALUES ('103002403', FALSE, '2365');

INSERT INTO answer_options (question_id, correct_answer, answer_text)
VALUES ('103002403', FALSE, '3265');

INSERT INTO answer_options (question_id, correct_answer, answer_text)
VALUES ('103002403', FALSE, '2635');

INSERT INTO questions (question_id, language_id, topic_id, c_grade_id, level, question_text, explanation, interesting_fact)
VALUES ('103002404', 1, 3002, 4, 4, 'nan', '', 'עשרות') ON CONFLICT (question_id) DO UPDATE SET language_id = 1 ,topic_id= 3002,c_grade_id =4,level=4,question_text='nan',explanation='',interesting_fact='עשרות';


INSERT INTO answer_options (question_id, correct_answer, answer_text)
VALUES ('103002404', TRUE, 'באיזה מקום מספרי נמצאת הספרה הגדולה ביותר במספר 7,489?') ;

INSERT INTO answer_options (question_id, correct_answer, answer_text)
VALUES ('103002404', FALSE, 'יחידות');

INSERT INTO answer_options (question_id, correct_answer, answer_text)
VALUES ('103002404', FALSE, 'אלפים');

INSERT INTO answer_options (question_id, correct_answer, answer_text)
VALUES ('103002404', FALSE, 'מאות');

INSERT INTO questions (question_id, language_id, topic_id, c_grade_id, level, question_text, explanation, interesting_fact)
VALUES ('103002405', 1, 3002, 5, 5, 'nan', '', '9132') ON CONFLICT (question_id) DO UPDATE SET language_id = 1 ,topic_id= 3002,c_grade_id =5,level=5,question_text='nan',explanation='',interesting_fact='9132';


INSERT INTO answer_options (question_id, correct_answer, answer_text)
VALUES ('103002405', TRUE, 'אילו מהמספרים הבאים הוא הגדול ביותר?') ;

INSERT INTO answer_options (question_id, correct_answer, answer_text)
VALUES ('103002405', FALSE, '9312');

INSERT INTO answer_options (question_id, correct_answer, answer_text)
VALUES ('103002405', FALSE, '9123');

INSERT INTO answer_options (question_id, correct_answer, answer_text)
VALUES ('103002405', FALSE, '9213');

INSERT INTO questions (question_id, language_id, topic_id, c_grade_id, level, question_text, explanation, interesting_fact)
VALUES ('103002406', 1, 3002, 6, 6, 'nan', '', '47680') ON CONFLICT (question_id) DO UPDATE SET language_id = 1 ,topic_id= 3002,c_grade_id =6,level=6,question_text='nan',explanation='',interesting_fact='47680';


INSERT INTO answer_options (question_id, correct_answer, answer_text)
VALUES ('103002406', TRUE, 'אם הספרה 4 במספר 4,678 תגדיל את ערכה פי 10, איזה מספר נקבל?') ;

INSERT INTO answer_options (question_id, correct_answer, answer_text)
VALUES ('103002406', FALSE, '46678');

INSERT INTO answer_options (question_id, correct_answer, answer_text)
VALUES ('103002406', FALSE, '4687');

INSERT INTO answer_options (question_id, correct_answer, answer_text)
VALUES ('103002406', FALSE, '4768');

INSERT INTO questions (question_id, language_id, topic_id, c_grade_id, level, question_text, explanation, interesting_fact)
VALUES ('103002407', 1, 3002, 7, 7, 'nan', '', '9236') ON CONFLICT (question_id) DO UPDATE SET language_id = 1 ,topic_id= 3002,c_grade_id =7,level=7,question_text='nan',explanation='',interesting_fact='9236';


INSERT INTO answer_options (question_id, correct_answer, answer_text)
VALUES ('103002407', TRUE, 'מהו המספר הגדול ביותר שניתן לכתוב באמצעות הספרות 2, 3, 6 ו-9 בתחום הרבבה?') ;

INSERT INTO answer_options (question_id, correct_answer, answer_text)
VALUES ('103002407', FALSE, '9632');

INSERT INTO answer_options (question_id, correct_answer, answer_text)
VALUES ('103002407', FALSE, '9326');

INSERT INTO answer_options (question_id, correct_answer, answer_text)
VALUES ('103002407', FALSE, '9362');

INSERT INTO questions (question_id, language_id, topic_id, c_grade_id, level, question_text, explanation, interesting_fact)
VALUES ('103002409', 1, 3002, 9, 9, 'nan', '', '7') ON CONFLICT (question_id) DO UPDATE SET language_id = 1 ,topic_id= 3002,c_grade_id =9,level=9,question_text='nan',explanation='',interesting_fact='7';


INSERT INTO answer_options (question_id, correct_answer, answer_text)
VALUES ('103002409', TRUE, 'מה הערך המספרי של הספרה 7 במספר 7,346?') ;

INSERT INTO answer_options (question_id, correct_answer, answer_text)
VALUES ('103002409', FALSE, '7000');

INSERT INTO answer_options (question_id, correct_answer, answer_text)
VALUES ('103002409', FALSE, '700');

INSERT INTO answer_options (question_id, correct_answer, answer_text)
VALUES ('103002409', FALSE, '70');

INSERT INTO questions (question_id, language_id, topic_id, c_grade_id, level, question_text, explanation, interesting_fact)
VALUES ('103002410', 1, 3002, 0, 0, 'nan', '', '3564') ON CONFLICT (question_id) DO UPDATE SET language_id = 1 ,topic_id= 3002,c_grade_id =0,level=0,question_text='nan',explanation='',interesting_fact='3564';


INSERT INTO answer_options (question_id, correct_answer, answer_text)
VALUES ('103002410', TRUE, 'אילו מהבאים הוא הגדול ביותר: 3,456 או 3,465?') ;

INSERT INTO answer_options (question_id, correct_answer, answer_text)
VALUES ('103002410', FALSE, '3465');

INSERT INTO answer_options (question_id, correct_answer, answer_text)
VALUES ('103002410', FALSE, '3456');

INSERT INTO answer_options (question_id, correct_answer, answer_text)
VALUES ('103002410', FALSE, '3546');

INSERT INTO questions (question_id, language_id, topic_id, c_grade_id, level, question_text, explanation, interesting_fact)
VALUES ('103002411', 1, 3002, 1, 1, 'nan', '', '8765') ON CONFLICT (question_id) DO UPDATE SET language_id = 1 ,topic_id= 3002,c_grade_id =1,level=1,question_text='nan',explanation='',interesting_fact='8765';


INSERT INTO answer_options (question_id, correct_answer, answer_text)
VALUES ('103002411', TRUE, 'באיזה מספר הספרה 5 היא גדולה ביותר?') ;

INSERT INTO answer_options (question_id, correct_answer, answer_text)
VALUES ('103002411', FALSE, '5678');

INSERT INTO answer_options (question_id, correct_answer, answer_text)
VALUES ('103002411', FALSE, '6578');

INSERT INTO answer_options (question_id, correct_answer, answer_text)
VALUES ('103002411', FALSE, '7568');

INSERT INTO questions (question_id, language_id, topic_id, c_grade_id, level, question_text, explanation, interesting_fact)
VALUES ('103002412', 1, 3002, 2, 2, 'nan', '', '8312') ON CONFLICT (question_id) DO UPDATE SET language_id = 1 ,topic_id= 3002,c_grade_id =2,level=2,question_text='nan',explanation='',interesting_fact='8312';


INSERT INTO answer_options (question_id, correct_answer, answer_text)
VALUES ('103002412', TRUE, 'איך תראה המספר 8,321 אם נחליף בין המאות לבין העשרות?') ;

INSERT INTO answer_options (question_id, correct_answer, answer_text)
VALUES ('103002412', FALSE, '8231');

INSERT INTO answer_options (question_id, correct_answer, answer_text)
VALUES ('103002412', FALSE, '8213');

INSERT INTO answer_options (question_id, correct_answer, answer_text)
VALUES ('103002412', FALSE, '8132');

INSERT INTO questions (question_id, language_id, topic_id, c_grade_id, level, question_text, explanation, interesting_fact)
VALUES ('103002413', 1, 3002, 3, 3, 'nan', '', '1829') ON CONFLICT (question_id) DO UPDATE SET language_id = 1 ,topic_id= 3002,c_grade_id =3,level=3,question_text='nan',explanation='',interesting_fact='1829';


INSERT INTO answer_options (question_id, correct_answer, answer_text)
VALUES ('103002413', TRUE, 'מה הוא המספר הקטן ביותר בתחום הרבבה שניתן לקבוע עם הספרות 9, 8, 2, 1?') ;

INSERT INTO answer_options (question_id, correct_answer, answer_text)
VALUES ('103002413', FALSE, '1289');

INSERT INTO answer_options (question_id, correct_answer, answer_text)
VALUES ('103002413', FALSE, '1298');

INSERT INTO answer_options (question_id, correct_answer, answer_text)
VALUES ('103002413', FALSE, '1892');

INSERT INTO questions (question_id, language_id, topic_id, c_grade_id, level, question_text, explanation, interesting_fact)
VALUES ('103002414', 1, 3002, 4, 4, 'nan', '', '649,20') ON CONFLICT (question_id) DO UPDATE SET language_id = 1 ,topic_id= 3002,c_grade_id =4,level=4,question_text='nan',explanation='',interesting_fact='649,20';


INSERT INTO answer_options (question_id, correct_answer, answer_text)
VALUES ('103002414', TRUE, 'אם נכפול את הספרה במקום המאות במספר 6,492 ב-10, איזה מספר נקבל?') ;

INSERT INTO answer_options (question_id, correct_answer, answer_text)
VALUES ('103002414', FALSE, '60492');

INSERT INTO answer_options (question_id, correct_answer, answer_text)
VALUES ('103002414', FALSE, '6492');

INSERT INTO answer_options (question_id, correct_answer, answer_text)
VALUES ('103002414', FALSE, '64920');

INSERT INTO questions (question_id, language_id, topic_id, c_grade_id, level, question_text, explanation, interesting_fact)
VALUES ('103002415', 1, 3002, 5, 5, 'nan', '', '8500') ON CONFLICT (question_id) DO UPDATE SET language_id = 1 ,topic_id= 3002,c_grade_id =5,level=5,question_text='nan',explanation='',interesting_fact='8500';


INSERT INTO answer_options (question_id, correct_answer, answer_text)
VALUES ('103002415', TRUE, 'מה המספר הוא אם נקח את חצי מ-8,000?') ;

INSERT INTO answer_options (question_id, correct_answer, answer_text)
VALUES ('103002415', FALSE, '4000');

INSERT INTO answer_options (question_id, correct_answer, answer_text)
VALUES ('103002415', FALSE, '4500');

INSERT INTO answer_options (question_id, correct_answer, answer_text)
VALUES ('103002415', FALSE, '2000');

INSERT INTO questions (question_id, language_id, topic_id, c_grade_id, level, question_text, explanation, interesting_fact)
VALUES ('103002416', 1, 3002, 6, 6, 'nan', '', '304560') ON CONFLICT (question_id) DO UPDATE SET language_id = 1 ,topic_id= 3002,c_grade_id =6,level=6,question_text='nan',explanation='',interesting_fact='304560';


INSERT INTO answer_options (question_id, correct_answer, answer_text)
VALUES ('103002416', TRUE, 'באיזה מספר הערך המספרי של הספרה 3 הוא 30,000?') ;

INSERT INTO answer_options (question_id, correct_answer, answer_text)
VALUES ('103002416', FALSE, '30456');

INSERT INTO answer_options (question_id, correct_answer, answer_text)
VALUES ('103002416', FALSE, '300456');

INSERT INTO answer_options (question_id, correct_answer, answer_text)
VALUES ('103002416', FALSE, '3456');

INSERT INTO questions (question_id, language_id, topic_id, c_grade_id, level, question_text, explanation, interesting_fact)
VALUES ('103002417', 1, 3002, 7, 7, 'nan', '', '2364') ON CONFLICT (question_id) DO UPDATE SET language_id = 1 ,topic_id= 3002,c_grade_id =7,level=7,question_text='nan',explanation='',interesting_fact='2364';


INSERT INTO answer_options (question_id, correct_answer, answer_text)
VALUES ('103002417', TRUE, 'איזה מספר יהפוך את 7,654 למספר בתחום הרבבה אם נוסיף אותו?') ;

INSERT INTO answer_options (question_id, correct_answer, answer_text)
VALUES ('103002417', FALSE, '2346');

INSERT INTO answer_options (question_id, correct_answer, answer_text)
VALUES ('103002417', FALSE, '2365');

INSERT INTO answer_options (question_id, correct_answer, answer_text)
VALUES ('103002417', FALSE, '2356');

INSERT INTO questions (question_id, language_id, topic_id, c_grade_id, level, question_text, explanation, interesting_fact)
VALUES ('103002418', 1, 3002, 8, 8, 'nan', '', '5214') ON CONFLICT (question_id) DO UPDATE SET language_id = 1 ,topic_id= 3002,c_grade_id =8,level=8,question_text='nan',explanation='',interesting_fact='5214';


INSERT INTO answer_options (question_id, correct_answer, answer_text)
VALUES ('103002418', TRUE, 'מהו המספר הגדול ביותר שניתן לכתוב באמצעות הספרות 1, 2, 4 ו-5 בתחום הרבבה?') ;

INSERT INTO answer_options (question_id, correct_answer, answer_text)
VALUES ('103002418', FALSE, '5421');

INSERT INTO answer_options (question_id, correct_answer, answer_text)
VALUES ('103002418', FALSE, '5412');

INSERT INTO answer_options (question_id, correct_answer, answer_text)
VALUES ('103002418', FALSE, '5241');

INSERT INTO questions (question_id, language_id, topic_id, c_grade_id, level, question_text, explanation, interesting_fact)
VALUES ('103002419', 1, 3002, 9, 9, 'nan', '', '8745') ON CONFLICT (question_id) DO UPDATE SET language_id = 1 ,topic_id= 3002,c_grade_id =9,level=9,question_text='nan',explanation='',interesting_fact='8745';


INSERT INTO answer_options (question_id, correct_answer, answer_text)
VALUES ('103002419', TRUE, 'איזה מספר נקבל אם נחסר מתוך המספר 8,765 את הספרות שמהן הוא מורכב? (כלומר 8 + 7 + 6 + 5)') ;

INSERT INTO answer_options (question_id, correct_answer, answer_text)
VALUES ('103002419', FALSE, '8739');

INSERT INTO answer_options (question_id, correct_answer, answer_text)
VALUES ('103002419', FALSE, '8740');

INSERT INTO answer_options (question_id, correct_answer, answer_text)
VALUES ('103002419', FALSE, '8749');

INSERT INTO questions (question_id, language_id, topic_id, c_grade_id, level, question_text, explanation, interesting_fact)
VALUES ('103002420', 1, 3002, 0, 0, 'nan', '', '6000') ON CONFLICT (question_id) DO UPDATE SET language_id = 1 ,topic_id= 3002,c_grade_id =0,level=0,question_text='nan',explanation='',interesting_fact='6000';


INSERT INTO answer_options (question_id, correct_answer, answer_text)
VALUES ('103002420', TRUE, 'אם הספרה 6 במספר X,234 מציינת את עשרות האלפים, איזה מספר הוא X?') ;

INSERT INTO answer_options (question_id, correct_answer, answer_text)
VALUES ('103002420', FALSE, '6');

INSERT INTO answer_options (question_id, correct_answer, answer_text)
VALUES ('103002420', FALSE, '60');

INSERT INTO answer_options (question_id, correct_answer, answer_text)
VALUES ('103002420', FALSE, '600');

INSERT INTO questions (question_id, language_id, topic_id, c_grade_id, level, question_text, explanation, interesting_fact)
VALUES ('103003101', 1, 3003, 1, 1, '1', '', '1000') ON CONFLICT (question_id) DO UPDATE SET language_id = 1 ,topic_id= 3003,c_grade_id =1,level=1,question_text='1',explanation='',interesting_fact='1000';


INSERT INTO answer_options (question_id, correct_answer, answer_text)
VALUES ('103003101', TRUE, 'מהו הערך שהספרה 1 מייצגת במספר 317?') ;

INSERT INTO answer_options (question_id, correct_answer, answer_text)
VALUES ('103003101', FALSE, '10');

INSERT INTO answer_options (question_id, correct_answer, answer_text)
VALUES ('103003101', FALSE, '100');

INSERT INTO answer_options (question_id, correct_answer, answer_text)
VALUES ('103003101', FALSE, '1');

INSERT INTO questions (question_id, language_id, topic_id, c_grade_id, level, question_text, explanation, interesting_fact)
VALUES ('103003102', 1, 3003, 2, 2, '1', '', '9000') ON CONFLICT (question_id) DO UPDATE SET language_id = 1 ,topic_id= 3003,c_grade_id =2,level=2,question_text='1',explanation='',interesting_fact='9000';


INSERT INTO answer_options (question_id, correct_answer, answer_text)
VALUES ('103003102', TRUE, 'מהו הערך שהספרה 9 מייצגת במספר 697?') ;

INSERT INTO answer_options (question_id, correct_answer, answer_text)
VALUES ('103003102', FALSE, '90');

INSERT INTO answer_options (question_id, correct_answer, answer_text)
VALUES ('103003102', FALSE, '900');

INSERT INTO answer_options (question_id, correct_answer, answer_text)
VALUES ('103003102', FALSE, '9');

INSERT INTO questions (question_id, language_id, topic_id, c_grade_id, level, question_text, explanation, interesting_fact)
VALUES ('103003103', 1, 3003, 3, 3, '1', '', '4000') ON CONFLICT (question_id) DO UPDATE SET language_id = 1 ,topic_id= 3003,c_grade_id =3,level=3,question_text='1',explanation='',interesting_fact='4000';


INSERT INTO answer_options (question_id, correct_answer, answer_text)
VALUES ('103003103', TRUE, 'מהו הערך שהספרה 4 מייצגת במספר 747?') ;

INSERT INTO answer_options (question_id, correct_answer, answer_text)
VALUES ('103003103', FALSE, '40');

INSERT INTO answer_options (question_id, correct_answer, answer_text)
VALUES ('103003103', FALSE, '400');

INSERT INTO answer_options (question_id, correct_answer, answer_text)
VALUES ('103003103', FALSE, '4');

INSERT INTO questions (question_id, language_id, topic_id, c_grade_id, level, question_text, explanation, interesting_fact)
VALUES ('103003104', 1, 3003, 4, 4, '1', '', '7000') ON CONFLICT (question_id) DO UPDATE SET language_id = 1 ,topic_id= 3003,c_grade_id =4,level=4,question_text='1',explanation='',interesting_fact='7000';


INSERT INTO answer_options (question_id, correct_answer, answer_text)
VALUES ('103003104', TRUE, 'מהו הערך שהספרה 7 מייצגת במספר 973?') ;

INSERT INTO answer_options (question_id, correct_answer, answer_text)
VALUES ('103003104', FALSE, '70');

INSERT INTO answer_options (question_id, correct_answer, answer_text)
VALUES ('103003104', FALSE, '700');

INSERT INTO answer_options (question_id, correct_answer, answer_text)
VALUES ('103003104', FALSE, '7');

INSERT INTO questions (question_id, language_id, topic_id, c_grade_id, level, question_text, explanation, interesting_fact)
VALUES ('103003105', 1, 3003, 5, 5, '1', '', '530') ON CONFLICT (question_id) DO UPDATE SET language_id = 1 ,topic_id= 3003,c_grade_id =5,level=5,question_text='1',explanation='',interesting_fact='530';


INSERT INTO answer_options (question_id, correct_answer, answer_text)
VALUES ('103003105', TRUE, 'מהו הערך שהספרה 5 מייצגת במספר 531?') ;

INSERT INTO answer_options (question_id, correct_answer, answer_text)
VALUES ('103003105', FALSE, '500');

INSERT INTO answer_options (question_id, correct_answer, answer_text)
VALUES ('103003105', FALSE, '50');

INSERT INTO answer_options (question_id, correct_answer, answer_text)
VALUES ('103003105', FALSE, '5');

INSERT INTO questions (question_id, language_id, topic_id, c_grade_id, level, question_text, explanation, interesting_fact)
VALUES ('103003106', 1, 3003, 6, 6, '1', '', '3000') ON CONFLICT (question_id) DO UPDATE SET language_id = 1 ,topic_id= 3003,c_grade_id =6,level=6,question_text='1',explanation='',interesting_fact='3000';


INSERT INTO answer_options (question_id, correct_answer, answer_text)
VALUES ('103003106', TRUE, 'מהו הערך שהספרה 3 מייצגת במספר 381?') ;

INSERT INTO answer_options (question_id, correct_answer, answer_text)
VALUES ('103003106', FALSE, '300');

INSERT INTO answer_options (question_id, correct_answer, answer_text)
VALUES ('103003106', FALSE, '30');

INSERT INTO answer_options (question_id, correct_answer, answer_text)
VALUES ('103003106', FALSE, '3');

INSERT INTO questions (question_id, language_id, topic_id, c_grade_id, level, question_text, explanation, interesting_fact)
VALUES ('103003107', 1, 3003, 7, 7, '1', '', '1000') ON CONFLICT (question_id) DO UPDATE SET language_id = 1 ,topic_id= 3003,c_grade_id =7,level=7,question_text='1',explanation='',interesting_fact='1000';


INSERT INTO answer_options (question_id, correct_answer, answer_text)
VALUES ('103003107', TRUE, 'מהו הערך שהספרה 1 מייצגת במספר 193?') ;

INSERT INTO answer_options (question_id, correct_answer, answer_text)
VALUES ('103003107', FALSE, '100');

INSERT INTO answer_options (question_id, correct_answer, answer_text)
VALUES ('103003107', FALSE, '10');

INSERT INTO answer_options (question_id, correct_answer, answer_text)
VALUES ('103003107', FALSE, '1');

INSERT INTO questions (question_id, language_id, topic_id, c_grade_id, level, question_text, explanation, interesting_fact)
VALUES ('103003108', 1, 3003, 8, 8, '1', '', '6000') ON CONFLICT (question_id) DO UPDATE SET language_id = 1 ,topic_id= 3003,c_grade_id =8,level=8,question_text='1',explanation='',interesting_fact='6000';


INSERT INTO answer_options (question_id, correct_answer, answer_text)
VALUES ('103003108', TRUE, 'מהו הערך שהספרה 6 מייצגת במספר 622?') ;

INSERT INTO answer_options (question_id, correct_answer, answer_text)
VALUES ('103003108', FALSE, '600');

INSERT INTO answer_options (question_id, correct_answer, answer_text)
VALUES ('103003108', FALSE, '60');

INSERT INTO answer_options (question_id, correct_answer, answer_text)
VALUES ('103003108', FALSE, '6');

INSERT INTO questions (question_id, language_id, topic_id, c_grade_id, level, question_text, explanation, interesting_fact)
VALUES ('103003110', 1, 3003, 0, 0, '1', '', '4000') ON CONFLICT (question_id) DO UPDATE SET language_id = 1 ,topic_id= 3003,c_grade_id =0,level=0,question_text='1',explanation='',interesting_fact='4000';


INSERT INTO answer_options (question_id, correct_answer, answer_text)
VALUES ('103003110', TRUE, 'מהו הערך שהספרה 4 מייצגת במספר 2142?') ;

INSERT INTO answer_options (question_id, correct_answer, answer_text)
VALUES ('103003110', FALSE, '40');

INSERT INTO answer_options (question_id, correct_answer, answer_text)
VALUES ('103003110', FALSE, '400');

INSERT INTO answer_options (question_id, correct_answer, answer_text)
VALUES ('103003110', FALSE, '4');

INSERT INTO questions (question_id, language_id, topic_id, c_grade_id, level, question_text, explanation, interesting_fact)
VALUES ('103003111', 1, 3003, 1, 1, '1', '', '9000') ON CONFLICT (question_id) DO UPDATE SET language_id = 1 ,topic_id= 3003,c_grade_id =1,level=1,question_text='1',explanation='',interesting_fact='9000';


INSERT INTO answer_options (question_id, correct_answer, answer_text)
VALUES ('103003111', TRUE, 'מהו הערך שהספרה 9 מייצגת במספר 6970?') ;

INSERT INTO answer_options (question_id, correct_answer, answer_text)
VALUES ('103003111', FALSE, '900');

INSERT INTO answer_options (question_id, correct_answer, answer_text)
VALUES ('103003111', FALSE, '90');

INSERT INTO answer_options (question_id, correct_answer, answer_text)
VALUES ('103003111', FALSE, '9');

INSERT INTO questions (question_id, language_id, topic_id, c_grade_id, level, question_text, explanation, interesting_fact)
VALUES ('103003112', 1, 3003, 2, 2, '1', '', '4000') ON CONFLICT (question_id) DO UPDATE SET language_id = 1 ,topic_id= 3003,c_grade_id =2,level=2,question_text='1',explanation='',interesting_fact='4000';


INSERT INTO answer_options (question_id, correct_answer, answer_text)
VALUES ('103003112', TRUE, 'מהו הערך שהספרה 4 מייצגת במספר 7471?') ;

INSERT INTO answer_options (question_id, correct_answer, answer_text)
VALUES ('103003112', FALSE, '400');

INSERT INTO answer_options (question_id, correct_answer, answer_text)
VALUES ('103003112', FALSE, '40');

INSERT INTO answer_options (question_id, correct_answer, answer_text)
VALUES ('103003112', FALSE, '4');

INSERT INTO questions (question_id, language_id, topic_id, c_grade_id, level, question_text, explanation, interesting_fact)
VALUES ('103003113', 1, 3003, 3, 3, '1', '', '70') ON CONFLICT (question_id) DO UPDATE SET language_id = 1 ,topic_id= 3003,c_grade_id =3,level=3,question_text='1',explanation='',interesting_fact='70';


INSERT INTO answer_options (question_id, correct_answer, answer_text)
VALUES ('103003113', TRUE, 'מהו הערך שהספרה 7 מייצגת במספר 7913?') ;

INSERT INTO answer_options (question_id, correct_answer, answer_text)
VALUES ('103003113', FALSE, '7000');

INSERT INTO answer_options (question_id, correct_answer, answer_text)
VALUES ('103003113', FALSE, '700');

INSERT INTO answer_options (question_id, correct_answer, answer_text)
VALUES ('103003113', FALSE, '7');

INSERT INTO questions (question_id, language_id, topic_id, c_grade_id, level, question_text, explanation, interesting_fact)
VALUES ('103003114', 1, 3003, 4, 4, '1', '', '530') ON CONFLICT (question_id) DO UPDATE SET language_id = 1 ,topic_id= 3003,c_grade_id =4,level=4,question_text='1',explanation='',interesting_fact='530';


INSERT INTO answer_options (question_id, correct_answer, answer_text)
VALUES ('103003114', TRUE, 'מהו הערך שהספרה 5 מייצגת במספר 5310?') ;

INSERT INTO answer_options (question_id, correct_answer, answer_text)
VALUES ('103003114', FALSE, '5000');

INSERT INTO answer_options (question_id, correct_answer, answer_text)
VALUES ('103003114', FALSE, '5300');

INSERT INTO answer_options (question_id, correct_answer, answer_text)
VALUES ('103003114', FALSE, '5');

INSERT INTO questions (question_id, language_id, topic_id, c_grade_id, level, question_text, explanation, interesting_fact)
VALUES ('103003115', 1, 3003, 5, 5, '1', '', '450') ON CONFLICT (question_id) DO UPDATE SET language_id = 1 ,topic_id= 3003,c_grade_id =5,level=5,question_text='1',explanation='',interesting_fact='450';


INSERT INTO answer_options (question_id, correct_answer, answer_text)
VALUES ('103003115', TRUE, 'מהו הערך שהספרה 4 מייצגת במספר 1452?') ;

INSERT INTO answer_options (question_id, correct_answer, answer_text)
VALUES ('103003115', FALSE, '400');

INSERT INTO answer_options (question_id, correct_answer, answer_text)
VALUES ('103003115', FALSE, '40');

INSERT INTO answer_options (question_id, correct_answer, answer_text)
VALUES ('103003115', FALSE, '4');

INSERT INTO questions (question_id, language_id, topic_id, c_grade_id, level, question_text, explanation, interesting_fact)
VALUES ('103003116', 1, 3003, 6, 6, '1', '', '380') ON CONFLICT (question_id) DO UPDATE SET language_id = 1 ,topic_id= 3003,c_grade_id =6,level=6,question_text='1',explanation='',interesting_fact='380';


INSERT INTO answer_options (question_id, correct_answer, answer_text)
VALUES ('103003116', TRUE, 'מהו הערך שהספרה 3 מייצגת במספר 3812?') ;

INSERT INTO answer_options (question_id, correct_answer, answer_text)
VALUES ('103003116', FALSE, '3000');

INSERT INTO answer_options (question_id, correct_answer, answer_text)
VALUES ('103003116', FALSE, '30');

INSERT INTO answer_options (question_id, correct_answer, answer_text)
VALUES ('103003116', FALSE, '3');

INSERT INTO questions (question_id, language_id, topic_id, c_grade_id, level, question_text, explanation, interesting_fact)
VALUES ('103003117', 1, 3003, 7, 7, '1', '', '1000') ON CONFLICT (question_id) DO UPDATE SET language_id = 1 ,topic_id= 3003,c_grade_id =7,level=7,question_text='1',explanation='',interesting_fact='1000';


INSERT INTO answer_options (question_id, correct_answer, answer_text)
VALUES ('103003117', TRUE, 'מהו הערך שהספרה 1 מייצגת במספר 9193?') ;

INSERT INTO answer_options (question_id, correct_answer, answer_text)
VALUES ('103003117', FALSE, '100');

INSERT INTO answer_options (question_id, correct_answer, answer_text)
VALUES ('103003117', FALSE, '10');

INSERT INTO answer_options (question_id, correct_answer, answer_text)
VALUES ('103003117', FALSE, '1');

INSERT INTO questions (question_id, language_id, topic_id, c_grade_id, level, question_text, explanation, interesting_fact)
VALUES ('103003118', 1, 3003, 8, 8, '1', '', '6000') ON CONFLICT (question_id) DO UPDATE SET language_id = 1 ,topic_id= 3003,c_grade_id =8,level=8,question_text='1',explanation='',interesting_fact='6000';


INSERT INTO answer_options (question_id, correct_answer, answer_text)
VALUES ('103003118', TRUE, 'מהו הערך שהספרה 6 מייצגת במספר 1226?') ;

INSERT INTO answer_options (question_id, correct_answer, answer_text)
VALUES ('103003118', FALSE, '6');

INSERT INTO answer_options (question_id, correct_answer, answer_text)
VALUES ('103003118', FALSE, '60');

INSERT INTO answer_options (question_id, correct_answer, answer_text)
VALUES ('103003118', FALSE, '26');

INSERT INTO questions (question_id, language_id, topic_id, c_grade_id, level, question_text, explanation, interesting_fact)
VALUES ('103003119', 1, 3003, 9, 9, '1', '', '28') ON CONFLICT (question_id) DO UPDATE SET language_id = 1 ,topic_id= 3003,c_grade_id =9,level=9,question_text='1',explanation='',interesting_fact='28';


INSERT INTO answer_options (question_id, correct_answer, answer_text)
VALUES ('103003119', TRUE, 'מהו הערך שהספרה 2 מייצגת במספר 4528?') ;

INSERT INTO answer_options (question_id, correct_answer, answer_text)
VALUES ('103003119', FALSE, '20');

INSERT INTO answer_options (question_id, correct_answer, answer_text)
VALUES ('103003119', FALSE, '200');

INSERT INTO answer_options (question_id, correct_answer, answer_text)
VALUES ('103003119', FALSE, '2');

INSERT INTO questions (question_id, language_id, topic_id, c_grade_id, level, question_text, explanation, interesting_fact)
VALUES ('103003120', 1, 3003, 0, 0, '1', '', '14') ON CONFLICT (question_id) DO UPDATE SET language_id = 1 ,topic_id= 3003,c_grade_id =0,level=0,question_text='1',explanation='',interesting_fact='14';


INSERT INTO answer_options (question_id, correct_answer, answer_text)
VALUES ('103003120', TRUE, 'מהי ספרת העשרות במספר 147?') ;

INSERT INTO answer_options (question_id, correct_answer, answer_text)
VALUES ('103003120', FALSE, '4');

INSERT INTO answer_options (question_id, correct_answer, answer_text)
VALUES ('103003120', FALSE, '1');

INSERT INTO answer_options (question_id, correct_answer, answer_text)
VALUES ('103003120', FALSE, '7');

INSERT INTO questions (question_id, language_id, topic_id, c_grade_id, level, question_text, explanation, interesting_fact)
VALUES ('103003201', 1, 3003, 1, 1, '1', '', '15') ON CONFLICT (question_id) DO UPDATE SET language_id = 1 ,topic_id= 3003,c_grade_id =1,level=1,question_text='1',explanation='',interesting_fact='15';


INSERT INTO answer_options (question_id, correct_answer, answer_text)
VALUES ('103003201', TRUE, 'מהי ספרת העשרות במספר 159?') ;

INSERT INTO answer_options (question_id, correct_answer, answer_text)
VALUES ('103003201', FALSE, '5');

INSERT INTO answer_options (question_id, correct_answer, answer_text)
VALUES ('103003201', FALSE, '1');

INSERT INTO answer_options (question_id, correct_answer, answer_text)
VALUES ('103003201', FALSE, '9');

INSERT INTO questions (question_id, language_id, topic_id, c_grade_id, level, question_text, explanation, interesting_fact)
VALUES ('103003202', 1, 3003, 2, 2, '1', '', '19') ON CONFLICT (question_id) DO UPDATE SET language_id = 1 ,topic_id= 3003,c_grade_id =2,level=2,question_text='1',explanation='',interesting_fact='19';


INSERT INTO answer_options (question_id, correct_answer, answer_text)
VALUES ('103003202', TRUE, 'מהי ספרת העשרות במספר 258?') ;

INSERT INTO answer_options (question_id, correct_answer, answer_text)
VALUES ('103003202', FALSE, '5');

INSERT INTO answer_options (question_id, correct_answer, answer_text)
VALUES ('103003202', FALSE, '2');

INSERT INTO answer_options (question_id, correct_answer, answer_text)
VALUES ('103003202', FALSE, '8');

INSERT INTO questions (question_id, language_id, topic_id, c_grade_id, level, question_text, explanation, interesting_fact)
VALUES ('103003203', 1, 3003, 3, 3, '1', '', '11') ON CONFLICT (question_id) DO UPDATE SET language_id = 1 ,topic_id= 3003,c_grade_id =3,level=3,question_text='1',explanation='',interesting_fact='11';


INSERT INTO answer_options (question_id, correct_answer, answer_text)
VALUES ('103003203', TRUE, 'מהי ספרת העשרות במספר 348?') ;

INSERT INTO answer_options (question_id, correct_answer, answer_text)
VALUES ('103003203', FALSE, '4');

INSERT INTO answer_options (question_id, correct_answer, answer_text)
VALUES ('103003203', FALSE, '3');

INSERT INTO answer_options (question_id, correct_answer, answer_text)
VALUES ('103003203', FALSE, '8');

INSERT INTO questions (question_id, language_id, topic_id, c_grade_id, level, question_text, explanation, interesting_fact)
VALUES ('103003204', 1, 3003, 4, 4, '1', '', '13') ON CONFLICT (question_id) DO UPDATE SET language_id = 1 ,topic_id= 3003,c_grade_id =4,level=4,question_text='1',explanation='',interesting_fact='13';


INSERT INTO answer_options (question_id, correct_answer, answer_text)
VALUES ('103003204', TRUE, 'מהי ספרת העשרות במספר 578?') ;

INSERT INTO answer_options (question_id, correct_answer, answer_text)
VALUES ('103003204', FALSE, '7');

INSERT INTO answer_options (question_id, correct_answer, answer_text)
VALUES ('103003204', FALSE, '5');

INSERT INTO answer_options (question_id, correct_answer, answer_text)
VALUES ('103003204', FALSE, '8');

INSERT INTO questions (question_id, language_id, topic_id, c_grade_id, level, question_text, explanation, interesting_fact)
VALUES ('103003205', 1, 3003, 5, 5, '1', '', '18') ON CONFLICT (question_id) DO UPDATE SET language_id = 1 ,topic_id= 3003,c_grade_id =5,level=5,question_text='1',explanation='',interesting_fact='18';


INSERT INTO answer_options (question_id, correct_answer, answer_text)
VALUES ('103003205', TRUE, 'מהי ספרת העשרות במספר 659?') ;

INSERT INTO answer_options (question_id, correct_answer, answer_text)
VALUES ('103003205', FALSE, '5');

INSERT INTO answer_options (question_id, correct_answer, answer_text)
VALUES ('103003205', FALSE, '6');

INSERT INTO answer_options (question_id, correct_answer, answer_text)
VALUES ('103003205', FALSE, '9');

INSERT INTO questions (question_id, language_id, topic_id, c_grade_id, level, question_text, explanation, interesting_fact)
VALUES ('103003206', 1, 3003, 6, 6, '1', '', '105') ON CONFLICT (question_id) DO UPDATE SET language_id = 1 ,topic_id= 3003,c_grade_id =6,level=6,question_text='1',explanation='',interesting_fact='105';


INSERT INTO answer_options (question_id, correct_answer, answer_text)
VALUES ('103003206', TRUE, 'מהי ספרת המאות במספר 123?') ;

INSERT INTO answer_options (question_id, correct_answer, answer_text)
VALUES ('103003206', FALSE, '1');

INSERT INTO answer_options (question_id, correct_answer, answer_text)
VALUES ('103003206', FALSE, '2');

INSERT INTO answer_options (question_id, correct_answer, answer_text)
VALUES ('103003206', FALSE, '3');

INSERT INTO questions (question_id, language_id, topic_id, c_grade_id, level, question_text, explanation, interesting_fact)
VALUES ('103003207', 1, 3003, 7, 7, '1', '', '108') ON CONFLICT (question_id) DO UPDATE SET language_id = 1 ,topic_id= 3003,c_grade_id =7,level=7,question_text='1',explanation='',interesting_fact='108';


INSERT INTO answer_options (question_id, correct_answer, answer_text)
VALUES ('103003207', TRUE, 'מהי ספרת המאות במספר 492?') ;

INSERT INTO answer_options (question_id, correct_answer, answer_text)
VALUES ('103003207', FALSE, '4');

INSERT INTO answer_options (question_id, correct_answer, answer_text)
VALUES ('103003207', FALSE, '9');

INSERT INTO answer_options (question_id, correct_answer, answer_text)
VALUES ('103003207', FALSE, '2');

INSERT INTO questions (question_id, language_id, topic_id, c_grade_id, level, question_text, explanation, interesting_fact)
VALUES ('103003208', 1, 3003, 8, 8, '1', '', '110') ON CONFLICT (question_id) DO UPDATE SET language_id = 1 ,topic_id= 3003,c_grade_id =8,level=8,question_text='1',explanation='',interesting_fact='110';


INSERT INTO answer_options (question_id, correct_answer, answer_text)
VALUES ('103003208', TRUE, 'מהי ספרת המאות במספר 563?') ;

INSERT INTO answer_options (question_id, correct_answer, answer_text)
VALUES ('103003208', FALSE, '5');

INSERT INTO answer_options (question_id, correct_answer, answer_text)
VALUES ('103003208', FALSE, '6');

INSERT INTO answer_options (question_id, correct_answer, answer_text)
VALUES ('103003208', FALSE, '3');

INSERT INTO questions (question_id, language_id, topic_id, c_grade_id, level, question_text, explanation, interesting_fact)
VALUES ('103003209', 1, 3003, 9, 9, '1', '', '102') ON CONFLICT (question_id) DO UPDATE SET language_id = 1 ,topic_id= 3003,c_grade_id =9,level=9,question_text='1',explanation='',interesting_fact='102';


INSERT INTO answer_options (question_id, correct_answer, answer_text)
VALUES ('103003209', TRUE, 'מהי ספרת המאות במספר 746?') ;

INSERT INTO answer_options (question_id, correct_answer, answer_text)
VALUES ('103003209', FALSE, '7');

INSERT INTO answer_options (question_id, correct_answer, answer_text)
VALUES ('103003209', FALSE, '4');

INSERT INTO answer_options (question_id, correct_answer, answer_text)
VALUES ('103003209', FALSE, '6');

INSERT INTO questions (question_id, language_id, topic_id, c_grade_id, level, question_text, explanation, interesting_fact)
VALUES ('103003211', 1, 3003, 1, 1, '2', '', '100') ON CONFLICT (question_id) DO UPDATE SET language_id = 1 ,topic_id= 3003,c_grade_id =1,level=1,question_text='2',explanation='',interesting_fact='100';


INSERT INTO answer_options (question_id, correct_answer, answer_text)
VALUES ('103003211', TRUE, 'מהי ספרת המאות במספר 2612?') ;

INSERT INTO answer_options (question_id, correct_answer, answer_text)
VALUES ('103003211', FALSE, '6');

INSERT INTO answer_options (question_id, correct_answer, answer_text)
VALUES ('103003211', FALSE, '2');

INSERT INTO answer_options (question_id, correct_answer, answer_text)
VALUES ('103003211', FALSE, '1');

INSERT INTO questions (question_id, language_id, topic_id, c_grade_id, level, question_text, explanation, interesting_fact)
VALUES ('103003212', 1, 3003, 2, 2, '2', '', '106') ON CONFLICT (question_id) DO UPDATE SET language_id = 1 ,topic_id= 3003,c_grade_id =2,level=2,question_text='2',explanation='',interesting_fact='106';


INSERT INTO answer_options (question_id, correct_answer, answer_text)
VALUES ('103003212', TRUE, 'מהי ספרת המאות במספר 3533?') ;

INSERT INTO answer_options (question_id, correct_answer, answer_text)
VALUES ('103003212', FALSE, '5');

INSERT INTO answer_options (question_id, correct_answer, answer_text)
VALUES ('103003212', FALSE, '3');

INSERT INTO answer_options (question_id, correct_answer, answer_text)
VALUES ('103003212', FALSE, '3');

INSERT INTO questions (question_id, language_id, topic_id, c_grade_id, level, question_text, explanation, interesting_fact)
VALUES ('103003213', 1, 3003, 3, 3, '2', '', '102') ON CONFLICT (question_id) DO UPDATE SET language_id = 1 ,topic_id= 3003,c_grade_id =3,level=3,question_text='2',explanation='',interesting_fact='102';


INSERT INTO answer_options (question_id, correct_answer, answer_text)
VALUES ('103003213', TRUE, 'מהי ספרת המאות במספר 6836?') ;

INSERT INTO answer_options (question_id, correct_answer, answer_text)
VALUES ('103003213', FALSE, '8');

INSERT INTO answer_options (question_id, correct_answer, answer_text)
VALUES ('103003213', FALSE, '6');

INSERT INTO answer_options (question_id, correct_answer, answer_text)
VALUES ('103003213', FALSE, '3');

INSERT INTO questions (question_id, language_id, topic_id, c_grade_id, level, question_text, explanation, interesting_fact)
VALUES ('103003214', 1, 3003, 4, 4, '2', '', '113') ON CONFLICT (question_id) DO UPDATE SET language_id = 1 ,topic_id= 3003,c_grade_id =4,level=4,question_text='2',explanation='',interesting_fact='113';


INSERT INTO answer_options (question_id, correct_answer, answer_text)
VALUES ('103003214', TRUE, 'מהי ספרת המאות במספר 7114?') ;

INSERT INTO answer_options (question_id, correct_answer, answer_text)
VALUES ('103003214', FALSE, '1');

INSERT INTO answer_options (question_id, correct_answer, answer_text)
VALUES ('103003214', FALSE, '7');

INSERT INTO answer_options (question_id, correct_answer, answer_text)
VALUES ('103003214', FALSE, '11');

INSERT INTO questions (question_id, language_id, topic_id, c_grade_id, level, question_text, explanation, interesting_fact)
VALUES ('103003215', 1, 3003, 5, 5, '2', '', '114') ON CONFLICT (question_id) DO UPDATE SET language_id = 1 ,topic_id= 3003,c_grade_id =5,level=5,question_text='2',explanation='',interesting_fact='114';


INSERT INTO answer_options (question_id, correct_answer, answer_text)
VALUES ('103003215', TRUE, 'מהי ספרת המאות במספר 5512?') ;

INSERT INTO answer_options (question_id, correct_answer, answer_text)
VALUES ('103003215', FALSE, '5');

INSERT INTO answer_options (question_id, correct_answer, answer_text)
VALUES ('103003215', FALSE, '55');

INSERT INTO answer_options (question_id, correct_answer, answer_text)
VALUES ('103003215', FALSE, '1');

INSERT INTO questions (question_id, language_id, topic_id, c_grade_id, level, question_text, explanation, interesting_fact)
VALUES ('103003216', 1, 3003, 6, 6, '2', '', '1') ON CONFLICT (question_id) DO UPDATE SET language_id = 1 ,topic_id= 3003,c_grade_id =6,level=6,question_text='2',explanation='',interesting_fact='1';


INSERT INTO answer_options (question_id, correct_answer, answer_text)
VALUES ('103003216', TRUE, 'מהי ספרת המאות במספר 7777?') ;

INSERT INTO answer_options (question_id, correct_answer, answer_text)
VALUES ('103003216', FALSE, '7');

INSERT INTO answer_options (question_id, correct_answer, answer_text)
VALUES ('103003216', FALSE, '77');

INSERT INTO answer_options (question_id, correct_answer, answer_text)
VALUES ('103003216', FALSE, '777');

INSERT INTO questions (question_id, language_id, topic_id, c_grade_id, level, question_text, explanation, interesting_fact)
VALUES ('103003217', 1, 3003, 7, 7, '2', '', '10') ON CONFLICT (question_id) DO UPDATE SET language_id = 1 ,topic_id= 3003,c_grade_id =7,level=7,question_text='2',explanation='',interesting_fact='10';


INSERT INTO answer_options (question_id, correct_answer, answer_text)
VALUES ('103003217', TRUE, 'מהי ספרת האלפים במספר 1215?') ;

INSERT INTO answer_options (question_id, correct_answer, answer_text)
VALUES ('103003217', FALSE, '1');

INSERT INTO answer_options (question_id, correct_answer, answer_text)
VALUES ('103003217', FALSE, '2');

INSERT INTO answer_options (question_id, correct_answer, answer_text)
VALUES ('103003217', FALSE, '1');

INSERT INTO questions (question_id, language_id, topic_id, c_grade_id, level, question_text, explanation, interesting_fact)
VALUES ('103003218', 1, 3003, 8, 8, '2', '', '9') ON CONFLICT (question_id) DO UPDATE SET language_id = 1 ,topic_id= 3003,c_grade_id =8,level=8,question_text='2',explanation='',interesting_fact='9';


INSERT INTO answer_options (question_id, correct_answer, answer_text)
VALUES ('103003218', TRUE, 'מהי ספרת האלפים במספר 2669?') ;

INSERT INTO answer_options (question_id, correct_answer, answer_text)
VALUES ('103003218', FALSE, '2');

INSERT INTO answer_options (question_id, correct_answer, answer_text)
VALUES ('103003218', FALSE, '6');

INSERT INTO answer_options (question_id, correct_answer, answer_text)
VALUES ('103003218', FALSE, '66');

INSERT INTO questions (question_id, language_id, topic_id, c_grade_id, level, question_text, explanation, interesting_fact)
VALUES ('103003219', 1, 3003, 9, 9, '2', '', '531') ON CONFLICT (question_id) DO UPDATE SET language_id = 1 ,topic_id= 3003,c_grade_id =9,level=9,question_text='2',explanation='',interesting_fact='531';


INSERT INTO answer_options (question_id, correct_answer, answer_text)
VALUES ('103003219', TRUE, 'מהי ספרת האלפים במספר 5319?') ;

INSERT INTO answer_options (question_id, correct_answer, answer_text)
VALUES ('103003219', FALSE, '5');

INSERT INTO answer_options (question_id, correct_answer, answer_text)
VALUES ('103003219', FALSE, '3');

INSERT INTO answer_options (question_id, correct_answer, answer_text)
VALUES ('103003219', FALSE, '1');

INSERT INTO questions (question_id, language_id, topic_id, c_grade_id, level, question_text, explanation, interesting_fact)
VALUES ('103003220', 1, 3003, 0, 0, '2', '', '19') ON CONFLICT (question_id) DO UPDATE SET language_id = 1 ,topic_id= 3003,c_grade_id =0,level=0,question_text='2',explanation='',interesting_fact='19';


INSERT INTO answer_options (question_id, correct_answer, answer_text)
VALUES ('103003220', TRUE, 'מהי ספרת האלפים במספר 3194?') ;

INSERT INTO answer_options (question_id, correct_answer, answer_text)
VALUES ('103003220', FALSE, '3');

INSERT INTO answer_options (question_id, correct_answer, answer_text)
VALUES ('103003220', FALSE, '1');

INSERT INTO answer_options (question_id, correct_answer, answer_text)
VALUES ('103003220', FALSE, '9');

INSERT INTO questions (question_id, language_id, topic_id, c_grade_id, level, question_text, explanation, interesting_fact)
VALUES ('103003301', 1, 3003, 1, 1, '2', '', '26') ON CONFLICT (question_id) DO UPDATE SET language_id = 1 ,topic_id= 3003,c_grade_id =1,level=1,question_text='2',explanation='',interesting_fact='26';


INSERT INTO answer_options (question_id, correct_answer, answer_text)
VALUES ('103003301', TRUE, 'מהי ספרת האלפים במספר 7269?') ;

INSERT INTO answer_options (question_id, correct_answer, answer_text)
VALUES ('103003301', FALSE, '7');

INSERT INTO answer_options (question_id, correct_answer, answer_text)
VALUES ('103003301', FALSE, '2');

INSERT INTO answer_options (question_id, correct_answer, answer_text)
VALUES ('103003301', FALSE, '6');

INSERT INTO questions (question_id, language_id, topic_id, c_grade_id, level, question_text, explanation, interesting_fact)
VALUES ('103003302', 1, 3003, 2, 2, '2', '', '1') ON CONFLICT (question_id) DO UPDATE SET language_id = 1 ,topic_id= 3003,c_grade_id =2,level=2,question_text='2',explanation='',interesting_fact='1';


INSERT INTO answer_options (question_id, correct_answer, answer_text)
VALUES ('103003302', TRUE, 'מהי ספרת האלפים במספר 7777?') ;

INSERT INTO answer_options (question_id, correct_answer, answer_text)
VALUES ('103003302', FALSE, '7');

INSERT INTO answer_options (question_id, correct_answer, answer_text)
VALUES ('103003302', FALSE, '77');

INSERT INTO answer_options (question_id, correct_answer, answer_text)
VALUES ('103003302', FALSE, '777');

INSERT INTO questions (question_id, language_id, topic_id, c_grade_id, level, question_text, explanation, interesting_fact)
VALUES ('103003303', 1, 3003, 3, 3, '2', '', '2') ON CONFLICT (question_id) DO UPDATE SET language_id = 1 ,topic_id= 3003,c_grade_id =3,level=3,question_text='2',explanation='',interesting_fact='2';


INSERT INTO answer_options (question_id, correct_answer, answer_text)
VALUES ('103003303', TRUE, 'מהי ספרת האלפים במספר 8812?') ;

INSERT INTO answer_options (question_id, correct_answer, answer_text)
VALUES ('103003303', FALSE, '8');

INSERT INTO answer_options (question_id, correct_answer, answer_text)
VALUES ('103003303', FALSE, '88');

INSERT INTO answer_options (question_id, correct_answer, answer_text)
VALUES ('103003303', FALSE, '1');

INSERT INTO questions (question_id, language_id, topic_id, c_grade_id, level, question_text, explanation, interesting_fact)
VALUES ('103003304', 1, 3003, 4, 4, '2', '', '31') ON CONFLICT (question_id) DO UPDATE SET language_id = 1 ,topic_id= 3003,c_grade_id =4,level=4,question_text='2',explanation='',interesting_fact='31';


INSERT INTO answer_options (question_id, correct_answer, answer_text)
VALUES ('103003304', TRUE, 'מהי ספרת האלפים במספר 9731?') ;

INSERT INTO answer_options (question_id, correct_answer, answer_text)
VALUES ('103003304', FALSE, '9');

INSERT INTO answer_options (question_id, correct_answer, answer_text)
VALUES ('103003304', FALSE, '7');

INSERT INTO answer_options (question_id, correct_answer, answer_text)
VALUES ('103003304', FALSE, '3');

INSERT INTO questions (question_id, language_id, topic_id, c_grade_id, level, question_text, explanation, interesting_fact)
VALUES ('103003305', 1, 3003, 5, 5, '2', '', '5 + 9') ON CONFLICT (question_id) DO UPDATE SET language_id = 1 ,topic_id= 3003,c_grade_id =5,level=5,question_text='2',explanation='',interesting_fact='5 + 9';


INSERT INTO answer_options (question_id, correct_answer, answer_text)
VALUES ('103003305', TRUE, 'יש לי 5 עשיריות ו-9 יחידות. מי אני?') ;

INSERT INTO answer_options (question_id, correct_answer, answer_text)
VALUES ('103003305', FALSE, '59');

INSERT INTO answer_options (question_id, correct_answer, answer_text)
VALUES ('103003305', FALSE, '95');

INSERT INTO answer_options (question_id, correct_answer, answer_text)
VALUES ('103003305', FALSE, '590');

INSERT INTO questions (question_id, language_id, topic_id, c_grade_id, level, question_text, explanation, interesting_fact)
VALUES ('103003306', 1, 3003, 6, 6, '2', '', '9 + 8') ON CONFLICT (question_id) DO UPDATE SET language_id = 1 ,topic_id= 3003,c_grade_id =6,level=6,question_text='2',explanation='',interesting_fact='9 + 8';


INSERT INTO answer_options (question_id, correct_answer, answer_text)
VALUES ('103003306', TRUE, 'יש לי 9 עשיריות ו-8 יחידות. מי אני?') ;

INSERT INTO answer_options (question_id, correct_answer, answer_text)
VALUES ('103003306', FALSE, '98');

INSERT INTO answer_options (question_id, correct_answer, answer_text)
VALUES ('103003306', FALSE, '89');

INSERT INTO answer_options (question_id, correct_answer, answer_text)
VALUES ('103003306', FALSE, '980');

INSERT INTO questions (question_id, language_id, topic_id, c_grade_id, level, question_text, explanation, interesting_fact)
VALUES ('103003307', 1, 3003, 7, 7, '2', '', '3 + 6') ON CONFLICT (question_id) DO UPDATE SET language_id = 1 ,topic_id= 3003,c_grade_id =7,level=7,question_text='2',explanation='',interesting_fact='3 + 6';


INSERT INTO answer_options (question_id, correct_answer, answer_text)
VALUES ('103003307', TRUE, 'יש לי 3 עשיריות ו-6 יחידות. מי אני?') ;

INSERT INTO answer_options (question_id, correct_answer, answer_text)
VALUES ('103003307', FALSE, '36');

INSERT INTO answer_options (question_id, correct_answer, answer_text)
VALUES ('103003307', FALSE, '63');

INSERT INTO answer_options (question_id, correct_answer, answer_text)
VALUES ('103003307', FALSE, '360');

INSERT INTO questions (question_id, language_id, topic_id, c_grade_id, level, question_text, explanation, interesting_fact)
VALUES ('103003308', 1, 3003, 8, 8, '2', '', '6 + 2') ON CONFLICT (question_id) DO UPDATE SET language_id = 1 ,topic_id= 3003,c_grade_id =8,level=8,question_text='2',explanation='',interesting_fact='6 + 2';


INSERT INTO answer_options (question_id, correct_answer, answer_text)
VALUES ('103003308', TRUE, 'יש לי 6 עשיריות ו-2 יחידות. מי אני?') ;

INSERT INTO answer_options (question_id, correct_answer, answer_text)
VALUES ('103003308', FALSE, '62');

INSERT INTO answer_options (question_id, correct_answer, answer_text)
VALUES ('103003308', FALSE, '26');

INSERT INTO answer_options (question_id, correct_answer, answer_text)
VALUES ('103003308', FALSE, '620');

INSERT INTO questions (question_id, language_id, topic_id, c_grade_id, level, question_text, explanation, interesting_fact)
VALUES ('103003309', 1, 3003, 9, 9, '2', '', '4 + 3') ON CONFLICT (question_id) DO UPDATE SET language_id = 1 ,topic_id= 3003,c_grade_id =9,level=9,question_text='2',explanation='',interesting_fact='4 + 3';


INSERT INTO answer_options (question_id, correct_answer, answer_text)
VALUES ('103003309', TRUE, 'יש לי 4 עשיריות ו-3 יחידות. מי אני?') ;

INSERT INTO answer_options (question_id, correct_answer, answer_text)
VALUES ('103003309', FALSE, '43');

INSERT INTO answer_options (question_id, correct_answer, answer_text)
VALUES ('103003309', FALSE, '34');

INSERT INTO answer_options (question_id, correct_answer, answer_text)
VALUES ('103003309', FALSE, '430');

INSERT INTO questions (question_id, language_id, topic_id, c_grade_id, level, question_text, explanation, interesting_fact)
VALUES ('103003310', 1, 3003, 0, 0, '2', '', '5 + 6') ON CONFLICT (question_id) DO UPDATE SET language_id = 1 ,topic_id= 3003,c_grade_id =0,level=0,question_text='2',explanation='',interesting_fact='5 + 6';


INSERT INTO answer_options (question_id, correct_answer, answer_text)
VALUES ('103003310', TRUE, 'יש לי 5 עשיריות ו-6 יחידות. מי אני?') ;

INSERT INTO answer_options (question_id, correct_answer, answer_text)
VALUES ('103003310', FALSE, '56');

INSERT INTO answer_options (question_id, correct_answer, answer_text)
VALUES ('103003310', FALSE, '65');

INSERT INTO answer_options (question_id, correct_answer, answer_text)
VALUES ('103003310', FALSE, '560');

INSERT INTO questions (question_id, language_id, topic_id, c_grade_id, level, question_text, explanation, interesting_fact)
VALUES ('103003312', 1, 3003, 2, 2, '2', '', '7 + 2 + 9') ON CONFLICT (question_id) DO UPDATE SET language_id = 1 ,topic_id= 3003,c_grade_id =2,level=2,question_text='2',explanation='',interesting_fact='7 + 2 + 9';


INSERT INTO answer_options (question_id, correct_answer, answer_text)
VALUES ('103003312', TRUE, 'יש לי 7 מאות 2 עשיריות ו-9 יחידות. מי אני?') ;

INSERT INTO answer_options (question_id, correct_answer, answer_text)
VALUES ('103003312', FALSE, '729');

INSERT INTO answer_options (question_id, correct_answer, answer_text)
VALUES ('103003312', FALSE, '927');

INSERT INTO answer_options (question_id, correct_answer, answer_text)
VALUES ('103003312', FALSE, '792');

INSERT INTO questions (question_id, language_id, topic_id, c_grade_id, level, question_text, explanation, interesting_fact)
VALUES ('103003313', 1, 3003, 3, 3, '2', '', '4 + 9 + 8') ON CONFLICT (question_id) DO UPDATE SET language_id = 1 ,topic_id= 3003,c_grade_id =3,level=3,question_text='2',explanation='',interesting_fact='4 + 9 + 8';


INSERT INTO answer_options (question_id, correct_answer, answer_text)
VALUES ('103003313', TRUE, 'יש לי 4 מאות 9 עשיריות ו-8 יחידות. מי אני?') ;

INSERT INTO answer_options (question_id, correct_answer, answer_text)
VALUES ('103003313', FALSE, '498');

INSERT INTO answer_options (question_id, correct_answer, answer_text)
VALUES ('103003313', FALSE, '894');

INSERT INTO answer_options (question_id, correct_answer, answer_text)
VALUES ('103003313', FALSE, '489');

INSERT INTO questions (question_id, language_id, topic_id, c_grade_id, level, question_text, explanation, interesting_fact)
VALUES ('103003314', 1, 3003, 4, 4, '2', '', '6 + 3 + 4') ON CONFLICT (question_id) DO UPDATE SET language_id = 1 ,topic_id= 3003,c_grade_id =4,level=4,question_text='2',explanation='',interesting_fact='6 + 3 + 4';


INSERT INTO answer_options (question_id, correct_answer, answer_text)
VALUES ('103003314', TRUE, 'יש לי 6 מאות 3 עשיריות ו-4 יחידות. מי אני?') ;

INSERT INTO answer_options (question_id, correct_answer, answer_text)
VALUES ('103003314', FALSE, '634');

INSERT INTO answer_options (question_id, correct_answer, answer_text)
VALUES ('103003314', FALSE, '436');

INSERT INTO answer_options (question_id, correct_answer, answer_text)
VALUES ('103003314', FALSE, '643');

INSERT INTO questions (question_id, language_id, topic_id, c_grade_id, level, question_text, explanation, interesting_fact)
VALUES ('103003315', 1, 3003, 5, 5, '2', '', '4 + 5 + 7') ON CONFLICT (question_id) DO UPDATE SET language_id = 1 ,topic_id= 3003,c_grade_id =5,level=5,question_text='2',explanation='',interesting_fact='4 + 5 + 7';


INSERT INTO answer_options (question_id, correct_answer, answer_text)
VALUES ('103003315', TRUE, 'יש לי 4 מאות 5 עשיריות ו-7 יחידות. מי אני?') ;

INSERT INTO answer_options (question_id, correct_answer, answer_text)
VALUES ('103003315', FALSE, '457');

INSERT INTO answer_options (question_id, correct_answer, answer_text)
VALUES ('103003315', FALSE, '754');

INSERT INTO answer_options (question_id, correct_answer, answer_text)
VALUES ('103003315', FALSE, '475');

INSERT INTO questions (question_id, language_id, topic_id, c_grade_id, level, question_text, explanation, interesting_fact)
VALUES ('103003316', 1, 3003, 6, 6, '2', '', '6 + 6 + 3 + 9') ON CONFLICT (question_id) DO UPDATE SET language_id = 1 ,topic_id= 3003,c_grade_id =6,level=6,question_text='2',explanation='',interesting_fact='6 + 6 + 3 + 9';


INSERT INTO answer_options (question_id, correct_answer, answer_text)
VALUES ('103003316', TRUE, 'יש לי 6 אלפים 6 מאות 3 עשרות ו-9 יחידות. מי אני?') ;

INSERT INTO answer_options (question_id, correct_answer, answer_text)
VALUES ('103003316', FALSE, '6639');

INSERT INTO answer_options (question_id, correct_answer, answer_text)
VALUES ('103003316', FALSE, '9636');

INSERT INTO answer_options (question_id, correct_answer, answer_text)
VALUES ('103003316', FALSE, '3669');

INSERT INTO questions (question_id, language_id, topic_id, c_grade_id, level, question_text, explanation, interesting_fact)
VALUES ('103003317', 1, 3003, 7, 7, '2', '', '4 + 3 + 9 + 1') ON CONFLICT (question_id) DO UPDATE SET language_id = 1 ,topic_id= 3003,c_grade_id =7,level=7,question_text='2',explanation='',interesting_fact='4 + 3 + 9 + 1';


INSERT INTO answer_options (question_id, correct_answer, answer_text)
VALUES ('103003317', TRUE, 'יש לי 4 אלפים 3 מאות 9 עשרות ויחידה אחת. מי אני?') ;

INSERT INTO answer_options (question_id, correct_answer, answer_text)
VALUES ('103003317', FALSE, '4391');

INSERT INTO answer_options (question_id, correct_answer, answer_text)
VALUES ('103003317', FALSE, '1394');

INSERT INTO answer_options (question_id, correct_answer, answer_text)
VALUES ('103003317', FALSE, '9341');

INSERT INTO questions (question_id, language_id, topic_id, c_grade_id, level, question_text, explanation, interesting_fact)
VALUES ('103003318', 1, 3003, 8, 8, '2', '', '4 + 8 + 7 + 3') ON CONFLICT (question_id) DO UPDATE SET language_id = 1 ,topic_id= 3003,c_grade_id =8,level=8,question_text='2',explanation='',interesting_fact='4 + 8 + 7 + 3';


INSERT INTO answer_options (question_id, correct_answer, answer_text)
VALUES ('103003318', TRUE, 'יש לי 4 אלפים 8 מאות 7 עשרות ו-3 יחידות. מי אני?') ;

INSERT INTO answer_options (question_id, correct_answer, answer_text)
VALUES ('103003318', FALSE, '4873');

INSERT INTO answer_options (question_id, correct_answer, answer_text)
VALUES ('103003318', FALSE, '3874');

INSERT INTO answer_options (question_id, correct_answer, answer_text)
VALUES ('103003318', FALSE, '7843');

INSERT INTO questions (question_id, language_id, topic_id, c_grade_id, level, question_text, explanation, interesting_fact)
VALUES ('103003319', 1, 3003, 9, 9, '2', '', '9 + 7 + 3 + 7') ON CONFLICT (question_id) DO UPDATE SET language_id = 1 ,topic_id= 3003,c_grade_id =9,level=9,question_text='2',explanation='',interesting_fact='9 + 7 + 3 + 7';


INSERT INTO answer_options (question_id, correct_answer, answer_text)
VALUES ('103003319', TRUE, 'יש לי 9 אלפים 7 מאות 3 עשרות ו-7 יחידות. מי אני?') ;

INSERT INTO answer_options (question_id, correct_answer, answer_text)
VALUES ('103003319', FALSE, '9737');

INSERT INTO answer_options (question_id, correct_answer, answer_text)
VALUES ('103003319', FALSE, '7739');

INSERT INTO answer_options (question_id, correct_answer, answer_text)
VALUES ('103003319', FALSE, '3797');

INSERT INTO questions (question_id, language_id, topic_id, c_grade_id, level, question_text, explanation, interesting_fact)
VALUES ('103003320', 1, 3003, 0, 0, '2', '', '3 + 9 + 5 + 9') ON CONFLICT (question_id) DO UPDATE SET language_id = 1 ,topic_id= 3003,c_grade_id =0,level=0,question_text='2',explanation='',interesting_fact='3 + 9 + 5 + 9';


INSERT INTO answer_options (question_id, correct_answer, answer_text)
VALUES ('103003320', TRUE, 'יש לי 3 אלפים 9 מאות 5 עשרות ו-9 יחידות. מי אני?') ;

INSERT INTO answer_options (question_id, correct_answer, answer_text)
VALUES ('103003320', FALSE, '3959');

INSERT INTO answer_options (question_id, correct_answer, answer_text)
VALUES ('103003320', FALSE, '9953');

INSERT INTO answer_options (question_id, correct_answer, answer_text)
VALUES ('103003320', FALSE, '5939');

INSERT INTO questions (question_id, language_id, topic_id, c_grade_id, level, question_text, explanation, interesting_fact)
VALUES ('103003401', 1, 3003, 1, 1, '2', '', '3 + 3 + 9 + 1') ON CONFLICT (question_id) DO UPDATE SET language_id = 1 ,topic_id= 3003,c_grade_id =1,level=1,question_text='2',explanation='',interesting_fact='3 + 3 + 9 + 1';


INSERT INTO answer_options (question_id, correct_answer, answer_text)
VALUES ('103003401', TRUE, 'יש לי 3 אלפים 3 מאות 9 עשרות ויחידה אחת. מי אני?') ;

INSERT INTO answer_options (question_id, correct_answer, answer_text)
VALUES ('103003401', FALSE, '3391');

INSERT INTO answer_options (question_id, correct_answer, answer_text)
VALUES ('103003401', FALSE, '1393');

INSERT INTO answer_options (question_id, correct_answer, answer_text)
VALUES ('103003401', FALSE, '9331');

INSERT INTO questions (question_id, language_id, topic_id, c_grade_id, level, question_text, explanation, interesting_fact)
VALUES ('103003402', 1, 3003, 2, 2, '2', '', '5 + 7 + 6 + 8') ON CONFLICT (question_id) DO UPDATE SET language_id = 1 ,topic_id= 3003,c_grade_id =2,level=2,question_text='2',explanation='',interesting_fact='5 + 7 + 6 + 8';


INSERT INTO answer_options (question_id, correct_answer, answer_text)
VALUES ('103003402', TRUE, 'יש לי 5 אלפים 7 מאות 6 עשרות ו-8 יחידות. מי אני?') ;

INSERT INTO answer_options (question_id, correct_answer, answer_text)
VALUES ('103003402', FALSE, '5768');

INSERT INTO answer_options (question_id, correct_answer, answer_text)
VALUES ('103003402', FALSE, '8765');

INSERT INTO answer_options (question_id, correct_answer, answer_text)
VALUES ('103003402', FALSE, '6758');

INSERT INTO questions (question_id, language_id, topic_id, c_grade_id, level, question_text, explanation, interesting_fact)
VALUES ('103003403', 1, 3003, 3, 3, '1', '', '3000') ON CONFLICT (question_id) DO UPDATE SET language_id = 1 ,topic_id= 3003,c_grade_id =3,level=3,question_text='1',explanation='',interesting_fact='3000';


INSERT INTO answer_options (question_id, correct_answer, answer_text)
VALUES ('103003403', TRUE, 'מהו הערך שהספרה 3 מייצגת במספר 6338?') ;

INSERT INTO answer_options (question_id, correct_answer, answer_text)
VALUES ('103003403', FALSE, '30');

INSERT INTO answer_options (question_id, correct_answer, answer_text)
VALUES ('103003403', FALSE, '300');

INSERT INTO answer_options (question_id, correct_answer, answer_text)
VALUES ('103003403', FALSE, '3');

INSERT INTO questions (question_id, language_id, topic_id, c_grade_id, level, question_text, explanation, interesting_fact)
VALUES ('103003404', 1, 3003, 4, 4, '1', '', '88') ON CONFLICT (question_id) DO UPDATE SET language_id = 1 ,topic_id= 3003,c_grade_id =4,level=4,question_text='1',explanation='',interesting_fact='88';


INSERT INTO answer_options (question_id, correct_answer, answer_text)
VALUES ('103003404', TRUE, 'מהו הערך שהספרה 8 מייצגת במספר 9288?') ;

INSERT INTO answer_options (question_id, correct_answer, answer_text)
VALUES ('103003404', FALSE, '80');

INSERT INTO answer_options (question_id, correct_answer, answer_text)
VALUES ('103003404', FALSE, '800');

INSERT INTO answer_options (question_id, correct_answer, answer_text)
VALUES ('103003404', FALSE, '8');

INSERT INTO questions (question_id, language_id, topic_id, c_grade_id, level, question_text, explanation, interesting_fact)
VALUES ('103003405', 1, 3003, 5, 5, '1', '', 'מאות') ON CONFLICT (question_id) DO UPDATE SET language_id = 1 ,topic_id= 3003,c_grade_id =5,level=5,question_text='1',explanation='',interesting_fact='מאות';


INSERT INTO answer_options (question_id, correct_answer, answer_text)
VALUES ('103003405', TRUE, 'איזה ערך יש לספרה 6 במספר 6,182?') ;

INSERT INTO answer_options (question_id, correct_answer, answer_text)
VALUES ('103003405', FALSE, 'אלפים');

INSERT INTO answer_options (question_id, correct_answer, answer_text)
VALUES ('103003405', FALSE, 'יחידות');

INSERT INTO answer_options (question_id, correct_answer, answer_text)
VALUES ('103003405', FALSE, 'עשרות');

INSERT INTO questions (question_id, language_id, topic_id, c_grade_id, level, question_text, explanation, interesting_fact)
VALUES ('103003406', 1, 3003, 6, 6, '1', '', 'אלפים') ON CONFLICT (question_id) DO UPDATE SET language_id = 1 ,topic_id= 3003,c_grade_id =6,level=6,question_text='1',explanation='',interesting_fact='אלפים';


INSERT INTO answer_options (question_id, correct_answer, answer_text)
VALUES ('103003406', TRUE, 'איזה ערך יש לספרה 3 במספר 4,379?') ;

INSERT INTO answer_options (question_id, correct_answer, answer_text)
VALUES ('103003406', FALSE, 'מאות');

INSERT INTO answer_options (question_id, correct_answer, answer_text)
VALUES ('103003406', FALSE, 'יחידות');

INSERT INTO answer_options (question_id, correct_answer, answer_text)
VALUES ('103003406', FALSE, 'עשרות');

INSERT INTO questions (question_id, language_id, topic_id, c_grade_id, level, question_text, explanation, interesting_fact)
VALUES ('103003407', 1, 3003, 7, 7, '1', '', 'מאות') ON CONFLICT (question_id) DO UPDATE SET language_id = 1 ,topic_id= 3003,c_grade_id =7,level=7,question_text='1',explanation='',interesting_fact='מאות';


INSERT INTO answer_options (question_id, correct_answer, answer_text)
VALUES ('103003407', TRUE, 'איזה ערך יש לספרה 6 במספר 8,567?') ;

INSERT INTO answer_options (question_id, correct_answer, answer_text)
VALUES ('103003407', FALSE, 'עשרות');

INSERT INTO answer_options (question_id, correct_answer, answer_text)
VALUES ('103003407', FALSE, 'יחידות');

INSERT INTO answer_options (question_id, correct_answer, answer_text)
VALUES ('103003407', FALSE, 'אלפים');

INSERT INTO questions (question_id, language_id, topic_id, c_grade_id, level, question_text, explanation, interesting_fact)
VALUES ('103003408', 1, 3003, 8, 8, '1', '', 'אלפים') ON CONFLICT (question_id) DO UPDATE SET language_id = 1 ,topic_id= 3003,c_grade_id =8,level=8,question_text='1',explanation='',interesting_fact='אלפים';


INSERT INTO answer_options (question_id, correct_answer, answer_text)
VALUES ('103003408', TRUE, 'איזה ערך יש לספרה 2 במספר 241?') ;

INSERT INTO answer_options (question_id, correct_answer, answer_text)
VALUES ('103003408', FALSE, 'מאות');

INSERT INTO answer_options (question_id, correct_answer, answer_text)
VALUES ('103003408', FALSE, 'יחידות');

INSERT INTO answer_options (question_id, correct_answer, answer_text)
VALUES ('103003408', FALSE, 'עשרות');

INSERT INTO questions (question_id, language_id, topic_id, c_grade_id, level, question_text, explanation, interesting_fact)
VALUES ('103003409', 1, 3003, 9, 9, '1', '', 'מאות') ON CONFLICT (question_id) DO UPDATE SET language_id = 1 ,topic_id= 3003,c_grade_id =9,level=9,question_text='1',explanation='',interesting_fact='מאות';


INSERT INTO answer_options (question_id, correct_answer, answer_text)
VALUES ('103003409', TRUE, 'איזה ערך יש לספרה 8 במספר 9,228?') ;

INSERT INTO answer_options (question_id, correct_answer, answer_text)
VALUES ('103003409', FALSE, 'יחידות');

INSERT INTO answer_options (question_id, correct_answer, answer_text)
VALUES ('103003409', FALSE, 'אלפים');

INSERT INTO answer_options (question_id, correct_answer, answer_text)
VALUES ('103003409', FALSE, 'עשרות');

INSERT INTO questions (question_id, language_id, topic_id, c_grade_id, level, question_text, explanation, interesting_fact)
VALUES ('103003410', 1, 3003, 0, 0, '2', '', '2') ON CONFLICT (question_id) DO UPDATE SET language_id = 1 ,topic_id= 3003,c_grade_id =0,level=0,question_text='2',explanation='',interesting_fact='2';


INSERT INTO answer_options (question_id, correct_answer, answer_text)
VALUES ('103003410', TRUE, 'במספר 6,182, איזו ספרה מייצגת את מקום האלפים?') ;

INSERT INTO answer_options (question_id, correct_answer, answer_text)
VALUES ('103003410', FALSE, '6');

INSERT INTO answer_options (question_id, correct_answer, answer_text)
VALUES ('103003410', FALSE, '1');

INSERT INTO answer_options (question_id, correct_answer, answer_text)
VALUES ('103003410', FALSE, '8');

INSERT INTO questions (question_id, language_id, topic_id, c_grade_id, level, question_text, explanation, interesting_fact)
VALUES ('103003411', 1, 3003, 1, 1, '2', '', '7') ON CONFLICT (question_id) DO UPDATE SET language_id = 1 ,topic_id= 3003,c_grade_id =1,level=1,question_text='2',explanation='',interesting_fact='7';


INSERT INTO answer_options (question_id, correct_answer, answer_text)
VALUES ('103003411', TRUE, 'במספר 8,567, איזו ספרה מייצגת את מקום העשרות?') ;

INSERT INTO answer_options (question_id, correct_answer, answer_text)
VALUES ('103003411', FALSE, '8');

INSERT INTO answer_options (question_id, correct_answer, answer_text)
VALUES ('103003411', FALSE, '5');

INSERT INTO answer_options (question_id, correct_answer, answer_text)
VALUES ('103003411', FALSE, '6');

INSERT INTO questions (question_id, language_id, topic_id, c_grade_id, level, question_text, explanation, interesting_fact)
VALUES ('103003413', 1, 3003, 3, 3, '2', '', '650') ON CONFLICT (question_id) DO UPDATE SET language_id = 1 ,topic_id= 3003,c_grade_id =3,level=3,question_text='2',explanation='',interesting_fact='650';


INSERT INTO answer_options (question_id, correct_answer, answer_text)
VALUES ('103003413', TRUE, '2658 = 2000 + __ + 50 + 8') ;

INSERT INTO answer_options (question_id, correct_answer, answer_text)
VALUES ('103003413', FALSE, '600');

INSERT INTO answer_options (question_id, correct_answer, answer_text)
VALUES ('103003413', FALSE, '60');

INSERT INTO answer_options (question_id, correct_answer, answer_text)
VALUES ('103003413', FALSE, '6000');

INSERT INTO questions (question_id, language_id, topic_id, c_grade_id, level, question_text, explanation, interesting_fact)
VALUES ('103003414', 1, 3003, 4, 4, '2', '', '590') ON CONFLICT (question_id) DO UPDATE SET language_id = 1 ,topic_id= 3003,c_grade_id =4,level=4,question_text='2',explanation='',interesting_fact='590';


INSERT INTO answer_options (question_id, correct_answer, answer_text)
VALUES ('103003414', TRUE, '8591 = 8000 + __ + 90 + 1') ;

INSERT INTO answer_options (question_id, correct_answer, answer_text)
VALUES ('103003414', FALSE, '500');

INSERT INTO answer_options (question_id, correct_answer, answer_text)
VALUES ('103003414', FALSE, '50');

INSERT INTO answer_options (question_id, correct_answer, answer_text)
VALUES ('103003414', FALSE, '5000');

INSERT INTO questions (question_id, language_id, topic_id, c_grade_id, level, question_text, explanation, interesting_fact)
VALUES ('103003415', 1, 3003, 5, 5, '2', '', '990') ON CONFLICT (question_id) DO UPDATE SET language_id = 1 ,topic_id= 3003,c_grade_id =5,level=5,question_text='2',explanation='',interesting_fact='990';


INSERT INTO answer_options (question_id, correct_answer, answer_text)
VALUES ('103003415', TRUE, '7996 = 7000 + __ + 90 + 6') ;

INSERT INTO answer_options (question_id, correct_answer, answer_text)
VALUES ('103003415', FALSE, '900');

INSERT INTO answer_options (question_id, correct_answer, answer_text)
VALUES ('103003415', FALSE, '90');

INSERT INTO answer_options (question_id, correct_answer, answer_text)
VALUES ('103003415', FALSE, '9000');

INSERT INTO questions (question_id, language_id, topic_id, c_grade_id, level, question_text, explanation, interesting_fact)
VALUES ('103003416', 1, 3003, 6, 6, '2', '', '340') ON CONFLICT (question_id) DO UPDATE SET language_id = 1 ,topic_id= 3003,c_grade_id =6,level=6,question_text='2',explanation='',interesting_fact='340';


INSERT INTO answer_options (question_id, correct_answer, answer_text)
VALUES ('103003416', TRUE, '8346 = 8000 + __ + 40 + 6') ;

INSERT INTO answer_options (question_id, correct_answer, answer_text)
VALUES ('103003416', FALSE, '300');

INSERT INTO answer_options (question_id, correct_answer, answer_text)
VALUES ('103003416', FALSE, '30');

INSERT INTO answer_options (question_id, correct_answer, answer_text)
VALUES ('103003416', FALSE, '3000');

INSERT INTO questions (question_id, language_id, topic_id, c_grade_id, level, question_text, explanation, interesting_fact)
VALUES ('103003417', 1, 3003, 7, 7, '2', '', '370') ON CONFLICT (question_id) DO UPDATE SET language_id = 1 ,topic_id= 3003,c_grade_id =7,level=7,question_text='2',explanation='',interesting_fact='370';


INSERT INTO answer_options (question_id, correct_answer, answer_text)
VALUES ('103003417', TRUE, '7373 = 7000 + 300 + __ + 3') ;

INSERT INTO answer_options (question_id, correct_answer, answer_text)
VALUES ('103003417', FALSE, '70');

INSERT INTO answer_options (question_id, correct_answer, answer_text)
VALUES ('103003417', FALSE, '7');

INSERT INTO answer_options (question_id, correct_answer, answer_text)
VALUES ('103003417', FALSE, '700');

INSERT INTO questions (question_id, language_id, topic_id, c_grade_id, level, question_text, explanation, interesting_fact)
VALUES ('103003418', 1, 3003, 8, 8, '2', '', '620') ON CONFLICT (question_id) DO UPDATE SET language_id = 1 ,topic_id= 3003,c_grade_id =8,level=8,question_text='2',explanation='',interesting_fact='620';


INSERT INTO answer_options (question_id, correct_answer, answer_text)
VALUES ('103003418', TRUE, '5621 = 5000 + 600 + __ + 1') ;

INSERT INTO answer_options (question_id, correct_answer, answer_text)
VALUES ('103003418', FALSE, '20');

INSERT INTO answer_options (question_id, correct_answer, answer_text)
VALUES ('103003418', FALSE, '2');

INSERT INTO answer_options (question_id, correct_answer, answer_text)
VALUES ('103003418', FALSE, '200');

INSERT INTO questions (question_id, language_id, topic_id, c_grade_id, level, question_text, explanation, interesting_fact)
VALUES ('103003419', 1, 3003, 9, 9, '2', '', '460') ON CONFLICT (question_id) DO UPDATE SET language_id = 1 ,topic_id= 3003,c_grade_id =9,level=9,question_text='2',explanation='',interesting_fact='460';


INSERT INTO answer_options (question_id, correct_answer, answer_text)
VALUES ('103003419', TRUE, '6464 = 6000 + 400 + __ + 4') ;

INSERT INTO answer_options (question_id, correct_answer, answer_text)
VALUES ('103003419', FALSE, '60');

INSERT INTO answer_options (question_id, correct_answer, answer_text)
VALUES ('103003419', FALSE, '6');

INSERT INTO answer_options (question_id, correct_answer, answer_text)
VALUES ('103003419', FALSE, '600');

INSERT INTO questions (question_id, language_id, topic_id, c_grade_id, level, question_text, explanation, interesting_fact)
VALUES ('103003420', 1, 3003, 0, 0, '2', '', '30') ON CONFLICT (question_id) DO UPDATE SET language_id = 1 ,topic_id= 3003,c_grade_id =0,level=0,question_text='2',explanation='',interesting_fact='30';


INSERT INTO answer_options (question_id, correct_answer, answer_text)
VALUES ('103003420', TRUE, '1313 = 1000 + 300 + __ + 3') ;

INSERT INTO answer_options (question_id, correct_answer, answer_text)
VALUES ('103003420', FALSE, '10');

INSERT INTO answer_options (question_id, correct_answer, answer_text)
VALUES ('103003420', FALSE, '300');

INSERT INTO answer_options (question_id, correct_answer, answer_text)
VALUES ('103003420', FALSE, '100');

INSERT INTO questions (question_id, language_id, topic_id, c_grade_id, level, question_text, explanation, interesting_fact)
VALUES ('103004101', 1, 3004, 1, 1, '1', '', '?') ON CONFLICT (question_id) DO UPDATE SET language_id = 1 ,topic_id= 3004,c_grade_id =1,level=1,question_text='1',explanation='',interesting_fact='?';


INSERT INTO answer_options (question_id, correct_answer, answer_text)
VALUES ('103004101', TRUE, 'הוסיפו את הסימן המתאים: 2016 ___ 2779') ;

INSERT INTO answer_options (question_id, correct_answer, answer_text)
VALUES ('103004101', FALSE, '>');

INSERT INTO answer_options (question_id, correct_answer, answer_text)
VALUES ('103004101', FALSE, '<');

INSERT INTO answer_options (question_id, correct_answer, answer_text)
VALUES ('103004101', FALSE, '=');

INSERT INTO questions (question_id, language_id, topic_id, c_grade_id, level, question_text, explanation, interesting_fact)
VALUES ('103004102', 1, 3004, 2, 2, '1', '', '?') ON CONFLICT (question_id) DO UPDATE SET language_id = 1 ,topic_id= 3004,c_grade_id =2,level=2,question_text='1',explanation='',interesting_fact='?';


INSERT INTO answer_options (question_id, correct_answer, answer_text)
VALUES ('103004102', TRUE, 'הוסיפו את הסימן המתאים: 2056 ___ 2079') ;

INSERT INTO answer_options (question_id, correct_answer, answer_text)
VALUES ('103004102', FALSE, '>');

INSERT INTO answer_options (question_id, correct_answer, answer_text)
VALUES ('103004102', FALSE, '<');

INSERT INTO answer_options (question_id, correct_answer, answer_text)
VALUES ('103004102', FALSE, '=');

INSERT INTO questions (question_id, language_id, topic_id, c_grade_id, level, question_text, explanation, interesting_fact)
VALUES ('103004103', 1, 3004, 3, 3, '1', '', '?') ON CONFLICT (question_id) DO UPDATE SET language_id = 1 ,topic_id= 3004,c_grade_id =3,level=3,question_text='1',explanation='',interesting_fact='?';


INSERT INTO answer_options (question_id, correct_answer, answer_text)
VALUES ('103004103', TRUE, 'הוסיפו את הסימן המתאים: 8764 ___4658') ;

INSERT INTO answer_options (question_id, correct_answer, answer_text)
VALUES ('103004103', FALSE, '<');

INSERT INTO answer_options (question_id, correct_answer, answer_text)
VALUES ('103004103', FALSE, '>');

INSERT INTO answer_options (question_id, correct_answer, answer_text)
VALUES ('103004103', FALSE, '=');

INSERT INTO questions (question_id, language_id, topic_id, c_grade_id, level, question_text, explanation, interesting_fact)
VALUES ('103004104', 1, 3004, 4, 4, '1', '', '*') ON CONFLICT (question_id) DO UPDATE SET language_id = 1 ,topic_id= 3004,c_grade_id =4,level=4,question_text='1',explanation='',interesting_fact='*';


INSERT INTO answer_options (question_id, correct_answer, answer_text)
VALUES ('103004104', TRUE, 'הוסיפו את הסימן המתאים: 1033___1023') ;

INSERT INTO answer_options (question_id, correct_answer, answer_text)
VALUES ('103004104', FALSE, '<');

INSERT INTO answer_options (question_id, correct_answer, answer_text)
VALUES ('103004104', FALSE, '>');

INSERT INTO answer_options (question_id, correct_answer, answer_text)
VALUES ('103004104', FALSE, '=');

INSERT INTO questions (question_id, language_id, topic_id, c_grade_id, level, question_text, explanation, interesting_fact)
VALUES ('103004105', 1, 3004, 5, 5, '1', '', '?') ON CONFLICT (question_id) DO UPDATE SET language_id = 1 ,topic_id= 3004,c_grade_id =5,level=5,question_text='1',explanation='',interesting_fact='?';


INSERT INTO answer_options (question_id, correct_answer, answer_text)
VALUES ('103004105', TRUE, 'הוסיפו את הסימן המתאים: 3005___3015') ;

INSERT INTO answer_options (question_id, correct_answer, answer_text)
VALUES ('103004105', FALSE, '>');

INSERT INTO answer_options (question_id, correct_answer, answer_text)
VALUES ('103004105', FALSE, '<');

INSERT INTO answer_options (question_id, correct_answer, answer_text)
VALUES ('103004105', FALSE, '=');

INSERT INTO questions (question_id, language_id, topic_id, c_grade_id, level, question_text, explanation, interesting_fact)
VALUES ('103004106', 1, 3004, 6, 6, '1', '', '?') ON CONFLICT (question_id) DO UPDATE SET language_id = 1 ,topic_id= 3004,c_grade_id =6,level=6,question_text='1',explanation='',interesting_fact='?';


INSERT INTO answer_options (question_id, correct_answer, answer_text)
VALUES ('103004106', TRUE, 'הוסיפו את הסימן המתאים: 8690___8680') ;

INSERT INTO answer_options (question_id, correct_answer, answer_text)
VALUES ('103004106', FALSE, '<');

INSERT INTO answer_options (question_id, correct_answer, answer_text)
VALUES ('103004106', FALSE, '>');

INSERT INTO answer_options (question_id, correct_answer, answer_text)
VALUES ('103004106', FALSE, '=');

INSERT INTO questions (question_id, language_id, topic_id, c_grade_id, level, question_text, explanation, interesting_fact)
VALUES ('103004107', 1, 3004, 7, 7, '1', '', '?') ON CONFLICT (question_id) DO UPDATE SET language_id = 1 ,topic_id= 3004,c_grade_id =7,level=7,question_text='1',explanation='',interesting_fact='?';


INSERT INTO answer_options (question_id, correct_answer, answer_text)
VALUES ('103004107', TRUE, 'הוסיפו את הסימן המתאים: 4209___4199') ;

INSERT INTO answer_options (question_id, correct_answer, answer_text)
VALUES ('103004107', FALSE, '<');

INSERT INTO answer_options (question_id, correct_answer, answer_text)
VALUES ('103004107', FALSE, '>');

INSERT INTO answer_options (question_id, correct_answer, answer_text)
VALUES ('103004107', FALSE, '=');

INSERT INTO questions (question_id, language_id, topic_id, c_grade_id, level, question_text, explanation, interesting_fact)
VALUES ('103004108', 1, 3004, 8, 8, '1', '', '*') ON CONFLICT (question_id) DO UPDATE SET language_id = 1 ,topic_id= 3004,c_grade_id =8,level=8,question_text='1',explanation='',interesting_fact='*';


INSERT INTO answer_options (question_id, correct_answer, answer_text)
VALUES ('103004108', TRUE, 'הוסיפו את הסימן המתאים: 7899___7909') ;

INSERT INTO answer_options (question_id, correct_answer, answer_text)
VALUES ('103004108', FALSE, '>');

INSERT INTO answer_options (question_id, correct_answer, answer_text)
VALUES ('103004108', FALSE, '<');

INSERT INTO answer_options (question_id, correct_answer, answer_text)
VALUES ('103004108', FALSE, '=');

INSERT INTO questions (question_id, language_id, topic_id, c_grade_id, level, question_text, explanation, interesting_fact)
VALUES ('103004109', 1, 3004, 9, 9, '1', '', '?') ON CONFLICT (question_id) DO UPDATE SET language_id = 1 ,topic_id= 3004,c_grade_id =9,level=9,question_text='1',explanation='',interesting_fact='?';


INSERT INTO answer_options (question_id, correct_answer, answer_text)
VALUES ('103004109', TRUE, 'הוסיפו את הסימן המתאים: 9153___9099') ;

INSERT INTO answer_options (question_id, correct_answer, answer_text)
VALUES ('103004109', FALSE, '<');

INSERT INTO answer_options (question_id, correct_answer, answer_text)
VALUES ('103004109', FALSE, '>');

INSERT INTO answer_options (question_id, correct_answer, answer_text)
VALUES ('103004109', FALSE, '=');

INSERT INTO questions (question_id, language_id, topic_id, c_grade_id, level, question_text, explanation, interesting_fact)
VALUES ('103004110', 1, 3004, 0, 0, '1', '', '?') ON CONFLICT (question_id) DO UPDATE SET language_id = 1 ,topic_id= 3004,c_grade_id =0,level=0,question_text='1',explanation='',interesting_fact='?';


INSERT INTO answer_options (question_id, correct_answer, answer_text)
VALUES ('103004110', TRUE, 'הוסיפו את הסימן המתאים: 2999___3009') ;

INSERT INTO answer_options (question_id, correct_answer, answer_text)
VALUES ('103004110', FALSE, '>');

INSERT INTO answer_options (question_id, correct_answer, answer_text)
VALUES ('103004110', FALSE, '<');

INSERT INTO answer_options (question_id, correct_answer, answer_text)
VALUES ('103004110', FALSE, '=');

INSERT INTO questions (question_id, language_id, topic_id, c_grade_id, level, question_text, explanation, interesting_fact)
VALUES ('103004111', 1, 3004, 1, 1, '1', '', '?') ON CONFLICT (question_id) DO UPDATE SET language_id = 1 ,topic_id= 3004,c_grade_id =1,level=1,question_text='1',explanation='',interesting_fact='?';


INSERT INTO answer_options (question_id, correct_answer, answer_text)
VALUES ('103004111', TRUE, 'הוסיפו את הסימן המתאים: 9307___8998') ;

INSERT INTO answer_options (question_id, correct_answer, answer_text)
VALUES ('103004111', FALSE, '<');

INSERT INTO answer_options (question_id, correct_answer, answer_text)
VALUES ('103004111', FALSE, '>');

INSERT INTO answer_options (question_id, correct_answer, answer_text)
VALUES ('103004111', FALSE, '=');

INSERT INTO questions (question_id, language_id, topic_id, c_grade_id, level, question_text, explanation, interesting_fact)
VALUES ('103004112', 1, 3004, 2, 2, '1', '', '?') ON CONFLICT (question_id) DO UPDATE SET language_id = 1 ,topic_id= 3004,c_grade_id =2,level=2,question_text='1',explanation='',interesting_fact='?';


INSERT INTO answer_options (question_id, correct_answer, answer_text)
VALUES ('103004112', TRUE, 'הוסיפו את הסימן המתאים: 5999___6001') ;

INSERT INTO answer_options (question_id, correct_answer, answer_text)
VALUES ('103004112', FALSE, '>');

INSERT INTO answer_options (question_id, correct_answer, answer_text)
VALUES ('103004112', FALSE, '<');

INSERT INTO answer_options (question_id, correct_answer, answer_text)
VALUES ('103004112', FALSE, '=');

INSERT INTO questions (question_id, language_id, topic_id, c_grade_id, level, question_text, explanation, interesting_fact)
VALUES ('103004113', 1, 3004, 3, 3, '1', '', '*') ON CONFLICT (question_id) DO UPDATE SET language_id = 1 ,topic_id= 3004,c_grade_id =3,level=3,question_text='1',explanation='',interesting_fact='*';


INSERT INTO answer_options (question_id, correct_answer, answer_text)
VALUES ('103004113', TRUE, 'הוסיפו את הסימן המתאים: 1999___2009') ;

INSERT INTO answer_options (question_id, correct_answer, answer_text)
VALUES ('103004113', FALSE, '>');

INSERT INTO answer_options (question_id, correct_answer, answer_text)
VALUES ('103004113', FALSE, '<');

INSERT INTO answer_options (question_id, correct_answer, answer_text)
VALUES ('103004113', FALSE, '=');

INSERT INTO questions (question_id, language_id, topic_id, c_grade_id, level, question_text, explanation, interesting_fact)
VALUES ('103004114', 1, 3004, 4, 4, '1', '', '147') ON CONFLICT (question_id) DO UPDATE SET language_id = 1 ,topic_id= 3004,c_grade_id =4,level=4,question_text='1',explanation='',interesting_fact='147';


INSERT INTO answer_options (question_id, correct_answer, answer_text)
VALUES ('103004114', TRUE, 'השלימו את המספר החסר: 42, 46, __, 75, 84.') ;

INSERT INTO answer_options (question_id, correct_answer, answer_text)
VALUES ('103004114', FALSE, '54');

INSERT INTO answer_options (question_id, correct_answer, answer_text)
VALUES ('103004114', FALSE, '36');

INSERT INTO answer_options (question_id, correct_answer, answer_text)
VALUES ('103004114', FALSE, '76');

INSERT INTO questions (question_id, language_id, topic_id, c_grade_id, level, question_text, explanation, interesting_fact)
VALUES ('103004115', 1, 3004, 5, 5, '1', '', '192') ON CONFLICT (question_id) DO UPDATE SET language_id = 1 ,topic_id= 3004,c_grade_id =5,level=5,question_text='1',explanation='',interesting_fact='192';


INSERT INTO answer_options (question_id, correct_answer, answer_text)
VALUES ('103004115', TRUE, 'השלימו את המספר החסר: 83, 91, __, 97, 98.') ;

INSERT INTO answer_options (question_id, correct_answer, answer_text)
VALUES ('103004115', FALSE, '92');

INSERT INTO answer_options (question_id, correct_answer, answer_text)
VALUES ('103004115', FALSE, '81');

INSERT INTO answer_options (question_id, correct_answer, answer_text)
VALUES ('103004115', FALSE, '98');

INSERT INTO questions (question_id, language_id, topic_id, c_grade_id, level, question_text, explanation, interesting_fact)
VALUES ('103004116', 1, 3004, 6, 6, '1', '', '187') ON CONFLICT (question_id) DO UPDATE SET language_id = 1 ,topic_id= 3004,c_grade_id =6,level=6,question_text='1',explanation='',interesting_fact='187';


INSERT INTO answer_options (question_id, correct_answer, answer_text)
VALUES ('103004116', TRUE, 'השלימו את המספר החסר: 62, 86, __, 97, 99.') ;

INSERT INTO answer_options (question_id, correct_answer, answer_text)
VALUES ('103004116', FALSE, '89');

INSERT INTO answer_options (question_id, correct_answer, answer_text)
VALUES ('103004116', FALSE, '76');

INSERT INTO answer_options (question_id, correct_answer, answer_text)
VALUES ('103004116', FALSE, '98');

INSERT INTO questions (question_id, language_id, topic_id, c_grade_id, level, question_text, explanation, interesting_fact)
VALUES ('103004117', 1, 3004, 7, 7, '1', '', '191') ON CONFLICT (question_id) DO UPDATE SET language_id = 1 ,topic_id= 3004,c_grade_id =7,level=7,question_text='1',explanation='',interesting_fact='191';


INSERT INTO answer_options (question_id, correct_answer, answer_text)
VALUES ('103004117', TRUE, 'השלימו את המספר החסר: 24, 90, __, 92, 95.') ;

INSERT INTO answer_options (question_id, correct_answer, answer_text)
VALUES ('103004117', FALSE, '90');

INSERT INTO answer_options (question_id, correct_answer, answer_text)
VALUES ('103004117', FALSE, '80');

INSERT INTO answer_options (question_id, correct_answer, answer_text)
VALUES ('103004117', FALSE, '93');

INSERT INTO questions (question_id, language_id, topic_id, c_grade_id, level, question_text, explanation, interesting_fact)
VALUES ('103004118', 1, 3004, 8, 8, '2', '', '1802') ON CONFLICT (question_id) DO UPDATE SET language_id = 1 ,topic_id= 3004,c_grade_id =8,level=8,question_text='2',explanation='',interesting_fact='1802';


INSERT INTO answer_options (question_id, correct_answer, answer_text)
VALUES ('103004118', TRUE, 'השלימו את המספר החסר: 945 > __ > 801') ;

INSERT INTO answer_options (question_id, correct_answer, answer_text)
VALUES ('103004118', FALSE, '844');

INSERT INTO answer_options (question_id, correct_answer, answer_text)
VALUES ('103004118', FALSE, '791');

INSERT INTO answer_options (question_id, correct_answer, answer_text)
VALUES ('103004118', FALSE, '946');

INSERT INTO questions (question_id, language_id, topic_id, c_grade_id, level, question_text, explanation, interesting_fact)
VALUES ('103004119', 1, 3004, 9, 9, '2', '', '1831') ON CONFLICT (question_id) DO UPDATE SET language_id = 1 ,topic_id= 3004,c_grade_id =9,level=9,question_text='2',explanation='',interesting_fact='1831';


INSERT INTO answer_options (question_id, correct_answer, answer_text)
VALUES ('103004119', TRUE, 'השלימו את המספר החסר: 979 > __ > 830') ;

INSERT INTO answer_options (question_id, correct_answer, answer_text)
VALUES ('103004119', FALSE, '874');

INSERT INTO answer_options (question_id, correct_answer, answer_text)
VALUES ('103004119', FALSE, '820');

INSERT INTO answer_options (question_id, correct_answer, answer_text)
VALUES ('103004119', FALSE, '980');

INSERT INTO questions (question_id, language_id, topic_id, c_grade_id, level, question_text, explanation, interesting_fact)
VALUES ('103004120', 1, 3004, 0, 0, '2', '', '1827') ON CONFLICT (question_id) DO UPDATE SET language_id = 1 ,topic_id= 3004,c_grade_id =0,level=0,question_text='2',explanation='',interesting_fact='1827';


INSERT INTO answer_options (question_id, correct_answer, answer_text)
VALUES ('103004120', TRUE, 'השלימו את המספר החסר: 938 > __ > 826') ;

INSERT INTO answer_options (question_id, correct_answer, answer_text)
VALUES ('103004120', FALSE, '859');

INSERT INTO answer_options (question_id, correct_answer, answer_text)
VALUES ('103004120', FALSE, '816');

INSERT INTO answer_options (question_id, correct_answer, answer_text)
VALUES ('103004120', FALSE, '939');

INSERT INTO questions (question_id, language_id, topic_id, c_grade_id, level, question_text, explanation, interesting_fact)
VALUES ('103004201', 1, 3004, 1, 1, '2', '', '1936') ON CONFLICT (question_id) DO UPDATE SET language_id = 1 ,topic_id= 3004,c_grade_id =1,level=1,question_text='2',explanation='',interesting_fact='1936';


INSERT INTO answer_options (question_id, correct_answer, answer_text)
VALUES ('103004201', TRUE, 'השלימו את המספר החסר: 936 > __ > 934') ;

INSERT INTO answer_options (question_id, correct_answer, answer_text)
VALUES ('103004201', FALSE, '935');

INSERT INTO answer_options (question_id, correct_answer, answer_text)
VALUES ('103004201', FALSE, '925');

INSERT INTO answer_options (question_id, correct_answer, answer_text)
VALUES ('103004201', FALSE, '936');

INSERT INTO questions (question_id, language_id, topic_id, c_grade_id, level, question_text, explanation, interesting_fact)
VALUES ('103004202', 1, 3004, 2, 2, '2', '', '1902') ON CONFLICT (question_id) DO UPDATE SET language_id = 1 ,topic_id= 3004,c_grade_id =2,level=2,question_text='2',explanation='',interesting_fact='1902';


INSERT INTO answer_options (question_id, correct_answer, answer_text)
VALUES ('103004202', TRUE, 'השלימו את המספר החסר: 953 > __ > 901') ;

INSERT INTO answer_options (question_id, correct_answer, answer_text)
VALUES ('103004202', FALSE, '916');

INSERT INTO answer_options (question_id, correct_answer, answer_text)
VALUES ('103004202', FALSE, '891');

INSERT INTO answer_options (question_id, correct_answer, answer_text)
VALUES ('103004202', FALSE, '954');

INSERT INTO questions (question_id, language_id, topic_id, c_grade_id, level, question_text, explanation, interesting_fact)
VALUES ('103004203', 1, 3004, 3, 3, '2', '', '10814') ON CONFLICT (question_id) DO UPDATE SET language_id = 1 ,topic_id= 3004,c_grade_id =3,level=3,question_text='2',explanation='',interesting_fact='10814';


INSERT INTO answer_options (question_id, correct_answer, answer_text)
VALUES ('103004203', TRUE, 'השלימו את המספר החסר: 3681 > __ > 813') ;

INSERT INTO answer_options (question_id, correct_answer, answer_text)
VALUES ('103004203', FALSE, '1673');

INSERT INTO answer_options (question_id, correct_answer, answer_text)
VALUES ('103004203', FALSE, '803');

INSERT INTO answer_options (question_id, correct_answer, answer_text)
VALUES ('103004203', FALSE, '3682');

INSERT INTO questions (question_id, language_id, topic_id, c_grade_id, level, question_text, explanation, interesting_fact)
VALUES ('103004204', 1, 3004, 4, 4, '2', '', '16231') ON CONFLICT (question_id) DO UPDATE SET language_id = 1 ,topic_id= 3004,c_grade_id =4,level=4,question_text='2',explanation='',interesting_fact='16231';


INSERT INTO answer_options (question_id, correct_answer, answer_text)
VALUES ('103004204', TRUE, 'השלימו את המספר החסר: 6890 > __ > 6230') ;

INSERT INTO answer_options (question_id, correct_answer, answer_text)
VALUES ('103004204', FALSE, '6428');

INSERT INTO answer_options (question_id, correct_answer, answer_text)
VALUES ('103004204', FALSE, '6220');

INSERT INTO answer_options (question_id, correct_answer, answer_text)
VALUES ('103004204', FALSE, '6891');

INSERT INTO questions (question_id, language_id, topic_id, c_grade_id, level, question_text, explanation, interesting_fact)
VALUES ('103004205', 1, 3004, 5, 5, '2', '', '15522') ON CONFLICT (question_id) DO UPDATE SET language_id = 1 ,topic_id= 3004,c_grade_id =5,level=5,question_text='2',explanation='',interesting_fact='15522';


INSERT INTO answer_options (question_id, correct_answer, answer_text)
VALUES ('103004205', TRUE, 'השלימו את המספר החסר: 8592 > __ > 5521') ;

INSERT INTO answer_options (question_id, correct_answer, answer_text)
VALUES ('103004205', FALSE, '6442');

INSERT INTO answer_options (question_id, correct_answer, answer_text)
VALUES ('103004205', FALSE, '5511');

INSERT INTO answer_options (question_id, correct_answer, answer_text)
VALUES ('103004205', FALSE, '8593');

INSERT INTO questions (question_id, language_id, topic_id, c_grade_id, level, question_text, explanation, interesting_fact)
VALUES ('103004206', 1, 3004, 6, 6, '2', '', '16577') ON CONFLICT (question_id) DO UPDATE SET language_id = 1 ,topic_id= 3004,c_grade_id =6,level=6,question_text='2',explanation='',interesting_fact='16577';


INSERT INTO answer_options (question_id, correct_answer, answer_text)
VALUES ('103004206', TRUE, 'השלימו את המספר החסר: 8481 > __ > 6576') ;

INSERT INTO answer_options (question_id, correct_answer, answer_text)
VALUES ('103004206', FALSE, '7147');

INSERT INTO answer_options (question_id, correct_answer, answer_text)
VALUES ('103004206', FALSE, '6566');

INSERT INTO answer_options (question_id, correct_answer, answer_text)
VALUES ('103004206', FALSE, '8482');

INSERT INTO questions (question_id, language_id, topic_id, c_grade_id, level, question_text, explanation, interesting_fact)
VALUES ('103004207', 1, 3004, 7, 7, '2', '', '3') ON CONFLICT (question_id) DO UPDATE SET language_id = 1 ,topic_id= 3004,c_grade_id =7,level=7,question_text='2',explanation='',interesting_fact='3';


INSERT INTO answer_options (question_id, correct_answer, answer_text)
VALUES ('103004207', TRUE, 'השלימו את הספרה הנכונה: 6444 > 64__4') ;

INSERT INTO answer_options (question_id, correct_answer, answer_text)
VALUES ('103004207', FALSE, 'כל האפשרויות');

INSERT INTO answer_options (question_id, correct_answer, answer_text)
VALUES ('103004207', FALSE, '4');

INSERT INTO answer_options (question_id, correct_answer, answer_text)
VALUES ('103004207', FALSE, '5');

INSERT INTO questions (question_id, language_id, topic_id, c_grade_id, level, question_text, explanation, interesting_fact)
VALUES ('103004208', 1, 3004, 8, 8, '2', '', 'כל האפשרויות') ON CONFLICT (question_id) DO UPDATE SET language_id = 1 ,topic_id= 3004,c_grade_id =8,level=8,question_text='2',explanation='',interesting_fact='כל האפשרויות';


INSERT INTO answer_options (question_id, correct_answer, answer_text)
VALUES ('103004208', TRUE, 'השלימו את הספרה הנכונה: 3453 > 34__3') ;

INSERT INTO answer_options (question_id, correct_answer, answer_text)
VALUES ('103004208', FALSE, '4');

INSERT INTO answer_options (question_id, correct_answer, answer_text)
VALUES ('103004208', FALSE, '5');

INSERT INTO answer_options (question_id, correct_answer, answer_text)
VALUES ('103004208', FALSE, '6');

INSERT INTO questions (question_id, language_id, topic_id, c_grade_id, level, question_text, explanation, interesting_fact)
VALUES ('103004209', 1, 3004, 9, 9, '2', '', '8') ON CONFLICT (question_id) DO UPDATE SET language_id = 1 ,topic_id= 3004,c_grade_id =9,level=9,question_text='2',explanation='',interesting_fact='8';


INSERT INTO answer_options (question_id, correct_answer, answer_text)
VALUES ('103004209', TRUE, 'השלימו את הספרה הנכונה: 8398 > 83__8') ;

INSERT INTO answer_options (question_id, correct_answer, answer_text)
VALUES ('103004209', FALSE, 'אף אחת מהאפשרויות');

INSERT INTO answer_options (question_id, correct_answer, answer_text)
VALUES ('103004209', FALSE, '9');

INSERT INTO answer_options (question_id, correct_answer, answer_text)
VALUES ('103004209', FALSE, '10');

INSERT INTO questions (question_id, language_id, topic_id, c_grade_id, level, question_text, explanation, interesting_fact)
VALUES ('103004210', 1, 3004, 0, 0, '2', '', 'כל האפשרויות') ON CONFLICT (question_id) DO UPDATE SET language_id = 1 ,topic_id= 3004,c_grade_id =0,level=0,question_text='2',explanation='',interesting_fact='כל האפשרויות';


INSERT INTO answer_options (question_id, correct_answer, answer_text)
VALUES ('103004210', TRUE, 'השלימו את הספרה הנכונה: 2426 > 24__2') ;

INSERT INTO answer_options (question_id, correct_answer, answer_text)
VALUES ('103004210', FALSE, '0');

INSERT INTO answer_options (question_id, correct_answer, answer_text)
VALUES ('103004210', FALSE, '5');

INSERT INTO answer_options (question_id, correct_answer, answer_text)
VALUES ('103004210', FALSE, '6');

INSERT INTO questions (question_id, language_id, topic_id, c_grade_id, level, question_text, explanation, interesting_fact)
VALUES ('103004211', 1, 3004, 1, 1, '2', '', 'כל האפשרויות') ON CONFLICT (question_id) DO UPDATE SET language_id = 1 ,topic_id= 3004,c_grade_id =1,level=1,question_text='2',explanation='',interesting_fact='כל האפשרויות';


INSERT INTO answer_options (question_id, correct_answer, answer_text)
VALUES ('103004211', TRUE, 'השלימו את הספרה הנכונה: 795 > 5__7') ;

INSERT INTO answer_options (question_id, correct_answer, answer_text)
VALUES ('103004211', FALSE, '8');

INSERT INTO answer_options (question_id, correct_answer, answer_text)
VALUES ('103004211', FALSE, '9');

INSERT INTO answer_options (question_id, correct_answer, answer_text)
VALUES ('103004211', FALSE, '10');

INSERT INTO questions (question_id, language_id, topic_id, c_grade_id, level, question_text, explanation, interesting_fact)
VALUES ('103004212', 1, 3004, 2, 2, '2', '', 'כל האפשרויות') ON CONFLICT (question_id) DO UPDATE SET language_id = 1 ,topic_id= 3004,c_grade_id =2,level=2,question_text='2',explanation='',interesting_fact='כל האפשרויות';


INSERT INTO answer_options (question_id, correct_answer, answer_text)
VALUES ('103004212', TRUE, 'השלימו את הספרה הנכונה: 456 > 6__4') ;

INSERT INTO answer_options (question_id, correct_answer, answer_text)
VALUES ('103004212', FALSE, '4');

INSERT INTO answer_options (question_id, correct_answer, answer_text)
VALUES ('103004212', FALSE, '5');

INSERT INTO answer_options (question_id, correct_answer, answer_text)
VALUES ('103004212', FALSE, '6');

INSERT INTO questions (question_id, language_id, topic_id, c_grade_id, level, question_text, explanation, interesting_fact)
VALUES ('103004213', 1, 3004, 3, 3, '2', '', 'כל האפשרויות') ON CONFLICT (question_id) DO UPDATE SET language_id = 1 ,topic_id= 3004,c_grade_id =3,level=3,question_text='2',explanation='',interesting_fact='כל האפשרויות';


INSERT INTO answer_options (question_id, correct_answer, answer_text)
VALUES ('103004213', TRUE, 'השלימו את הספרה הנכונה: 537 > 7__5') ;

INSERT INTO answer_options (question_id, correct_answer, answer_text)
VALUES ('103004213', FALSE, '2');

INSERT INTO answer_options (question_id, correct_answer, answer_text)
VALUES ('103004213', FALSE, '3');

INSERT INTO answer_options (question_id, correct_answer, answer_text)
VALUES ('103004213', FALSE, '4');

INSERT INTO questions (question_id, language_id, topic_id, c_grade_id, level, question_text, explanation, interesting_fact)
VALUES ('103004214', 1, 3004, 4, 4, '2', '', '100') ON CONFLICT (question_id) DO UPDATE SET language_id = 1 ,topic_id= 3004,c_grade_id =4,level=4,question_text='2',explanation='',interesting_fact='100';


INSERT INTO answer_options (question_id, correct_answer, answer_text)
VALUES ('103004214', TRUE, 'מלאו לפי הרצף: 15, 25, __, 45, 55.') ;

INSERT INTO answer_options (question_id, correct_answer, answer_text)
VALUES ('103004214', FALSE, '35');

INSERT INTO answer_options (question_id, correct_answer, answer_text)
VALUES ('103004214', FALSE, '25');

INSERT INTO answer_options (question_id, correct_answer, answer_text)
VALUES ('103004214', FALSE, '45');

INSERT INTO questions (question_id, language_id, topic_id, c_grade_id, level, question_text, explanation, interesting_fact)
VALUES ('103004215', 1, 3004, 5, 5, '2', '', '10') ON CONFLICT (question_id) DO UPDATE SET language_id = 1 ,topic_id= 3004,c_grade_id =5,level=5,question_text='2',explanation='',interesting_fact='10';


INSERT INTO answer_options (question_id, correct_answer, answer_text)
VALUES ('103004215', TRUE, 'מלאו לפי הרצף: 32, 42, __, 62, 72.') ;

INSERT INTO answer_options (question_id, correct_answer, answer_text)
VALUES ('103004215', FALSE, '52');

INSERT INTO answer_options (question_id, correct_answer, answer_text)
VALUES ('103004215', FALSE, '42');

INSERT INTO answer_options (question_id, correct_answer, answer_text)
VALUES ('103004215', FALSE, '62');

INSERT INTO questions (question_id, language_id, topic_id, c_grade_id, level, question_text, explanation, interesting_fact)
VALUES ('103004216', 1, 3004, 6, 6, '2', '', '10') ON CONFLICT (question_id) DO UPDATE SET language_id = 1 ,topic_id= 3004,c_grade_id =6,level=6,question_text='2',explanation='',interesting_fact='10';


INSERT INTO answer_options (question_id, correct_answer, answer_text)
VALUES ('103004216', TRUE, 'מלאו לפי הרצף: 7, 17, __, 37, 47.') ;

INSERT INTO answer_options (question_id, correct_answer, answer_text)
VALUES ('103004216', FALSE, '27');

INSERT INTO answer_options (question_id, correct_answer, answer_text)
VALUES ('103004216', FALSE, '17');

INSERT INTO answer_options (question_id, correct_answer, answer_text)
VALUES ('103004216', FALSE, '37');

INSERT INTO questions (question_id, language_id, topic_id, c_grade_id, level, question_text, explanation, interesting_fact)
VALUES ('103004217', 1, 3004, 7, 7, '2', '', '10') ON CONFLICT (question_id) DO UPDATE SET language_id = 1 ,topic_id= 3004,c_grade_id =7,level=7,question_text='2',explanation='',interesting_fact='10';


INSERT INTO answer_options (question_id, correct_answer, answer_text)
VALUES ('103004217', TRUE, 'מלאו לפי הרצף: 86, 96, __, 116, 126.') ;

INSERT INTO answer_options (question_id, correct_answer, answer_text)
VALUES ('103004217', FALSE, '106');

INSERT INTO answer_options (question_id, correct_answer, answer_text)
VALUES ('103004217', FALSE, '96');

INSERT INTO answer_options (question_id, correct_answer, answer_text)
VALUES ('103004217', FALSE, '116');

INSERT INTO questions (question_id, language_id, topic_id, c_grade_id, level, question_text, explanation, interesting_fact)
VALUES ('103004218', 1, 3004, 8, 8, '2', '', '100') ON CONFLICT (question_id) DO UPDATE SET language_id = 1 ,topic_id= 3004,c_grade_id =8,level=8,question_text='2',explanation='',interesting_fact='100';


INSERT INTO answer_options (question_id, correct_answer, answer_text)
VALUES ('103004218', TRUE, 'מלאו לפי הרצף: 260, 270, __, 290, 300.') ;

INSERT INTO answer_options (question_id, correct_answer, answer_text)
VALUES ('103004218', FALSE, '280');

INSERT INTO answer_options (question_id, correct_answer, answer_text)
VALUES ('103004218', FALSE, '275');

INSERT INTO answer_options (question_id, correct_answer, answer_text)
VALUES ('103004218', FALSE, '290');

INSERT INTO questions (question_id, language_id, topic_id, c_grade_id, level, question_text, explanation, interesting_fact)
VALUES ('103004219', 1, 3004, 9, 9, '2', '', '100') ON CONFLICT (question_id) DO UPDATE SET language_id = 1 ,topic_id= 3004,c_grade_id =9,level=9,question_text='2',explanation='',interesting_fact='100';


INSERT INTO answer_options (question_id, correct_answer, answer_text)
VALUES ('103004219', TRUE, 'מלאו לפי הרצף: 758, 858, __, 1058') ;

INSERT INTO answer_options (question_id, correct_answer, answer_text)
VALUES ('103004219', FALSE, '958');

INSERT INTO answer_options (question_id, correct_answer, answer_text)
VALUES ('103004219', FALSE, '868');

INSERT INTO answer_options (question_id, correct_answer, answer_text)
VALUES ('103004219', FALSE, '968');

INSERT INTO questions (question_id, language_id, topic_id, c_grade_id, level, question_text, explanation, interesting_fact)
VALUES ('103004220', 1, 3004, 0, 0, '2', '', '100') ON CONFLICT (question_id) DO UPDATE SET language_id = 1 ,topic_id= 3004,c_grade_id =0,level=0,question_text='2',explanation='',interesting_fact='100';


INSERT INTO answer_options (question_id, correct_answer, answer_text)
VALUES ('103004220', TRUE, 'מלאו לפי הרצף: 1520, 1620, __, 1820, 1920.') ;

INSERT INTO answer_options (question_id, correct_answer, answer_text)
VALUES ('103004220', FALSE, '1720');

INSERT INTO answer_options (question_id, correct_answer, answer_text)
VALUES ('103004220', FALSE, '1700');

INSERT INTO answer_options (question_id, correct_answer, answer_text)
VALUES ('103004220', FALSE, '1800');

INSERT INTO questions (question_id, language_id, topic_id, c_grade_id, level, question_text, explanation, interesting_fact)
VALUES ('103005101', 1, 3005, 1, 1, '1', '', '34') ON CONFLICT (question_id) DO UPDATE SET language_id = 1 ,topic_id= 3005,c_grade_id =1,level=1,question_text='1',explanation='',interesting_fact='34';


INSERT INTO answer_options (question_id, correct_answer, answer_text)
VALUES ('103005101', TRUE, 'מהו המספר הקודם ל-32?') ;

INSERT INTO answer_options (question_id, correct_answer, answer_text)
VALUES ('103005101', FALSE, '31');

INSERT INTO answer_options (question_id, correct_answer, answer_text)
VALUES ('103005101', FALSE, '33');

INSERT INTO answer_options (question_id, correct_answer, answer_text)
VALUES ('103005101', FALSE, '22');

INSERT INTO questions (question_id, language_id, topic_id, c_grade_id, level, question_text, explanation, interesting_fact)
VALUES ('103005102', 1, 3005, 2, 2, '1', '', '79') ON CONFLICT (question_id) DO UPDATE SET language_id = 1 ,topic_id= 3005,c_grade_id =2,level=2,question_text='1',explanation='',interesting_fact='79';


INSERT INTO answer_options (question_id, correct_answer, answer_text)
VALUES ('103005102', TRUE, 'מהו המספר העוקב ל-79?') ;

INSERT INTO answer_options (question_id, correct_answer, answer_text)
VALUES ('103005102', FALSE, '80');

INSERT INTO answer_options (question_id, correct_answer, answer_text)
VALUES ('103005102', FALSE, '78');

INSERT INTO answer_options (question_id, correct_answer, answer_text)
VALUES ('103005102', FALSE, '791');

INSERT INTO questions (question_id, language_id, topic_id, c_grade_id, level, question_text, explanation, interesting_fact)
VALUES ('103005103', 1, 3005, 3, 3, '1', '', '147') ON CONFLICT (question_id) DO UPDATE SET language_id = 1 ,topic_id= 3005,c_grade_id =3,level=3,question_text='1',explanation='',interesting_fact='147';


INSERT INTO answer_options (question_id, correct_answer, answer_text)
VALUES ('103005103', TRUE, 'מהו המספר העוקב ל-147?') ;

INSERT INTO answer_options (question_id, correct_answer, answer_text)
VALUES ('103005103', FALSE, '148');

INSERT INTO answer_options (question_id, correct_answer, answer_text)
VALUES ('103005103', FALSE, '146');

INSERT INTO answer_options (question_id, correct_answer, answer_text)
VALUES ('103005103', FALSE, '1471');

INSERT INTO questions (question_id, language_id, topic_id, c_grade_id, level, question_text, explanation, interesting_fact)
VALUES ('103005104', 1, 3005, 4, 4, '1', '', '252') ON CONFLICT (question_id) DO UPDATE SET language_id = 1 ,topic_id= 3005,c_grade_id =4,level=4,question_text='1',explanation='',interesting_fact='252';


INSERT INTO answer_options (question_id, correct_answer, answer_text)
VALUES ('103005104', TRUE, 'מהו המספר העוקב ל-250?') ;

INSERT INTO answer_options (question_id, correct_answer, answer_text)
VALUES ('103005104', FALSE, '251');

INSERT INTO answer_options (question_id, correct_answer, answer_text)
VALUES ('103005104', FALSE, '260');

INSERT INTO answer_options (question_id, correct_answer, answer_text)
VALUES ('103005104', FALSE, '2521');

INSERT INTO questions (question_id, language_id, topic_id, c_grade_id, level, question_text, explanation, interesting_fact)
VALUES ('103005105', 1, 3005, 5, 5, '1', '', '198') ON CONFLICT (question_id) DO UPDATE SET language_id = 1 ,topic_id= 3005,c_grade_id =5,level=5,question_text='1',explanation='',interesting_fact='198';


INSERT INTO answer_options (question_id, correct_answer, answer_text)
VALUES ('103005105', TRUE, 'מהו המספר העוקב ל-198?') ;

INSERT INTO answer_options (question_id, correct_answer, answer_text)
VALUES ('103005105', FALSE, '199');

INSERT INTO answer_options (question_id, correct_answer, answer_text)
VALUES ('103005105', FALSE, '197');

INSERT INTO answer_options (question_id, correct_answer, answer_text)
VALUES ('103005105', FALSE, '1981');

INSERT INTO questions (question_id, language_id, topic_id, c_grade_id, level, question_text, explanation, interesting_fact)
VALUES ('103005106', 1, 3005, 6, 6, '1', '', '2789') ON CONFLICT (question_id) DO UPDATE SET language_id = 1 ,topic_id= 3005,c_grade_id =6,level=6,question_text='1',explanation='',interesting_fact='2789';


INSERT INTO answer_options (question_id, correct_answer, answer_text)
VALUES ('103005106', TRUE, 'מהו המספר הקודם ל-2789?') ;

INSERT INTO answer_options (question_id, correct_answer, answer_text)
VALUES ('103005106', FALSE, '2788');

INSERT INTO answer_options (question_id, correct_answer, answer_text)
VALUES ('103005106', FALSE, '2790');

INSERT INTO answer_options (question_id, correct_answer, answer_text)
VALUES ('103005106', FALSE, '2777');

INSERT INTO questions (question_id, language_id, topic_id, c_grade_id, level, question_text, explanation, interesting_fact)
VALUES ('103005107', 1, 3005, 7, 7, '1', '', '5662') ON CONFLICT (question_id) DO UPDATE SET language_id = 1 ,topic_id= 3005,c_grade_id =7,level=7,question_text='1',explanation='',interesting_fact='5662';


INSERT INTO answer_options (question_id, correct_answer, answer_text)
VALUES ('103005107', TRUE, 'מהו המספר הקודם ל-5660?') ;

INSERT INTO answer_options (question_id, correct_answer, answer_text)
VALUES ('103005107', FALSE, '5659');

INSERT INTO answer_options (question_id, correct_answer, answer_text)
VALUES ('103005107', FALSE, '5661');

INSERT INTO answer_options (question_id, correct_answer, answer_text)
VALUES ('103005107', FALSE, '5650');

INSERT INTO questions (question_id, language_id, topic_id, c_grade_id, level, question_text, explanation, interesting_fact)
VALUES ('103005108', 1, 3005, 8, 8, '1', '', '8979') ON CONFLICT (question_id) DO UPDATE SET language_id = 1 ,topic_id= 3005,c_grade_id =8,level=8,question_text='1',explanation='',interesting_fact='8979';


INSERT INTO answer_options (question_id, correct_answer, answer_text)
VALUES ('103005108', TRUE, 'מהו המספר הקודם ל-8977?') ;

INSERT INTO answer_options (question_id, correct_answer, answer_text)
VALUES ('103005108', FALSE, '8976');

INSERT INTO answer_options (question_id, correct_answer, answer_text)
VALUES ('103005108', FALSE, '8978');

INSERT INTO answer_options (question_id, correct_answer, answer_text)
VALUES ('103005108', FALSE, '8967');

INSERT INTO questions (question_id, language_id, topic_id, c_grade_id, level, question_text, explanation, interesting_fact)
VALUES ('103005109', 1, 3005, 9, 9, '1', '', '4102') ON CONFLICT (question_id) DO UPDATE SET language_id = 1 ,topic_id= 3005,c_grade_id =9,level=9,question_text='1',explanation='',interesting_fact='4102';


INSERT INTO answer_options (question_id, correct_answer, answer_text)
VALUES ('103005109', TRUE, 'מהו המספר הקודם ל-4100?') ;

INSERT INTO answer_options (question_id, correct_answer, answer_text)
VALUES ('103005109', FALSE, '4099');

INSERT INTO answer_options (question_id, correct_answer, answer_text)
VALUES ('103005109', FALSE, '4101');

INSERT INTO answer_options (question_id, correct_answer, answer_text)
VALUES ('103005109', FALSE, '4090');

INSERT INTO questions (question_id, language_id, topic_id, c_grade_id, level, question_text, explanation, interesting_fact)
VALUES ('103005110', 1, 3005, 0, 0, '1', '', '6550') ON CONFLICT (question_id) DO UPDATE SET language_id = 1 ,topic_id= 3005,c_grade_id =0,level=0,question_text='1',explanation='',interesting_fact='6550';


INSERT INTO answer_options (question_id, correct_answer, answer_text)
VALUES ('103005110', TRUE, 'מהו המספר העוקב ל-6550?') ;

INSERT INTO answer_options (question_id, correct_answer, answer_text)
VALUES ('103005110', FALSE, '6551');

INSERT INTO answer_options (question_id, correct_answer, answer_text)
VALUES ('103005110', FALSE, '6549');

INSERT INTO answer_options (question_id, correct_answer, answer_text)
VALUES ('103005110', FALSE, '65501');

INSERT INTO questions (question_id, language_id, topic_id, c_grade_id, level, question_text, explanation, interesting_fact)
VALUES ('103005111', 1, 3005, 1, 1, '1', '', '7548') ON CONFLICT (question_id) DO UPDATE SET language_id = 1 ,topic_id= 3005,c_grade_id =1,level=1,question_text='1',explanation='',interesting_fact='7548';


INSERT INTO answer_options (question_id, correct_answer, answer_text)
VALUES ('103005111', TRUE, 'מהו המספר העוקב ל-7548?') ;

INSERT INTO answer_options (question_id, correct_answer, answer_text)
VALUES ('103005111', FALSE, '7549');

INSERT INTO answer_options (question_id, correct_answer, answer_text)
VALUES ('103005111', FALSE, '7547');

INSERT INTO answer_options (question_id, correct_answer, answer_text)
VALUES ('103005111', FALSE, '75481');

INSERT INTO questions (question_id, language_id, topic_id, c_grade_id, level, question_text, explanation, interesting_fact)
VALUES ('103005112', 1, 3005, 2, 2, '1', '', '3049') ON CONFLICT (question_id) DO UPDATE SET language_id = 1 ,topic_id= 3005,c_grade_id =2,level=2,question_text='1',explanation='',interesting_fact='3049';


INSERT INTO answer_options (question_id, correct_answer, answer_text)
VALUES ('103005112', TRUE, 'מהו המספר העוקב ל-3049?') ;

INSERT INTO answer_options (question_id, correct_answer, answer_text)
VALUES ('103005112', FALSE, '3050');

INSERT INTO answer_options (question_id, correct_answer, answer_text)
VALUES ('103005112', FALSE, '3048');

INSERT INTO answer_options (question_id, correct_answer, answer_text)
VALUES ('103005112', FALSE, '30491');

INSERT INTO questions (question_id, language_id, topic_id, c_grade_id, level, question_text, explanation, interesting_fact)
VALUES ('103005113', 1, 3005, 3, 3, '1', '', '4053') ON CONFLICT (question_id) DO UPDATE SET language_id = 1 ,topic_id= 3005,c_grade_id =3,level=3,question_text='1',explanation='',interesting_fact='4053';


INSERT INTO answer_options (question_id, correct_answer, answer_text)
VALUES ('103005113', TRUE, 'מהו המספר העוקב ל-4053?') ;

INSERT INTO answer_options (question_id, correct_answer, answer_text)
VALUES ('103005113', FALSE, '4054');

INSERT INTO answer_options (question_id, correct_answer, answer_text)
VALUES ('103005113', FALSE, '4052');

INSERT INTO answer_options (question_id, correct_answer, answer_text)
VALUES ('103005113', FALSE, '40531');

INSERT INTO questions (question_id, language_id, topic_id, c_grade_id, level, question_text, explanation, interesting_fact)
VALUES ('103005114', 1, 3005, 4, 4, '1', '', '9449') ON CONFLICT (question_id) DO UPDATE SET language_id = 1 ,topic_id= 3005,c_grade_id =4,level=4,question_text='1',explanation='',interesting_fact='9449';


INSERT INTO answer_options (question_id, correct_answer, answer_text)
VALUES ('103005114', TRUE, 'מהו המספר העוקב ל-9449?') ;

INSERT INTO answer_options (question_id, correct_answer, answer_text)
VALUES ('103005114', FALSE, '9450');

INSERT INTO answer_options (question_id, correct_answer, answer_text)
VALUES ('103005114', FALSE, '9448');

INSERT INTO answer_options (question_id, correct_answer, answer_text)
VALUES ('103005114', FALSE, '94491');

INSERT INTO questions (question_id, language_id, topic_id, c_grade_id, level, question_text, explanation, interesting_fact)
VALUES ('103005115', 1, 3005, 5, 5, '1', '', '9599') ON CONFLICT (question_id) DO UPDATE SET language_id = 1 ,topic_id= 3005,c_grade_id =5,level=5,question_text='1',explanation='',interesting_fact='9599';


INSERT INTO answer_options (question_id, correct_answer, answer_text)
VALUES ('103005115', TRUE, 'מהו המספר העוקב ל-9599?') ;

INSERT INTO answer_options (question_id, correct_answer, answer_text)
VALUES ('103005115', FALSE, '9600');

INSERT INTO answer_options (question_id, correct_answer, answer_text)
VALUES ('103005115', FALSE, '9598');

INSERT INTO answer_options (question_id, correct_answer, answer_text)
VALUES ('103005115', FALSE, '95991');

INSERT INTO questions (question_id, language_id, topic_id, c_grade_id, level, question_text, explanation, interesting_fact)
VALUES ('103005116', 1, 3005, 6, 6, '1', '', '10') ON CONFLICT (question_id) DO UPDATE SET language_id = 1 ,topic_id= 3005,c_grade_id =6,level=6,question_text='1',explanation='',interesting_fact='10';


INSERT INTO answer_options (question_id, correct_answer, answer_text)
VALUES ('103005116', TRUE, 'מהו המספר הקטן מ-29 ב 10?') ;

INSERT INTO answer_options (question_id, correct_answer, answer_text)
VALUES ('103005116', FALSE, '19');

INSERT INTO answer_options (question_id, correct_answer, answer_text)
VALUES ('103005116', FALSE, '9');

INSERT INTO answer_options (question_id, correct_answer, answer_text)
VALUES ('103005116', FALSE, '20');

INSERT INTO questions (question_id, language_id, topic_id, c_grade_id, level, question_text, explanation, interesting_fact)
VALUES ('103005117', 1, 3005, 7, 7, '1', '', '10') ON CONFLICT (question_id) DO UPDATE SET language_id = 1 ,topic_id= 3005,c_grade_id =7,level=7,question_text='1',explanation='',interesting_fact='10';


INSERT INTO answer_options (question_id, correct_answer, answer_text)
VALUES ('103005117', TRUE, 'מהו המספר הקטן מ-60 ב 10?') ;

INSERT INTO answer_options (question_id, correct_answer, answer_text)
VALUES ('103005117', FALSE, '50');

INSERT INTO answer_options (question_id, correct_answer, answer_text)
VALUES ('103005117', FALSE, '40');

INSERT INTO answer_options (question_id, correct_answer, answer_text)
VALUES ('103005117', FALSE, '60');

INSERT INTO questions (question_id, language_id, topic_id, c_grade_id, level, question_text, explanation, interesting_fact)
VALUES ('103005118', 1, 3005, 8, 8, '1', '', '20') ON CONFLICT (question_id) DO UPDATE SET language_id = 1 ,topic_id= 3005,c_grade_id =8,level=8,question_text='1',explanation='',interesting_fact='20';


INSERT INTO answer_options (question_id, correct_answer, answer_text)
VALUES ('103005118', TRUE, 'מהו המספר הקטן מ-125 ב 20?') ;

INSERT INTO answer_options (question_id, correct_answer, answer_text)
VALUES ('103005118', FALSE, '105');

INSERT INTO answer_options (question_id, correct_answer, answer_text)
VALUES ('103005118', FALSE, '95');

INSERT INTO answer_options (question_id, correct_answer, answer_text)
VALUES ('103005118', FALSE, '120');

INSERT INTO questions (question_id, language_id, topic_id, c_grade_id, level, question_text, explanation, interesting_fact)
VALUES ('103005119', 1, 3005, 9, 9, '1', '', '20') ON CONFLICT (question_id) DO UPDATE SET language_id = 1 ,topic_id= 3005,c_grade_id =9,level=9,question_text='1',explanation='',interesting_fact='20';


INSERT INTO answer_options (question_id, correct_answer, answer_text)
VALUES ('103005119', TRUE, 'מהו המספר הקטן מ-248 ב 20?') ;

INSERT INTO answer_options (question_id, correct_answer, answer_text)
VALUES ('103005119', FALSE, '228');

INSERT INTO answer_options (question_id, correct_answer, answer_text)
VALUES ('103005119', FALSE, '218');

INSERT INTO answer_options (question_id, correct_answer, answer_text)
VALUES ('103005119', FALSE, '240');

INSERT INTO questions (question_id, language_id, topic_id, c_grade_id, level, question_text, explanation, interesting_fact)
VALUES ('103005120', 1, 3005, 0, 0, '1', '', '10') ON CONFLICT (question_id) DO UPDATE SET language_id = 1 ,topic_id= 3005,c_grade_id =0,level=0,question_text='1',explanation='',interesting_fact='10';


INSERT INTO answer_options (question_id, correct_answer, answer_text)
VALUES ('103005120', TRUE, 'מהו המספר שגדול מ-18 ב 10?') ;

INSERT INTO answer_options (question_id, correct_answer, answer_text)
VALUES ('103005120', FALSE, '28');

INSERT INTO answer_options (question_id, correct_answer, answer_text)
VALUES ('103005120', FALSE, '38');

INSERT INTO answer_options (question_id, correct_answer, answer_text)
VALUES ('103005120', FALSE, '10');

INSERT INTO questions (question_id, language_id, topic_id, c_grade_id, level, question_text, explanation, interesting_fact)
VALUES ('103005201', 1, 3005, 1, 1, '1', '', '20') ON CONFLICT (question_id) DO UPDATE SET language_id = 1 ,topic_id= 3005,c_grade_id =1,level=1,question_text='1',explanation='',interesting_fact='20';


INSERT INTO answer_options (question_id, correct_answer, answer_text)
VALUES ('103005201', TRUE, 'מהו המספר הגדול מ-77 ב 20?') ;

INSERT INTO answer_options (question_id, correct_answer, answer_text)
VALUES ('103005201', FALSE, '97');

INSERT INTO answer_options (question_id, correct_answer, answer_text)
VALUES ('103005201', FALSE, '107');

INSERT INTO answer_options (question_id, correct_answer, answer_text)
VALUES ('103005201', FALSE, '20');

INSERT INTO questions (question_id, language_id, topic_id, c_grade_id, level, question_text, explanation, interesting_fact)
VALUES ('103005202', 1, 3005, 2, 2, '1', '', '10') ON CONFLICT (question_id) DO UPDATE SET language_id = 1 ,topic_id= 3005,c_grade_id =2,level=2,question_text='1',explanation='',interesting_fact='10';


INSERT INTO answer_options (question_id, correct_answer, answer_text)
VALUES ('103005202', TRUE, 'מהו המספר הגדול מ-2220 ב 10?') ;

INSERT INTO answer_options (question_id, correct_answer, answer_text)
VALUES ('103005202', FALSE, '2230');

INSERT INTO answer_options (question_id, correct_answer, answer_text)
VALUES ('103005202', FALSE, '2420');

INSERT INTO answer_options (question_id, correct_answer, answer_text)
VALUES ('103005202', FALSE, '2220');

INSERT INTO questions (question_id, language_id, topic_id, c_grade_id, level, question_text, explanation, interesting_fact)
VALUES ('103005203', 1, 3005, 3, 3, '1', '', '1830') ON CONFLICT (question_id) DO UPDATE SET language_id = 1 ,topic_id= 3005,c_grade_id =3,level=3,question_text='1',explanation='',interesting_fact='1830';


INSERT INTO answer_options (question_id, correct_answer, answer_text)
VALUES ('103005203', TRUE, 'מהו המספר הגדול מ-1820 ב 20?') ;

INSERT INTO answer_options (question_id, correct_answer, answer_text)
VALUES ('103005203', FALSE, '1840');

INSERT INTO answer_options (question_id, correct_answer, answer_text)
VALUES ('103005203', FALSE, '1850');

INSERT INTO answer_options (question_id, correct_answer, answer_text)
VALUES ('103005203', FALSE, '1820');

INSERT INTO questions (question_id, language_id, topic_id, c_grade_id, level, question_text, explanation, interesting_fact)
VALUES ('103005204', 1, 3005, 4, 4, '2', '', '100') ON CONFLICT (question_id) DO UPDATE SET language_id = 1 ,topic_id= 3005,c_grade_id =4,level=4,question_text='2',explanation='',interesting_fact='100';


INSERT INTO answer_options (question_id, correct_answer, answer_text)
VALUES ('103005204', TRUE, 'מהו המספר הגדול מ-29 ב 100?') ;

INSERT INTO answer_options (question_id, correct_answer, answer_text)
VALUES ('103005204', FALSE, '129');

INSERT INTO answer_options (question_id, correct_answer, answer_text)
VALUES ('103005204', FALSE, '139');

INSERT INTO answer_options (question_id, correct_answer, answer_text)
VALUES ('103005204', FALSE, '139');

INSERT INTO questions (question_id, language_id, topic_id, c_grade_id, level, question_text, explanation, interesting_fact)
VALUES ('103005205', 1, 3005, 5, 5, '2', '', '200') ON CONFLICT (question_id) DO UPDATE SET language_id = 1 ,topic_id= 3005,c_grade_id =5,level=5,question_text='2',explanation='',interesting_fact='200';


INSERT INTO answer_options (question_id, correct_answer, answer_text)
VALUES ('103005205', TRUE, 'מהו המספר הגדול מ-52 ב 200?') ;

INSERT INTO answer_options (question_id, correct_answer, answer_text)
VALUES ('103005205', FALSE, '252');

INSERT INTO answer_options (question_id, correct_answer, answer_text)
VALUES ('103005205', FALSE, '262');

INSERT INTO answer_options (question_id, correct_answer, answer_text)
VALUES ('103005205', FALSE, '262');

INSERT INTO questions (question_id, language_id, topic_id, c_grade_id, level, question_text, explanation, interesting_fact)
VALUES ('103005206', 1, 3005, 6, 6, '2', '', '100') ON CONFLICT (question_id) DO UPDATE SET language_id = 1 ,topic_id= 3005,c_grade_id =6,level=6,question_text='2',explanation='',interesting_fact='100';


INSERT INTO answer_options (question_id, correct_answer, answer_text)
VALUES ('103005206', TRUE, 'מהו המספר הגדול מ-154 ב 100?') ;

INSERT INTO answer_options (question_id, correct_answer, answer_text)
VALUES ('103005206', FALSE, '254');

INSERT INTO answer_options (question_id, correct_answer, answer_text)
VALUES ('103005206', FALSE, '264');

INSERT INTO answer_options (question_id, correct_answer, answer_text)
VALUES ('103005206', FALSE, '264');

INSERT INTO questions (question_id, language_id, topic_id, c_grade_id, level, question_text, explanation, interesting_fact)
VALUES ('103005207', 1, 3005, 7, 7, '2', '', '100') ON CONFLICT (question_id) DO UPDATE SET language_id = 1 ,topic_id= 3005,c_grade_id =7,level=7,question_text='2',explanation='',interesting_fact='100';


INSERT INTO answer_options (question_id, correct_answer, answer_text)
VALUES ('103005207', TRUE, 'מהו המספר הגדול מ-2900 ב 100?') ;

INSERT INTO answer_options (question_id, correct_answer, answer_text)
VALUES ('103005207', FALSE, '3000');

INSERT INTO answer_options (question_id, correct_answer, answer_text)
VALUES ('103005207', FALSE, '2100');

INSERT INTO answer_options (question_id, correct_answer, answer_text)
VALUES ('103005207', FALSE, '2910');

INSERT INTO questions (question_id, language_id, topic_id, c_grade_id, level, question_text, explanation, interesting_fact)
VALUES ('103005208', 1, 3005, 8, 8, '2', '', '200') ON CONFLICT (question_id) DO UPDATE SET language_id = 1 ,topic_id= 3005,c_grade_id =8,level=8,question_text='2',explanation='',interesting_fact='200';


INSERT INTO answer_options (question_id, correct_answer, answer_text)
VALUES ('103005208', TRUE, 'מהו המספר הגדול מ-2680 ב 200?') ;

INSERT INTO answer_options (question_id, correct_answer, answer_text)
VALUES ('103005208', FALSE, '2880');

INSERT INTO answer_options (question_id, correct_answer, answer_text)
VALUES ('103005208', FALSE, '2780');

INSERT INTO answer_options (question_id, correct_answer, answer_text)
VALUES ('103005208', FALSE, '2710');

INSERT INTO questions (question_id, language_id, topic_id, c_grade_id, level, question_text, explanation, interesting_fact)
VALUES ('103005209', 1, 3005, 9, 9, '2', '', '8 ו-18') ON CONFLICT (question_id) DO UPDATE SET language_id = 1 ,topic_id= 3005,c_grade_id =9,level=9,question_text='2',explanation='',interesting_fact='8 ו-18';


INSERT INTO answer_options (question_id, correct_answer, answer_text)
VALUES ('103005209', TRUE, 'בין אילו שני מספרים עגולים ניתן למצוא את המספר 8?') ;

INSERT INTO answer_options (question_id, correct_answer, answer_text)
VALUES ('103005209', FALSE, '0 ו-10');

INSERT INTO answer_options (question_id, correct_answer, answer_text)
VALUES ('103005209', FALSE, '100 ו-110');

INSERT INTO answer_options (question_id, correct_answer, answer_text)
VALUES ('103005209', FALSE, '0 ו-5');

INSERT INTO questions (question_id, language_id, topic_id, c_grade_id, level, question_text, explanation, interesting_fact)
VALUES ('103005210', 1, 3005, 0, 0, '2', '', '18 ו-28') ON CONFLICT (question_id) DO UPDATE SET language_id = 1 ,topic_id= 3005,c_grade_id =0,level=0,question_text='2',explanation='',interesting_fact='18 ו-28';


INSERT INTO answer_options (question_id, correct_answer, answer_text)
VALUES ('103005210', TRUE, 'בין אילו שני מספרים עגולים ניתן למצוא את המספר 18?') ;

INSERT INTO answer_options (question_id, correct_answer, answer_text)
VALUES ('103005210', FALSE, '10 ו-20');

INSERT INTO answer_options (question_id, correct_answer, answer_text)
VALUES ('103005210', FALSE, '110 ו-120');

INSERT INTO answer_options (question_id, correct_answer, answer_text)
VALUES ('103005210', FALSE, '0 ו-10');

INSERT INTO questions (question_id, language_id, topic_id, c_grade_id, level, question_text, explanation, interesting_fact)
VALUES ('103005211', 1, 3005, 1, 1, '2', '', '62 ו-72') ON CONFLICT (question_id) DO UPDATE SET language_id = 1 ,topic_id= 3005,c_grade_id =1,level=1,question_text='2',explanation='',interesting_fact='62 ו-72';


INSERT INTO answer_options (question_id, correct_answer, answer_text)
VALUES ('103005211', TRUE, 'בין אילו שני מספרים עגולים ניתן למצוא את המספר 62?') ;

INSERT INTO answer_options (question_id, correct_answer, answer_text)
VALUES ('103005211', FALSE, '60 ו-70');

INSERT INTO answer_options (question_id, correct_answer, answer_text)
VALUES ('103005211', FALSE, '160 ו-170');

INSERT INTO answer_options (question_id, correct_answer, answer_text)
VALUES ('103005211', FALSE, '50 ו-60');

INSERT INTO questions (question_id, language_id, topic_id, c_grade_id, level, question_text, explanation, interesting_fact)
VALUES ('103005212', 1, 3005, 2, 2, '2', '', '31 ו-41') ON CONFLICT (question_id) DO UPDATE SET language_id = 1 ,topic_id= 3005,c_grade_id =2,level=2,question_text='2',explanation='',interesting_fact='31 ו-41';


INSERT INTO answer_options (question_id, correct_answer, answer_text)
VALUES ('103005212', TRUE, 'בין אילו שני מספרים עגולים ניתן למצוא את המספר 31?') ;

INSERT INTO answer_options (question_id, correct_answer, answer_text)
VALUES ('103005212', FALSE, '30 ו-40');

INSERT INTO answer_options (question_id, correct_answer, answer_text)
VALUES ('103005212', FALSE, '130 ו-140');

INSERT INTO answer_options (question_id, correct_answer, answer_text)
VALUES ('103005212', FALSE, '20 ו-30');

INSERT INTO questions (question_id, language_id, topic_id, c_grade_id, level, question_text, explanation, interesting_fact)
VALUES ('103005213', 1, 3005, 3, 3, '2', '', '96 ו-106') ON CONFLICT (question_id) DO UPDATE SET language_id = 1 ,topic_id= 3005,c_grade_id =3,level=3,question_text='2',explanation='',interesting_fact='96 ו-106';


INSERT INTO answer_options (question_id, correct_answer, answer_text)
VALUES ('103005213', TRUE, 'בין אילו שני מספרים עגולים ניתן למצוא את המספר 96?') ;

INSERT INTO answer_options (question_id, correct_answer, answer_text)
VALUES ('103005213', FALSE, '90 ו-100');

INSERT INTO answer_options (question_id, correct_answer, answer_text)
VALUES ('103005213', FALSE, '190 ו-200');

INSERT INTO answer_options (question_id, correct_answer, answer_text)
VALUES ('103005213', FALSE, '80 ו-90');

INSERT INTO questions (question_id, language_id, topic_id, c_grade_id, level, question_text, explanation, interesting_fact)
VALUES ('103005214', 1, 3005, 4, 4, '2', '', '177 ו-187') ON CONFLICT (question_id) DO UPDATE SET language_id = 1 ,topic_id= 3005,c_grade_id =4,level=4,question_text='2',explanation='',interesting_fact='177 ו-187';


INSERT INTO answer_options (question_id, correct_answer, answer_text)
VALUES ('103005214', TRUE, 'בין אילו שני מספרים עגולים ניתן למצוא את המספר 177?') ;

INSERT INTO answer_options (question_id, correct_answer, answer_text)
VALUES ('103005214', FALSE, '170 ו-180');

INSERT INTO answer_options (question_id, correct_answer, answer_text)
VALUES ('103005214', FALSE, '270 ו-280');

INSERT INTO answer_options (question_id, correct_answer, answer_text)
VALUES ('103005214', FALSE, '160 ו-170');

INSERT INTO questions (question_id, language_id, topic_id, c_grade_id, level, question_text, explanation, interesting_fact)
VALUES ('103005215', 1, 3005, 5, 5, '2', '', '373 ו-383') ON CONFLICT (question_id) DO UPDATE SET language_id = 1 ,topic_id= 3005,c_grade_id =5,level=5,question_text='2',explanation='',interesting_fact='373 ו-383';


INSERT INTO answer_options (question_id, correct_answer, answer_text)
VALUES ('103005215', TRUE, 'בין אילו שני מספרים עגולים ניתן למצוא את המספר 373?') ;

INSERT INTO answer_options (question_id, correct_answer, answer_text)
VALUES ('103005215', FALSE, '370 ו-380');

INSERT INTO answer_options (question_id, correct_answer, answer_text)
VALUES ('103005215', FALSE, '470 ו-480');

INSERT INTO answer_options (question_id, correct_answer, answer_text)
VALUES ('103005215', FALSE, '360 ו-370');

INSERT INTO questions (question_id, language_id, topic_id, c_grade_id, level, question_text, explanation, interesting_fact)
VALUES ('103005216', 1, 3005, 6, 6, '2', '', '543 ו-553') ON CONFLICT (question_id) DO UPDATE SET language_id = 1 ,topic_id= 3005,c_grade_id =6,level=6,question_text='2',explanation='',interesting_fact='543 ו-553';


INSERT INTO answer_options (question_id, correct_answer, answer_text)
VALUES ('103005216', TRUE, 'בין אילו שני מספרים עגולים ניתן למצוא את המספר 543?') ;

INSERT INTO answer_options (question_id, correct_answer, answer_text)
VALUES ('103005216', FALSE, '540 ו-550');

INSERT INTO answer_options (question_id, correct_answer, answer_text)
VALUES ('103005216', FALSE, '640 ו-650');

INSERT INTO answer_options (question_id, correct_answer, answer_text)
VALUES ('103005216', FALSE, '530 ו-540');

INSERT INTO questions (question_id, language_id, topic_id, c_grade_id, level, question_text, explanation, interesting_fact)
VALUES ('103005217', 1, 3005, 7, 7, '2', '', '847 ו-857') ON CONFLICT (question_id) DO UPDATE SET language_id = 1 ,topic_id= 3005,c_grade_id =7,level=7,question_text='2',explanation='',interesting_fact='847 ו-857';


INSERT INTO answer_options (question_id, correct_answer, answer_text)
VALUES ('103005217', TRUE, 'בין אילו שני מספרים עגולים ניתן למצוא את המספר 847?') ;

INSERT INTO answer_options (question_id, correct_answer, answer_text)
VALUES ('103005217', FALSE, '840 ו-850');

INSERT INTO answer_options (question_id, correct_answer, answer_text)
VALUES ('103005217', FALSE, '940 ו-950');

INSERT INTO answer_options (question_id, correct_answer, answer_text)
VALUES ('103005217', FALSE, '830 ו-840');

INSERT INTO questions (question_id, language_id, topic_id, c_grade_id, level, question_text, explanation, interesting_fact)
VALUES ('103005218', 1, 3005, 8, 8, '2', '', '11') ON CONFLICT (question_id) DO UPDATE SET language_id = 1 ,topic_id= 3005,c_grade_id =8,level=8,question_text='2',explanation='',interesting_fact='11';


INSERT INTO answer_options (question_id, correct_answer, answer_text)
VALUES ('103005218', TRUE, 'איזה מהמספרים הבאים נמצא בין 11 ל-46?') ;

INSERT INTO answer_options (question_id, correct_answer, answer_text)
VALUES ('103005218', FALSE, '19');

INSERT INTO answer_options (question_id, correct_answer, answer_text)
VALUES ('103005218', FALSE, '1');

INSERT INTO answer_options (question_id, correct_answer, answer_text)
VALUES ('103005218', FALSE, '136');

INSERT INTO questions (question_id, language_id, topic_id, c_grade_id, level, question_text, explanation, interesting_fact)
VALUES ('103005219', 1, 3005, 9, 9, '2', '', '47') ON CONFLICT (question_id) DO UPDATE SET language_id = 1 ,topic_id= 3005,c_grade_id =9,level=9,question_text='2',explanation='',interesting_fact='47';


INSERT INTO answer_options (question_id, correct_answer, answer_text)
VALUES ('103005219', TRUE, 'איזה מהמספרים הבאים נמצא בין 47 ל-58?') ;

INSERT INTO answer_options (question_id, correct_answer, answer_text)
VALUES ('103005219', FALSE, '52');

INSERT INTO answer_options (question_id, correct_answer, answer_text)
VALUES ('103005219', FALSE, '37');

INSERT INTO answer_options (question_id, correct_answer, answer_text)
VALUES ('103005219', FALSE, '148');

INSERT INTO questions (question_id, language_id, topic_id, c_grade_id, level, question_text, explanation, interesting_fact)
VALUES ('103005220', 1, 3005, 0, 0, '2', '', '66') ON CONFLICT (question_id) DO UPDATE SET language_id = 1 ,topic_id= 3005,c_grade_id =0,level=0,question_text='2',explanation='',interesting_fact='66';


INSERT INTO answer_options (question_id, correct_answer, answer_text)
VALUES ('103005220', TRUE, 'איזה מהמספרים הבאים נמצא בין 66 ל-69?') ;

INSERT INTO answer_options (question_id, correct_answer, answer_text)
VALUES ('103005220', FALSE, '66');

INSERT INTO answer_options (question_id, correct_answer, answer_text)
VALUES ('103005220', FALSE, '56');

INSERT INTO answer_options (question_id, correct_answer, answer_text)
VALUES ('103005220', FALSE, '159');

INSERT INTO questions (question_id, language_id, topic_id, c_grade_id, level, question_text, explanation, interesting_fact)
VALUES ('103005301', 1, 3005, 1, 1, '2', '', '75') ON CONFLICT (question_id) DO UPDATE SET language_id = 1 ,topic_id= 3005,c_grade_id =1,level=1,question_text='2',explanation='',interesting_fact='75';


INSERT INTO answer_options (question_id, correct_answer, answer_text)
VALUES ('103005301', TRUE, 'איזה מהמספרים הבאים נמצא בין 75 ל-83?') ;

INSERT INTO answer_options (question_id, correct_answer, answer_text)
VALUES ('103005301', FALSE, '77');

INSERT INTO answer_options (question_id, correct_answer, answer_text)
VALUES ('103005301', FALSE, '65');

INSERT INTO answer_options (question_id, correct_answer, answer_text)
VALUES ('103005301', FALSE, '173');

INSERT INTO questions (question_id, language_id, topic_id, c_grade_id, level, question_text, explanation, interesting_fact)
VALUES ('103005302', 1, 3005, 2, 2, '2', '', '74') ON CONFLICT (question_id) DO UPDATE SET language_id = 1 ,topic_id= 3005,c_grade_id =2,level=2,question_text='2',explanation='',interesting_fact='74';


INSERT INTO answer_options (question_id, correct_answer, answer_text)
VALUES ('103005302', TRUE, 'איזה מהמספרים הבאים נמצא בין 74 ל-102?') ;

INSERT INTO answer_options (question_id, correct_answer, answer_text)
VALUES ('103005302', FALSE, '81');

INSERT INTO answer_options (question_id, correct_answer, answer_text)
VALUES ('103005302', FALSE, '64');

INSERT INTO answer_options (question_id, correct_answer, answer_text)
VALUES ('103005302', FALSE, '192');

INSERT INTO questions (question_id, language_id, topic_id, c_grade_id, level, question_text, explanation, interesting_fact)
VALUES ('103005303', 1, 3005, 3, 3, '2', '', '140') ON CONFLICT (question_id) DO UPDATE SET language_id = 1 ,topic_id= 3005,c_grade_id =3,level=3,question_text='2',explanation='',interesting_fact='140';


INSERT INTO answer_options (question_id, correct_answer, answer_text)
VALUES ('103005303', TRUE, 'איזה מהמספרים הבאים נמצא בין 140 ל-151?') ;

INSERT INTO answer_options (question_id, correct_answer, answer_text)
VALUES ('103005303', FALSE, '143');

INSERT INTO answer_options (question_id, correct_answer, answer_text)
VALUES ('103005303', FALSE, '130');

INSERT INTO answer_options (question_id, correct_answer, answer_text)
VALUES ('103005303', FALSE, '241');

INSERT INTO questions (question_id, language_id, topic_id, c_grade_id, level, question_text, explanation, interesting_fact)
VALUES ('103005304', 1, 3005, 4, 4, '2', '', '285') ON CONFLICT (question_id) DO UPDATE SET language_id = 1 ,topic_id= 3005,c_grade_id =4,level=4,question_text='2',explanation='',interesting_fact='285';


INSERT INTO answer_options (question_id, correct_answer, answer_text)
VALUES ('103005304', TRUE, 'איזה מהמספרים הבאים נמצא בין 285 ל-292?') ;

INSERT INTO answer_options (question_id, correct_answer, answer_text)
VALUES ('103005304', FALSE, '287');

INSERT INTO answer_options (question_id, correct_answer, answer_text)
VALUES ('103005304', FALSE, '275');

INSERT INTO answer_options (question_id, correct_answer, answer_text)
VALUES ('103005304', FALSE, '382');

INSERT INTO questions (question_id, language_id, topic_id, c_grade_id, level, question_text, explanation, interesting_fact)
VALUES ('103005305', 1, 3005, 5, 5, '2', '', '915') ON CONFLICT (question_id) DO UPDATE SET language_id = 1 ,topic_id= 3005,c_grade_id =5,level=5,question_text='2',explanation='',interesting_fact='915';


INSERT INTO answer_options (question_id, correct_answer, answer_text)
VALUES ('103005305', TRUE, 'איזה מהמספרים הבאים נמצא בין 915 ל-941?') ;

INSERT INTO answer_options (question_id, correct_answer, answer_text)
VALUES ('103005305', FALSE, '923');

INSERT INTO answer_options (question_id, correct_answer, answer_text)
VALUES ('103005305', FALSE, '905');

INSERT INTO answer_options (question_id, correct_answer, answer_text)
VALUES ('103005305', FALSE, '1031');

INSERT INTO questions (question_id, language_id, topic_id, c_grade_id, level, question_text, explanation, interesting_fact)
VALUES ('103005306', 1, 3005, 6, 6, '2', '', '103 ו-114') ON CONFLICT (question_id) DO UPDATE SET language_id = 1 ,topic_id= 3005,c_grade_id =6,level=6,question_text='2',explanation='',interesting_fact='103 ו-114';


INSERT INTO answer_options (question_id, correct_answer, answer_text)
VALUES ('103005306', TRUE, 'בין אילו שני מספרים ניתן למצוא את המספר 13?') ;

INSERT INTO answer_options (question_id, correct_answer, answer_text)
VALUES ('103005306', FALSE, '0 ו-43');

INSERT INTO answer_options (question_id, correct_answer, answer_text)
VALUES ('103005306', FALSE, '1 ו-13');

INSERT INTO answer_options (question_id, correct_answer, answer_text)
VALUES ('103005306', FALSE, '14 ו-23');

INSERT INTO questions (question_id, language_id, topic_id, c_grade_id, level, question_text, explanation, interesting_fact)
VALUES ('103005307', 1, 3005, 7, 7, '2', '', '114 ו-125') ON CONFLICT (question_id) DO UPDATE SET language_id = 1 ,topic_id= 3005,c_grade_id =7,level=7,question_text='2',explanation='',interesting_fact='114 ו-125';


INSERT INTO answer_options (question_id, correct_answer, answer_text)
VALUES ('103005307', TRUE, 'בין אילו שני מספרים ניתן למצוא את המספר 24?') ;

INSERT INTO answer_options (question_id, correct_answer, answer_text)
VALUES ('103005307', FALSE, '4 ו-44');

INSERT INTO answer_options (question_id, correct_answer, answer_text)
VALUES ('103005307', FALSE, '4 ו-24');

INSERT INTO answer_options (question_id, correct_answer, answer_text)
VALUES ('103005307', FALSE, '25 ו-34');

INSERT INTO questions (question_id, language_id, topic_id, c_grade_id, level, question_text, explanation, interesting_fact)
VALUES ('103005308', 1, 3005, 8, 8, '2', '', '158 ו-169') ON CONFLICT (question_id) DO UPDATE SET language_id = 1 ,topic_id= 3005,c_grade_id =8,level=8,question_text='2',explanation='',interesting_fact='158 ו-169';


INSERT INTO answer_options (question_id, correct_answer, answer_text)
VALUES ('103005308', TRUE, 'בין אילו שני מספרים ניתן למצוא את המספר 68?') ;

INSERT INTO answer_options (question_id, correct_answer, answer_text)
VALUES ('103005308', FALSE, '48 ו-78');

INSERT INTO answer_options (question_id, correct_answer, answer_text)
VALUES ('103005308', FALSE, '48 ו-68');

INSERT INTO answer_options (question_id, correct_answer, answer_text)
VALUES ('103005308', FALSE, '69 ו-78');

INSERT INTO questions (question_id, language_id, topic_id, c_grade_id, level, question_text, explanation, interesting_fact)
VALUES ('103005309', 1, 3005, 9, 9, '2', '', '176 ו-187') ON CONFLICT (question_id) DO UPDATE SET language_id = 1 ,topic_id= 3005,c_grade_id =9,level=9,question_text='2',explanation='',interesting_fact='176 ו-187';


INSERT INTO answer_options (question_id, correct_answer, answer_text)
VALUES ('103005309', TRUE, 'בין אילו שני מספרים ניתן למצוא את המספר 86?') ;

INSERT INTO answer_options (question_id, correct_answer, answer_text)
VALUES ('103005309', FALSE, '76 ו-116');

INSERT INTO answer_options (question_id, correct_answer, answer_text)
VALUES ('103005309', FALSE, '76 ו-86');

INSERT INTO answer_options (question_id, correct_answer, answer_text)
VALUES ('103005309', FALSE, '87 ו-96');

INSERT INTO questions (question_id, language_id, topic_id, c_grade_id, level, question_text, explanation, interesting_fact)
VALUES ('103005310', 1, 3005, 0, 0, '2', '', '351 ו-362') ON CONFLICT (question_id) DO UPDATE SET language_id = 1 ,topic_id= 3005,c_grade_id =0,level=0,question_text='2',explanation='',interesting_fact='351 ו-362';


INSERT INTO answer_options (question_id, correct_answer, answer_text)
VALUES ('103005310', TRUE, 'בין אילו שני מספרים ניתן למצוא את המספר 261?') ;

INSERT INTO answer_options (question_id, correct_answer, answer_text)
VALUES ('103005310', FALSE, '241 ו-291');

INSERT INTO answer_options (question_id, correct_answer, answer_text)
VALUES ('103005310', FALSE, '241 ו-261');

INSERT INTO answer_options (question_id, correct_answer, answer_text)
VALUES ('103005310', FALSE, '262 ו-271');

INSERT INTO questions (question_id, language_id, topic_id, c_grade_id, level, question_text, explanation, interesting_fact)
VALUES ('103005311', 1, 3005, 1, 1, '2', '', '631 ו-642') ON CONFLICT (question_id) DO UPDATE SET language_id = 1 ,topic_id= 3005,c_grade_id =1,level=1,question_text='2',explanation='',interesting_fact='631 ו-642';


INSERT INTO answer_options (question_id, correct_answer, answer_text)
VALUES ('103005311', TRUE, 'בין אילו שני מספרים ניתן למצוא את המספר 541?') ;

INSERT INTO answer_options (question_id, correct_answer, answer_text)
VALUES ('103005311', FALSE, '531 ו-551');

INSERT INTO answer_options (question_id, correct_answer, answer_text)
VALUES ('103005311', FALSE, '531 ו-541');

INSERT INTO answer_options (question_id, correct_answer, answer_text)
VALUES ('103005311', FALSE, '542 ו-551');

INSERT INTO questions (question_id, language_id, topic_id, c_grade_id, level, question_text, explanation, interesting_fact)
VALUES ('103005312', 1, 3005, 2, 2, '2', '', '752 ו-763') ON CONFLICT (question_id) DO UPDATE SET language_id = 1 ,topic_id= 3005,c_grade_id =2,level=2,question_text='2',explanation='',interesting_fact='752 ו-763';


INSERT INTO answer_options (question_id, correct_answer, answer_text)
VALUES ('103005312', TRUE, 'בין אילו שני מספרים ניתן למצוא את המספר 662?') ;

INSERT INTO answer_options (question_id, correct_answer, answer_text)
VALUES ('103005312', FALSE, '642 ו-692');

INSERT INTO answer_options (question_id, correct_answer, answer_text)
VALUES ('103005312', FALSE, '642 ו-662');

INSERT INTO answer_options (question_id, correct_answer, answer_text)
VALUES ('103005312', FALSE, '663 ו-672');

INSERT INTO questions (question_id, language_id, topic_id, c_grade_id, level, question_text, explanation, interesting_fact)
VALUES ('103005313', 1, 3005, 3, 3, '2', '', '1039 ו-1050') ON CONFLICT (question_id) DO UPDATE SET language_id = 1 ,topic_id= 3005,c_grade_id =3,level=3,question_text='2',explanation='',interesting_fact='1039 ו-1050';


INSERT INTO answer_options (question_id, correct_answer, answer_text)
VALUES ('103005313', TRUE, 'בין אילו שני מספרים ניתן למצוא את המספר 949?') ;

INSERT INTO answer_options (question_id, correct_answer, answer_text)
VALUES ('103005313', FALSE, '939 ו-979');

INSERT INTO answer_options (question_id, correct_answer, answer_text)
VALUES ('103005313', FALSE, '939 ו-949');

INSERT INTO answer_options (question_id, correct_answer, answer_text)
VALUES ('103005313', FALSE, '950 ו-959');

INSERT INTO questions (question_id, language_id, topic_id, c_grade_id, level, question_text, explanation, interesting_fact)
VALUES ('103005314', 1, 3005, 4, 4, '2', '', '100') ON CONFLICT (question_id) DO UPDATE SET language_id = 1 ,topic_id= 3005,c_grade_id =4,level=4,question_text='2',explanation='',interesting_fact='100';


INSERT INTO answer_options (question_id, correct_answer, answer_text)
VALUES ('103005314', TRUE, 'מלאו לפי הרצף המתאים: 15, 25, __, 45, 55.') ;

INSERT INTO answer_options (question_id, correct_answer, answer_text)
VALUES ('103005314', FALSE, '35');

INSERT INTO answer_options (question_id, correct_answer, answer_text)
VALUES ('103005314', FALSE, '25');

INSERT INTO answer_options (question_id, correct_answer, answer_text)
VALUES ('103005314', FALSE, '45');

INSERT INTO questions (question_id, language_id, topic_id, c_grade_id, level, question_text, explanation, interesting_fact)
VALUES ('103005315', 1, 3005, 5, 5, '2', '', '10') ON CONFLICT (question_id) DO UPDATE SET language_id = 1 ,topic_id= 3005,c_grade_id =5,level=5,question_text='2',explanation='',interesting_fact='10';


INSERT INTO answer_options (question_id, correct_answer, answer_text)
VALUES ('103005315', TRUE, 'מלאו לפי הרצף המתאים: 32, 42, __, 62, 72.') ;

INSERT INTO answer_options (question_id, correct_answer, answer_text)
VALUES ('103005315', FALSE, '52');

INSERT INTO answer_options (question_id, correct_answer, answer_text)
VALUES ('103005315', FALSE, '42');

INSERT INTO answer_options (question_id, correct_answer, answer_text)
VALUES ('103005315', FALSE, '62');

INSERT INTO questions (question_id, language_id, topic_id, c_grade_id, level, question_text, explanation, interesting_fact)
VALUES ('103005316', 1, 3005, 6, 6, '2', '', '10') ON CONFLICT (question_id) DO UPDATE SET language_id = 1 ,topic_id= 3005,c_grade_id =6,level=6,question_text='2',explanation='',interesting_fact='10';


INSERT INTO answer_options (question_id, correct_answer, answer_text)
VALUES ('103005316', TRUE, 'מלאו לפי הרצף המתאים: 7, 17, __, 37, 47.') ;

INSERT INTO answer_options (question_id, correct_answer, answer_text)
VALUES ('103005316', FALSE, '27');

INSERT INTO answer_options (question_id, correct_answer, answer_text)
VALUES ('103005316', FALSE, '17');

INSERT INTO answer_options (question_id, correct_answer, answer_text)
VALUES ('103005316', FALSE, '37');

INSERT INTO questions (question_id, language_id, topic_id, c_grade_id, level, question_text, explanation, interesting_fact)
VALUES ('103005317', 1, 3005, 7, 7, '2', '', '10') ON CONFLICT (question_id) DO UPDATE SET language_id = 1 ,topic_id= 3005,c_grade_id =7,level=7,question_text='2',explanation='',interesting_fact='10';


INSERT INTO answer_options (question_id, correct_answer, answer_text)
VALUES ('103005317', TRUE, 'מלאו לפי הרצף המתאים: 86, 96, __, 116, 126.') ;

INSERT INTO answer_options (question_id, correct_answer, answer_text)
VALUES ('103005317', FALSE, '106');

INSERT INTO answer_options (question_id, correct_answer, answer_text)
VALUES ('103005317', FALSE, '96');

INSERT INTO answer_options (question_id, correct_answer, answer_text)
VALUES ('103005317', FALSE, '116');

INSERT INTO questions (question_id, language_id, topic_id, c_grade_id, level, question_text, explanation, interesting_fact)
VALUES ('103005318', 1, 3005, 8, 8, '2', '', '100') ON CONFLICT (question_id) DO UPDATE SET language_id = 1 ,topic_id= 3005,c_grade_id =8,level=8,question_text='2',explanation='',interesting_fact='100';


INSERT INTO answer_options (question_id, correct_answer, answer_text)
VALUES ('103005318', TRUE, 'מלאו לפי הרצף המתאים: 260, 270, __, 290, 300.') ;

INSERT INTO answer_options (question_id, correct_answer, answer_text)
VALUES ('103005318', FALSE, '280');

INSERT INTO answer_options (question_id, correct_answer, answer_text)
VALUES ('103005318', FALSE, '275');

INSERT INTO answer_options (question_id, correct_answer, answer_text)
VALUES ('103005318', FALSE, '290');

INSERT INTO questions (question_id, language_id, topic_id, c_grade_id, level, question_text, explanation, interesting_fact)
VALUES ('103005319', 1, 3005, 9, 9, '2', '', '100') ON CONFLICT (question_id) DO UPDATE SET language_id = 1 ,topic_id= 3005,c_grade_id =9,level=9,question_text='2',explanation='',interesting_fact='100';


INSERT INTO answer_options (question_id, correct_answer, answer_text)
VALUES ('103005319', TRUE, 'מלאו לפי הרצף המתאים: 758, 858, __, 1058') ;

INSERT INTO answer_options (question_id, correct_answer, answer_text)
VALUES ('103005319', FALSE, '958');

INSERT INTO answer_options (question_id, correct_answer, answer_text)
VALUES ('103005319', FALSE, '868');

INSERT INTO answer_options (question_id, correct_answer, answer_text)
VALUES ('103005319', FALSE, '968');

INSERT INTO questions (question_id, language_id, topic_id, c_grade_id, level, question_text, explanation, interesting_fact)
VALUES ('103005320', 1, 3005, 0, 0, '2', '', '100') ON CONFLICT (question_id) DO UPDATE SET language_id = 1 ,topic_id= 3005,c_grade_id =0,level=0,question_text='2',explanation='',interesting_fact='100';


INSERT INTO answer_options (question_id, correct_answer, answer_text)
VALUES ('103005320', TRUE, 'מלאו לפי הרצף המתאים: 1520, 1620, __, 1820, 1920.') ;

INSERT INTO answer_options (question_id, correct_answer, answer_text)
VALUES ('103005320', FALSE, '1720');

INSERT INTO answer_options (question_id, correct_answer, answer_text)
VALUES ('103005320', FALSE, '1700');

INSERT INTO answer_options (question_id, correct_answer, answer_text)
VALUES ('103005320', FALSE, '1800');

INSERT INTO questions (question_id, language_id, topic_id, c_grade_id, level, question_text, explanation, interesting_fact)
VALUES ('103007101', 1, 3007, 1, 1, '1', '', '35') ON CONFLICT (question_id) DO UPDATE SET language_id = 1 ,topic_id= 3007,c_grade_id =1,level=1,question_text='1',explanation='',interesting_fact='35';


INSERT INTO answer_options (question_id, correct_answer, answer_text)
VALUES ('103007101', TRUE, 'עגלו למטה את המספר 25 לכפולה הקרובה ביותר של עשר') ;

INSERT INTO answer_options (question_id, correct_answer, answer_text)
VALUES ('103007101', FALSE, '20');

INSERT INTO answer_options (question_id, correct_answer, answer_text)
VALUES ('103007101', FALSE, '30');

INSERT INTO answer_options (question_id, correct_answer, answer_text)
VALUES ('103007101', FALSE, '0');

INSERT INTO questions (question_id, language_id, topic_id, c_grade_id, level, question_text, explanation, interesting_fact)
VALUES ('103007102', 1, 3007, 2, 2, '1', '', '16') ON CONFLICT (question_id) DO UPDATE SET language_id = 1 ,topic_id= 3007,c_grade_id =2,level=2,question_text='1',explanation='',interesting_fact='16';


INSERT INTO answer_options (question_id, correct_answer, answer_text)
VALUES ('103007102', TRUE, 'עגלו למטה את המספר 6 לכפולה הקרובה ביותר של עשר') ;

INSERT INTO answer_options (question_id, correct_answer, answer_text)
VALUES ('103007102', FALSE, '0');

INSERT INTO answer_options (question_id, correct_answer, answer_text)
VALUES ('103007102', FALSE, '10');

INSERT INTO answer_options (question_id, correct_answer, answer_text)
VALUES ('103007102', FALSE, '0');

INSERT INTO questions (question_id, language_id, topic_id, c_grade_id, level, question_text, explanation, interesting_fact)
VALUES ('103007103', 1, 3007, 3, 3, '1', '', '794') ON CONFLICT (question_id) DO UPDATE SET language_id = 1 ,topic_id= 3007,c_grade_id =3,level=3,question_text='1',explanation='',interesting_fact='794';


INSERT INTO answer_options (question_id, correct_answer, answer_text)
VALUES ('103007103', TRUE, 'עגלו למטה את המספר 784 לכפולה הקרובה ביותר של עשר') ;

INSERT INTO answer_options (question_id, correct_answer, answer_text)
VALUES ('103007103', FALSE, '780');

INSERT INTO answer_options (question_id, correct_answer, answer_text)
VALUES ('103007103', FALSE, '790');

INSERT INTO answer_options (question_id, correct_answer, answer_text)
VALUES ('103007103', FALSE, '700');

INSERT INTO questions (question_id, language_id, topic_id, c_grade_id, level, question_text, explanation, interesting_fact)
VALUES ('103007104', 1, 3007, 4, 4, '1', '', '156') ON CONFLICT (question_id) DO UPDATE SET language_id = 1 ,topic_id= 3007,c_grade_id =4,level=4,question_text='1',explanation='',interesting_fact='156';


INSERT INTO answer_options (question_id, correct_answer, answer_text)
VALUES ('103007104', TRUE, 'עגלו למטה את המספר 146 לכפולה הקרובה ביותר של עשר') ;

INSERT INTO answer_options (question_id, correct_answer, answer_text)
VALUES ('103007104', FALSE, '140');

INSERT INTO answer_options (question_id, correct_answer, answer_text)
VALUES ('103007104', FALSE, '150');

INSERT INTO answer_options (question_id, correct_answer, answer_text)
VALUES ('103007104', FALSE, '100');

INSERT INTO questions (question_id, language_id, topic_id, c_grade_id, level, question_text, explanation, interesting_fact)
VALUES ('103007105', 1, 3007, 5, 5, '1', '', '9466') ON CONFLICT (question_id) DO UPDATE SET language_id = 1 ,topic_id= 3007,c_grade_id =5,level=5,question_text='1',explanation='',interesting_fact='9466';


INSERT INTO answer_options (question_id, correct_answer, answer_text)
VALUES ('103007105', TRUE, 'עגלו למטה את המספר 9456 לכפולה הקרובה ביותר של עשר') ;

INSERT INTO answer_options (question_id, correct_answer, answer_text)
VALUES ('103007105', FALSE, '9450');

INSERT INTO answer_options (question_id, correct_answer, answer_text)
VALUES ('103007105', FALSE, '9460');

INSERT INTO answer_options (question_id, correct_answer, answer_text)
VALUES ('103007105', FALSE, '9400');

INSERT INTO questions (question_id, language_id, topic_id, c_grade_id, level, question_text, explanation, interesting_fact)
VALUES ('103007106', 1, 3007, 6, 6, '1', '', '8663') ON CONFLICT (question_id) DO UPDATE SET language_id = 1 ,topic_id= 3007,c_grade_id =6,level=6,question_text='1',explanation='',interesting_fact='8663';


INSERT INTO answer_options (question_id, correct_answer, answer_text)
VALUES ('103007106', TRUE, 'עגלו למטה את המספר 8653 לכפולה הקרובה ביותר של עשר') ;

INSERT INTO answer_options (question_id, correct_answer, answer_text)
VALUES ('103007106', FALSE, '8650');

INSERT INTO answer_options (question_id, correct_answer, answer_text)
VALUES ('103007106', FALSE, '8660');

INSERT INTO answer_options (question_id, correct_answer, answer_text)
VALUES ('103007106', FALSE, '8600');

INSERT INTO questions (question_id, language_id, topic_id, c_grade_id, level, question_text, explanation, interesting_fact)
VALUES ('103007107', 1, 3007, 7, 7, '1', '', '703') ON CONFLICT (question_id) DO UPDATE SET language_id = 1 ,topic_id= 3007,c_grade_id =7,level=7,question_text='1',explanation='',interesting_fact='703';


INSERT INTO answer_options (question_id, correct_answer, answer_text)
VALUES ('103007107', TRUE, 'עגלו למטה את המספר 693 לכפולה הקרובה ביותר של מאה') ;

INSERT INTO answer_options (question_id, correct_answer, answer_text)
VALUES ('103007107', FALSE, '600');

INSERT INTO answer_options (question_id, correct_answer, answer_text)
VALUES ('103007107', FALSE, '690');

INSERT INTO answer_options (question_id, correct_answer, answer_text)
VALUES ('103007107', FALSE, '0');

INSERT INTO questions (question_id, language_id, topic_id, c_grade_id, level, question_text, explanation, interesting_fact)
VALUES ('103007108', 1, 3007, 8, 8, '1', '', '78') ON CONFLICT (question_id) DO UPDATE SET language_id = 1 ,topic_id= 3007,c_grade_id =8,level=8,question_text='1',explanation='',interesting_fact='78';


INSERT INTO answer_options (question_id, correct_answer, answer_text)
VALUES ('103007108', TRUE, 'עגלו למטה את המספר 68 לכפולה הקרובה ביותר של מאה') ;

INSERT INTO answer_options (question_id, correct_answer, answer_text)
VALUES ('103007108', FALSE, '0');

INSERT INTO answer_options (question_id, correct_answer, answer_text)
VALUES ('103007108', FALSE, '60');

INSERT INTO answer_options (question_id, correct_answer, answer_text)
VALUES ('103007108', FALSE, '160');

INSERT INTO questions (question_id, language_id, topic_id, c_grade_id, level, question_text, explanation, interesting_fact)
VALUES ('103007109', 1, 3007, 9, 9, '1', '', '5382') ON CONFLICT (question_id) DO UPDATE SET language_id = 1 ,topic_id= 3007,c_grade_id =9,level=9,question_text='1',explanation='',interesting_fact='5382';


INSERT INTO answer_options (question_id, correct_answer, answer_text)
VALUES ('103007109', TRUE, 'עגלו למטה את המספר 5372 לכפולה הקרובה ביותר של מאה') ;

INSERT INTO answer_options (question_id, correct_answer, answer_text)
VALUES ('103007109', FALSE, '5300');

INSERT INTO answer_options (question_id, correct_answer, answer_text)
VALUES ('103007109', FALSE, '5370');

INSERT INTO answer_options (question_id, correct_answer, answer_text)
VALUES ('103007109', FALSE, '5000');

INSERT INTO questions (question_id, language_id, topic_id, c_grade_id, level, question_text, explanation, interesting_fact)
VALUES ('103007110', 1, 3007, 0, 0, '1', '', '8454') ON CONFLICT (question_id) DO UPDATE SET language_id = 1 ,topic_id= 3007,c_grade_id =0,level=0,question_text='1',explanation='',interesting_fact='8454';


INSERT INTO answer_options (question_id, correct_answer, answer_text)
VALUES ('103007110', TRUE, 'עגלו למטה את המספר 8444 לכפולה הקרובה ביותר של מאה') ;

INSERT INTO answer_options (question_id, correct_answer, answer_text)
VALUES ('103007110', FALSE, '8400');

INSERT INTO answer_options (question_id, correct_answer, answer_text)
VALUES ('103007110', FALSE, '8440');

INSERT INTO answer_options (question_id, correct_answer, answer_text)
VALUES ('103007110', FALSE, '8000');

INSERT INTO questions (question_id, language_id, topic_id, c_grade_id, level, question_text, explanation, interesting_fact)
VALUES ('103007111', 1, 3007, 1, 1, '1', '', '8895') ON CONFLICT (question_id) DO UPDATE SET language_id = 1 ,topic_id= 3007,c_grade_id =1,level=1,question_text='1',explanation='',interesting_fact='8895';


INSERT INTO answer_options (question_id, correct_answer, answer_text)
VALUES ('103007111', TRUE, 'עגלו למטה את המספר 8885 לכפולה הקרובה ביותר של מאה') ;

INSERT INTO answer_options (question_id, correct_answer, answer_text)
VALUES ('103007111', FALSE, '8800');

INSERT INTO answer_options (question_id, correct_answer, answer_text)
VALUES ('103007111', FALSE, '8880');

INSERT INTO answer_options (question_id, correct_answer, answer_text)
VALUES ('103007111', FALSE, '8000');

INSERT INTO questions (question_id, language_id, topic_id, c_grade_id, level, question_text, explanation, interesting_fact)
VALUES ('103007112', 1, 3007, 2, 2, '1', '', '4726') ON CONFLICT (question_id) DO UPDATE SET language_id = 1 ,topic_id= 3007,c_grade_id =2,level=2,question_text='1',explanation='',interesting_fact='4726';


INSERT INTO answer_options (question_id, correct_answer, answer_text)
VALUES ('103007112', TRUE, 'עגלו למטה את המספר 4716 לכפולה הקרובה ביותר של אלף') ;

INSERT INTO answer_options (question_id, correct_answer, answer_text)
VALUES ('103007112', FALSE, '4000');

INSERT INTO answer_options (question_id, correct_answer, answer_text)
VALUES ('103007112', FALSE, '4710');

INSERT INTO answer_options (question_id, correct_answer, answer_text)
VALUES ('103007112', FALSE, '4700');

INSERT INTO questions (question_id, language_id, topic_id, c_grade_id, level, question_text, explanation, interesting_fact)
VALUES ('103007113', 1, 3007, 3, 3, '1', '', '6232') ON CONFLICT (question_id) DO UPDATE SET language_id = 1 ,topic_id= 3007,c_grade_id =3,level=3,question_text='1',explanation='',interesting_fact='6232';


INSERT INTO answer_options (question_id, correct_answer, answer_text)
VALUES ('103007113', TRUE, 'עגלו למטה את המספר 6222 לכפולה הקרובה ביותר של אלף') ;

INSERT INTO answer_options (question_id, correct_answer, answer_text)
VALUES ('103007113', FALSE, '6000');

INSERT INTO answer_options (question_id, correct_answer, answer_text)
VALUES ('103007113', FALSE, '6220');

INSERT INTO answer_options (question_id, correct_answer, answer_text)
VALUES ('103007113', FALSE, '6200');

INSERT INTO questions (question_id, language_id, topic_id, c_grade_id, level, question_text, explanation, interesting_fact)
VALUES ('103007114', 1, 3007, 4, 4, '1', '', '1516') ON CONFLICT (question_id) DO UPDATE SET language_id = 1 ,topic_id= 3007,c_grade_id =4,level=4,question_text='1',explanation='',interesting_fact='1516';


INSERT INTO answer_options (question_id, correct_answer, answer_text)
VALUES ('103007114', TRUE, 'עגלו למטה את המספר 1506 לכפולה הקרובה ביותר של אלף') ;

INSERT INTO answer_options (question_id, correct_answer, answer_text)
VALUES ('103007114', FALSE, '1000');

INSERT INTO answer_options (question_id, correct_answer, answer_text)
VALUES ('103007114', FALSE, '1500');

INSERT INTO answer_options (question_id, correct_answer, answer_text)
VALUES ('103007114', FALSE, '1510');

INSERT INTO questions (question_id, language_id, topic_id, c_grade_id, level, question_text, explanation, interesting_fact)
VALUES ('103007115', 1, 3007, 5, 5, '1', '', '881') ON CONFLICT (question_id) DO UPDATE SET language_id = 1 ,topic_id= 3007,c_grade_id =5,level=5,question_text='1',explanation='',interesting_fact='881';


INSERT INTO answer_options (question_id, correct_answer, answer_text)
VALUES ('103007115', TRUE, 'עגלו למטה את המספר 871 לכפולה הקרובה ביותר של אלף') ;

INSERT INTO answer_options (question_id, correct_answer, answer_text)
VALUES ('103007115', FALSE, '0');

INSERT INTO answer_options (question_id, correct_answer, answer_text)
VALUES ('103007115', FALSE, '870');

INSERT INTO answer_options (question_id, correct_answer, answer_text)
VALUES ('103007115', FALSE, '800');

INSERT INTO questions (question_id, language_id, topic_id, c_grade_id, level, question_text, explanation, interesting_fact)
VALUES ('103007116', 1, 3007, 6, 6, '1', '', '8583') ON CONFLICT (question_id) DO UPDATE SET language_id = 1 ,topic_id= 3007,c_grade_id =6,level=6,question_text='1',explanation='',interesting_fact='8583';


INSERT INTO answer_options (question_id, correct_answer, answer_text)
VALUES ('103007116', TRUE, 'עגלו למטה את המספר 8573 לכפולה הקרובה ביותר של אלף') ;

INSERT INTO answer_options (question_id, correct_answer, answer_text)
VALUES ('103007116', FALSE, '8000');

INSERT INTO answer_options (question_id, correct_answer, answer_text)
VALUES ('103007116', FALSE, '8570');

INSERT INTO answer_options (question_id, correct_answer, answer_text)
VALUES ('103007116', FALSE, '8500');

INSERT INTO questions (question_id, language_id, topic_id, c_grade_id, level, question_text, explanation, interesting_fact)
VALUES ('103007117', 1, 3007, 7, 7, '1', '', '552') ON CONFLICT (question_id) DO UPDATE SET language_id = 1 ,topic_id= 3007,c_grade_id =7,level=7,question_text='1',explanation='',interesting_fact='552';


INSERT INTO answer_options (question_id, correct_answer, answer_text)
VALUES ('103007117', TRUE, 'עגלו למטה את המספר 542 לכפולה הקרובה ביותר של אלף') ;

INSERT INTO answer_options (question_id, correct_answer, answer_text)
VALUES ('103007117', FALSE, '0');

INSERT INTO answer_options (question_id, correct_answer, answer_text)
VALUES ('103007117', FALSE, '540');

INSERT INTO answer_options (question_id, correct_answer, answer_text)
VALUES ('103007117', FALSE, '500');

INSERT INTO questions (question_id, language_id, topic_id, c_grade_id, level, question_text, explanation, interesting_fact)
VALUES ('103007118', 1, 3007, 8, 8, '1', '', '7744') ON CONFLICT (question_id) DO UPDATE SET language_id = 1 ,topic_id= 3007,c_grade_id =8,level=8,question_text='1',explanation='',interesting_fact='7744';


INSERT INTO answer_options (question_id, correct_answer, answer_text)
VALUES ('103007118', TRUE, 'עגלו למטה את המספר 7734 לכפולה הקרובה ביותר של אלף') ;

INSERT INTO answer_options (question_id, correct_answer, answer_text)
VALUES ('103007118', FALSE, '7000');

INSERT INTO answer_options (question_id, correct_answer, answer_text)
VALUES ('103007118', FALSE, '7730');

INSERT INTO answer_options (question_id, correct_answer, answer_text)
VALUES ('103007118', FALSE, '7700');

INSERT INTO questions (question_id, language_id, topic_id, c_grade_id, level, question_text, explanation, interesting_fact)
VALUES ('103007119', 1, 3007, 9, 9, '2', '', '1326') ON CONFLICT (question_id) DO UPDATE SET language_id = 1 ,topic_id= 3007,c_grade_id =9,level=9,question_text='2',explanation='',interesting_fact='1326';


INSERT INTO answer_options (question_id, correct_answer, answer_text)
VALUES ('103007119', TRUE, 'איזה כמהמספרים הבאים מתעגל מטה ל-1310 כאשר הוא מעוגל לכפולה הקרובה ביותר של עשר?') ;

INSERT INTO answer_options (question_id, correct_answer, answer_text)
VALUES ('103007119', FALSE, '1316');

INSERT INTO answer_options (question_id, correct_answer, answer_text)
VALUES ('103007119', FALSE, '1309');

INSERT INTO answer_options (question_id, correct_answer, answer_text)
VALUES ('103007119', FALSE, '1300');

INSERT INTO questions (question_id, language_id, topic_id, c_grade_id, level, question_text, explanation, interesting_fact)
VALUES ('103007120', 1, 3007, 0, 0, '2', '', '435') ON CONFLICT (question_id) DO UPDATE SET language_id = 1 ,topic_id= 3007,c_grade_id =0,level=0,question_text='2',explanation='',interesting_fact='435';


INSERT INTO answer_options (question_id, correct_answer, answer_text)
VALUES ('103007120', TRUE, 'תוך כדי עיגול כלפי מטה לכפולה הקרובה ביותר של עשר, איזה כמהבאים מתעגל ל-420?') ;

INSERT INTO answer_options (question_id, correct_answer, answer_text)
VALUES ('103007120', FALSE, '425');

INSERT INTO answer_options (question_id, correct_answer, answer_text)
VALUES ('103007120', FALSE, '419');

INSERT INTO answer_options (question_id, correct_answer, answer_text)
VALUES ('103007120', FALSE, '400');

INSERT INTO questions (question_id, language_id, topic_id, c_grade_id, level, question_text, explanation, interesting_fact)
VALUES ('103007201', 1, 3007, 1, 1, '2', '', '6711') ON CONFLICT (question_id) DO UPDATE SET language_id = 1 ,topic_id= 3007,c_grade_id =1,level=1,question_text='2',explanation='',interesting_fact='6711';


INSERT INTO answer_options (question_id, correct_answer, answer_text)
VALUES ('103007201', TRUE, 'תוך כדי עיגול כלפי מטה לכפולה הקרובה ביותר של עשר, איזה כמהבאים מתעגל ל-6700?') ;

INSERT INTO answer_options (question_id, correct_answer, answer_text)
VALUES ('103007201', FALSE, '6701');

INSERT INTO answer_options (question_id, correct_answer, answer_text)
VALUES ('103007201', FALSE, '6699');

INSERT INTO answer_options (question_id, correct_answer, answer_text)
VALUES ('103007201', FALSE, '6700');

INSERT INTO questions (question_id, language_id, topic_id, c_grade_id, level, question_text, explanation, interesting_fact)
VALUES ('103007202', 1, 3007, 2, 2, '2', '', '4616') ON CONFLICT (question_id) DO UPDATE SET language_id = 1 ,topic_id= 3007,c_grade_id =2,level=2,question_text='2',explanation='',interesting_fact='4616';


INSERT INTO answer_options (question_id, correct_answer, answer_text)
VALUES ('103007202', TRUE, 'תוך כדי עיגול כלפי מטה לכפולה הקרובה ביותר של עשר, איזה כמהבאים מתעגל ל-4600?') ;

INSERT INTO answer_options (question_id, correct_answer, answer_text)
VALUES ('103007202', FALSE, '4606');

INSERT INTO answer_options (question_id, correct_answer, answer_text)
VALUES ('103007202', FALSE, '4599');

INSERT INTO answer_options (question_id, correct_answer, answer_text)
VALUES ('103007202', FALSE, '4600');

INSERT INTO questions (question_id, language_id, topic_id, c_grade_id, level, question_text, explanation, interesting_fact)
VALUES ('103007203', 1, 3007, 3, 3, '2', '', '358') ON CONFLICT (question_id) DO UPDATE SET language_id = 1 ,topic_id= 3007,c_grade_id =3,level=3,question_text='2',explanation='',interesting_fact='358';


INSERT INTO answer_options (question_id, correct_answer, answer_text)
VALUES ('103007203', TRUE, 'תוך כדי עיגול כלפי מטה לכפולה הקרובה ביותר של מאה, איזה כמהבאים מתעגל ל-300?') ;

INSERT INTO answer_options (question_id, correct_answer, answer_text)
VALUES ('103007203', FALSE, '348');

INSERT INTO answer_options (question_id, correct_answer, answer_text)
VALUES ('103007203', FALSE, '339');

INSERT INTO answer_options (question_id, correct_answer, answer_text)
VALUES ('103007203', FALSE, '300');

INSERT INTO questions (question_id, language_id, topic_id, c_grade_id, level, question_text, explanation, interesting_fact)
VALUES ('103007204', 1, 3007, 4, 4, '2', '', '978') ON CONFLICT (question_id) DO UPDATE SET language_id = 1 ,topic_id= 3007,c_grade_id =4,level=4,question_text='2',explanation='',interesting_fact='978';


INSERT INTO answer_options (question_id, correct_answer, answer_text)
VALUES ('103007204', TRUE, 'תוך כדי עיגול כלפי מטה לכפולה הקרובה ביותר של מאה, איזה כמהבאים מתעגל ל-900?') ;

INSERT INTO answer_options (question_id, correct_answer, answer_text)
VALUES ('103007204', FALSE, '968');

INSERT INTO answer_options (question_id, correct_answer, answer_text)
VALUES ('103007204', FALSE, '959');

INSERT INTO answer_options (question_id, correct_answer, answer_text)
VALUES ('103007204', FALSE, '900');

INSERT INTO questions (question_id, language_id, topic_id, c_grade_id, level, question_text, explanation, interesting_fact)
VALUES ('103007205', 1, 3007, 5, 5, '2', '', '1168') ON CONFLICT (question_id) DO UPDATE SET language_id = 1 ,topic_id= 3007,c_grade_id =5,level=5,question_text='2',explanation='',interesting_fact='1168';


INSERT INTO answer_options (question_id, correct_answer, answer_text)
VALUES ('103007205', TRUE, 'תוך כדי עיגול כלפי מטה לכפולה הקרובה ביותר של מאה, איזה כמהבאים מתעגל ל-1100?') ;

INSERT INTO answer_options (question_id, correct_answer, answer_text)
VALUES ('103007205', FALSE, '1158');

INSERT INTO answer_options (question_id, correct_answer, answer_text)
VALUES ('103007205', FALSE, '1149');

INSERT INTO answer_options (question_id, correct_answer, answer_text)
VALUES ('103007205', FALSE, '1100');

INSERT INTO questions (question_id, language_id, topic_id, c_grade_id, level, question_text, explanation, interesting_fact)
VALUES ('103007206', 1, 3007, 6, 6, '2', '', '9306') ON CONFLICT (question_id) DO UPDATE SET language_id = 1 ,topic_id= 3007,c_grade_id =6,level=6,question_text='2',explanation='',interesting_fact='9306';


INSERT INTO answer_options (question_id, correct_answer, answer_text)
VALUES ('103007206', TRUE, 'תוך כדי עיגול כלפי מטה לכפולה הקרובה ביותר של מאה, איזה כמהבאים מתעגל ל-9200?') ;

INSERT INTO answer_options (question_id, correct_answer, answer_text)
VALUES ('103007206', FALSE, '9296');

INSERT INTO answer_options (question_id, correct_answer, answer_text)
VALUES ('103007206', FALSE, '9289');

INSERT INTO answer_options (question_id, correct_answer, answer_text)
VALUES ('103007206', FALSE, '9200');

INSERT INTO questions (question_id, language_id, topic_id, c_grade_id, level, question_text, explanation, interesting_fact)
VALUES ('103007207', 1, 3007, 7, 7, '2', '', '1011') ON CONFLICT (question_id) DO UPDATE SET language_id = 1 ,topic_id= 3007,c_grade_id =7,level=7,question_text='2',explanation='',interesting_fact='1011';


INSERT INTO answer_options (question_id, correct_answer, answer_text)
VALUES ('103007207', TRUE, 'תוך כדי עיגול כלפי מטה לכפולה הקרובה ביותר של מאה, איזה כמהבאים מתעגל ל-1000?') ;

INSERT INTO answer_options (question_id, correct_answer, answer_text)
VALUES ('103007207', FALSE, '1001');

INSERT INTO answer_options (question_id, correct_answer, answer_text)
VALUES ('103007207', FALSE, '999');

INSERT INTO answer_options (question_id, correct_answer, answer_text)
VALUES ('103007207', FALSE, '1000');

INSERT INTO questions (question_id, language_id, topic_id, c_grade_id, level, question_text, explanation, interesting_fact)
VALUES ('103007208', 1, 3007, 8, 8, '2', '', '50') ON CONFLICT (question_id) DO UPDATE SET language_id = 1 ,topic_id= 3007,c_grade_id =8,level=8,question_text='2',explanation='',interesting_fact='50';


INSERT INTO answer_options (question_id, correct_answer, answer_text)
VALUES ('103007208', TRUE, 'איזה מהמספרים הבאים מעוגל לעשרות?') ;

INSERT INTO answer_options (question_id, correct_answer, answer_text)
VALUES ('103007208', FALSE, '30');

INSERT INTO answer_options (question_id, correct_answer, answer_text)
VALUES ('103007208', FALSE, '35');

INSERT INTO answer_options (question_id, correct_answer, answer_text)
VALUES ('103007208', FALSE, '40');

INSERT INTO questions (question_id, language_id, topic_id, c_grade_id, level, question_text, explanation, interesting_fact)
VALUES ('103007209', 1, 3007, 9, 9, '2', '', '1111') ON CONFLICT (question_id) DO UPDATE SET language_id = 1 ,topic_id= 3007,c_grade_id =9,level=9,question_text='2',explanation='',interesting_fact='1111';


INSERT INTO answer_options (question_id, correct_answer, answer_text)
VALUES ('103007209', TRUE, 'איזה מהמספרים הבאים מעוגל למאות?') ;

INSERT INTO answer_options (question_id, correct_answer, answer_text)
VALUES ('103007209', FALSE, '2900');

INSERT INTO answer_options (question_id, correct_answer, answer_text)
VALUES ('103007209', FALSE, '3010');

INSERT INTO answer_options (question_id, correct_answer, answer_text)
VALUES ('103007209', FALSE, '4040');

INSERT INTO questions (question_id, language_id, topic_id, c_grade_id, level, question_text, explanation, interesting_fact)
VALUES ('103007210', 1, 3007, 0, 0, '2', '', '7500') ON CONFLICT (question_id) DO UPDATE SET language_id = 1 ,topic_id= 3007,c_grade_id =0,level=0,question_text='2',explanation='',interesting_fact='7500';


INSERT INTO answer_options (question_id, correct_answer, answer_text)
VALUES ('103007210', TRUE, 'איזה מהמספרים הבאים מעוגל לאלפים?') ;

INSERT INTO answer_options (question_id, correct_answer, answer_text)
VALUES ('103007210', FALSE, '6000');

INSERT INTO answer_options (question_id, correct_answer, answer_text)
VALUES ('103007210', FALSE, '6500');

INSERT INTO answer_options (question_id, correct_answer, answer_text)
VALUES ('103007210', FALSE, '7001');

INSERT INTO questions (question_id, language_id, topic_id, c_grade_id, level, question_text, explanation, interesting_fact)
VALUES ('103007211', 1, 3007, 1, 1, '2', '', '422') ON CONFLICT (question_id) DO UPDATE SET language_id = 1 ,topic_id= 3007,c_grade_id =1,level=1,question_text='2',explanation='',interesting_fact='422';


INSERT INTO answer_options (question_id, correct_answer, answer_text)
VALUES ('103007211', TRUE, 'איזה מהמספרים הבאים מעוגל לעשרות?') ;

INSERT INTO answer_options (question_id, correct_answer, answer_text)
VALUES ('103007211', FALSE, '430');

INSERT INTO answer_options (question_id, correct_answer, answer_text)
VALUES ('103007211', FALSE, '437');

INSERT INTO answer_options (question_id, correct_answer, answer_text)
VALUES ('103007211', FALSE, '425');

INSERT INTO questions (question_id, language_id, topic_id, c_grade_id, level, question_text, explanation, interesting_fact)
VALUES ('103007212', 1, 3007, 2, 2, '2', '', '1499') ON CONFLICT (question_id) DO UPDATE SET language_id = 1 ,topic_id= 3007,c_grade_id =2,level=2,question_text='2',explanation='',interesting_fact='1499';


INSERT INTO answer_options (question_id, correct_answer, answer_text)
VALUES ('103007212', TRUE, 'איזה מהמספרים הבאים מעוגל למאות?') ;

INSERT INTO answer_options (question_id, correct_answer, answer_text)
VALUES ('103007212', FALSE, '1500');

INSERT INTO answer_options (question_id, correct_answer, answer_text)
VALUES ('103007212', FALSE, '1521');

INSERT INTO answer_options (question_id, correct_answer, answer_text)
VALUES ('103007212', FALSE, '1478');

INSERT INTO questions (question_id, language_id, topic_id, c_grade_id, level, question_text, explanation, interesting_fact)
VALUES ('103007213', 1, 3007, 3, 3, '2', '', '5173') ON CONFLICT (question_id) DO UPDATE SET language_id = 1 ,topic_id= 3007,c_grade_id =3,level=3,question_text='2',explanation='',interesting_fact='5173';


INSERT INTO answer_options (question_id, correct_answer, answer_text)
VALUES ('103007213', TRUE, 'איזה מהמספרים הבאים מעוגל לאלף ?') ;

INSERT INTO answer_options (question_id, correct_answer, answer_text)
VALUES ('103007213', FALSE, '5000');

INSERT INTO answer_options (question_id, correct_answer, answer_text)
VALUES ('103007213', FALSE, '4987');

INSERT INTO answer_options (question_id, correct_answer, answer_text)
VALUES ('103007213', FALSE, '5012');

INSERT INTO questions (question_id, language_id, topic_id, c_grade_id, level, question_text, explanation, interesting_fact)
VALUES ('103007214', 1, 3007, 4, 4, '2', '', '732') ON CONFLICT (question_id) DO UPDATE SET language_id = 1 ,topic_id= 3007,c_grade_id =4,level=4,question_text='2',explanation='',interesting_fact='732';


INSERT INTO answer_options (question_id, correct_answer, answer_text)
VALUES ('103007214', TRUE, 'איזה מהמספרים הבאים מעוגל לעשרות?') ;

INSERT INTO answer_options (question_id, correct_answer, answer_text)
VALUES ('103007214', FALSE, '720');

INSERT INTO answer_options (question_id, correct_answer, answer_text)
VALUES ('103007214', FALSE, '705');

INSERT INTO answer_options (question_id, correct_answer, answer_text)
VALUES ('103007214', FALSE, '808');

INSERT INTO questions (question_id, language_id, topic_id, c_grade_id, level, question_text, explanation, interesting_fact)
VALUES ('103007215', 1, 3007, 5, 5, '2', '', '2090') ON CONFLICT (question_id) DO UPDATE SET language_id = 1 ,topic_id= 3007,c_grade_id =5,level=5,question_text='2',explanation='',interesting_fact='2090';


INSERT INTO answer_options (question_id, correct_answer, answer_text)
VALUES ('103007215', TRUE, 'איזה מהמספרים הבאים מעוגל למאות?') ;

INSERT INTO answer_options (question_id, correct_answer, answer_text)
VALUES ('103007215', FALSE, '2900');

INSERT INTO answer_options (question_id, correct_answer, answer_text)
VALUES ('103007215', FALSE, '2880');

INSERT INTO answer_options (question_id, correct_answer, answer_text)
VALUES ('103007215', FALSE, '2099');

INSERT INTO questions (question_id, language_id, topic_id, c_grade_id, level, question_text, explanation, interesting_fact)
VALUES ('103007216', 1, 3007, 6, 6, '2', '', '2015') ON CONFLICT (question_id) DO UPDATE SET language_id = 1 ,topic_id= 3007,c_grade_id =6,level=6,question_text='2',explanation='',interesting_fact='2015';


INSERT INTO answer_options (question_id, correct_answer, answer_text)
VALUES ('103007216', TRUE, 'איזה מהמספרים הבאים מעוגל לאלפים?') ;

INSERT INTO answer_options (question_id, correct_answer, answer_text)
VALUES ('103007216', FALSE, '2000');

INSERT INTO answer_options (question_id, correct_answer, answer_text)
VALUES ('103007216', FALSE, '1100');

INSERT INTO answer_options (question_id, correct_answer, answer_text)
VALUES ('103007216', FALSE, '2001');

INSERT INTO questions (question_id, language_id, topic_id, c_grade_id, level, question_text, explanation, interesting_fact)
VALUES ('103007217', 1, 3007, 7, 7, '2', '', '167') ON CONFLICT (question_id) DO UPDATE SET language_id = 1 ,topic_id= 3007,c_grade_id =7,level=7,question_text='2',explanation='',interesting_fact='167';


INSERT INTO answer_options (question_id, correct_answer, answer_text)
VALUES ('103007217', TRUE, 'איזה מהמספרים הבאים מעוגל לעשרות?') ;

INSERT INTO answer_options (question_id, correct_answer, answer_text)
VALUES ('103007217', FALSE, '160');

INSERT INTO answer_options (question_id, correct_answer, answer_text)
VALUES ('103007217', FALSE, '62');

INSERT INTO answer_options (question_id, correct_answer, answer_text)
VALUES ('103007217', FALSE, '108');

INSERT INTO questions (question_id, language_id, topic_id, c_grade_id, level, question_text, explanation, interesting_fact)
VALUES ('103007218', 1, 3007, 8, 8, '2', '', '3385') ON CONFLICT (question_id) DO UPDATE SET language_id = 1 ,topic_id= 3007,c_grade_id =8,level=8,question_text='2',explanation='',interesting_fact='3385';


INSERT INTO answer_options (question_id, correct_answer, answer_text)
VALUES ('103007218', TRUE, 'איזה מהמספרים הבאים מעוגל למאות?') ;

INSERT INTO answer_options (question_id, correct_answer, answer_text)
VALUES ('103007218', FALSE, '3400');

INSERT INTO answer_options (question_id, correct_answer, answer_text)
VALUES ('103007218', FALSE, '3410');

INSERT INTO answer_options (question_id, correct_answer, answer_text)
VALUES ('103007218', FALSE, '3099');

INSERT INTO questions (question_id, language_id, topic_id, c_grade_id, level, question_text, explanation, interesting_fact)
VALUES ('103007219', 1, 3007, 9, 9, '2', '', '8025') ON CONFLICT (question_id) DO UPDATE SET language_id = 1 ,topic_id= 3007,c_grade_id =9,level=9,question_text='2',explanation='',interesting_fact='8025';


INSERT INTO answer_options (question_id, correct_answer, answer_text)
VALUES ('103007219', TRUE, 'איזה מהמספרים הבאים מעוגל לאלפים?') ;

INSERT INTO answer_options (question_id, correct_answer, answer_text)
VALUES ('103007219', FALSE, '8000');

INSERT INTO answer_options (question_id, correct_answer, answer_text)
VALUES ('103007219', FALSE, '7999');

INSERT INTO answer_options (question_id, correct_answer, answer_text)
VALUES ('103007219', FALSE, '8001');

INSERT INTO questions (question_id, language_id, topic_id, c_grade_id, level, question_text, explanation, interesting_fact)
VALUES ('103007220', 1, 3007, 0, 0, '2', '', '485') ON CONFLICT (question_id) DO UPDATE SET language_id = 1 ,topic_id= 3007,c_grade_id =0,level=0,question_text='2',explanation='',interesting_fact='485';


INSERT INTO answer_options (question_id, correct_answer, answer_text)
VALUES ('103007220', TRUE, 'איזה מהמספרים הבאים מעוגל לעשרות?') ;

INSERT INTO answer_options (question_id, correct_answer, answer_text)
VALUES ('103007220', FALSE, '490');

INSERT INTO answer_options (question_id, correct_answer, answer_text)
VALUES ('103007220', FALSE, '401');

INSERT INTO answer_options (question_id, correct_answer, answer_text)
VALUES ('103007220', FALSE, '555');

INSERT INTO questions (question_id, language_id, topic_id, c_grade_id, level, question_text, explanation, interesting_fact)
VALUES ('103008101', 1, 3008, 1, 1, '1', '', 'כולם נכונים') ON CONFLICT (question_id) DO UPDATE SET language_id = 1 ,topic_id= 3008,c_grade_id =1,level=1,question_text='1',explanation='',interesting_fact='כולם נכונים';


INSERT INTO answer_options (question_id, correct_answer, answer_text)
VALUES ('103008101', TRUE, 'מה הסכום של 4+80+500?') ;

INSERT INTO answer_options (question_id, correct_answer, answer_text)
VALUES ('103008101', FALSE, '584');

INSERT INTO answer_options (question_id, correct_answer, answer_text)
VALUES ('103008101', FALSE, '485');

INSERT INTO answer_options (question_id, correct_answer, answer_text)
VALUES ('103008101', FALSE, '845');

INSERT INTO questions (question_id, language_id, topic_id, c_grade_id, level, question_text, explanation, interesting_fact)
VALUES ('103008102', 1, 3008, 2, 2, '1', '', 'כולם נכונים') ON CONFLICT (question_id) DO UPDATE SET language_id = 1 ,topic_id= 3008,c_grade_id =2,level=2,question_text='1',explanation='',interesting_fact='כולם נכונים';


INSERT INTO answer_options (question_id, correct_answer, answer_text)
VALUES ('103008102', TRUE, 'מה הסכום של 7+10+100?') ;

INSERT INTO answer_options (question_id, correct_answer, answer_text)
VALUES ('103008102', FALSE, '117');

INSERT INTO answer_options (question_id, correct_answer, answer_text)
VALUES ('103008102', FALSE, '711');

INSERT INTO answer_options (question_id, correct_answer, answer_text)
VALUES ('103008102', FALSE, '171');

INSERT INTO questions (question_id, language_id, topic_id, c_grade_id, level, question_text, explanation, interesting_fact)
VALUES ('103008103', 1, 3008, 3, 3, '1', '', 'כולם נכונים') ON CONFLICT (question_id) DO UPDATE SET language_id = 1 ,topic_id= 3008,c_grade_id =3,level=3,question_text='1',explanation='',interesting_fact='כולם נכונים';


INSERT INTO answer_options (question_id, correct_answer, answer_text)
VALUES ('103008103', TRUE, 'מה הסכום של 3+60+700?') ;

INSERT INTO answer_options (question_id, correct_answer, answer_text)
VALUES ('103008103', FALSE, '763');

INSERT INTO answer_options (question_id, correct_answer, answer_text)
VALUES ('103008103', FALSE, '367');

INSERT INTO answer_options (question_id, correct_answer, answer_text)
VALUES ('103008103', FALSE, '637');

INSERT INTO questions (question_id, language_id, topic_id, c_grade_id, level, question_text, explanation, interesting_fact)
VALUES ('103008104', 1, 3008, 4, 4, '1', '', 'כולם נכונים') ON CONFLICT (question_id) DO UPDATE SET language_id = 1 ,topic_id= 3008,c_grade_id =4,level=4,question_text='1',explanation='',interesting_fact='כולם נכונים';


INSERT INTO answer_options (question_id, correct_answer, answer_text)
VALUES ('103008104', TRUE, 'מה הסכום של 6+80+700?') ;

INSERT INTO answer_options (question_id, correct_answer, answer_text)
VALUES ('103008104', FALSE, '786');

INSERT INTO answer_options (question_id, correct_answer, answer_text)
VALUES ('103008104', FALSE, '687');

INSERT INTO answer_options (question_id, correct_answer, answer_text)
VALUES ('103008104', FALSE, '867');

INSERT INTO questions (question_id, language_id, topic_id, c_grade_id, level, question_text, explanation, interesting_fact)
VALUES ('103008105', 1, 3008, 5, 5, '1', '', 'כולם נכונים') ON CONFLICT (question_id) DO UPDATE SET language_id = 1 ,topic_id= 3008,c_grade_id =5,level=5,question_text='1',explanation='',interesting_fact='כולם נכונים';


INSERT INTO answer_options (question_id, correct_answer, answer_text)
VALUES ('103008105', TRUE, 'מה הסכום של 1+10+200?') ;

INSERT INTO answer_options (question_id, correct_answer, answer_text)
VALUES ('103008105', FALSE, '211');

INSERT INTO answer_options (question_id, correct_answer, answer_text)
VALUES ('103008105', FALSE, '112');

INSERT INTO answer_options (question_id, correct_answer, answer_text)
VALUES ('103008105', FALSE, '112');

INSERT INTO questions (question_id, language_id, topic_id, c_grade_id, level, question_text, explanation, interesting_fact)
VALUES ('103008106', 1, 3008, 6, 6, '1', '', 'זה יכול להיות גם וגם') ON CONFLICT (question_id) DO UPDATE SET language_id = 1 ,topic_id= 3008,c_grade_id =6,level=6,question_text='1',explanation='',interesting_fact='זה יכול להיות גם וגם';


INSERT INTO answer_options (question_id, correct_answer, answer_text)
VALUES ('103008106', TRUE, 'מה הסכום של 3+60+500?') ;

INSERT INTO answer_options (question_id, correct_answer, answer_text)
VALUES ('103008106', FALSE, '563');

INSERT INTO answer_options (question_id, correct_answer, answer_text)
VALUES ('103008106', FALSE, '365');

INSERT INTO answer_options (question_id, correct_answer, answer_text)
VALUES ('103008106', FALSE, 'אף אחת מהתשובות אינה נכונה');

INSERT INTO questions (question_id, language_id, topic_id, c_grade_id, level, question_text, explanation, interesting_fact)
VALUES ('103008107', 1, 3008, 7, 7, '1', '', 'זה יכול להיות גם וגם') ON CONFLICT (question_id) DO UPDATE SET language_id = 1 ,topic_id= 3008,c_grade_id =7,level=7,question_text='1',explanation='',interesting_fact='זה יכול להיות גם וגם';


INSERT INTO answer_options (question_id, correct_answer, answer_text)
VALUES ('103008107', TRUE, 'מה הסכום של 4+50+800?') ;

INSERT INTO answer_options (question_id, correct_answer, answer_text)
VALUES ('103008107', FALSE, '854');

INSERT INTO answer_options (question_id, correct_answer, answer_text)
VALUES ('103008107', FALSE, '458');

INSERT INTO answer_options (question_id, correct_answer, answer_text)
VALUES ('103008107', FALSE, 'אף אחת מהתשובות אינה נכונה');

INSERT INTO questions (question_id, language_id, topic_id, c_grade_id, level, question_text, explanation, interesting_fact)
VALUES ('103008108', 1, 3008, 8, 8, '1', '', 'זה יכול להיות גם וגם') ON CONFLICT (question_id) DO UPDATE SET language_id = 1 ,topic_id= 3008,c_grade_id =8,level=8,question_text='1',explanation='',interesting_fact='זה יכול להיות גם וגם';


INSERT INTO answer_options (question_id, correct_answer, answer_text)
VALUES ('103008108', TRUE, 'מה הסכום של 5+10+700?') ;

INSERT INTO answer_options (question_id, correct_answer, answer_text)
VALUES ('103008108', FALSE, '715');

INSERT INTO answer_options (question_id, correct_answer, answer_text)
VALUES ('103008108', FALSE, '517');

INSERT INTO answer_options (question_id, correct_answer, answer_text)
VALUES ('103008108', FALSE, 'אף אחת מהתשובות אינה נכונה');

INSERT INTO questions (question_id, language_id, topic_id, c_grade_id, level, question_text, explanation, interesting_fact)
VALUES ('103008109', 1, 3008, 9, 9, '1', '', 'זה יכול להיות גם וגם') ON CONFLICT (question_id) DO UPDATE SET language_id = 1 ,topic_id= 3008,c_grade_id =9,level=9,question_text='1',explanation='',interesting_fact='זה יכול להיות גם וגם';


INSERT INTO answer_options (question_id, correct_answer, answer_text)
VALUES ('103008109', TRUE, 'מה הסכום של 2+10+600?') ;

INSERT INTO answer_options (question_id, correct_answer, answer_text)
VALUES ('103008109', FALSE, '612');

INSERT INTO answer_options (question_id, correct_answer, answer_text)
VALUES ('103008109', FALSE, '216');

INSERT INTO answer_options (question_id, correct_answer, answer_text)
VALUES ('103008109', FALSE, 'אף אחת מהתשובות אינה נכונה');

INSERT INTO questions (question_id, language_id, topic_id, c_grade_id, level, question_text, explanation, interesting_fact)
VALUES ('103008110', 1, 3008, 0, 0, '1', '', 'זה יכול להיות גם וגם') ON CONFLICT (question_id) DO UPDATE SET language_id = 1 ,topic_id= 3008,c_grade_id =0,level=0,question_text='1',explanation='',interesting_fact='זה יכול להיות גם וגם';


INSERT INTO answer_options (question_id, correct_answer, answer_text)
VALUES ('103008110', TRUE, 'מה הסכום של 1+90+600?') ;

INSERT INTO answer_options (question_id, correct_answer, answer_text)
VALUES ('103008110', FALSE, '691');

INSERT INTO answer_options (question_id, correct_answer, answer_text)
VALUES ('103008110', FALSE, '196');

INSERT INTO answer_options (question_id, correct_answer, answer_text)
VALUES ('103008110', FALSE, 'אף אחת מהתשובות אינה נכונה');

INSERT INTO questions (question_id, language_id, topic_id, c_grade_id, level, question_text, explanation, interesting_fact)
VALUES ('103008111', 1, 3008, 1, 1, '1', '', 'זה יכול להיות גם וגם') ON CONFLICT (question_id) DO UPDATE SET language_id = 1 ,topic_id= 3008,c_grade_id =1,level=1,question_text='1',explanation='',interesting_fact='זה יכול להיות גם וגם';


INSERT INTO answer_options (question_id, correct_answer, answer_text)
VALUES ('103008111', TRUE, 'מה הסכום של 8+20+700?') ;

INSERT INTO answer_options (question_id, correct_answer, answer_text)
VALUES ('103008111', FALSE, 'אף אחת מהתשובות אינה נכונה');

INSERT INTO answer_options (question_id, correct_answer, answer_text)
VALUES ('103008111', FALSE, '827');

INSERT INTO answer_options (question_id, correct_answer, answer_text)
VALUES ('103008111', FALSE, '278');

INSERT INTO questions (question_id, language_id, topic_id, c_grade_id, level, question_text, explanation, interesting_fact)
VALUES ('103008112', 1, 3008, 2, 2, '1', '', 'זה יכול להיות גם וגם') ON CONFLICT (question_id) DO UPDATE SET language_id = 1 ,topic_id= 3008,c_grade_id =2,level=2,question_text='1',explanation='',interesting_fact='זה יכול להיות גם וגם';


INSERT INTO answer_options (question_id, correct_answer, answer_text)
VALUES ('103008112', TRUE, 'מה הסכום של 8+50+300?') ;

INSERT INTO answer_options (question_id, correct_answer, answer_text)
VALUES ('103008112', FALSE, 'אף אחת מהתשובות אינה נכונה');

INSERT INTO answer_options (question_id, correct_answer, answer_text)
VALUES ('103008112', FALSE, '853');

INSERT INTO answer_options (question_id, correct_answer, answer_text)
VALUES ('103008112', FALSE, '538');

INSERT INTO questions (question_id, language_id, topic_id, c_grade_id, level, question_text, explanation, interesting_fact)
VALUES ('103008113', 1, 3008, 3, 3, '1', '', 'זה יכול להיות גם וגם') ON CONFLICT (question_id) DO UPDATE SET language_id = 1 ,topic_id= 3008,c_grade_id =3,level=3,question_text='1',explanation='',interesting_fact='זה יכול להיות גם וגם';


INSERT INTO answer_options (question_id, correct_answer, answer_text)
VALUES ('103008113', TRUE, 'מה הסכום של 2+20+900?') ;

INSERT INTO answer_options (question_id, correct_answer, answer_text)
VALUES ('103008113', FALSE, 'אף אחת מהתשובות אינה נכונה');

INSERT INTO answer_options (question_id, correct_answer, answer_text)
VALUES ('103008113', FALSE, '229');

INSERT INTO answer_options (question_id, correct_answer, answer_text)
VALUES ('103008113', FALSE, '292');

INSERT INTO questions (question_id, language_id, topic_id, c_grade_id, level, question_text, explanation, interesting_fact)
VALUES ('103008114', 1, 3008, 4, 4, '1', '', 'זה יכול להיות גם וגם') ON CONFLICT (question_id) DO UPDATE SET language_id = 1 ,topic_id= 3008,c_grade_id =4,level=4,question_text='1',explanation='',interesting_fact='זה יכול להיות גם וגם';


INSERT INTO answer_options (question_id, correct_answer, answer_text)
VALUES ('103008114', TRUE, 'מה הסכום של 7+30+500?') ;

INSERT INTO answer_options (question_id, correct_answer, answer_text)
VALUES ('103008114', FALSE, 'אף אחת מהתשובות אינה נכונה');

INSERT INTO answer_options (question_id, correct_answer, answer_text)
VALUES ('103008114', FALSE, '735');

INSERT INTO answer_options (question_id, correct_answer, answer_text)
VALUES ('103008114', FALSE, '357');

INSERT INTO questions (question_id, language_id, topic_id, c_grade_id, level, question_text, explanation, interesting_fact)
VALUES ('103008115', 1, 3008, 5, 5, '1', '', '10') ON CONFLICT (question_id) DO UPDATE SET language_id = 1 ,topic_id= 3008,c_grade_id =5,level=5,question_text='1',explanation='',interesting_fact='10';


INSERT INTO answer_options (question_id, correct_answer, answer_text)
VALUES ('103008115', TRUE, '281 + 10 = ?') ;

INSERT INTO answer_options (question_id, correct_answer, answer_text)
VALUES ('103008115', FALSE, '291');

INSERT INTO answer_options (question_id, correct_answer, answer_text)
VALUES ('103008115', FALSE, '282');

INSERT INTO answer_options (question_id, correct_answer, answer_text)
VALUES ('103008115', FALSE, '292');

INSERT INTO questions (question_id, language_id, topic_id, c_grade_id, level, question_text, explanation, interesting_fact)
VALUES ('103008116', 1, 3008, 6, 6, '1', '', '20') ON CONFLICT (question_id) DO UPDATE SET language_id = 1 ,topic_id= 3008,c_grade_id =6,level=6,question_text='1',explanation='',interesting_fact='20';


INSERT INTO answer_options (question_id, correct_answer, answer_text)
VALUES ('103008116', TRUE, '313 + 20 = ?') ;

INSERT INTO answer_options (question_id, correct_answer, answer_text)
VALUES ('103008116', FALSE, '333');

INSERT INTO answer_options (question_id, correct_answer, answer_text)
VALUES ('103008116', FALSE, '315');

INSERT INTO answer_options (question_id, correct_answer, answer_text)
VALUES ('103008116', FALSE, '334');

INSERT INTO questions (question_id, language_id, topic_id, c_grade_id, level, question_text, explanation, interesting_fact)
VALUES ('103008117', 1, 3008, 7, 7, '1', '', '10') ON CONFLICT (question_id) DO UPDATE SET language_id = 1 ,topic_id= 3008,c_grade_id =7,level=7,question_text='1',explanation='',interesting_fact='10';


INSERT INTO answer_options (question_id, correct_answer, answer_text)
VALUES ('103008117', TRUE, '260 + 10 = ?') ;

INSERT INTO answer_options (question_id, correct_answer, answer_text)
VALUES ('103008117', FALSE, '270');

INSERT INTO answer_options (question_id, correct_answer, answer_text)
VALUES ('103008117', FALSE, '261');

INSERT INTO answer_options (question_id, correct_answer, answer_text)
VALUES ('103008117', FALSE, '271');

INSERT INTO questions (question_id, language_id, topic_id, c_grade_id, level, question_text, explanation, interesting_fact)
VALUES ('103008118', 1, 3008, 8, 8, '1', '', '10') ON CONFLICT (question_id) DO UPDATE SET language_id = 1 ,topic_id= 3008,c_grade_id =8,level=8,question_text='1',explanation='',interesting_fact='10';


INSERT INTO answer_options (question_id, correct_answer, answer_text)
VALUES ('103008118', TRUE, '22 + 10 = ?') ;

INSERT INTO answer_options (question_id, correct_answer, answer_text)
VALUES ('103008118', FALSE, '32');

INSERT INTO answer_options (question_id, correct_answer, answer_text)
VALUES ('103008118', FALSE, '23');

INSERT INTO answer_options (question_id, correct_answer, answer_text)
VALUES ('103008118', FALSE, '33');

INSERT INTO questions (question_id, language_id, topic_id, c_grade_id, level, question_text, explanation, interesting_fact)
VALUES ('103008119', 1, 3008, 9, 9, 'nan', '', '20') ON CONFLICT (question_id) DO UPDATE SET language_id = 1 ,topic_id= 3008,c_grade_id =9,level=9,question_text='nan',explanation='',interesting_fact='20';


INSERT INTO answer_options (question_id, correct_answer, answer_text)
VALUES ('103008119', TRUE, '701 + 20 = ?') ;

INSERT INTO answer_options (question_id, correct_answer, answer_text)
VALUES ('103008119', FALSE, '721');

INSERT INTO answer_options (question_id, correct_answer, answer_text)
VALUES ('103008119', FALSE, '703');

INSERT INTO answer_options (question_id, correct_answer, answer_text)
VALUES ('103008119', FALSE, '722');

INSERT INTO questions (question_id, language_id, topic_id, c_grade_id, level, question_text, explanation, interesting_fact)
VALUES ('103008120', 1, 3008, 0, 0, '1', '', '100') ON CONFLICT (question_id) DO UPDATE SET language_id = 1 ,topic_id= 3008,c_grade_id =0,level=0,question_text='1',explanation='',interesting_fact='100';


INSERT INTO answer_options (question_id, correct_answer, answer_text)
VALUES ('103008120', TRUE, '899 + 100 = ?') ;

INSERT INTO answer_options (question_id, correct_answer, answer_text)
VALUES ('103008120', FALSE, '999');

INSERT INTO answer_options (question_id, correct_answer, answer_text)
VALUES ('103008120', FALSE, '819');

INSERT INTO answer_options (question_id, correct_answer, answer_text)
VALUES ('103008120', FALSE, '1000');

INSERT INTO questions (question_id, language_id, topic_id, c_grade_id, level, question_text, explanation, interesting_fact)
VALUES ('103008201', 1, 3008, 1, 1, '1', '', '200') ON CONFLICT (question_id) DO UPDATE SET language_id = 1 ,topic_id= 3008,c_grade_id =1,level=1,question_text='1',explanation='',interesting_fact='200';


INSERT INTO answer_options (question_id, correct_answer, answer_text)
VALUES ('103008201', TRUE, '432 + 200 = ?') ;

INSERT INTO answer_options (question_id, correct_answer, answer_text)
VALUES ('103008201', FALSE, '632');

INSERT INTO answer_options (question_id, correct_answer, answer_text)
VALUES ('103008201', FALSE, '452');

INSERT INTO answer_options (question_id, correct_answer, answer_text)
VALUES ('103008201', FALSE, '633');

INSERT INTO questions (question_id, language_id, topic_id, c_grade_id, level, question_text, explanation, interesting_fact)
VALUES ('103008202', 1, 3008, 2, 2, '1', '', '100') ON CONFLICT (question_id) DO UPDATE SET language_id = 1 ,topic_id= 3008,c_grade_id =2,level=2,question_text='1',explanation='',interesting_fact='100';


INSERT INTO answer_options (question_id, correct_answer, answer_text)
VALUES ('103008202', TRUE, '179 + 100 = ?') ;

INSERT INTO answer_options (question_id, correct_answer, answer_text)
VALUES ('103008202', FALSE, '279');

INSERT INTO answer_options (question_id, correct_answer, answer_text)
VALUES ('103008202', FALSE, '189');

INSERT INTO answer_options (question_id, correct_answer, answer_text)
VALUES ('103008202', FALSE, '180');

INSERT INTO questions (question_id, language_id, topic_id, c_grade_id, level, question_text, explanation, interesting_fact)
VALUES ('103008203', 1, 3008, 3, 3, '1', '', '200') ON CONFLICT (question_id) DO UPDATE SET language_id = 1 ,topic_id= 3008,c_grade_id =3,level=3,question_text='1',explanation='',interesting_fact='200';


INSERT INTO answer_options (question_id, correct_answer, answer_text)
VALUES ('103008203', TRUE, '250 + 200 = ?') ;

INSERT INTO answer_options (question_id, correct_answer, answer_text)
VALUES ('103008203', FALSE, '450');

INSERT INTO answer_options (question_id, correct_answer, answer_text)
VALUES ('103008203', FALSE, '270');

INSERT INTO answer_options (question_id, correct_answer, answer_text)
VALUES ('103008203', FALSE, '451');

INSERT INTO questions (question_id, language_id, topic_id, c_grade_id, level, question_text, explanation, interesting_fact)
VALUES ('103008204', 1, 3008, 4, 4, '1', '', '100') ON CONFLICT (question_id) DO UPDATE SET language_id = 1 ,topic_id= 3008,c_grade_id =4,level=4,question_text='1',explanation='',interesting_fact='100';


INSERT INTO answer_options (question_id, correct_answer, answer_text)
VALUES ('103008204', TRUE, '9247 + 100 = ?') ;

INSERT INTO answer_options (question_id, correct_answer, answer_text)
VALUES ('103008204', FALSE, '9347');

INSERT INTO answer_options (question_id, correct_answer, answer_text)
VALUES ('103008204', FALSE, '9257');

INSERT INTO answer_options (question_id, correct_answer, answer_text)
VALUES ('103008204', FALSE, '9348');

INSERT INTO questions (question_id, language_id, topic_id, c_grade_id, level, question_text, explanation, interesting_fact)
VALUES ('103008205', 1, 3008, 5, 5, '1', '', '100') ON CONFLICT (question_id) DO UPDATE SET language_id = 1 ,topic_id= 3008,c_grade_id =5,level=5,question_text='1',explanation='',interesting_fact='100';


INSERT INTO answer_options (question_id, correct_answer, answer_text)
VALUES ('103008205', TRUE, '3010 + 100 = ?') ;

INSERT INTO answer_options (question_id, correct_answer, answer_text)
VALUES ('103008205', FALSE, '3110');

INSERT INTO answer_options (question_id, correct_answer, answer_text)
VALUES ('103008205', FALSE, '3020');

INSERT INTO answer_options (question_id, correct_answer, answer_text)
VALUES ('103008205', FALSE, '3111');

INSERT INTO questions (question_id, language_id, topic_id, c_grade_id, level, question_text, explanation, interesting_fact)
VALUES ('103008206', 1, 3008, 6, 6, '1', '', '200') ON CONFLICT (question_id) DO UPDATE SET language_id = 1 ,topic_id= 3008,c_grade_id =6,level=6,question_text='1',explanation='',interesting_fact='200';


INSERT INTO answer_options (question_id, correct_answer, answer_text)
VALUES ('103008206', TRUE, '5208 + 200 = ?') ;

INSERT INTO answer_options (question_id, correct_answer, answer_text)
VALUES ('103008206', FALSE, '5408');

INSERT INTO answer_options (question_id, correct_answer, answer_text)
VALUES ('103008206', FALSE, '5228');

INSERT INTO answer_options (question_id, correct_answer, answer_text)
VALUES ('103008206', FALSE, '5409');

INSERT INTO questions (question_id, language_id, topic_id, c_grade_id, level, question_text, explanation, interesting_fact)
VALUES ('103008207', 1, 3008, 7, 7, '1', '', '100') ON CONFLICT (question_id) DO UPDATE SET language_id = 1 ,topic_id= 3008,c_grade_id =7,level=7,question_text='1',explanation='',interesting_fact='100';


INSERT INTO answer_options (question_id, correct_answer, answer_text)
VALUES ('103008207', TRUE, '6304 + 100 = ?') ;

INSERT INTO answer_options (question_id, correct_answer, answer_text)
VALUES ('103008207', FALSE, '6404');

INSERT INTO answer_options (question_id, correct_answer, answer_text)
VALUES ('103008207', FALSE, '6314');

INSERT INTO answer_options (question_id, correct_answer, answer_text)
VALUES ('103008207', FALSE, '6405');

INSERT INTO questions (question_id, language_id, topic_id, c_grade_id, level, question_text, explanation, interesting_fact)
VALUES ('103008208', 1, 3008, 8, 8, '2', '', '70') ON CONFLICT (question_id) DO UPDATE SET language_id = 1 ,topic_id= 3008,c_grade_id =8,level=8,question_text='2',explanation='',interesting_fact='70';


INSERT INTO answer_options (question_id, correct_answer, answer_text)
VALUES ('103008208', TRUE, '4330 + 70 = ?') ;

INSERT INTO answer_options (question_id, correct_answer, answer_text)
VALUES ('103008208', FALSE, '4400');

INSERT INTO answer_options (question_id, correct_answer, answer_text)
VALUES ('103008208', FALSE, '4337');

INSERT INTO answer_options (question_id, correct_answer, answer_text)
VALUES ('103008208', FALSE, '4401');

INSERT INTO questions (question_id, language_id, topic_id, c_grade_id, level, question_text, explanation, interesting_fact)
VALUES ('103008209', 1, 3008, 9, 9, '2', '', '13') ON CONFLICT (question_id) DO UPDATE SET language_id = 1 ,topic_id= 3008,c_grade_id =9,level=9,question_text='2',explanation='',interesting_fact='13';


INSERT INTO answer_options (question_id, correct_answer, answer_text)
VALUES ('103008209', TRUE, '3780 + 13 = ?') ;

INSERT INTO answer_options (question_id, correct_answer, answer_text)
VALUES ('103008209', FALSE, '3793');

INSERT INTO answer_options (question_id, correct_answer, answer_text)
VALUES ('103008209', FALSE, '3781');

INSERT INTO answer_options (question_id, correct_answer, answer_text)
VALUES ('103008209', FALSE, '3800');

INSERT INTO questions (question_id, language_id, topic_id, c_grade_id, level, question_text, explanation, interesting_fact)
VALUES ('103008210', 1, 3008, 0, 0, '2', '', '32') ON CONFLICT (question_id) DO UPDATE SET language_id = 1 ,topic_id= 3008,c_grade_id =0,level=0,question_text='2',explanation='',interesting_fact='32';


INSERT INTO answer_options (question_id, correct_answer, answer_text)
VALUES ('103008210', TRUE, '3190 + 32 = ?') ;

INSERT INTO answer_options (question_id, correct_answer, answer_text)
VALUES ('103008210', FALSE, '3222');

INSERT INTO answer_options (question_id, correct_answer, answer_text)
VALUES ('103008210', FALSE, '3193');

INSERT INTO answer_options (question_id, correct_answer, answer_text)
VALUES ('103008210', FALSE, '3223');

INSERT INTO questions (question_id, language_id, topic_id, c_grade_id, level, question_text, explanation, interesting_fact)
VALUES ('103008211', 1, 3008, 1, 1, '2', '', '59') ON CONFLICT (question_id) DO UPDATE SET language_id = 1 ,topic_id= 3008,c_grade_id =1,level=1,question_text='2',explanation='',interesting_fact='59';


INSERT INTO answer_options (question_id, correct_answer, answer_text)
VALUES ('103008211', TRUE, '4700 + 59 = ?') ;

INSERT INTO answer_options (question_id, correct_answer, answer_text)
VALUES ('103008211', FALSE, '4759');

INSERT INTO answer_options (question_id, correct_answer, answer_text)
VALUES ('103008211', FALSE, '4705');

INSERT INTO answer_options (question_id, correct_answer, answer_text)
VALUES ('103008211', FALSE, '4762');

INSERT INTO questions (question_id, language_id, topic_id, c_grade_id, level, question_text, explanation, interesting_fact)
VALUES ('103008212', 1, 3008, 2, 2, '2', '', '131') ON CONFLICT (question_id) DO UPDATE SET language_id = 1 ,topic_id= 3008,c_grade_id =2,level=2,question_text='2',explanation='',interesting_fact='131';


INSERT INTO answer_options (question_id, correct_answer, answer_text)
VALUES ('103008212', TRUE, '6200 + 131 = ?') ;

INSERT INTO answer_options (question_id, correct_answer, answer_text)
VALUES ('103008212', FALSE, '6331');

INSERT INTO answer_options (question_id, correct_answer, answer_text)
VALUES ('103008212', FALSE, '6213');

INSERT INTO answer_options (question_id, correct_answer, answer_text)
VALUES ('103008212', FALSE, '6334');

INSERT INTO questions (question_id, language_id, topic_id, c_grade_id, level, question_text, explanation, interesting_fact)
VALUES ('103008213', 1, 3008, 3, 3, '2', '', '155') ON CONFLICT (question_id) DO UPDATE SET language_id = 1 ,topic_id= 3008,c_grade_id =3,level=3,question_text='2',explanation='',interesting_fact='155';


INSERT INTO answer_options (question_id, correct_answer, answer_text)
VALUES ('103008213', TRUE, '9300 + 155 = ?') ;

INSERT INTO answer_options (question_id, correct_answer, answer_text)
VALUES ('103008213', FALSE, '9455');

INSERT INTO answer_options (question_id, correct_answer, answer_text)
VALUES ('103008213', FALSE, '9315');

INSERT INTO answer_options (question_id, correct_answer, answer_text)
VALUES ('103008213', FALSE, '9468');

INSERT INTO questions (question_id, language_id, topic_id, c_grade_id, level, question_text, explanation, interesting_fact)
VALUES ('103008214', 1, 3008, 4, 4, '2', '', '289') ON CONFLICT (question_id) DO UPDATE SET language_id = 1 ,topic_id= 3008,c_grade_id =4,level=4,question_text='2',explanation='',interesting_fact='289';


INSERT INTO answer_options (question_id, correct_answer, answer_text)
VALUES ('103008214', TRUE, '5800 + 289 = ?') ;

INSERT INTO answer_options (question_id, correct_answer, answer_text)
VALUES ('103008214', FALSE, '6089');

INSERT INTO answer_options (question_id, correct_answer, answer_text)
VALUES ('103008214', FALSE, '5828');

INSERT INTO answer_options (question_id, correct_answer, answer_text)
VALUES ('103008214', FALSE, '6104');

INSERT INTO questions (question_id, language_id, topic_id, c_grade_id, level, question_text, explanation, interesting_fact)
VALUES ('103008215', 1, 3008, 5, 5, '2', '', '214') ON CONFLICT (question_id) DO UPDATE SET language_id = 1 ,topic_id= 3008,c_grade_id =5,level=5,question_text='2',explanation='',interesting_fact='214';


INSERT INTO answer_options (question_id, correct_answer, answer_text)
VALUES ('103008215', TRUE, '8300 + 214 = ?') ;

INSERT INTO answer_options (question_id, correct_answer, answer_text)
VALUES ('103008215', FALSE, '8514');

INSERT INTO answer_options (question_id, correct_answer, answer_text)
VALUES ('103008215', FALSE, '8321');

INSERT INTO answer_options (question_id, correct_answer, answer_text)
VALUES ('103008215', FALSE, '8534');

INSERT INTO questions (question_id, language_id, topic_id, c_grade_id, level, question_text, explanation, interesting_fact)
VALUES ('103008216', 1, 3008, 6, 6, '2', '', 'nan') ON CONFLICT (question_id) DO UPDATE SET language_id = 1 ,topic_id= 3008,c_grade_id =6,level=6,question_text='2',explanation='',interesting_fact='nan';


INSERT INTO answer_options (question_id, correct_answer, answer_text)
VALUES ('103008216', TRUE, 'מי מהבאים קרוב יותר ל-2200?') ;

INSERT INTO answer_options (question_id, correct_answer, answer_text)
VALUES ('103008216', FALSE, '60 + 2130');

INSERT INTO answer_options (question_id, correct_answer, answer_text)
VALUES ('103008216', FALSE, '160 + 2330');

INSERT INTO answer_options (question_id, correct_answer, answer_text)
VALUES ('103008216', FALSE, '310 + 2180');

INSERT INTO questions (question_id, language_id, topic_id, c_grade_id, level, question_text, explanation, interesting_fact)
VALUES ('103008217', 1, 3008, 7, 7, '2', '', '1610 + 1090') ON CONFLICT (question_id) DO UPDATE SET language_id = 1 ,topic_id= 3008,c_grade_id =7,level=7,question_text='2',explanation='',interesting_fact='1610 + 1090';


INSERT INTO answer_options (question_id, correct_answer, answer_text)
VALUES ('103008217', TRUE, 'מי מהבאים קרוב יותר ל-3000?') ;

INSERT INTO answer_options (question_id, correct_answer, answer_text)
VALUES ('103008217', FALSE, '1710 + 1290');

INSERT INTO answer_options (question_id, correct_answer, answer_text)
VALUES ('103008217', FALSE, '1810 + 1490');

INSERT INTO answer_options (question_id, correct_answer, answer_text)
VALUES ('103008217', FALSE, '1960 + 1340');

INSERT INTO questions (question_id, language_id, topic_id, c_grade_id, level, question_text, explanation, interesting_fact)
VALUES ('103008218', 1, 3008, 8, 8, '2', '', '580 + 2710') ON CONFLICT (question_id) DO UPDATE SET language_id = 1 ,topic_id= 3008,c_grade_id =8,level=8,question_text='2',explanation='',interesting_fact='580 + 2710';


INSERT INTO answer_options (question_id, correct_answer, answer_text)
VALUES ('103008218', TRUE, 'מי מהבאים קרוב יותר ל-3600?') ;

INSERT INTO answer_options (question_id, correct_answer, answer_text)
VALUES ('103008218', FALSE, '680 + 2910');

INSERT INTO answer_options (question_id, correct_answer, answer_text)
VALUES ('103008218', FALSE, '780 + 3110');

INSERT INTO answer_options (question_id, correct_answer, answer_text)
VALUES ('103008218', FALSE, '930 + 2960');

INSERT INTO questions (question_id, language_id, topic_id, c_grade_id, level, question_text, explanation, interesting_fact)
VALUES ('103008219', 1, 3008, 9, 9, '2', '', 'nan') ON CONFLICT (question_id) DO UPDATE SET language_id = 1 ,topic_id= 3008,c_grade_id =9,level=9,question_text='2',explanation='',interesting_fact='nan';


INSERT INTO answer_options (question_id, correct_answer, answer_text)
VALUES ('103008219', TRUE, 'מי מהבאים קרוב יותר ל-2400?') ;

INSERT INTO answer_options (question_id, correct_answer, answer_text)
VALUES ('103008219', FALSE, '40 + 2350');

INSERT INTO answer_options (question_id, correct_answer, answer_text)
VALUES ('103008219', FALSE, '140 + 2550');

INSERT INTO answer_options (question_id, correct_answer, answer_text)
VALUES ('103008219', FALSE, '290 + 2400');

INSERT INTO questions (question_id, language_id, topic_id, c_grade_id, level, question_text, explanation, interesting_fact)
VALUES ('103008220', 1, 3008, 0, 0, '2', '', 'nan') ON CONFLICT (question_id) DO UPDATE SET language_id = 1 ,topic_id= 3008,c_grade_id =0,level=0,question_text='2',explanation='',interesting_fact='nan';


INSERT INTO answer_options (question_id, correct_answer, answer_text)
VALUES ('103008220', TRUE, 'מי מהבאים קרוב יותר ל-700?') ;

INSERT INTO answer_options (question_id, correct_answer, answer_text)
VALUES ('103008220', FALSE, '20 + 670');

INSERT INTO answer_options (question_id, correct_answer, answer_text)
VALUES ('103008220', FALSE, '120 + 870');

INSERT INTO answer_options (question_id, correct_answer, answer_text)
VALUES ('103008220', FALSE, '270 + 720');

INSERT INTO questions (question_id, language_id, topic_id, c_grade_id, level, question_text, explanation, interesting_fact)
VALUES ('103008301', 1, 3008, 1, 1, '2', '', '170 + 4700') ON CONFLICT (question_id) DO UPDATE SET language_id = 1 ,topic_id= 3008,c_grade_id =1,level=1,question_text='2',explanation='',interesting_fact='170 + 4700';


INSERT INTO answer_options (question_id, correct_answer, answer_text)
VALUES ('103008301', TRUE, 'מי מהסכומים הבאים גדול מ-5000?') ;

INSERT INTO answer_options (question_id, correct_answer, answer_text)
VALUES ('103008301', FALSE, '870 + 4200');

INSERT INTO answer_options (question_id, correct_answer, answer_text)
VALUES ('103008301', FALSE, '570 + 4300');

INSERT INTO answer_options (question_id, correct_answer, answer_text)
VALUES ('103008301', FALSE, '770 + 4200');

INSERT INTO questions (question_id, language_id, topic_id, c_grade_id, level, question_text, explanation, interesting_fact)
VALUES ('103008302', 1, 3008, 2, 2, '2', '', '80 + 2800') ON CONFLICT (question_id) DO UPDATE SET language_id = 1 ,topic_id= 3008,c_grade_id =2,level=2,question_text='2',explanation='',interesting_fact='80 + 2800';


INSERT INTO answer_options (question_id, correct_answer, answer_text)
VALUES ('103008302', TRUE, 'מי מהסכומים הבאים גדול מ-3000?') ;

INSERT INTO answer_options (question_id, correct_answer, answer_text)
VALUES ('103008302', FALSE, '780 + 2300');

INSERT INTO answer_options (question_id, correct_answer, answer_text)
VALUES ('103008302', FALSE, '480 + 2400');

INSERT INTO answer_options (question_id, correct_answer, answer_text)
VALUES ('103008302', FALSE, '680 + 2300');

INSERT INTO questions (question_id, language_id, topic_id, c_grade_id, level, question_text, explanation, interesting_fact)
VALUES ('103008303', 1, 3008, 3, 3, '2', '', '220 + 7700') ON CONFLICT (question_id) DO UPDATE SET language_id = 1 ,topic_id= 3008,c_grade_id =3,level=3,question_text='2',explanation='',interesting_fact='220 + 7700';


INSERT INTO answer_options (question_id, correct_answer, answer_text)
VALUES ('103008303', TRUE, 'מי מהסכומים הבאים גדול מ-8000?') ;

INSERT INTO answer_options (question_id, correct_answer, answer_text)
VALUES ('103008303', FALSE, '920 + 7200');

INSERT INTO answer_options (question_id, correct_answer, answer_text)
VALUES ('103008303', FALSE, '620 + 7300');

INSERT INTO answer_options (question_id, correct_answer, answer_text)
VALUES ('103008303', FALSE, '820 + 7200');

INSERT INTO questions (question_id, language_id, topic_id, c_grade_id, level, question_text, explanation, interesting_fact)
VALUES ('103008304', 1, 3008, 4, 4, '1', '', 'שניהם נכונים') ON CONFLICT (question_id) DO UPDATE SET language_id = 1 ,topic_id= 3008,c_grade_id =4,level=4,question_text='1',explanation='',interesting_fact='שניהם נכונים';


INSERT INTO answer_options (question_id, correct_answer, answer_text)
VALUES ('103008304', TRUE, 'מה הסכום של 4+60+900+2000?') ;

INSERT INTO answer_options (question_id, correct_answer, answer_text)
VALUES ('103008304', FALSE, '2964');

INSERT INTO answer_options (question_id, correct_answer, answer_text)
VALUES ('103008304', FALSE, '4692');

INSERT INTO answer_options (question_id, correct_answer, answer_text)
VALUES ('103008304', FALSE, 'אף אחת מהתשובות אינה נכונה');

INSERT INTO questions (question_id, language_id, topic_id, c_grade_id, level, question_text, explanation, interesting_fact)
VALUES ('103008305', 1, 3008, 5, 5, '1', '', 'שניהם נכונים') ON CONFLICT (question_id) DO UPDATE SET language_id = 1 ,topic_id= 3008,c_grade_id =5,level=5,question_text='1',explanation='',interesting_fact='שניהם נכונים';


INSERT INTO answer_options (question_id, correct_answer, answer_text)
VALUES ('103008305', TRUE, 'מה הסכום של 6+40+900+9000?') ;

INSERT INTO answer_options (question_id, correct_answer, answer_text)
VALUES ('103008305', FALSE, '9946');

INSERT INTO answer_options (question_id, correct_answer, answer_text)
VALUES ('103008305', FALSE, '6499');

INSERT INTO answer_options (question_id, correct_answer, answer_text)
VALUES ('103008305', FALSE, 'אף אחת מהתשובות אינה נכונה');

INSERT INTO questions (question_id, language_id, topic_id, c_grade_id, level, question_text, explanation, interesting_fact)
VALUES ('103008306', 1, 3008, 6, 6, '1', '', 'שניהם נכונים') ON CONFLICT (question_id) DO UPDATE SET language_id = 1 ,topic_id= 3008,c_grade_id =6,level=6,question_text='1',explanation='',interesting_fact='שניהם נכונים';


INSERT INTO answer_options (question_id, correct_answer, answer_text)
VALUES ('103008306', TRUE, 'מה הסכום של 4+70+100+7000?') ;

INSERT INTO answer_options (question_id, correct_answer, answer_text)
VALUES ('103008306', FALSE, '7174');

INSERT INTO answer_options (question_id, correct_answer, answer_text)
VALUES ('103008306', FALSE, '4717');

INSERT INTO answer_options (question_id, correct_answer, answer_text)
VALUES ('103008306', FALSE, 'אף אחת מהתשובות אינה נכונה');

INSERT INTO questions (question_id, language_id, topic_id, c_grade_id, level, question_text, explanation, interesting_fact)
VALUES ('103008307', 1, 3008, 7, 7, '1', '', 'שניהם נכונים') ON CONFLICT (question_id) DO UPDATE SET language_id = 1 ,topic_id= 3008,c_grade_id =7,level=7,question_text='1',explanation='',interesting_fact='שניהם נכונים';


INSERT INTO answer_options (question_id, correct_answer, answer_text)
VALUES ('103008307', TRUE, 'מה הסכום של 4+40+400+7000?') ;

INSERT INTO answer_options (question_id, correct_answer, answer_text)
VALUES ('103008307', FALSE, '7444');

INSERT INTO answer_options (question_id, correct_answer, answer_text)
VALUES ('103008307', FALSE, '4447');

INSERT INTO answer_options (question_id, correct_answer, answer_text)
VALUES ('103008307', FALSE, 'אף אחת מהתשובות אינה נכונה');

INSERT INTO questions (question_id, language_id, topic_id, c_grade_id, level, question_text, explanation, interesting_fact)
VALUES ('103008308', 1, 3008, 8, 8, '1', '', 'שניהם נכונים') ON CONFLICT (question_id) DO UPDATE SET language_id = 1 ,topic_id= 3008,c_grade_id =8,level=8,question_text='1',explanation='',interesting_fact='שניהם נכונים';


INSERT INTO answer_options (question_id, correct_answer, answer_text)
VALUES ('103008308', TRUE, 'מה הסכום של 7+50+400+4000?') ;

INSERT INTO answer_options (question_id, correct_answer, answer_text)
VALUES ('103008308', FALSE, '4457');

INSERT INTO answer_options (question_id, correct_answer, answer_text)
VALUES ('103008308', FALSE, '7544');

INSERT INTO answer_options (question_id, correct_answer, answer_text)
VALUES ('103008308', FALSE, 'אף אחת מהתשובות אינה נכונה');

INSERT INTO questions (question_id, language_id, topic_id, c_grade_id, level, question_text, explanation, interesting_fact)
VALUES ('103008309', 1, 3008, 9, 9, '1', '', 'שניהם נכונים') ON CONFLICT (question_id) DO UPDATE SET language_id = 1 ,topic_id= 3008,c_grade_id =9,level=9,question_text='1',explanation='',interesting_fact='שניהם נכונים';


INSERT INTO answer_options (question_id, correct_answer, answer_text)
VALUES ('103008309', TRUE, 'מה הסכום של 8000 + 100 + 90 + 1?') ;

INSERT INTO answer_options (question_id, correct_answer, answer_text)
VALUES ('103008309', FALSE, '8191');

INSERT INTO answer_options (question_id, correct_answer, answer_text)
VALUES ('103008309', FALSE, '1918');

INSERT INTO answer_options (question_id, correct_answer, answer_text)
VALUES ('103008309', FALSE, 'אף אחת מהתשובות אינה נכונה');

INSERT INTO questions (question_id, language_id, topic_id, c_grade_id, level, question_text, explanation, interesting_fact)
VALUES ('103008310', 1, 3008, 0, 0, '1', '', 'שניהם נכונים') ON CONFLICT (question_id) DO UPDATE SET language_id = 1 ,topic_id= 3008,c_grade_id =0,level=0,question_text='1',explanation='',interesting_fact='שניהם נכונים';


INSERT INTO answer_options (question_id, correct_answer, answer_text)
VALUES ('103008310', TRUE, 'מה הסכום של 6000 + 300 + 70 + 7?') ;

INSERT INTO answer_options (question_id, correct_answer, answer_text)
VALUES ('103008310', FALSE, '6377');

INSERT INTO answer_options (question_id, correct_answer, answer_text)
VALUES ('103008310', FALSE, '7736');

INSERT INTO answer_options (question_id, correct_answer, answer_text)
VALUES ('103008310', FALSE, 'אף אחת מהתשובות אינה נכונה');

INSERT INTO questions (question_id, language_id, topic_id, c_grade_id, level, question_text, explanation, interesting_fact)
VALUES ('103008311', 1, 3008, 1, 1, '1', '', 'שניהם נכונים') ON CONFLICT (question_id) DO UPDATE SET language_id = 1 ,topic_id= 3008,c_grade_id =1,level=1,question_text='1',explanation='',interesting_fact='שניהם נכונים';


INSERT INTO answer_options (question_id, correct_answer, answer_text)
VALUES ('103008311', TRUE, 'מה הסכום של 3000 + 400 + 70 + 1?') ;

INSERT INTO answer_options (question_id, correct_answer, answer_text)
VALUES ('103008311', FALSE, '3471');

INSERT INTO answer_options (question_id, correct_answer, answer_text)
VALUES ('103008311', FALSE, '1743');

INSERT INTO answer_options (question_id, correct_answer, answer_text)
VALUES ('103008311', FALSE, 'אף אחת מהתשובות אינה נכונה');

INSERT INTO questions (question_id, language_id, topic_id, c_grade_id, level, question_text, explanation, interesting_fact)
VALUES ('103008312', 1, 3008, 2, 2, '1', '', 'שניהם נכונים') ON CONFLICT (question_id) DO UPDATE SET language_id = 1 ,topic_id= 3008,c_grade_id =2,level=2,question_text='1',explanation='',interesting_fact='שניהם נכונים';


INSERT INTO answer_options (question_id, correct_answer, answer_text)
VALUES ('103008312', TRUE, 'מה הסכום של 8000 + 400 + 50 + 5?') ;

INSERT INTO answer_options (question_id, correct_answer, answer_text)
VALUES ('103008312', FALSE, 'אף אחת מהתשובות אינה נכונה');

INSERT INTO answer_options (question_id, correct_answer, answer_text)
VALUES ('103008312', FALSE, '5548');

INSERT INTO answer_options (question_id, correct_answer, answer_text)
VALUES ('103008312', FALSE, '5458');

INSERT INTO questions (question_id, language_id, topic_id, c_grade_id, level, question_text, explanation, interesting_fact)
VALUES ('103008313', 1, 3008, 3, 3, '1', '', 'שניהם נכונים') ON CONFLICT (question_id) DO UPDATE SET language_id = 1 ,topic_id= 3008,c_grade_id =3,level=3,question_text='1',explanation='',interesting_fact='שניהם נכונים';


INSERT INTO answer_options (question_id, correct_answer, answer_text)
VALUES ('103008313', TRUE, 'מה הסכום של 1000 + 400 + 90 + 2?') ;

INSERT INTO answer_options (question_id, correct_answer, answer_text)
VALUES ('103008313', FALSE, 'אף אחת מהתשובות אינה נכונה');

INSERT INTO answer_options (question_id, correct_answer, answer_text)
VALUES ('103008313', FALSE, '2941');

INSERT INTO answer_options (question_id, correct_answer, answer_text)
VALUES ('103008313', FALSE, '2491');

INSERT INTO questions (question_id, language_id, topic_id, c_grade_id, level, question_text, explanation, interesting_fact)
VALUES ('103008314', 1, 3008, 4, 4, '1', '', 'שניהם נכונים') ON CONFLICT (question_id) DO UPDATE SET language_id = 1 ,topic_id= 3008,c_grade_id =4,level=4,question_text='1',explanation='',interesting_fact='שניהם נכונים';


INSERT INTO answer_options (question_id, correct_answer, answer_text)
VALUES ('103008314', TRUE, 'מה הסכום של 2000 + 800 + 20 + 2?') ;

INSERT INTO answer_options (question_id, correct_answer, answer_text)
VALUES ('103008314', FALSE, 'אף אחת מהתשובות אינה נכונה');

INSERT INTO answer_options (question_id, correct_answer, answer_text)
VALUES ('103008314', FALSE, '2282');

INSERT INTO answer_options (question_id, correct_answer, answer_text)
VALUES ('103008314', FALSE, '2822');

INSERT INTO questions (question_id, language_id, topic_id, c_grade_id, level, question_text, explanation, interesting_fact)
VALUES ('103008315', 1, 3008, 5, 5, '1', '', '1046') ON CONFLICT (question_id) DO UPDATE SET language_id = 1 ,topic_id= 3008,c_grade_id =5,level=5,question_text='1',explanation='',interesting_fact='1046';


INSERT INTO answer_options (question_id, correct_answer, answer_text)
VALUES ('103008315', TRUE, 'מה הסכום של 1000 + 400 + 6?') ;

INSERT INTO answer_options (question_id, correct_answer, answer_text)
VALUES ('103008315', FALSE, 'אף אחת מהתשובות אינה נכונה');

INSERT INTO answer_options (question_id, correct_answer, answer_text)
VALUES ('103008315', FALSE, '1466');

INSERT INTO answer_options (question_id, correct_answer, answer_text)
VALUES ('103008315', FALSE, '1446');

INSERT INTO questions (question_id, language_id, topic_id, c_grade_id, level, question_text, explanation, interesting_fact)
VALUES ('103008316', 1, 3008, 6, 6, '1', '', 'אף אחת מהתשובות אינה נכונה') ON CONFLICT (question_id) DO UPDATE SET language_id = 1 ,topic_id= 3008,c_grade_id =6,level=6,question_text='1',explanation='',interesting_fact='אף אחת מהתשובות אינה נכונה';


INSERT INTO answer_options (question_id, correct_answer, answer_text)
VALUES ('103008316', TRUE, 'מה הסכום של 2000 + 600 + 7?') ;

INSERT INTO answer_options (question_id, correct_answer, answer_text)
VALUES ('103008316', FALSE, '2607');

INSERT INTO answer_options (question_id, correct_answer, answer_text)
VALUES ('103008316', FALSE, '2677');

INSERT INTO answer_options (question_id, correct_answer, answer_text)
VALUES ('103008316', FALSE, '2667');

INSERT INTO questions (question_id, language_id, topic_id, c_grade_id, level, question_text, explanation, interesting_fact)
VALUES ('103008317', 1, 3008, 7, 7, '1', '', 'אף אחת מהתשובות אינה נכונה') ON CONFLICT (question_id) DO UPDATE SET language_id = 1 ,topic_id= 3008,c_grade_id =7,level=7,question_text='1',explanation='',interesting_fact='אף אחת מהתשובות אינה נכונה';


INSERT INTO answer_options (question_id, correct_answer, answer_text)
VALUES ('103008317', TRUE, 'מה הסכום של 4000 + 200 + 9?') ;

INSERT INTO answer_options (question_id, correct_answer, answer_text)
VALUES ('103008317', FALSE, '4209');

INSERT INTO answer_options (question_id, correct_answer, answer_text)
VALUES ('103008317', FALSE, '4299');

INSERT INTO answer_options (question_id, correct_answer, answer_text)
VALUES ('103008317', FALSE, '4229');

INSERT INTO questions (question_id, language_id, topic_id, c_grade_id, level, question_text, explanation, interesting_fact)
VALUES ('103008318', 1, 3008, 8, 8, '1', '', 'אף אחת מהתשובות אינה נכונה') ON CONFLICT (question_id) DO UPDATE SET language_id = 1 ,topic_id= 3008,c_grade_id =8,level=8,question_text='1',explanation='',interesting_fact='אף אחת מהתשובות אינה נכונה';


INSERT INTO answer_options (question_id, correct_answer, answer_text)
VALUES ('103008318', TRUE, 'מה הסכום של 5000 + 60 + 3?') ;

INSERT INTO answer_options (question_id, correct_answer, answer_text)
VALUES ('103008318', FALSE, '5063');

INSERT INTO answer_options (question_id, correct_answer, answer_text)
VALUES ('103008318', FALSE, '5633');

INSERT INTO answer_options (question_id, correct_answer, answer_text)
VALUES ('103008318', FALSE, '5663');

INSERT INTO questions (question_id, language_id, topic_id, c_grade_id, level, question_text, explanation, interesting_fact)
VALUES ('103008319', 1, 3008, 9, 9, '1', '', 'אף אחת מהתשובות אינה נכונה') ON CONFLICT (question_id) DO UPDATE SET language_id = 1 ,topic_id= 3008,c_grade_id =9,level=9,question_text='1',explanation='',interesting_fact='אף אחת מהתשובות אינה נכונה';


INSERT INTO answer_options (question_id, correct_answer, answer_text)
VALUES ('103008319', TRUE, 'מה הסכום של 7000 + 90 + 7?') ;

INSERT INTO answer_options (question_id, correct_answer, answer_text)
VALUES ('103008319', FALSE, '7097');

INSERT INTO answer_options (question_id, correct_answer, answer_text)
VALUES ('103008319', FALSE, '7977');

INSERT INTO answer_options (question_id, correct_answer, answer_text)
VALUES ('103008319', FALSE, '7997');

INSERT INTO questions (question_id, language_id, topic_id, c_grade_id, level, question_text, explanation, interesting_fact)
VALUES ('103008320', 1, 3008, 0, 0, '1', '', '9001') ON CONFLICT (question_id) DO UPDATE SET language_id = 1 ,topic_id= 3008,c_grade_id =0,level=0,question_text='1',explanation='',interesting_fact='9001';


INSERT INTO answer_options (question_id, correct_answer, answer_text)
VALUES ('103008320', TRUE, 'מה הסכום של 9000 + 10 + 1?') ;

INSERT INTO answer_options (question_id, correct_answer, answer_text)
VALUES ('103008320', FALSE, 'אף אחת מהתשובות אינה נכונה');

INSERT INTO answer_options (question_id, correct_answer, answer_text)
VALUES ('103008320', FALSE, '9110');

INSERT INTO answer_options (question_id, correct_answer, answer_text)
VALUES ('103008320', FALSE, '9111');

INSERT INTO questions (question_id, language_id, topic_id, c_grade_id, level, question_text, explanation, interesting_fact)
VALUES ('103009101', 1, 3009, 1, 1, '1', '', '100') ON CONFLICT (question_id) DO UPDATE SET language_id = 1 ,topic_id= 3009,c_grade_id =1,level=1,question_text='1',explanation='',interesting_fact='100';


INSERT INTO answer_options (question_id, correct_answer, answer_text)
VALUES ('103009101', TRUE, '4458-100 = ?') ;

INSERT INTO answer_options (question_id, correct_answer, answer_text)
VALUES ('103009101', FALSE, '4358');

INSERT INTO answer_options (question_id, correct_answer, answer_text)
VALUES ('103009101', FALSE, '4448');

INSERT INTO answer_options (question_id, correct_answer, answer_text)
VALUES ('103009101', FALSE, '4348');

INSERT INTO questions (question_id, language_id, topic_id, c_grade_id, level, question_text, explanation, interesting_fact)
VALUES ('103009102', 1, 3009, 2, 2, '1', '', '100') ON CONFLICT (question_id) DO UPDATE SET language_id = 1 ,topic_id= 3009,c_grade_id =2,level=2,question_text='1',explanation='',interesting_fact='100';


INSERT INTO answer_options (question_id, correct_answer, answer_text)
VALUES ('103009102', TRUE, '4594-100 = ?') ;

INSERT INTO answer_options (question_id, correct_answer, answer_text)
VALUES ('103009102', FALSE, '4494');

INSERT INTO answer_options (question_id, correct_answer, answer_text)
VALUES ('103009102', FALSE, '4584');

INSERT INTO answer_options (question_id, correct_answer, answer_text)
VALUES ('103009102', FALSE, '4484');

INSERT INTO questions (question_id, language_id, topic_id, c_grade_id, level, question_text, explanation, interesting_fact)
VALUES ('103009103', 1, 3009, 3, 3, '1', '', '100') ON CONFLICT (question_id) DO UPDATE SET language_id = 1 ,topic_id= 3009,c_grade_id =3,level=3,question_text='1',explanation='',interesting_fact='100';


INSERT INTO answer_options (question_id, correct_answer, answer_text)
VALUES ('103009103', TRUE, '9087-100 = ?') ;

INSERT INTO answer_options (question_id, correct_answer, answer_text)
VALUES ('103009103', FALSE, '8987');

INSERT INTO answer_options (question_id, correct_answer, answer_text)
VALUES ('103009103', FALSE, '9077');

INSERT INTO answer_options (question_id, correct_answer, answer_text)
VALUES ('103009103', FALSE, '8977');

INSERT INTO questions (question_id, language_id, topic_id, c_grade_id, level, question_text, explanation, interesting_fact)
VALUES ('103009104', 1, 3009, 4, 4, '1', '', '200') ON CONFLICT (question_id) DO UPDATE SET language_id = 1 ,topic_id= 3009,c_grade_id =4,level=4,question_text='1',explanation='',interesting_fact='200';


INSERT INTO answer_options (question_id, correct_answer, answer_text)
VALUES ('103009104', TRUE, '5289-200 = ?') ;

INSERT INTO answer_options (question_id, correct_answer, answer_text)
VALUES ('103009104', FALSE, '5089');

INSERT INTO answer_options (question_id, correct_answer, answer_text)
VALUES ('103009104', FALSE, '5269');

INSERT INTO answer_options (question_id, correct_answer, answer_text)
VALUES ('103009104', FALSE, '5079');

INSERT INTO questions (question_id, language_id, topic_id, c_grade_id, level, question_text, explanation, interesting_fact)
VALUES ('103009105', 1, 3009, 5, 5, '1', '', '200') ON CONFLICT (question_id) DO UPDATE SET language_id = 1 ,topic_id= 3009,c_grade_id =5,level=5,question_text='1',explanation='',interesting_fact='200';


INSERT INTO answer_options (question_id, correct_answer, answer_text)
VALUES ('103009105', TRUE, '2252-200 = ?') ;

INSERT INTO answer_options (question_id, correct_answer, answer_text)
VALUES ('103009105', FALSE, '2052');

INSERT INTO answer_options (question_id, correct_answer, answer_text)
VALUES ('103009105', FALSE, '2232');

INSERT INTO answer_options (question_id, correct_answer, answer_text)
VALUES ('103009105', FALSE, '2042');

INSERT INTO questions (question_id, language_id, topic_id, c_grade_id, level, question_text, explanation, interesting_fact)
VALUES ('103009106', 1, 3009, 6, 6, '1', '', '100') ON CONFLICT (question_id) DO UPDATE SET language_id = 1 ,topic_id= 3009,c_grade_id =6,level=6,question_text='1',explanation='',interesting_fact='100';


INSERT INTO answer_options (question_id, correct_answer, answer_text)
VALUES ('103009106', TRUE, '904-100 = ?') ;

INSERT INTO answer_options (question_id, correct_answer, answer_text)
VALUES ('103009106', FALSE, '804');

INSERT INTO answer_options (question_id, correct_answer, answer_text)
VALUES ('103009106', FALSE, '894');

INSERT INTO answer_options (question_id, correct_answer, answer_text)
VALUES ('103009106', FALSE, '794');

INSERT INTO questions (question_id, language_id, topic_id, c_grade_id, level, question_text, explanation, interesting_fact)
VALUES ('103009107', 1, 3009, 7, 7, '1', '', '10') ON CONFLICT (question_id) DO UPDATE SET language_id = 1 ,topic_id= 3009,c_grade_id =7,level=7,question_text='1',explanation='',interesting_fact='10';


INSERT INTO answer_options (question_id, correct_answer, answer_text)
VALUES ('103009107', TRUE, '3263-10 = ?') ;

INSERT INTO answer_options (question_id, correct_answer, answer_text)
VALUES ('103009107', FALSE, '3253');

INSERT INTO answer_options (question_id, correct_answer, answer_text)
VALUES ('103009107', FALSE, '3262');

INSERT INTO answer_options (question_id, correct_answer, answer_text)
VALUES ('103009107', FALSE, '3252');

INSERT INTO questions (question_id, language_id, topic_id, c_grade_id, level, question_text, explanation, interesting_fact)
VALUES ('103009108', 1, 3009, 8, 8, '1', '', '20') ON CONFLICT (question_id) DO UPDATE SET language_id = 1 ,topic_id= 3009,c_grade_id =8,level=8,question_text='1',explanation='',interesting_fact='20';


INSERT INTO answer_options (question_id, correct_answer, answer_text)
VALUES ('103009108', TRUE, '9582-20 = ?') ;

INSERT INTO answer_options (question_id, correct_answer, answer_text)
VALUES ('103009108', FALSE, '9562');

INSERT INTO answer_options (question_id, correct_answer, answer_text)
VALUES ('103009108', FALSE, '9580');

INSERT INTO answer_options (question_id, correct_answer, answer_text)
VALUES ('103009108', FALSE, '9560');

INSERT INTO questions (question_id, language_id, topic_id, c_grade_id, level, question_text, explanation, interesting_fact)
VALUES ('103009109', 1, 3009, 9, 9, '1', '', '65') ON CONFLICT (question_id) DO UPDATE SET language_id = 1 ,topic_id= 3009,c_grade_id =9,level=9,question_text='1',explanation='',interesting_fact='65';


INSERT INTO answer_options (question_id, correct_answer, answer_text)
VALUES ('103009109', TRUE, '8880-65 = ?') ;

INSERT INTO answer_options (question_id, correct_answer, answer_text)
VALUES ('103009109', FALSE, '8815');

INSERT INTO answer_options (question_id, correct_answer, answer_text)
VALUES ('103009109', FALSE, '8874');

INSERT INTO answer_options (question_id, correct_answer, answer_text)
VALUES ('103009109', FALSE, '8811');

INSERT INTO questions (question_id, language_id, topic_id, c_grade_id, level, question_text, explanation, interesting_fact)
VALUES ('103009110', 1, 3009, 0, 0, '1', '', '28') ON CONFLICT (question_id) DO UPDATE SET language_id = 1 ,topic_id= 3009,c_grade_id =0,level=0,question_text='1',explanation='',interesting_fact='28';


INSERT INTO answer_options (question_id, correct_answer, answer_text)
VALUES ('103009110', TRUE, '3470-28 = ?') ;

INSERT INTO answer_options (question_id, correct_answer, answer_text)
VALUES ('103009110', FALSE, '3442');

INSERT INTO answer_options (question_id, correct_answer, answer_text)
VALUES ('103009110', FALSE, '3468');

INSERT INTO answer_options (question_id, correct_answer, answer_text)
VALUES ('103009110', FALSE, '3436');

INSERT INTO questions (question_id, language_id, topic_id, c_grade_id, level, question_text, explanation, interesting_fact)
VALUES ('103009111', 1, 3009, 1, 1, '1', '', '66') ON CONFLICT (question_id) DO UPDATE SET language_id = 1 ,topic_id= 3009,c_grade_id =1,level=1,question_text='1',explanation='',interesting_fact='66';


INSERT INTO answer_options (question_id, correct_answer, answer_text)
VALUES ('103009111', TRUE, '5670-66 = ?') ;

INSERT INTO answer_options (question_id, correct_answer, answer_text)
VALUES ('103009111', FALSE, '5604');

INSERT INTO answer_options (question_id, correct_answer, answer_text)
VALUES ('103009111', FALSE, '5664');

INSERT INTO answer_options (question_id, correct_answer, answer_text)
VALUES ('103009111', FALSE, '5602');

INSERT INTO questions (question_id, language_id, topic_id, c_grade_id, level, question_text, explanation, interesting_fact)
VALUES ('103009112', 1, 3009, 2, 2, '1', '', '50') ON CONFLICT (question_id) DO UPDATE SET language_id = 1 ,topic_id= 3009,c_grade_id =2,level=2,question_text='1',explanation='',interesting_fact='50';


INSERT INTO answer_options (question_id, correct_answer, answer_text)
VALUES ('103009112', TRUE, '470-50 = ?') ;

INSERT INTO answer_options (question_id, correct_answer, answer_text)
VALUES ('103009112', FALSE, '420');

INSERT INTO answer_options (question_id, correct_answer, answer_text)
VALUES ('103009112', FALSE, '465');

INSERT INTO answer_options (question_id, correct_answer, answer_text)
VALUES ('103009112', FALSE, '414');

INSERT INTO questions (question_id, language_id, topic_id, c_grade_id, level, question_text, explanation, interesting_fact)
VALUES ('103009113', 1, 3009, 3, 3, '1', '', '151') ON CONFLICT (question_id) DO UPDATE SET language_id = 1 ,topic_id= 3009,c_grade_id =3,level=3,question_text='1',explanation='',interesting_fact='151';


INSERT INTO answer_options (question_id, correct_answer, answer_text)
VALUES ('103009113', TRUE, '3600-151 = ?') ;

INSERT INTO answer_options (question_id, correct_answer, answer_text)
VALUES ('103009113', FALSE, '3449');

INSERT INTO answer_options (question_id, correct_answer, answer_text)
VALUES ('103009113', FALSE, '3585');

INSERT INTO answer_options (question_id, correct_answer, answer_text)
VALUES ('103009113', FALSE, '3440');

INSERT INTO questions (question_id, language_id, topic_id, c_grade_id, level, question_text, explanation, interesting_fact)
VALUES ('103009114', 1, 3009, 4, 4, '1', '', '242') ON CONFLICT (question_id) DO UPDATE SET language_id = 1 ,topic_id= 3009,c_grade_id =4,level=4,question_text='1',explanation='',interesting_fact='242';


INSERT INTO answer_options (question_id, correct_answer, answer_text)
VALUES ('103009114', TRUE, '4700-242 = ?') ;

INSERT INTO answer_options (question_id, correct_answer, answer_text)
VALUES ('103009114', FALSE, '4458');

INSERT INTO answer_options (question_id, correct_answer, answer_text)
VALUES ('103009114', FALSE, '4676');

INSERT INTO answer_options (question_id, correct_answer, answer_text)
VALUES ('103009114', FALSE, '4443');

INSERT INTO questions (question_id, language_id, topic_id, c_grade_id, level, question_text, explanation, interesting_fact)
VALUES ('103009115', 1, 3009, 5, 5, '1', '', '158') ON CONFLICT (question_id) DO UPDATE SET language_id = 1 ,topic_id= 3009,c_grade_id =5,level=5,question_text='1',explanation='',interesting_fact='158';


INSERT INTO answer_options (question_id, correct_answer, answer_text)
VALUES ('103009115', TRUE, '7700-158 = ?') ;

INSERT INTO answer_options (question_id, correct_answer, answer_text)
VALUES ('103009115', FALSE, '7542');

INSERT INTO answer_options (question_id, correct_answer, answer_text)
VALUES ('103009115', FALSE, '7685');

INSERT INTO answer_options (question_id, correct_answer, answer_text)
VALUES ('103009115', FALSE, '7518');

INSERT INTO questions (question_id, language_id, topic_id, c_grade_id, level, question_text, explanation, interesting_fact)
VALUES ('103009116', 1, 3009, 6, 6, '1', '', '131') ON CONFLICT (question_id) DO UPDATE SET language_id = 1 ,topic_id= 3009,c_grade_id =6,level=6,question_text='1',explanation='',interesting_fact='131';


INSERT INTO answer_options (question_id, correct_answer, answer_text)
VALUES ('103009116', TRUE, '7200-131 = ?') ;

INSERT INTO answer_options (question_id, correct_answer, answer_text)
VALUES ('103009116', FALSE, '7069');

INSERT INTO answer_options (question_id, correct_answer, answer_text)
VALUES ('103009116', FALSE, '7187');

INSERT INTO answer_options (question_id, correct_answer, answer_text)
VALUES ('103009116', FALSE, '7054');

INSERT INTO questions (question_id, language_id, topic_id, c_grade_id, level, question_text, explanation, interesting_fact)
VALUES ('103009117', 1, 3009, 7, 7, '1', '', '272') ON CONFLICT (question_id) DO UPDATE SET language_id = 1 ,topic_id= 3009,c_grade_id =7,level=7,question_text='1',explanation='',interesting_fact='272';


INSERT INTO answer_options (question_id, correct_answer, answer_text)
VALUES ('103009117', TRUE, '9400-272 = ?') ;

INSERT INTO answer_options (question_id, correct_answer, answer_text)
VALUES ('103009117', FALSE, '9128');

INSERT INTO answer_options (question_id, correct_answer, answer_text)
VALUES ('103009117', FALSE, '9373');

INSERT INTO answer_options (question_id, correct_answer, answer_text)
VALUES ('103009117', FALSE, '9115');

INSERT INTO questions (question_id, language_id, topic_id, c_grade_id, level, question_text, explanation, interesting_fact)
VALUES ('103009118', 1, 3009, 8, 8, '1', '', '1040') ON CONFLICT (question_id) DO UPDATE SET language_id = 1 ,topic_id= 3009,c_grade_id =8,level=8,question_text='1',explanation='',interesting_fact='1040';


INSERT INTO answer_options (question_id, correct_answer, answer_text)
VALUES ('103009118', TRUE, 'ההפרש בין 4800 ל-1040 הוא') ;

INSERT INTO answer_options (question_id, correct_answer, answer_text)
VALUES ('103009118', FALSE, '4800-1040');

INSERT INTO answer_options (question_id, correct_answer, answer_text)
VALUES ('103009118', FALSE, '4800 + 1040');

INSERT INTO answer_options (question_id, correct_answer, answer_text)
VALUES ('103009118', FALSE, '4800 > 1040');

INSERT INTO questions (question_id, language_id, topic_id, c_grade_id, level, question_text, explanation, interesting_fact)
VALUES ('103009119', 1, 3009, 9, 9, '1', '', '1091') ON CONFLICT (question_id) DO UPDATE SET language_id = 1 ,topic_id= 3009,c_grade_id =9,level=9,question_text='1',explanation='',interesting_fact='1091';


INSERT INTO answer_options (question_id, correct_answer, answer_text)
VALUES ('103009119', TRUE, 'ההפרש בין 1600 ל-1091 הוא') ;

INSERT INTO answer_options (question_id, correct_answer, answer_text)
VALUES ('103009119', FALSE, '1600-1091');

INSERT INTO answer_options (question_id, correct_answer, answer_text)
VALUES ('103009119', FALSE, '1600 + 1091');

INSERT INTO answer_options (question_id, correct_answer, answer_text)
VALUES ('103009119', FALSE, '1600 > 1091');

INSERT INTO questions (question_id, language_id, topic_id, c_grade_id, level, question_text, explanation, interesting_fact)
VALUES ('103009120', 1, 3009, 0, 0, '1', '', '1059') ON CONFLICT (question_id) DO UPDATE SET language_id = 1 ,topic_id= 3009,c_grade_id =0,level=0,question_text='1',explanation='',interesting_fact='1059';


INSERT INTO answer_options (question_id, correct_answer, answer_text)
VALUES ('103009120', TRUE, 'ההפרש בין 9400 ל-1059 הוא') ;

INSERT INTO answer_options (question_id, correct_answer, answer_text)
VALUES ('103009120', FALSE, '9400-1059');

INSERT INTO answer_options (question_id, correct_answer, answer_text)
VALUES ('103009120', FALSE, '9400 + 1059');

INSERT INTO answer_options (question_id, correct_answer, answer_text)
VALUES ('103009120', FALSE, '9400 > 1059');

INSERT INTO questions (question_id, language_id, topic_id, c_grade_id, level, question_text, explanation, interesting_fact)
VALUES ('103009201', 1, 3009, 1, 1, '1', '', '2063') ON CONFLICT (question_id) DO UPDATE SET language_id = 1 ,topic_id= 3009,c_grade_id =1,level=1,question_text='1',explanation='',interesting_fact='2063';


INSERT INTO answer_options (question_id, correct_answer, answer_text)
VALUES ('103009201', TRUE, 'ההפרש בין 8900 ל-2063 הוא') ;

INSERT INTO answer_options (question_id, correct_answer, answer_text)
VALUES ('103009201', FALSE, '8900-2063');

INSERT INTO answer_options (question_id, correct_answer, answer_text)
VALUES ('103009201', FALSE, '8900 + 2063');

INSERT INTO answer_options (question_id, correct_answer, answer_text)
VALUES ('103009201', FALSE, '8900 > 2063');

INSERT INTO questions (question_id, language_id, topic_id, c_grade_id, level, question_text, explanation, interesting_fact)
VALUES ('103009202', 1, 3009, 2, 2, '1', '', '1014') ON CONFLICT (question_id) DO UPDATE SET language_id = 1 ,topic_id= 3009,c_grade_id =2,level=2,question_text='1',explanation='',interesting_fact='1014';


INSERT INTO answer_options (question_id, correct_answer, answer_text)
VALUES ('103009202', TRUE, '1234 - 200 - 30 = ?') ;

INSERT INTO answer_options (question_id, correct_answer, answer_text)
VALUES ('103009202', FALSE, '1004');

INSERT INTO answer_options (question_id, correct_answer, answer_text)
VALUES ('103009202', FALSE, '994');

INSERT INTO answer_options (question_id, correct_answer, answer_text)
VALUES ('103009202', FALSE, '1044');

INSERT INTO questions (question_id, language_id, topic_id, c_grade_id, level, question_text, explanation, interesting_fact)
VALUES ('103009203', 1, 3009, 3, 3, '1', '', '350') ON CONFLICT (question_id) DO UPDATE SET language_id = 1 ,topic_id= 3009,c_grade_id =3,level=3,question_text='1',explanation='',interesting_fact='350';


INSERT INTO answer_options (question_id, correct_answer, answer_text)
VALUES ('103009203', TRUE, '2345 - 2000 - 45 = ?') ;

INSERT INTO answer_options (question_id, correct_answer, answer_text)
VALUES ('103009203', FALSE, '300');

INSERT INTO answer_options (question_id, correct_answer, answer_text)
VALUES ('103009203', FALSE, '305');

INSERT INTO answer_options (question_id, correct_answer, answer_text)
VALUES ('103009203', FALSE, '295');

INSERT INTO questions (question_id, language_id, topic_id, c_grade_id, level, question_text, explanation, interesting_fact)
VALUES ('103009204', 1, 3009, 4, 4, '1', '', '507') ON CONFLICT (question_id) DO UPDATE SET language_id = 1 ,topic_id= 3009,c_grade_id =4,level=4,question_text='1',explanation='',interesting_fact='507';


INSERT INTO answer_options (question_id, correct_answer, answer_text)
VALUES ('103009204', TRUE, '4567 - 4000 - 60 = ?') ;

INSERT INTO answer_options (question_id, correct_answer, answer_text)
VALUES ('103009204', FALSE, '507');

INSERT INTO answer_options (question_id, correct_answer, answer_text)
VALUES ('103009204', FALSE, '517');

INSERT INTO answer_options (question_id, correct_answer, answer_text)
VALUES ('103009204', FALSE, '497');

INSERT INTO questions (question_id, language_id, topic_id, c_grade_id, level, question_text, explanation, interesting_fact)
VALUES ('103009205', 1, 3009, 5, 5, '1', '', '789') ON CONFLICT (question_id) DO UPDATE SET language_id = 1 ,topic_id= 3009,c_grade_id =5,level=5,question_text='1',explanation='',interesting_fact='789';


INSERT INTO answer_options (question_id, correct_answer, answer_text)
VALUES ('103009205', TRUE, '6789 - 6000 - 80 = ?') ;

INSERT INTO answer_options (question_id, correct_answer, answer_text)
VALUES ('103009205', FALSE, '709');

INSERT INTO answer_options (question_id, correct_answer, answer_text)
VALUES ('103009205', FALSE, '699');

INSERT INTO answer_options (question_id, correct_answer, answer_text)
VALUES ('103009205', FALSE, '719');

INSERT INTO questions (question_id, language_id, topic_id, c_grade_id, level, question_text, explanation, interesting_fact)
VALUES ('103009207', 1, 3009, 7, 7, '1', '', '456') ON CONFLICT (question_id) DO UPDATE SET language_id = 1 ,topic_id= 3009,c_grade_id =7,level=7,question_text='1',explanation='',interesting_fact='456';


INSERT INTO answer_options (question_id, correct_answer, answer_text)
VALUES ('103009207', TRUE, '3456 - 3000 - 50 = ?') ;

INSERT INTO answer_options (question_id, correct_answer, answer_text)
VALUES ('103009207', FALSE, '406');

INSERT INTO answer_options (question_id, correct_answer, answer_text)
VALUES ('103009207', FALSE, '416');

INSERT INTO answer_options (question_id, correct_answer, answer_text)
VALUES ('103009207', FALSE, '396');

INSERT INTO questions (question_id, language_id, topic_id, c_grade_id, level, question_text, explanation, interesting_fact)
VALUES ('103009208', 1, 3009, 8, 8, '1', '', '678') ON CONFLICT (question_id) DO UPDATE SET language_id = 1 ,topic_id= 3009,c_grade_id =8,level=8,question_text='1',explanation='',interesting_fact='678';


INSERT INTO answer_options (question_id, correct_answer, answer_text)
VALUES ('103009208', TRUE, '5678 - 5000 - 70 = ?') ;

INSERT INTO answer_options (question_id, correct_answer, answer_text)
VALUES ('103009208', FALSE, '608');

INSERT INTO answer_options (question_id, correct_answer, answer_text)
VALUES ('103009208', FALSE, '618');

INSERT INTO answer_options (question_id, correct_answer, answer_text)
VALUES ('103009208', FALSE, '598');

INSERT INTO questions (question_id, language_id, topic_id, c_grade_id, level, question_text, explanation, interesting_fact)
VALUES ('103009209', 1, 3009, 9, 9, '1', '', '890') ON CONFLICT (question_id) DO UPDATE SET language_id = 1 ,topic_id= 3009,c_grade_id =9,level=9,question_text='1',explanation='',interesting_fact='890';


INSERT INTO answer_options (question_id, correct_answer, answer_text)
VALUES ('103009209', TRUE, '7890 - 7000 - 80 = ?') ;

INSERT INTO answer_options (question_id, correct_answer, answer_text)
VALUES ('103009209', FALSE, '810');

INSERT INTO answer_options (question_id, correct_answer, answer_text)
VALUES ('103009209', FALSE, '800');

INSERT INTO answer_options (question_id, correct_answer, answer_text)
VALUES ('103009209', FALSE, '820');

INSERT INTO questions (question_id, language_id, topic_id, c_grade_id, level, question_text, explanation, interesting_fact)
VALUES ('103009210', 1, 3009, 0, 0, '1', '', '25') ON CONFLICT (question_id) DO UPDATE SET language_id = 1 ,topic_id= 3009,c_grade_id =0,level=0,question_text='1',explanation='',interesting_fact='25';


INSERT INTO answer_options (question_id, correct_answer, answer_text)
VALUES ('103009210', TRUE, '2345 - 2000 - 340 = ?') ;

INSERT INTO answer_options (question_id, correct_answer, answer_text)
VALUES ('103009210', FALSE, '5');

INSERT INTO answer_options (question_id, correct_answer, answer_text)
VALUES ('103009210', FALSE, '15');

INSERT INTO answer_options (question_id, correct_answer, answer_text)
VALUES ('103009210', FALSE, '-5');

INSERT INTO questions (question_id, language_id, topic_id, c_grade_id, level, question_text, explanation, interesting_fact)
VALUES ('103009211', 1, 3009, 1, 1, '1', '', '597') ON CONFLICT (question_id) DO UPDATE SET language_id = 1 ,topic_id= 3009,c_grade_id =1,level=1,question_text='1',explanation='',interesting_fact='597';


INSERT INTO answer_options (question_id, correct_answer, answer_text)
VALUES ('103009211', TRUE, '3627 - 3000 - 20 = ?') ;

INSERT INTO answer_options (question_id, correct_answer, answer_text)
VALUES ('103009211', FALSE, '607');

INSERT INTO answer_options (question_id, correct_answer, answer_text)
VALUES ('103009211', FALSE, '627');

INSERT INTO answer_options (question_id, correct_answer, answer_text)
VALUES ('103009211', FALSE, '617');

INSERT INTO questions (question_id, language_id, topic_id, c_grade_id, level, question_text, explanation, interesting_fact)
VALUES ('103009212', 1, 3009, 2, 2, '1', '', '5') ON CONFLICT (question_id) DO UPDATE SET language_id = 1 ,topic_id= 3009,c_grade_id =2,level=2,question_text='1',explanation='',interesting_fact='5';


INSERT INTO answer_options (question_id, correct_answer, answer_text)
VALUES ('103009212', TRUE, '4825 - 4000 - 800 = ?') ;

INSERT INTO answer_options (question_id, correct_answer, answer_text)
VALUES ('103009212', FALSE, '25');

INSERT INTO answer_options (question_id, correct_answer, answer_text)
VALUES ('103009212', FALSE, '35');

INSERT INTO answer_options (question_id, correct_answer, answer_text)
VALUES ('103009212', FALSE, '15');

INSERT INTO questions (question_id, language_id, topic_id, c_grade_id, level, question_text, explanation, interesting_fact)
VALUES ('103009213', 1, 3009, 3, 3, '1', '', '634') ON CONFLICT (question_id) DO UPDATE SET language_id = 1 ,topic_id= 3009,c_grade_id =3,level=3,question_text='1',explanation='',interesting_fact='634';


INSERT INTO answer_options (question_id, correct_answer, answer_text)
VALUES ('103009213', TRUE, '5634 - 5000 - 30 = ?') ;

INSERT INTO answer_options (question_id, correct_answer, answer_text)
VALUES ('103009213', FALSE, '604');

INSERT INTO answer_options (question_id, correct_answer, answer_text)
VALUES ('103009213', FALSE, '614');

INSERT INTO answer_options (question_id, correct_answer, answer_text)
VALUES ('103009213', FALSE, '594');

INSERT INTO questions (question_id, language_id, topic_id, c_grade_id, level, question_text, explanation, interesting_fact)
VALUES ('103009214', 1, 3009, 4, 4, '1', '', '843') ON CONFLICT (question_id) DO UPDATE SET language_id = 1 ,topic_id= 3009,c_grade_id =4,level=4,question_text='1',explanation='',interesting_fact='843';


INSERT INTO answer_options (question_id, correct_answer, answer_text)
VALUES ('103009214', TRUE, '7843 - 7000 - 40 = ?') ;

INSERT INTO answer_options (question_id, correct_answer, answer_text)
VALUES ('103009214', FALSE, '803');

INSERT INTO answer_options (question_id, correct_answer, answer_text)
VALUES ('103009214', FALSE, '813');

INSERT INTO answer_options (question_id, correct_answer, answer_text)
VALUES ('103009214', FALSE, '793');

INSERT INTO questions (question_id, language_id, topic_id, c_grade_id, level, question_text, explanation, interesting_fact)
VALUES ('103009215', 1, 3009, 5, 5, '1', '', '30') ON CONFLICT (question_id) DO UPDATE SET language_id = 1 ,topic_id= 3009,c_grade_id =5,level=5,question_text='1',explanation='',interesting_fact='30';


INSERT INTO answer_options (question_id, correct_answer, answer_text)
VALUES ('103009215', TRUE, '8960 - 8000 - 950 = ?') ;

INSERT INTO answer_options (question_id, correct_answer, answer_text)
VALUES ('103009215', FALSE, '10');

INSERT INTO answer_options (question_id, correct_answer, answer_text)
VALUES ('103009215', FALSE, '20');

INSERT INTO answer_options (question_id, correct_answer, answer_text)
VALUES ('103009215', FALSE, '0');

INSERT INTO questions (question_id, language_id, topic_id, c_grade_id, level, question_text, explanation, interesting_fact)
VALUES ('103009216', 1, 3009, 6, 6, '1', '', '25') ON CONFLICT (question_id) DO UPDATE SET language_id = 1 ,topic_id= 3009,c_grade_id =6,level=6,question_text='1',explanation='',interesting_fact='25';


INSERT INTO answer_options (question_id, correct_answer, answer_text)
VALUES ('103009216', TRUE, '9245 - 9000 - 240 = ?') ;

INSERT INTO answer_options (question_id, correct_answer, answer_text)
VALUES ('103009216', FALSE, '5');

INSERT INTO answer_options (question_id, correct_answer, answer_text)
VALUES ('103009216', FALSE, '15');

INSERT INTO answer_options (question_id, correct_answer, answer_text)
VALUES ('103009216', FALSE, '-5');

INSERT INTO questions (question_id, language_id, topic_id, c_grade_id, level, question_text, explanation, interesting_fact)
VALUES ('103009217', 1, 3009, 7, 7, '1', '', '24') ON CONFLICT (question_id) DO UPDATE SET language_id = 1 ,topic_id= 3009,c_grade_id =7,level=7,question_text='1',explanation='',interesting_fact='24';


INSERT INTO answer_options (question_id, correct_answer, answer_text)
VALUES ('103009217', TRUE, '1034 - 1000 - 30 = ?') ;

INSERT INTO answer_options (question_id, correct_answer, answer_text)
VALUES ('103009217', FALSE, '4');

INSERT INTO answer_options (question_id, correct_answer, answer_text)
VALUES ('103009217', FALSE, '14');

INSERT INTO answer_options (question_id, correct_answer, answer_text)
VALUES ('103009217', FALSE, '-4');

INSERT INTO questions (question_id, language_id, topic_id, c_grade_id, level, question_text, explanation, interesting_fact)
VALUES ('103009218', 1, 3009, 8, 8, '1', '', '26') ON CONFLICT (question_id) DO UPDATE SET language_id = 1 ,topic_id= 3009,c_grade_id =8,level=8,question_text='1',explanation='',interesting_fact='26';


INSERT INTO answer_options (question_id, correct_answer, answer_text)
VALUES ('103009218', TRUE, '2156 - 2000 - 150 = ?') ;

INSERT INTO answer_options (question_id, correct_answer, answer_text)
VALUES ('103009218', FALSE, '6');

INSERT INTO answer_options (question_id, correct_answer, answer_text)
VALUES ('103009218', FALSE, '16');

INSERT INTO answer_options (question_id, correct_answer, answer_text)
VALUES ('103009218', FALSE, '-6');

INSERT INTO questions (question_id, language_id, topic_id, c_grade_id, level, question_text, explanation, interesting_fact)
VALUES ('103009219', 1, 3009, 9, 9, '1', '', '28') ON CONFLICT (question_id) DO UPDATE SET language_id = 1 ,topic_id= 3009,c_grade_id =9,level=9,question_text='1',explanation='',interesting_fact='28';


INSERT INTO answer_options (question_id, correct_answer, answer_text)
VALUES ('103009219', TRUE, '3478 - 3000 - 470 = ?') ;

INSERT INTO answer_options (question_id, correct_answer, answer_text)
VALUES ('103009219', FALSE, '8');

INSERT INTO answer_options (question_id, correct_answer, answer_text)
VALUES ('103009219', FALSE, '18');

INSERT INTO answer_options (question_id, correct_answer, answer_text)
VALUES ('103009219', FALSE, '-8');

INSERT INTO questions (question_id, language_id, topic_id, c_grade_id, level, question_text, explanation, interesting_fact)
VALUES ('103009220', 1, 3009, 0, 0, '1', '', '29') ON CONFLICT (question_id) DO UPDATE SET language_id = 1 ,topic_id= 3009,c_grade_id =0,level=0,question_text='1',explanation='',interesting_fact='29';


INSERT INTO answer_options (question_id, correct_answer, answer_text)
VALUES ('103009220', TRUE, '4689 - 4000 - 680 = ?') ;

INSERT INTO answer_options (question_id, correct_answer, answer_text)
VALUES ('103009220', FALSE, '9');

INSERT INTO answer_options (question_id, correct_answer, answer_text)
VALUES ('103009220', FALSE, '19');

INSERT INTO answer_options (question_id, correct_answer, answer_text)
VALUES ('103009220', FALSE, '-9');

INSERT INTO questions (question_id, language_id, topic_id, c_grade_id, level, question_text, explanation, interesting_fact)
VALUES ('103010101', 1, 3010, 1, 1, '1', '', '147') ON CONFLICT (question_id) DO UPDATE SET language_id = 1 ,topic_id= 3010,c_grade_id =1,level=1,question_text='1',explanation='',interesting_fact='147';


INSERT INTO answer_options (question_id, correct_answer, answer_text)
VALUES ('103010101', TRUE, 'אם 147+5=152, אז כמה הם 152-147 
') ;

INSERT INTO answer_options (question_id, correct_answer, answer_text)
VALUES ('103010101', FALSE, '5');

INSERT INTO answer_options (question_id, correct_answer, answer_text)
VALUES ('103010101', FALSE, '14');

INSERT INTO answer_options (question_id, correct_answer, answer_text)
VALUES ('103010101', FALSE, '162');

INSERT INTO questions (question_id, language_id, topic_id, c_grade_id, level, question_text, explanation, interesting_fact)
VALUES ('103010102', 1, 3010, 2, 2, '1', '', '239') ON CONFLICT (question_id) DO UPDATE SET language_id = 1 ,topic_id= 3010,c_grade_id =2,level=2,question_text='1',explanation='',interesting_fact='239';


INSERT INTO answer_options (question_id, correct_answer, answer_text)
VALUES ('103010102', TRUE, 'אם 500 + 239 = 739, אז 739-239 הוא') ;

INSERT INTO answer_options (question_id, correct_answer, answer_text)
VALUES ('103010102', FALSE, '500');

INSERT INTO answer_options (question_id, correct_answer, answer_text)
VALUES ('103010102', FALSE, '523');

INSERT INTO answer_options (question_id, correct_answer, answer_text)
VALUES ('103010102', FALSE, '766');

INSERT INTO questions (question_id, language_id, topic_id, c_grade_id, level, question_text, explanation, interesting_fact)
VALUES ('103010103', 1, 3010, 3, 3, '1', '', '138') ON CONFLICT (question_id) DO UPDATE SET language_id = 1 ,topic_id= 3010,c_grade_id =3,level=3,question_text='1',explanation='',interesting_fact='138';


INSERT INTO answer_options (question_id, correct_answer, answer_text)
VALUES ('103010103', TRUE, 'אם 8500 + 138 = 8638, אז 8638-138 הוא') ;

INSERT INTO answer_options (question_id, correct_answer, answer_text)
VALUES ('103010103', FALSE, '8500');

INSERT INTO answer_options (question_id, correct_answer, answer_text)
VALUES ('103010103', FALSE, '8513');

INSERT INTO answer_options (question_id, correct_answer, answer_text)
VALUES ('103010103', FALSE, '8638');

INSERT INTO questions (question_id, language_id, topic_id, c_grade_id, level, question_text, explanation, interesting_fact)
VALUES ('103010104', 1, 3010, 4, 4, '1', '', '254') ON CONFLICT (question_id) DO UPDATE SET language_id = 1 ,topic_id= 3010,c_grade_id =4,level=4,question_text='1',explanation='',interesting_fact='254';


INSERT INTO answer_options (question_id, correct_answer, answer_text)
VALUES ('103010104', TRUE, 'אם 2400 + 254 = 2654, אז 2654-254 הוא') ;

INSERT INTO answer_options (question_id, correct_answer, answer_text)
VALUES ('103010104', FALSE, '2400');

INSERT INTO answer_options (question_id, correct_answer, answer_text)
VALUES ('103010104', FALSE, '2425');

INSERT INTO answer_options (question_id, correct_answer, answer_text)
VALUES ('103010104', FALSE, '2667');

INSERT INTO questions (question_id, language_id, topic_id, c_grade_id, level, question_text, explanation, interesting_fact)
VALUES ('103010105', 1, 3010, 5, 5, '1', '', '158') ON CONFLICT (question_id) DO UPDATE SET language_id = 1 ,topic_id= 3010,c_grade_id =5,level=5,question_text='1',explanation='',interesting_fact='158';


INSERT INTO answer_options (question_id, correct_answer, answer_text)
VALUES ('103010105', TRUE, 'אם 9600 + 158 = 9758, אז 9758-158 הוא') ;

INSERT INTO answer_options (question_id, correct_answer, answer_text)
VALUES ('103010105', FALSE, '9600');

INSERT INTO answer_options (question_id, correct_answer, answer_text)
VALUES ('103010105', FALSE, '9615');

INSERT INTO answer_options (question_id, correct_answer, answer_text)
VALUES ('103010105', FALSE, '9783');

INSERT INTO questions (question_id, language_id, topic_id, c_grade_id, level, question_text, explanation, interesting_fact)
VALUES ('103010106', 1, 3010, 6, 6, '1', '', '144') ON CONFLICT (question_id) DO UPDATE SET language_id = 1 ,topic_id= 3010,c_grade_id =6,level=6,question_text='1',explanation='',interesting_fact='144';


INSERT INTO answer_options (question_id, correct_answer, answer_text)
VALUES ('103010106', TRUE, 'אם 6744-144 = 6600, אז כמה הם 6600 + 144 ?') ;

INSERT INTO answer_options (question_id, correct_answer, answer_text)
VALUES ('103010106', FALSE, '6744');

INSERT INTO answer_options (question_id, correct_answer, answer_text)
VALUES ('103010106', FALSE, '6614');

INSERT INTO answer_options (question_id, correct_answer, answer_text)
VALUES ('103010106', FALSE, '6744');

INSERT INTO questions (question_id, language_id, topic_id, c_grade_id, level, question_text, explanation, interesting_fact)
VALUES ('103010107', 1, 3010, 7, 7, '1', '', '204') ON CONFLICT (question_id) DO UPDATE SET language_id = 1 ,topic_id= 3010,c_grade_id =7,level=7,question_text='1',explanation='',interesting_fact='204';


INSERT INTO answer_options (question_id, correct_answer, answer_text)
VALUES ('103010107', TRUE, 'אם 3004-204 = 2800, אז כמה הם 2800 + 204 ?') ;

INSERT INTO answer_options (question_id, correct_answer, answer_text)
VALUES ('103010107', FALSE, '3004');

INSERT INTO answer_options (question_id, correct_answer, answer_text)
VALUES ('103010107', FALSE, '2820');

INSERT INTO answer_options (question_id, correct_answer, answer_text)
VALUES ('103010107', FALSE, '3018');

INSERT INTO questions (question_id, language_id, topic_id, c_grade_id, level, question_text, explanation, interesting_fact)
VALUES ('103010108', 1, 3010, 8, 8, '1', '', '127') ON CONFLICT (question_id) DO UPDATE SET language_id = 1 ,topic_id= 3010,c_grade_id =8,level=8,question_text='1',explanation='',interesting_fact='127';


INSERT INTO answer_options (question_id, correct_answer, answer_text)
VALUES ('103010108', TRUE, 'אם 1727-127 = 1600, אז כמה הם 1600 + 127 ?') ;

INSERT INTO answer_options (question_id, correct_answer, answer_text)
VALUES ('103010108', FALSE, '1727');

INSERT INTO answer_options (question_id, correct_answer, answer_text)
VALUES ('103010108', FALSE, '1612');

INSERT INTO answer_options (question_id, correct_answer, answer_text)
VALUES ('103010108', FALSE, '1747');

INSERT INTO questions (question_id, language_id, topic_id, c_grade_id, level, question_text, explanation, interesting_fact)
VALUES ('103010109', 1, 3010, 9, 9, '1', '', '160') ON CONFLICT (question_id) DO UPDATE SET language_id = 1 ,topic_id= 3010,c_grade_id =9,level=9,question_text='1',explanation='',interesting_fact='160';


INSERT INTO answer_options (question_id, correct_answer, answer_text)
VALUES ('103010109', TRUE, 'אם 3960-160 = 3800, אז 3800 + 160 = ?') ;

INSERT INTO answer_options (question_id, correct_answer, answer_text)
VALUES ('103010109', FALSE, '3960');

INSERT INTO answer_options (question_id, correct_answer, answer_text)
VALUES ('103010109', FALSE, '3816');

INSERT INTO answer_options (question_id, correct_answer, answer_text)
VALUES ('103010109', FALSE, '3972');

INSERT INTO questions (question_id, language_id, topic_id, c_grade_id, level, question_text, explanation, interesting_fact)
VALUES ('103010110', 1, 3010, 0, 0, '1', '', '243') ON CONFLICT (question_id) DO UPDATE SET language_id = 1 ,topic_id= 3010,c_grade_id =0,level=0,question_text='1',explanation='',interesting_fact='243';


INSERT INTO answer_options (question_id, correct_answer, answer_text)
VALUES ('103010110', TRUE, 'אם 6243-243 = 6000, אז 6000 + 243 = ?') ;

INSERT INTO answer_options (question_id, correct_answer, answer_text)
VALUES ('103010110', FALSE, '6243');

INSERT INTO answer_options (question_id, correct_answer, answer_text)
VALUES ('103010110', FALSE, '6024');

INSERT INTO answer_options (question_id, correct_answer, answer_text)
VALUES ('103010110', FALSE, '6259');

INSERT INTO questions (question_id, language_id, topic_id, c_grade_id, level, question_text, explanation, interesting_fact)
VALUES ('103010111', 1, 3010, 1, 1, '1', '', '292') ON CONFLICT (question_id) DO UPDATE SET language_id = 1 ,topic_id= 3010,c_grade_id =1,level=1,question_text='1',explanation='',interesting_fact='292';


INSERT INTO answer_options (question_id, correct_answer, answer_text)
VALUES ('103010111', TRUE, 'אם 492-292 = 200, אז 200 + 292 = ?') ;

INSERT INTO answer_options (question_id, correct_answer, answer_text)
VALUES ('103010111', FALSE, '492');

INSERT INTO answer_options (question_id, correct_answer, answer_text)
VALUES ('103010111', FALSE, '229');

INSERT INTO answer_options (question_id, correct_answer, answer_text)
VALUES ('103010111', FALSE, '516');

INSERT INTO questions (question_id, language_id, topic_id, c_grade_id, level, question_text, explanation, interesting_fact)
VALUES ('103010112', 1, 3010, 2, 2, '1', '', '144') ON CONFLICT (question_id) DO UPDATE SET language_id = 1 ,topic_id= 3010,c_grade_id =2,level=2,question_text='1',explanation='',interesting_fact='144';


INSERT INTO answer_options (question_id, correct_answer, answer_text)
VALUES ('103010112', TRUE, 'הסכום של 6900 ו-144 הוא 7044. כמה ההפרש בין 7044 ל-144?') ;

INSERT INTO answer_options (question_id, correct_answer, answer_text)
VALUES ('103010112', FALSE, '6900');

INSERT INTO answer_options (question_id, correct_answer, answer_text)
VALUES ('103010112', FALSE, '6914');

INSERT INTO answer_options (question_id, correct_answer, answer_text)
VALUES ('103010112', FALSE, '7044');

INSERT INTO questions (question_id, language_id, topic_id, c_grade_id, level, question_text, explanation, interesting_fact)
VALUES ('103010113', 1, 3010, 3, 3, '1', '', '192') ON CONFLICT (question_id) DO UPDATE SET language_id = 1 ,topic_id= 3010,c_grade_id =3,level=3,question_text='1',explanation='',interesting_fact='192';


INSERT INTO answer_options (question_id, correct_answer, answer_text)
VALUES ('103010113', TRUE, 'הסכום של 4100 ו-192 הוא 4292. כמה ההפרש בין 4292 ל-192?') ;

INSERT INTO answer_options (question_id, correct_answer, answer_text)
VALUES ('103010113', FALSE, '4100');

INSERT INTO answer_options (question_id, correct_answer, answer_text)
VALUES ('103010113', FALSE, '4119');

INSERT INTO answer_options (question_id, correct_answer, answer_text)
VALUES ('103010113', FALSE, '4306');

INSERT INTO questions (question_id, language_id, topic_id, c_grade_id, level, question_text, explanation, interesting_fact)
VALUES ('103010114', 1, 3010, 4, 4, '1', '', '282') ON CONFLICT (question_id) DO UPDATE SET language_id = 1 ,topic_id= 3010,c_grade_id =4,level=4,question_text='1',explanation='',interesting_fact='282';


INSERT INTO answer_options (question_id, correct_answer, answer_text)
VALUES ('103010114', TRUE, 'הסכום של 3200 ו-282 הוא 3482. כמה ההפרש בין 3482 ל-282?') ;

INSERT INTO answer_options (question_id, correct_answer, answer_text)
VALUES ('103010114', FALSE, '3200');

INSERT INTO answer_options (question_id, correct_answer, answer_text)
VALUES ('103010114', FALSE, '3228');

INSERT INTO answer_options (question_id, correct_answer, answer_text)
VALUES ('103010114', FALSE, '3501');

INSERT INTO questions (question_id, language_id, topic_id, c_grade_id, level, question_text, explanation, interesting_fact)
VALUES ('103010115', 1, 3010, 5, 5, '1', '', '240') ON CONFLICT (question_id) DO UPDATE SET language_id = 1 ,topic_id= 3010,c_grade_id =5,level=5,question_text='1',explanation='',interesting_fact='240';


INSERT INTO answer_options (question_id, correct_answer, answer_text)
VALUES ('103010115', TRUE, 'הסכום של 700 ו-240 הוא 940. כמה ההפרש בין 940 ל-240?') ;

INSERT INTO answer_options (question_id, correct_answer, answer_text)
VALUES ('103010115', FALSE, '700');

INSERT INTO answer_options (question_id, correct_answer, answer_text)
VALUES ('103010115', FALSE, '724');

INSERT INTO answer_options (question_id, correct_answer, answer_text)
VALUES ('103010115', FALSE, '968');

INSERT INTO questions (question_id, language_id, topic_id, c_grade_id, level, question_text, explanation, interesting_fact)
VALUES ('103010116', 1, 3010, 6, 6, '1', '', '299') ON CONFLICT (question_id) DO UPDATE SET language_id = 1 ,topic_id= 3010,c_grade_id =6,level=6,question_text='1',explanation='',interesting_fact='299';


INSERT INTO answer_options (question_id, correct_answer, answer_text)
VALUES ('103010116', TRUE, 'הסכום של 8600 ו-299 הוא 8899. כמה ההפרש בין 8899 ל-299?') ;

INSERT INTO answer_options (question_id, correct_answer, answer_text)
VALUES ('103010116', FALSE, '8600');

INSERT INTO answer_options (question_id, correct_answer, answer_text)
VALUES ('103010116', FALSE, '8629');

INSERT INTO answer_options (question_id, correct_answer, answer_text)
VALUES ('103010116', FALSE, '8923');

INSERT INTO questions (question_id, language_id, topic_id, c_grade_id, level, question_text, explanation, interesting_fact)
VALUES ('103010117', 1, 3010, 7, 7, '1', '', '250') ON CONFLICT (question_id) DO UPDATE SET language_id = 1 ,topic_id= 3010,c_grade_id =7,level=7,question_text='1',explanation='',interesting_fact='250';


INSERT INTO answer_options (question_id, correct_answer, answer_text)
VALUES ('103010117', TRUE, 'מהו ההפרש בין 5300 ל-250?') ;

INSERT INTO answer_options (question_id, correct_answer, answer_text)
VALUES ('103010117', FALSE, '5050');

INSERT INTO answer_options (question_id, correct_answer, answer_text)
VALUES ('103010117', FALSE, '5275');

INSERT INTO answer_options (question_id, correct_answer, answer_text)
VALUES ('103010117', FALSE, '5045');

INSERT INTO questions (question_id, language_id, topic_id, c_grade_id, level, question_text, explanation, interesting_fact)
VALUES ('103010118', 1, 3010, 8, 8, '1', '', '124') ON CONFLICT (question_id) DO UPDATE SET language_id = 1 ,topic_id= 3010,c_grade_id =8,level=8,question_text='1',explanation='',interesting_fact='124';


INSERT INTO answer_options (question_id, correct_answer, answer_text)
VALUES ('103010118', TRUE, 'מהו ההפרש בין 700 ל-124?') ;

INSERT INTO answer_options (question_id, correct_answer, answer_text)
VALUES ('103010118', FALSE, '576');

INSERT INTO answer_options (question_id, correct_answer, answer_text)
VALUES ('103010118', FALSE, '688');

INSERT INTO answer_options (question_id, correct_answer, answer_text)
VALUES ('103010118', FALSE, '551');

INSERT INTO questions (question_id, language_id, topic_id, c_grade_id, level, question_text, explanation, interesting_fact)
VALUES ('103010119', 1, 3010, 9, 9, '1', '', '193') ON CONFLICT (question_id) DO UPDATE SET language_id = 1 ,topic_id= 3010,c_grade_id =9,level=9,question_text='1',explanation='',interesting_fact='193';


INSERT INTO answer_options (question_id, correct_answer, answer_text)
VALUES ('103010119', TRUE, 'מהו ההפרש בין 9200 ל-193?') ;

INSERT INTO answer_options (question_id, correct_answer, answer_text)
VALUES ('103010119', FALSE, '9007');

INSERT INTO answer_options (question_id, correct_answer, answer_text)
VALUES ('103010119', FALSE, '9181');

INSERT INTO answer_options (question_id, correct_answer, answer_text)
VALUES ('103010119', FALSE, '8995');

INSERT INTO questions (question_id, language_id, topic_id, c_grade_id, level, question_text, explanation, interesting_fact)
VALUES ('103010120', 1, 3010, 0, 0, '1', '', '105') ON CONFLICT (question_id) DO UPDATE SET language_id = 1 ,topic_id= 3010,c_grade_id =0,level=0,question_text='1',explanation='',interesting_fact='105';


INSERT INTO answer_options (question_id, correct_answer, answer_text)
VALUES ('103010120', TRUE, 'מהו ההפרש בין 4900 ל-105?') ;

INSERT INTO answer_options (question_id, correct_answer, answer_text)
VALUES ('103010120', FALSE, '4795');

INSERT INTO answer_options (question_id, correct_answer, answer_text)
VALUES ('103010120', FALSE, '4890');

INSERT INTO answer_options (question_id, correct_answer, answer_text)
VALUES ('103010120', FALSE, '4776');

INSERT INTO questions (question_id, language_id, topic_id, c_grade_id, level, question_text, explanation, interesting_fact)
VALUES ('103010201', 1, 3010, 1, 1, '1', '', '188') ON CONFLICT (question_id) DO UPDATE SET language_id = 1 ,topic_id= 3010,c_grade_id =1,level=1,question_text='1',explanation='',interesting_fact='188';


INSERT INTO answer_options (question_id, correct_answer, answer_text)
VALUES ('103010201', TRUE, 'מהו ההפרש בין 1400 ל-188?') ;

INSERT INTO answer_options (question_id, correct_answer, answer_text)
VALUES ('103010201', FALSE, '1212');

INSERT INTO answer_options (question_id, correct_answer, answer_text)
VALUES ('103010201', FALSE, '1382');

INSERT INTO answer_options (question_id, correct_answer, answer_text)
VALUES ('103010201', FALSE, '1202');

INSERT INTO questions (question_id, language_id, topic_id, c_grade_id, level, question_text, explanation, interesting_fact)
VALUES ('103010202', 1, 3010, 2, 2, '1', '', '4330') ON CONFLICT (question_id) DO UPDATE SET language_id = 1 ,topic_id= 3010,c_grade_id =2,level=2,question_text='1',explanation='',interesting_fact='4330';


INSERT INTO answer_options (question_id, correct_answer, answer_text)
VALUES ('103010202', TRUE, '1100 + ? = 5180') ;

INSERT INTO answer_options (question_id, correct_answer, answer_text)
VALUES ('103010202', FALSE, '4080');

INSERT INTO answer_options (question_id, correct_answer, answer_text)
VALUES ('103010202', FALSE, '4180');

INSERT INTO answer_options (question_id, correct_answer, answer_text)
VALUES ('103010202', FALSE, '3980');

INSERT INTO questions (question_id, language_id, topic_id, c_grade_id, level, question_text, explanation, interesting_fact)
VALUES ('103010203', 1, 3010, 3, 3, '1', '', '8710') ON CONFLICT (question_id) DO UPDATE SET language_id = 1 ,topic_id= 3010,c_grade_id =3,level=3,question_text='1',explanation='',interesting_fact='8710';


INSERT INTO answer_options (question_id, correct_answer, answer_text)
VALUES ('103010203', TRUE, '1100 + ? = 9560') ;

INSERT INTO answer_options (question_id, correct_answer, answer_text)
VALUES ('103010203', FALSE, '8460');

INSERT INTO answer_options (question_id, correct_answer, answer_text)
VALUES ('103010203', FALSE, '8560');

INSERT INTO answer_options (question_id, correct_answer, answer_text)
VALUES ('103010203', FALSE, '8360');

INSERT INTO questions (question_id, language_id, topic_id, c_grade_id, level, question_text, explanation, interesting_fact)
VALUES ('103010204', 1, 3010, 4, 4, '1', '', '2470') ON CONFLICT (question_id) DO UPDATE SET language_id = 1 ,topic_id= 3010,c_grade_id =4,level=4,question_text='1',explanation='',interesting_fact='2470';


INSERT INTO answer_options (question_id, correct_answer, answer_text)
VALUES ('103010204', TRUE, '2200 + ? = 4420') ;

INSERT INTO answer_options (question_id, correct_answer, answer_text)
VALUES ('103010204', FALSE, '2220');

INSERT INTO answer_options (question_id, correct_answer, answer_text)
VALUES ('103010204', FALSE, '2320');

INSERT INTO answer_options (question_id, correct_answer, answer_text)
VALUES ('103010204', FALSE, '2120');

INSERT INTO questions (question_id, language_id, topic_id, c_grade_id, level, question_text, explanation, interesting_fact)
VALUES ('103010205', 1, 3010, 5, 5, '1', '', '1690') ON CONFLICT (question_id) DO UPDATE SET language_id = 1 ,topic_id= 3010,c_grade_id =5,level=5,question_text='1',explanation='',interesting_fact='1690';


INSERT INTO answer_options (question_id, correct_answer, answer_text)
VALUES ('103010205', TRUE, '2200 + ? = 3640') ;

INSERT INTO answer_options (question_id, correct_answer, answer_text)
VALUES ('103010205', FALSE, '1440');

INSERT INTO answer_options (question_id, correct_answer, answer_text)
VALUES ('103010205', FALSE, '1540');

INSERT INTO answer_options (question_id, correct_answer, answer_text)
VALUES ('103010205', FALSE, '1340');

INSERT INTO questions (question_id, language_id, topic_id, c_grade_id, level, question_text, explanation, interesting_fact)
VALUES ('103010206', 1, 3010, 6, 6, '1', '', '3230') ON CONFLICT (question_id) DO UPDATE SET language_id = 1 ,topic_id= 3010,c_grade_id =6,level=6,question_text='1',explanation='',interesting_fact='3230';


INSERT INTO answer_options (question_id, correct_answer, answer_text)
VALUES ('103010206', TRUE, '2200 + ? = 5180') ;

INSERT INTO answer_options (question_id, correct_answer, answer_text)
VALUES ('103010206', FALSE, '2980');

INSERT INTO answer_options (question_id, correct_answer, answer_text)
VALUES ('103010206', FALSE, '3080');

INSERT INTO answer_options (question_id, correct_answer, answer_text)
VALUES ('103010206', FALSE, '2880');

INSERT INTO questions (question_id, language_id, topic_id, c_grade_id, level, question_text, explanation, interesting_fact)
VALUES ('103010207', 1, 3010, 7, 7, '1', '', '3786') ON CONFLICT (question_id) DO UPDATE SET language_id = 1 ,topic_id= 3010,c_grade_id =7,level=7,question_text='1',explanation='',interesting_fact='3786';


INSERT INTO answer_options (question_id, correct_answer, answer_text)
VALUES ('103010207', TRUE, '3770 - 76 + 8 + 76 = ?') ;

INSERT INTO answer_options (question_id, correct_answer, answer_text)
VALUES ('103010207', FALSE, '3778');

INSERT INTO answer_options (question_id, correct_answer, answer_text)
VALUES ('103010207', FALSE, '3770');

INSERT INTO answer_options (question_id, correct_answer, answer_text)
VALUES ('103010207', FALSE, '3762');

INSERT INTO questions (question_id, language_id, topic_id, c_grade_id, level, question_text, explanation, interesting_fact)
VALUES ('103010208', 1, 3010, 8, 8, '1', '', '4495') ON CONFLICT (question_id) DO UPDATE SET language_id = 1 ,topic_id= 3010,c_grade_id =8,level=8,question_text='1',explanation='',interesting_fact='4495';


INSERT INTO answer_options (question_id, correct_answer, answer_text)
VALUES ('103010208', TRUE, '4500 - 100 + 15 + 100 = ?') ;

INSERT INTO answer_options (question_id, correct_answer, answer_text)
VALUES ('103010208', FALSE, '4515');

INSERT INTO answer_options (question_id, correct_answer, answer_text)
VALUES ('103010208', FALSE, '4500');

INSERT INTO answer_options (question_id, correct_answer, answer_text)
VALUES ('103010208', FALSE, '4510');

INSERT INTO questions (question_id, language_id, topic_id, c_grade_id, level, question_text, explanation, interesting_fact)
VALUES ('103010209', 1, 3010, 9, 9, '1', '', '2600') ON CONFLICT (question_id) DO UPDATE SET language_id = 1 ,topic_id= 3010,c_grade_id =9,level=9,question_text='1',explanation='',interesting_fact='2600';


INSERT INTO answer_options (question_id, correct_answer, answer_text)
VALUES ('103010209', TRUE, '2630 - 30 + 50 + 30 = ?') ;

INSERT INTO answer_options (question_id, correct_answer, answer_text)
VALUES ('103010209', FALSE, '2680');

INSERT INTO answer_options (question_id, correct_answer, answer_text)
VALUES ('103010209', FALSE, '2630');

INSERT INTO answer_options (question_id, correct_answer, answer_text)
VALUES ('103010209', FALSE, '2660');

INSERT INTO questions (question_id, language_id, topic_id, c_grade_id, level, question_text, explanation, interesting_fact)
VALUES ('103010210', 1, 3010, 0, 0, '1', '', '5840') ON CONFLICT (question_id) DO UPDATE SET language_id = 1 ,topic_id= 3010,c_grade_id =0,level=0,question_text='1',explanation='',interesting_fact='5840';


INSERT INTO answer_options (question_id, correct_answer, answer_text)
VALUES ('103010210', TRUE, '5820 - 20 + 60 + 20 = ?') ;

INSERT INTO answer_options (question_id, correct_answer, answer_text)
VALUES ('103010210', FALSE, '5880');

INSERT INTO answer_options (question_id, correct_answer, answer_text)
VALUES ('103010210', FALSE, '5820');

INSERT INTO answer_options (question_id, correct_answer, answer_text)
VALUES ('103010210', FALSE, '5860');

INSERT INTO questions (question_id, language_id, topic_id, c_grade_id, level, question_text, explanation, interesting_fact)
VALUES ('103010211', 1, 3010, 1, 1, '1', '', '7120') ON CONFLICT (question_id) DO UPDATE SET language_id = 1 ,topic_id= 3010,c_grade_id =1,level=1,question_text='1',explanation='',interesting_fact='7120';


INSERT INTO answer_options (question_id, correct_answer, answer_text)
VALUES ('103010211', TRUE, '7160 - 160 + 40 + 160 = ?') ;

INSERT INTO answer_options (question_id, correct_answer, answer_text)
VALUES ('103010211', FALSE, '7200');

INSERT INTO answer_options (question_id, correct_answer, answer_text)
VALUES ('103010211', FALSE, '7160');

INSERT INTO answer_options (question_id, correct_answer, answer_text)
VALUES ('103010211', FALSE, '7240');

INSERT INTO questions (question_id, language_id, topic_id, c_grade_id, level, question_text, explanation, interesting_fact)
VALUES ('103010212', 1, 3010, 2, 2, '1', '', '8425') ON CONFLICT (question_id) DO UPDATE SET language_id = 1 ,topic_id= 3010,c_grade_id =2,level=2,question_text='1',explanation='',interesting_fact='8425';


INSERT INTO answer_options (question_id, correct_answer, answer_text)
VALUES ('103010212', TRUE, '8375 - 75 + 25 + 75 = ?') ;

INSERT INTO answer_options (question_id, correct_answer, answer_text)
VALUES ('103010212', FALSE, '8400');

INSERT INTO answer_options (question_id, correct_answer, answer_text)
VALUES ('103010212', FALSE, '8375');

INSERT INTO answer_options (question_id, correct_answer, answer_text)
VALUES ('103010212', FALSE, '8350');

INSERT INTO questions (question_id, language_id, topic_id, c_grade_id, level, question_text, explanation, interesting_fact)
VALUES ('103010213', 1, 3010, 3, 3, '1', '', '9670') ON CONFLICT (question_id) DO UPDATE SET language_id = 1 ,topic_id= 3010,c_grade_id =3,level=3,question_text='1',explanation='',interesting_fact='9670';


INSERT INTO answer_options (question_id, correct_answer, answer_text)
VALUES ('103010213', TRUE, '9620 - 200 + 30 + 200 = ?') ;

INSERT INTO answer_options (question_id, correct_answer, answer_text)
VALUES ('103010213', FALSE, '9650');

INSERT INTO answer_options (question_id, correct_answer, answer_text)
VALUES ('103010213', FALSE, '9620');

INSERT INTO answer_options (question_id, correct_answer, answer_text)
VALUES ('103010213', FALSE, '9600');

INSERT INTO questions (question_id, language_id, topic_id, c_grade_id, level, question_text, explanation, interesting_fact)
VALUES ('103010214', 1, 3010, 4, 4, '1', '', '4515') ON CONFLICT (question_id) DO UPDATE SET language_id = 1 ,topic_id= 3010,c_grade_id =4,level=4,question_text='1',explanation='',interesting_fact='4515';


INSERT INTO answer_options (question_id, correct_answer, answer_text)
VALUES ('103010214', TRUE, '4520 - 45 + 10 + 45 = ?') ;

INSERT INTO answer_options (question_id, correct_answer, answer_text)
VALUES ('103010214', FALSE, '4530');

INSERT INTO answer_options (question_id, correct_answer, answer_text)
VALUES ('103010214', FALSE, '4540');

INSERT INTO answer_options (question_id, correct_answer, answer_text)
VALUES ('103010214', FALSE, '4525');

INSERT INTO questions (question_id, language_id, topic_id, c_grade_id, level, question_text, explanation, interesting_fact)
VALUES ('103010215', 1, 3010, 5, 5, '1', '', '5620') ON CONFLICT (question_id) DO UPDATE SET language_id = 1 ,topic_id= 3010,c_grade_id =5,level=5,question_text='1',explanation='',interesting_fact='5620';


INSERT INTO answer_options (question_id, correct_answer, answer_text)
VALUES ('103010215', TRUE, '5640 - 500 + 20 + 500 = ?') ;

INSERT INTO answer_options (question_id, correct_answer, answer_text)
VALUES ('103010215', FALSE, '5660');

INSERT INTO answer_options (question_id, correct_answer, answer_text)
VALUES ('103010215', FALSE, '5680');

INSERT INTO answer_options (question_id, correct_answer, answer_text)
VALUES ('103010215', FALSE, '5640');

INSERT INTO questions (question_id, language_id, topic_id, c_grade_id, level, question_text, explanation, interesting_fact)
VALUES ('103010216', 1, 3010, 6, 6, '1', '', '6825') ON CONFLICT (question_id) DO UPDATE SET language_id = 1 ,topic_id= 3010,c_grade_id =6,level=6,question_text='1',explanation='',interesting_fact='6825';


INSERT INTO answer_options (question_id, correct_answer, answer_text)
VALUES ('103010216', TRUE, '6830 - 80 + 15 + 80 = ?') ;

INSERT INTO answer_options (question_id, correct_answer, answer_text)
VALUES ('103010216', FALSE, '6845');

INSERT INTO answer_options (question_id, correct_answer, answer_text)
VALUES ('103010216', FALSE, '6865');

INSERT INTO answer_options (question_id, correct_answer, answer_text)
VALUES ('103010216', FALSE, '6835');

INSERT INTO questions (question_id, language_id, topic_id, c_grade_id, level, question_text, explanation, interesting_fact)
VALUES ('103010217', 1, 3010, 7, 7, '1', '', '7890') ON CONFLICT (question_id) DO UPDATE SET language_id = 1 ,topic_id= 3010,c_grade_id =7,level=7,question_text='1',explanation='',interesting_fact='7890';


INSERT INTO answer_options (question_id, correct_answer, answer_text)
VALUES ('103010217', TRUE, '7900 - 700 + 25 + 700 = ?') ;

INSERT INTO answer_options (question_id, correct_answer, answer_text)
VALUES ('103010217', FALSE, '7925');

INSERT INTO answer_options (question_id, correct_answer, answer_text)
VALUES ('103010217', FALSE, '7950');

INSERT INTO answer_options (question_id, correct_answer, answer_text)
VALUES ('103010217', FALSE, '7910');

INSERT INTO questions (question_id, language_id, topic_id, c_grade_id, level, question_text, explanation, interesting_fact)
VALUES ('103010218', 1, 3010, 8, 8, '1', '', '8798') ON CONFLICT (question_id) DO UPDATE SET language_id = 1 ,topic_id= 3010,c_grade_id =8,level=8,question_text='1',explanation='',interesting_fact='8798';


INSERT INTO answer_options (question_id, correct_answer, answer_text)
VALUES ('103010218', TRUE, '8800 - 88 + 30 + 88 = ?') ;

INSERT INTO answer_options (question_id, correct_answer, answer_text)
VALUES ('103010218', FALSE, '8830');

INSERT INTO answer_options (question_id, correct_answer, answer_text)
VALUES ('103010218', FALSE, '8858');

INSERT INTO answer_options (question_id, correct_answer, answer_text)
VALUES ('103010218', FALSE, '8818');

INSERT INTO questions (question_id, language_id, topic_id, c_grade_id, level, question_text, explanation, interesting_fact)
VALUES ('103010219', 1, 3010, 9, 9, '1', '', '9040') ON CONFLICT (question_id) DO UPDATE SET language_id = 1 ,topic_id= 3010,c_grade_id =9,level=9,question_text='1',explanation='',interesting_fact='9040';


INSERT INTO answer_options (question_id, correct_answer, answer_text)
VALUES ('103010219', TRUE, '9030 - 900 + 40 + 900 = ?') ;

INSERT INTO answer_options (question_id, correct_answer, answer_text)
VALUES ('103010219', FALSE, '9070');

INSERT INTO answer_options (question_id, correct_answer, answer_text)
VALUES ('103010219', FALSE, '9090');

INSERT INTO answer_options (question_id, correct_answer, answer_text)
VALUES ('103010219', FALSE, '9060');

INSERT INTO questions (question_id, language_id, topic_id, c_grade_id, level, question_text, explanation, interesting_fact)
VALUES ('103010220', 1, 3010, 0, 0, '1', '', '3237') ON CONFLICT (question_id) DO UPDATE SET language_id = 1 ,topic_id= 3010,c_grade_id =0,level=0,question_text='1',explanation='',interesting_fact='3237';


INSERT INTO answer_options (question_id, correct_answer, answer_text)
VALUES ('103010220', TRUE, '3250 - 32 + 5 + 32 = ?') ;

INSERT INTO answer_options (question_id, correct_answer, answer_text)
VALUES ('103010220', FALSE, '3255');

INSERT INTO answer_options (question_id, correct_answer, answer_text)
VALUES ('103010220', FALSE, '3262');

INSERT INTO answer_options (question_id, correct_answer, answer_text)
VALUES ('103010220', FALSE, '3247');

INSERT INTO questions (question_id, language_id, topic_id, c_grade_id, level, question_text, explanation, interesting_fact)
VALUES ('103011101', 1, 3011, 1, 1, '1', '', '315') ON CONFLICT (question_id) DO UPDATE SET language_id = 1 ,topic_id= 3011,c_grade_id =1,level=1,question_text='1',explanation='',interesting_fact='315';


INSERT INTO answer_options (question_id, correct_answer, answer_text)
VALUES ('103011101', TRUE, 'לשרה יש 250 גולות, וחברה נותנת לה עוד 150. כמה גולות יש לשרה עכשיו?') ;

INSERT INTO answer_options (question_id, correct_answer, answer_text)
VALUES ('103011101', FALSE, '400');

INSERT INTO answer_options (question_id, correct_answer, answer_text)
VALUES ('103011101', FALSE, '350');

INSERT INTO answer_options (question_id, correct_answer, answer_text)
VALUES ('103011101', FALSE, '275');

INSERT INTO questions (question_id, language_id, topic_id, c_grade_id, level, question_text, explanation, interesting_fact)
VALUES ('103011102', 1, 3011, 2, 2, '1', '', '801') ON CONFLICT (question_id) DO UPDATE SET language_id = 1 ,topic_id= 3011,c_grade_id =2,level=2,question_text='1',explanation='',interesting_fact='801';


INSERT INTO answer_options (question_id, correct_answer, answer_text)
VALUES ('103011102', TRUE, 'בבית ספר אחד יש 501 תלמידים ובבית ספר אחר 320 תלמידים. כמה תלמידים יש בשני בתי הספר ביחד?') ;

INSERT INTO answer_options (question_id, correct_answer, answer_text)
VALUES ('103011102', FALSE, '821');

INSERT INTO answer_options (question_id, correct_answer, answer_text)
VALUES ('103011102', FALSE, '721');

INSERT INTO answer_options (question_id, correct_answer, answer_text)
VALUES ('103011102', FALSE, '820');

INSERT INTO questions (question_id, language_id, topic_id, c_grade_id, level, question_text, explanation, interesting_fact)
VALUES ('103011103', 1, 3011, 3, 3, '1', '', '703') ON CONFLICT (question_id) DO UPDATE SET language_id = 1 ,topic_id= 3011,c_grade_id =3,level=3,question_text='1',explanation='',interesting_fact='703';


INSERT INTO answer_options (question_id, correct_answer, answer_text)
VALUES ('103011103', TRUE, 'בחנות צעצועים יש 403 דובונים ו-307 מכוניות צעצוע. כמה צעצועים יש בסך הכל?') ;

INSERT INTO answer_options (question_id, correct_answer, answer_text)
VALUES ('103011103', FALSE, '710');

INSERT INTO answer_options (question_id, correct_answer, answer_text)
VALUES ('103011103', FALSE, '800');

INSERT INTO answer_options (question_id, correct_answer, answer_text)
VALUES ('103011103', FALSE, '707');

INSERT INTO questions (question_id, language_id, topic_id, c_grade_id, level, question_text, explanation, interesting_fact)
VALUES ('103011104', 1, 3011, 4, 4, '1', '', '200') ON CONFLICT (question_id) DO UPDATE SET language_id = 1 ,topic_id= 3011,c_grade_id =4,level=4,question_text='1',explanation='',interesting_fact='200';


INSERT INTO answer_options (question_id, correct_answer, answer_text)
VALUES ('103011104', TRUE, 'לדנה יש 500 גולות, ולאחיה יש 200 גולות. כמה גולות יש לדנה יותר מאחיה?') ;

INSERT INTO answer_options (question_id, correct_answer, answer_text)
VALUES ('103011104', FALSE, '300');

INSERT INTO answer_options (question_id, correct_answer, answer_text)
VALUES ('103011104', FALSE, '100');

INSERT INTO answer_options (question_id, correct_answer, answer_text)
VALUES ('103011104', FALSE, '400');

INSERT INTO questions (question_id, language_id, topic_id, c_grade_id, level, question_text, explanation, interesting_fact)
VALUES ('103011105', 1, 3011, 5, 5, '1', '', '200') ON CONFLICT (question_id) DO UPDATE SET language_id = 1 ,topic_id= 3011,c_grade_id =5,level=5,question_text='1',explanation='',interesting_fact='200';


INSERT INTO answer_options (question_id, correct_answer, answer_text)
VALUES ('103011105', TRUE, 'יש 800 תפוחים בסלסלה אחת ו-300 תפוחים בסלסלה אחרת. כמה ההבדל במספר התפוחים בשתי הסלסילות?') ;

INSERT INTO answer_options (question_id, correct_answer, answer_text)
VALUES ('103011105', FALSE, '500');

INSERT INTO answer_options (question_id, correct_answer, answer_text)
VALUES ('103011105', FALSE, '300');

INSERT INTO answer_options (question_id, correct_answer, answer_text)
VALUES ('103011105', FALSE, '400');

INSERT INTO questions (question_id, language_id, topic_id, c_grade_id, level, question_text, explanation, interesting_fact)
VALUES ('103011106', 1, 3011, 6, 6, '1', '', '401') ON CONFLICT (question_id) DO UPDATE SET language_id = 1 ,topic_id= 3011,c_grade_id =6,level=6,question_text='1',explanation='',interesting_fact='401';


INSERT INTO answer_options (question_id, correct_answer, answer_text)
VALUES ('103011106', TRUE, 'לאמילי יש 711 מדבקות, ולחברה שלה יש 300 מדבקות. כמה מדבקות יש לאמילי יותר מלחברה שלה?') ;

INSERT INTO answer_options (question_id, correct_answer, answer_text)
VALUES ('103011106', FALSE, '411');

INSERT INTO answer_options (question_id, correct_answer, answer_text)
VALUES ('103011106', FALSE, '711');

INSERT INTO answer_options (question_id, correct_answer, answer_text)
VALUES ('103011106', FALSE, '300');

INSERT INTO questions (question_id, language_id, topic_id, c_grade_id, level, question_text, explanation, interesting_fact)
VALUES ('103011107', 1, 3011, 7, 7, '1', '', '400') ON CONFLICT (question_id) DO UPDATE SET language_id = 1 ,topic_id= 3011,c_grade_id =7,level=7,question_text='1',explanation='',interesting_fact='400';


INSERT INTO answer_options (question_id, correct_answer, answer_text)
VALUES ('103011107', TRUE, 'במשחק וידאו, צברת 700 נקודות ברכמה הראשונה ו-200 נקודות ברכמה השנייה. כמה ההבדל בנקודות שלך בין שתי הרמות?') ;

INSERT INTO answer_options (question_id, correct_answer, answer_text)
VALUES ('103011107', FALSE, '500');

INSERT INTO answer_options (question_id, correct_answer, answer_text)
VALUES ('103011107', FALSE, '700');

INSERT INTO answer_options (question_id, correct_answer, answer_text)
VALUES ('103011107', FALSE, '200');

INSERT INTO questions (question_id, language_id, topic_id, c_grade_id, level, question_text, explanation, interesting_fact)
VALUES ('103011108', 1, 3011, 8, 8, '1', '', '410') ON CONFLICT (question_id) DO UPDATE SET language_id = 1 ,topic_id= 3011,c_grade_id =8,level=8,question_text='1',explanation='',interesting_fact='410';


INSERT INTO answer_options (question_id, correct_answer, answer_text)
VALUES ('103011108', TRUE, 'בספרייה יש 911 ספרים, ו-401 ספרים הושאלו. כמה ספרים יש עדיין בספרייה?') ;

INSERT INTO answer_options (question_id, correct_answer, answer_text)
VALUES ('103011108', FALSE, '510');

INSERT INTO answer_options (question_id, correct_answer, answer_text)
VALUES ('103011108', FALSE, '401');

INSERT INTO answer_options (question_id, correct_answer, answer_text)
VALUES ('103011108', FALSE, '911');

INSERT INTO questions (question_id, language_id, topic_id, c_grade_id, level, question_text, explanation, interesting_fact)
VALUES ('103011109', 1, 3011, 9, 9, '1', '', '5500') ON CONFLICT (question_id) DO UPDATE SET language_id = 1 ,topic_id= 3011,c_grade_id =9,level=9,question_text='1',explanation='',interesting_fact='5500';


INSERT INTO answer_options (question_id, correct_answer, answer_text)
VALUES ('103011109', TRUE, 'כמה ההבדל בין 8,000 ל-5,500?') ;

INSERT INTO answer_options (question_id, correct_answer, answer_text)
VALUES ('103011109', FALSE, '2500');

INSERT INTO answer_options (question_id, correct_answer, answer_text)
VALUES ('103011109', FALSE, '3500');

INSERT INTO answer_options (question_id, correct_answer, answer_text)
VALUES ('103011109', FALSE, '4500');

INSERT INTO questions (question_id, language_id, topic_id, c_grade_id, level, question_text, explanation, interesting_fact)
VALUES ('103011110', 1, 3011, 0, 0, '1', '', '4800') ON CONFLICT (question_id) DO UPDATE SET language_id = 1 ,topic_id= 3011,c_grade_id =0,level=0,question_text='1',explanation='',interesting_fact='4800';


INSERT INTO answer_options (question_id, correct_answer, answer_text)
VALUES ('103011110', TRUE, 'אם יש 9,800 סוכריות בצנצנת אחת ו-7,200 סוכריות בצנצנת אחרת, כמה ההבדל במספר הסוכריות בין שתי הצנצנות?') ;

INSERT INTO answer_options (question_id, correct_answer, answer_text)
VALUES ('103011110', FALSE, '1800');

INSERT INTO answer_options (question_id, correct_answer, answer_text)
VALUES ('103011110', FALSE, '2800');

INSERT INTO answer_options (question_id, correct_answer, answer_text)
VALUES ('103011110', FALSE, '3800');

INSERT INTO questions (question_id, language_id, topic_id, c_grade_id, level, question_text, explanation, interesting_fact)
VALUES ('103011111', 1, 3011, 1, 1, '1', '', '4750') ON CONFLICT (question_id) DO UPDATE SET language_id = 1 ,topic_id= 3011,c_grade_id =1,level=1,question_text='1',explanation='',interesting_fact='4750';


INSERT INTO answer_options (question_id, correct_answer, answer_text)
VALUES ('103011111', TRUE, 'לשרה היו 6,750 מדבקות, אבל היא נתנה 3,250 כמהן לחברה שלה. כמה מדבקות נשארו לשרה?') ;

INSERT INTO answer_options (question_id, correct_answer, answer_text)
VALUES ('103011111', FALSE, '1750');

INSERT INTO answer_options (question_id, correct_answer, answer_text)
VALUES ('103011111', FALSE, '2750');

INSERT INTO answer_options (question_id, correct_answer, answer_text)
VALUES ('103011111', FALSE, '3750');

INSERT INTO questions (question_id, language_id, topic_id, c_grade_id, level, question_text, explanation, interesting_fact)
VALUES ('103011112', 1, 3011, 2, 2, '1', '', '4500') ON CONFLICT (question_id) DO UPDATE SET language_id = 1 ,topic_id= 3011,c_grade_id =2,level=2,question_text='1',explanation='',interesting_fact='4500';


INSERT INTO answer_options (question_id, correct_answer, answer_text)
VALUES ('103011112', TRUE, 'במשחק וידאו, השגת 7,000 נקודות ברכמה הראשונה ו-4,500 נקודות ברכמה השנייה. כמה ההבדל בציונים שלך בין שתי הרמות?') ;

INSERT INTO answer_options (question_id, correct_answer, answer_text)
VALUES ('103011112', FALSE, '1500');

INSERT INTO answer_options (question_id, correct_answer, answer_text)
VALUES ('103011112', FALSE, '2500');

INSERT INTO answer_options (question_id, correct_answer, answer_text)
VALUES ('103011112', FALSE, '3500');

INSERT INTO questions (question_id, language_id, topic_id, c_grade_id, level, question_text, explanation, interesting_fact)
VALUES ('103011113', 1, 3011, 3, 3, '1', '', '4250') ON CONFLICT (question_id) DO UPDATE SET language_id = 1 ,topic_id= 3011,c_grade_id =3,level=3,question_text='1',explanation='',interesting_fact='4250';


INSERT INTO answer_options (question_id, correct_answer, answer_text)
VALUES ('103011113', TRUE, 'בספרייה יש 10,000 ספרים, ו-8,250 ספרים הושאלו. כמה ספרים יש עדיין בספרייה?') ;

INSERT INTO answer_options (question_id, correct_answer, answer_text)
VALUES ('103011113', FALSE, '1250');

INSERT INTO answer_options (question_id, correct_answer, answer_text)
VALUES ('103011113', FALSE, '2250');

INSERT INTO answer_options (question_id, correct_answer, answer_text)
VALUES ('103011113', FALSE, '3250');

INSERT INTO questions (question_id, language_id, topic_id, c_grade_id, level, question_text, explanation, interesting_fact)
VALUES ('103011114', 1, 3011, 4, 4, '1', '', '30') ON CONFLICT (question_id) DO UPDATE SET language_id = 1 ,topic_id= 3011,c_grade_id =4,level=4,question_text='1',explanation='',interesting_fact='30';


INSERT INTO answer_options (question_id, correct_answer, answer_text)
VALUES ('103011114', TRUE, 'מייקי נולד ב-2023. בן כמה הוא יהיה ב-2030?') ;

INSERT INTO answer_options (question_id, correct_answer, answer_text)
VALUES ('103011114', FALSE, '7');

INSERT INTO answer_options (question_id, correct_answer, answer_text)
VALUES ('103011114', FALSE, '6');

INSERT INTO answer_options (question_id, correct_answer, answer_text)
VALUES ('103011114', FALSE, '8');

INSERT INTO questions (question_id, language_id, topic_id, c_grade_id, level, question_text, explanation, interesting_fact)
VALUES ('103011115', 1, 3011, 5, 5, '1', '', '33') ON CONFLICT (question_id) DO UPDATE SET language_id = 1 ,topic_id= 3011,c_grade_id =5,level=5,question_text='1',explanation='',interesting_fact='33';


INSERT INTO answer_options (question_id, correct_answer, answer_text)
VALUES ('103011115', TRUE, 'נועה נולדה ב-2019. בת כמה היא תהיה ב-2033?') ;

INSERT INTO answer_options (question_id, correct_answer, answer_text)
VALUES ('103011115', FALSE, '14');

INSERT INTO answer_options (question_id, correct_answer, answer_text)
VALUES ('103011115', FALSE, '13');

INSERT INTO answer_options (question_id, correct_answer, answer_text)
VALUES ('103011115', FALSE, '15');

INSERT INTO questions (question_id, language_id, topic_id, c_grade_id, level, question_text, explanation, interesting_fact)
VALUES ('103011116', 1, 3011, 6, 6, '1', '', '69') ON CONFLICT (question_id) DO UPDATE SET language_id = 1 ,topic_id= 3011,c_grade_id =6,level=6,question_text='1',explanation='',interesting_fact='69';


INSERT INTO answer_options (question_id, correct_answer, answer_text)
VALUES ('103011116', TRUE, 'גיא נולד בשנת 2022. בן כמה הוא יהיה בשנת 2069?') ;

INSERT INTO answer_options (question_id, correct_answer, answer_text)
VALUES ('103011116', FALSE, '47');

INSERT INTO answer_options (question_id, correct_answer, answer_text)
VALUES ('103011116', FALSE, '46');

INSERT INTO answer_options (question_id, correct_answer, answer_text)
VALUES ('103011116', FALSE, '48');

INSERT INTO questions (question_id, language_id, topic_id, c_grade_id, level, question_text, explanation, interesting_fact)
VALUES ('103011117', 1, 3011, 7, 7, '1', '', '78') ON CONFLICT (question_id) DO UPDATE SET language_id = 1 ,topic_id= 3011,c_grade_id =7,level=7,question_text='1',explanation='',interesting_fact='78';


INSERT INTO answer_options (question_id, correct_answer, answer_text)
VALUES ('103011117', TRUE, 'רונה נולדה ב-2012. בת כמה היא תהיה ב-2078?') ;

INSERT INTO answer_options (question_id, correct_answer, answer_text)
VALUES ('103011117', FALSE, '66');

INSERT INTO answer_options (question_id, correct_answer, answer_text)
VALUES ('103011117', FALSE, '65');

INSERT INTO answer_options (question_id, correct_answer, answer_text)
VALUES ('103011117', FALSE, '67');

INSERT INTO questions (question_id, language_id, topic_id, c_grade_id, level, question_text, explanation, interesting_fact)
VALUES ('103011118', 1, 3011, 8, 8, '1', '', '200') ON CONFLICT (question_id) DO UPDATE SET language_id = 1 ,topic_id= 3011,c_grade_id =8,level=8,question_text='1',explanation='',interesting_fact='200';


INSERT INTO answer_options (question_id, correct_answer, answer_text)
VALUES ('103011118', TRUE, 'אני מספר זוגי בן 3 ספרות. ספרת המאות שלי היא פי שניים מספרת העשרות. מי אני?') ;

INSERT INTO answer_options (question_id, correct_answer, answer_text)
VALUES ('103011118', FALSE, '216');

INSERT INTO answer_options (question_id, correct_answer, answer_text)
VALUES ('103011118', FALSE, '427');

INSERT INTO answer_options (question_id, correct_answer, answer_text)
VALUES ('103011118', FALSE, '220');

INSERT INTO questions (question_id, language_id, topic_id, c_grade_id, level, question_text, explanation, interesting_fact)
VALUES ('103011119', 1, 3011, 9, 9, '1', '', '620') ON CONFLICT (question_id) DO UPDATE SET language_id = 1 ,topic_id= 3011,c_grade_id =9,level=9,question_text='1',explanation='',interesting_fact='620';


INSERT INTO answer_options (question_id, correct_answer, answer_text)
VALUES ('103011119', TRUE, 'אני מספר זוגי בן 3 ספרות. ספרת המאות שלי היא פי שניים מספרת העשרות. מי אני?') ;

INSERT INTO answer_options (question_id, correct_answer, answer_text)
VALUES ('103011119', FALSE, '630');

INSERT INTO answer_options (question_id, correct_answer, answer_text)
VALUES ('103011119', FALSE, '841');

INSERT INTO answer_options (question_id, correct_answer, answer_text)
VALUES ('103011119', FALSE, '640');

INSERT INTO questions (question_id, language_id, topic_id, c_grade_id, level, question_text, explanation, interesting_fact)
VALUES ('103011120', 1, 3011, 0, 0, '1', '', '620') ON CONFLICT (question_id) DO UPDATE SET language_id = 1 ,topic_id= 3011,c_grade_id =0,level=0,question_text='1',explanation='',interesting_fact='620';


INSERT INTO answer_options (question_id, correct_answer, answer_text)
VALUES ('103011120', TRUE, 'אני מספר זוגי בן 3 ספרות. ספרת המאות שלי היא פי שניים מספרת העשרות. מי אני?') ;

INSERT INTO answer_options (question_id, correct_answer, answer_text)
VALUES ('103011120', FALSE, '632');

INSERT INTO answer_options (question_id, correct_answer, answer_text)
VALUES ('103011120', FALSE, '843');

INSERT INTO answer_options (question_id, correct_answer, answer_text)
VALUES ('103011120', FALSE, '640');

INSERT INTO questions (question_id, language_id, topic_id, c_grade_id, level, question_text, explanation, interesting_fact)
VALUES ('103011201', 1, 3011, 1, 1, '1', '', '200') ON CONFLICT (question_id) DO UPDATE SET language_id = 1 ,topic_id= 3011,c_grade_id =1,level=1,question_text='1',explanation='',interesting_fact='200';


INSERT INTO answer_options (question_id, correct_answer, answer_text)
VALUES ('103011201', TRUE, 'אני מספר זוגי בן 3 ספרות. ספרת המאות שלי היא פי שניים מספרת העשרות. מי אני?') ;

INSERT INTO answer_options (question_id, correct_answer, answer_text)
VALUES ('103011201', FALSE, '218');

INSERT INTO answer_options (question_id, correct_answer, answer_text)
VALUES ('103011201', FALSE, '429');

INSERT INTO answer_options (question_id, correct_answer, answer_text)
VALUES ('103011201', FALSE, '220');

INSERT INTO questions (question_id, language_id, topic_id, c_grade_id, level, question_text, explanation, interesting_fact)
VALUES ('103011202', 1, 3011, 2, 2, '1', '', '123') ON CONFLICT (question_id) DO UPDATE SET language_id = 1 ,topic_id= 3011,c_grade_id =2,level=2,question_text='1',explanation='',interesting_fact='123';


INSERT INTO answer_options (question_id, correct_answer, answer_text)
VALUES ('103011202', TRUE, 'אני מספר זוגי בן 3 ספרות. ספרת המאות שלי היא חצי מספרת העשרות. מי אני?') ;

INSERT INTO answer_options (question_id, correct_answer, answer_text)
VALUES ('103011202', FALSE, '126');

INSERT INTO answer_options (question_id, correct_answer, answer_text)
VALUES ('103011202', FALSE, '127');

INSERT INTO answer_options (question_id, correct_answer, answer_text)
VALUES ('103011202', FALSE, '121');

INSERT INTO questions (question_id, language_id, topic_id, c_grade_id, level, question_text, explanation, interesting_fact)
VALUES ('103011203', 1, 3011, 3, 3, '1', '', '124') ON CONFLICT (question_id) DO UPDATE SET language_id = 1 ,topic_id= 3011,c_grade_id =3,level=3,question_text='1',explanation='',interesting_fact='124';


INSERT INTO answer_options (question_id, correct_answer, answer_text)
VALUES ('103011203', TRUE, 'אני מספר זוגי בן 3 ספרות. ספרת המאות שלי היא חצי מספרת העשרות. מי אני?') ;

INSERT INTO answer_options (question_id, correct_answer, answer_text)
VALUES ('103011203', FALSE, '482');

INSERT INTO answer_options (question_id, correct_answer, answer_text)
VALUES ('103011203', FALSE, '483');

INSERT INTO answer_options (question_id, correct_answer, answer_text)
VALUES ('103011203', FALSE, '247');

INSERT INTO questions (question_id, language_id, topic_id, c_grade_id, level, question_text, explanation, interesting_fact)
VALUES ('103011204', 1, 3011, 4, 4, '1', '', '125') ON CONFLICT (question_id) DO UPDATE SET language_id = 1 ,topic_id= 3011,c_grade_id =4,level=4,question_text='1',explanation='',interesting_fact='125';


INSERT INTO answer_options (question_id, correct_answer, answer_text)
VALUES ('103011204', TRUE, 'אני מספר זוגי בן 3 ספרות. ספרת המאות שלי היא חצי מספרת העשרות. מי אני?') ;

INSERT INTO answer_options (question_id, correct_answer, answer_text)
VALUES ('103011204', FALSE, '480');

INSERT INTO answer_options (question_id, correct_answer, answer_text)
VALUES ('103011204', FALSE, '481');

INSERT INTO answer_options (question_id, correct_answer, answer_text)
VALUES ('103011204', FALSE, '247');

INSERT INTO questions (question_id, language_id, topic_id, c_grade_id, level, question_text, explanation, interesting_fact)
VALUES ('103011205', 1, 3011, 5, 5, '1', '', '128') ON CONFLICT (question_id) DO UPDATE SET language_id = 1 ,topic_id= 3011,c_grade_id =5,level=5,question_text='1',explanation='',interesting_fact='128';


INSERT INTO answer_options (question_id, correct_answer, answer_text)
VALUES ('103011205', TRUE, 'אני מספר זוגי בן 3 ספרות. ספרת המאות שלי היא חצי מספרת העשרות. מי אני?') ;

INSERT INTO answer_options (question_id, correct_answer, answer_text)
VALUES ('103011205', FALSE, '362');

INSERT INTO answer_options (question_id, correct_answer, answer_text)
VALUES ('103011205', FALSE, '363');

INSERT INTO answer_options (question_id, correct_answer, answer_text)
VALUES ('103011205', FALSE, '205');

INSERT INTO questions (question_id, language_id, topic_id, c_grade_id, level, question_text, explanation, interesting_fact)
VALUES ('103011206', 1, 3011, 6, 6, '2', '', '3 + 1') ON CONFLICT (question_id) DO UPDATE SET language_id = 1 ,topic_id= 3011,c_grade_id =6,level=6,question_text='2',explanation='',interesting_fact='3 + 1';


INSERT INTO answer_options (question_id, correct_answer, answer_text)
VALUES ('103011206', TRUE, 'אני המספר הגבוה ביותר בן 2 ספרות המורכב כמהספרות 3 ו-1. מי אני?') ;

INSERT INTO answer_options (question_id, correct_answer, answer_text)
VALUES ('103011206', FALSE, '31');

INSERT INTO answer_options (question_id, correct_answer, answer_text)
VALUES ('103011206', FALSE, '130');

INSERT INTO answer_options (question_id, correct_answer, answer_text)
VALUES ('103011206', FALSE, '13');

INSERT INTO questions (question_id, language_id, topic_id, c_grade_id, level, question_text, explanation, interesting_fact)
VALUES ('103011207', 1, 3011, 7, 7, '2', '', '1 + 4') ON CONFLICT (question_id) DO UPDATE SET language_id = 1 ,topic_id= 3011,c_grade_id =7,level=7,question_text='2',explanation='',interesting_fact='1 + 4';


INSERT INTO answer_options (question_id, correct_answer, answer_text)
VALUES ('103011207', TRUE, 'אני המספר הגבוה ביותר בן 2 ספרות המורכב כמהספרות 1 ו-4. מי אני?') ;

INSERT INTO answer_options (question_id, correct_answer, answer_text)
VALUES ('103011207', FALSE, '41');

INSERT INTO answer_options (question_id, correct_answer, answer_text)
VALUES ('103011207', FALSE, '410');

INSERT INTO answer_options (question_id, correct_answer, answer_text)
VALUES ('103011207', FALSE, '14');

INSERT INTO questions (question_id, language_id, topic_id, c_grade_id, level, question_text, explanation, interesting_fact)
VALUES ('103011208', 1, 3011, 8, 8, '2', '', '6 + 8') ON CONFLICT (question_id) DO UPDATE SET language_id = 1 ,topic_id= 3011,c_grade_id =8,level=8,question_text='2',explanation='',interesting_fact='6 + 8';


INSERT INTO answer_options (question_id, correct_answer, answer_text)
VALUES ('103011208', TRUE, 'אני המספר הגבוה ביותר בן 2 ספרות המורכב כמהספרות 6 ו-8. מי אני?') ;

INSERT INTO answer_options (question_id, correct_answer, answer_text)
VALUES ('103011208', FALSE, '86');

INSERT INTO answer_options (question_id, correct_answer, answer_text)
VALUES ('103011208', FALSE, '860');

INSERT INTO answer_options (question_id, correct_answer, answer_text)
VALUES ('103011208', FALSE, '68');

INSERT INTO questions (question_id, language_id, topic_id, c_grade_id, level, question_text, explanation, interesting_fact)
VALUES ('103011209', 1, 3011, 9, 9, '2', '', '5 + 7') ON CONFLICT (question_id) DO UPDATE SET language_id = 1 ,topic_id= 3011,c_grade_id =9,level=9,question_text='2',explanation='',interesting_fact='5 + 7';


INSERT INTO answer_options (question_id, correct_answer, answer_text)
VALUES ('103011209', TRUE, 'אני המספר הגבוה ביותר בן 2 ספרות המורכב כמהספרות 5 ו-7. מי אני?') ;

INSERT INTO answer_options (question_id, correct_answer, answer_text)
VALUES ('103011209', FALSE, '75');

INSERT INTO answer_options (question_id, correct_answer, answer_text)
VALUES ('103011209', FALSE, '750');

INSERT INTO answer_options (question_id, correct_answer, answer_text)
VALUES ('103011209', FALSE, '57');

INSERT INTO questions (question_id, language_id, topic_id, c_grade_id, level, question_text, explanation, interesting_fact)
VALUES ('103011210', 1, 3011, 0, 0, '2', '', '1 + 7') ON CONFLICT (question_id) DO UPDATE SET language_id = 1 ,topic_id= 3011,c_grade_id =0,level=0,question_text='2',explanation='',interesting_fact='1 + 7';


INSERT INTO answer_options (question_id, correct_answer, answer_text)
VALUES ('103011210', TRUE, 'אני המספר הגבוה ביותר בן 2 ספרות המורכב כמהספרות 1 ו-7. מי אני?') ;

INSERT INTO answer_options (question_id, correct_answer, answer_text)
VALUES ('103011210', FALSE, '71');

INSERT INTO answer_options (question_id, correct_answer, answer_text)
VALUES ('103011210', FALSE, '710');

INSERT INTO answer_options (question_id, correct_answer, answer_text)
VALUES ('103011210', FALSE, '17');

INSERT INTO questions (question_id, language_id, topic_id, c_grade_id, level, question_text, explanation, interesting_fact)
VALUES ('103011211', 1, 3011, 1, 1, '2', '', '9 + 7') ON CONFLICT (question_id) DO UPDATE SET language_id = 1 ,topic_id= 3011,c_grade_id =1,level=1,question_text='2',explanation='',interesting_fact='9 + 7';


INSERT INTO answer_options (question_id, correct_answer, answer_text)
VALUES ('103011211', TRUE, 'אני המספר הגבוה ביותר בן 2 ספרות המורכב כמהספרות 9 ו-7. מי אני?') ;

INSERT INTO answer_options (question_id, correct_answer, answer_text)
VALUES ('103011211', FALSE, '97');

INSERT INTO answer_options (question_id, correct_answer, answer_text)
VALUES ('103011211', FALSE, '790');

INSERT INTO answer_options (question_id, correct_answer, answer_text)
VALUES ('103011211', FALSE, '79');

INSERT INTO questions (question_id, language_id, topic_id, c_grade_id, level, question_text, explanation, interesting_fact)
VALUES ('103011212', 1, 3011, 2, 2, '2', '', '6 + 8 + 5') ON CONFLICT (question_id) DO UPDATE SET language_id = 1 ,topic_id= 3011,c_grade_id =2,level=2,question_text='2',explanation='',interesting_fact='6 + 8 + 5';


INSERT INTO answer_options (question_id, correct_answer, answer_text)
VALUES ('103011212', TRUE, 'אני המספר הגבוה ביותר בן 3 ספרות המורכב כמהספרות 6, 8 ו-5. מי אני?') ;

INSERT INTO answer_options (question_id, correct_answer, answer_text)
VALUES ('103011212', FALSE, '865');

INSERT INTO answer_options (question_id, correct_answer, answer_text)
VALUES ('103011212', FALSE, '586');

INSERT INTO answer_options (question_id, correct_answer, answer_text)
VALUES ('103011212', FALSE, '658');

INSERT INTO questions (question_id, language_id, topic_id, c_grade_id, level, question_text, explanation, interesting_fact)
VALUES ('103011213', 1, 3011, 3, 3, '2', '', '7 + 8 + 2') ON CONFLICT (question_id) DO UPDATE SET language_id = 1 ,topic_id= 3011,c_grade_id =3,level=3,question_text='2',explanation='',interesting_fact='7 + 8 + 2';


INSERT INTO answer_options (question_id, correct_answer, answer_text)
VALUES ('103011213', TRUE, 'אני המספר הגבוה ביותר בן 3 ספרות המורכב כמהספרות 7, 8 ו-2. מי אני?') ;

INSERT INTO answer_options (question_id, correct_answer, answer_text)
VALUES ('103011213', FALSE, '872');

INSERT INTO answer_options (question_id, correct_answer, answer_text)
VALUES ('103011213', FALSE, '287');

INSERT INTO answer_options (question_id, correct_answer, answer_text)
VALUES ('103011213', FALSE, '728');

INSERT INTO questions (question_id, language_id, topic_id, c_grade_id, level, question_text, explanation, interesting_fact)
VALUES ('103011214', 1, 3011, 4, 4, '2', '', '6 + 1 + 7') ON CONFLICT (question_id) DO UPDATE SET language_id = 1 ,topic_id= 3011,c_grade_id =4,level=4,question_text='2',explanation='',interesting_fact='6 + 1 + 7';


INSERT INTO answer_options (question_id, correct_answer, answer_text)
VALUES ('103011214', TRUE, 'אני המספר הגבוה ביותר בן 3 ספרות המורכב כמהספרות 6, 1 ו-7. מי אני?') ;

INSERT INTO answer_options (question_id, correct_answer, answer_text)
VALUES ('103011214', FALSE, '761');

INSERT INTO answer_options (question_id, correct_answer, answer_text)
VALUES ('103011214', FALSE, '716');

INSERT INTO answer_options (question_id, correct_answer, answer_text)
VALUES ('103011214', FALSE, '671');

INSERT INTO questions (question_id, language_id, topic_id, c_grade_id, level, question_text, explanation, interesting_fact)
VALUES ('103011215', 1, 3011, 5, 5, '2', '', '5 + 6 + 2') ON CONFLICT (question_id) DO UPDATE SET language_id = 1 ,topic_id= 3011,c_grade_id =5,level=5,question_text='2',explanation='',interesting_fact='5 + 6 + 2';


INSERT INTO answer_options (question_id, correct_answer, answer_text)
VALUES ('103011215', TRUE, 'אני המספר הגבוה ביותר בן 3 ספרות המורכב כמהספרות 5, 6 ו-2. מי אני?') ;

INSERT INTO answer_options (question_id, correct_answer, answer_text)
VALUES ('103011215', FALSE, '652');

INSERT INTO answer_options (question_id, correct_answer, answer_text)
VALUES ('103011215', FALSE, '265');

INSERT INTO answer_options (question_id, correct_answer, answer_text)
VALUES ('103011215', FALSE, '526');

INSERT INTO questions (question_id, language_id, topic_id, c_grade_id, level, question_text, explanation, interesting_fact)
VALUES ('103011216', 1, 3011, 6, 6, '2', '', '9 + 4 + 6') ON CONFLICT (question_id) DO UPDATE SET language_id = 1 ,topic_id= 3011,c_grade_id =6,level=6,question_text='2',explanation='',interesting_fact='9 + 4 + 6';


INSERT INTO answer_options (question_id, correct_answer, answer_text)
VALUES ('103011216', TRUE, 'אני המספר הגבוה ביותר בן 3 ספרות המורכב כמהספרות 9, 4 ו-6. מי אני?') ;

INSERT INTO answer_options (question_id, correct_answer, answer_text)
VALUES ('103011216', FALSE, '964');

INSERT INTO answer_options (question_id, correct_answer, answer_text)
VALUES ('103011216', FALSE, '649');

INSERT INTO answer_options (question_id, correct_answer, answer_text)
VALUES ('103011216', FALSE, '964');

INSERT INTO questions (question_id, language_id, topic_id, c_grade_id, level, question_text, explanation, interesting_fact)
VALUES ('103011217', 1, 3011, 7, 7, '2', '', '6 + 3 + 8') ON CONFLICT (question_id) DO UPDATE SET language_id = 1 ,topic_id= 3011,c_grade_id =7,level=7,question_text='2',explanation='',interesting_fact='6 + 3 + 8';


INSERT INTO answer_options (question_id, correct_answer, answer_text)
VALUES ('103011217', TRUE, 'אני המספר הגבוה ביותר בן 3 ספרות המורכב כמהספרות 6, 3 ו-8. מי אני?') ;

INSERT INTO answer_options (question_id, correct_answer, answer_text)
VALUES ('103011217', FALSE, '863');

INSERT INTO answer_options (question_id, correct_answer, answer_text)
VALUES ('103011217', FALSE, '836');

INSERT INTO answer_options (question_id, correct_answer, answer_text)
VALUES ('103011217', FALSE, '683');

INSERT INTO questions (question_id, language_id, topic_id, c_grade_id, level, question_text, explanation, interesting_fact)
VALUES ('103011218', 1, 3011, 8, 8, '2', '', '251') ON CONFLICT (question_id) DO UPDATE SET language_id = 1 ,topic_id= 3011,c_grade_id =8,level=8,question_text='2',explanation='',interesting_fact='251';


INSERT INTO answer_options (question_id, correct_answer, answer_text)
VALUES ('103011218', TRUE, 'אני מספר זוגי בן 3 ספרות הגבוה מ-300. מי אני?') ;

INSERT INTO answer_options (question_id, correct_answer, answer_text)
VALUES ('103011218', FALSE, '512');

INSERT INTO answer_options (question_id, correct_answer, answer_text)
VALUES ('103011218', FALSE, '215');

INSERT INTO answer_options (question_id, correct_answer, answer_text)
VALUES ('103011218', FALSE, '125');

INSERT INTO questions (question_id, language_id, topic_id, c_grade_id, level, question_text, explanation, interesting_fact)
VALUES ('103011219', 1, 3011, 9, 9, '2', '', '871') ON CONFLICT (question_id) DO UPDATE SET language_id = 1 ,topic_id= 3011,c_grade_id =9,level=9,question_text='2',explanation='',interesting_fact='871';


INSERT INTO answer_options (question_id, correct_answer, answer_text)
VALUES ('103011219', TRUE, 'אני מספר זוגי בן 3 ספרות הגבוה מ-300. מי אני?') ;

INSERT INTO answer_options (question_id, correct_answer, answer_text)
VALUES ('103011219', FALSE, '718');

INSERT INTO answer_options (question_id, correct_answer, answer_text)
VALUES ('103011219', FALSE, '817');

INSERT INTO answer_options (question_id, correct_answer, answer_text)
VALUES ('103011219', FALSE, '187');

INSERT INTO questions (question_id, language_id, topic_id, c_grade_id, level, question_text, explanation, interesting_fact)
VALUES ('103011220', 1, 3011, 0, 0, '2', '', '453') ON CONFLICT (question_id) DO UPDATE SET language_id = 1 ,topic_id= 3011,c_grade_id =0,level=0,question_text='2',explanation='',interesting_fact='453';


INSERT INTO answer_options (question_id, correct_answer, answer_text)
VALUES ('103011220', TRUE, 'אני מספר זוגי בן 3 ספרות הגבוה מ-400. מי אני?') ;

INSERT INTO answer_options (question_id, correct_answer, answer_text)
VALUES ('103011220', FALSE, '534');

INSERT INTO answer_options (question_id, correct_answer, answer_text)
VALUES ('103011220', FALSE, '435');

INSERT INTO answer_options (question_id, correct_answer, answer_text)
VALUES ('103011220', FALSE, '345');

INSERT INTO questions (question_id, language_id, topic_id, c_grade_id, level, question_text, explanation, interesting_fact)
VALUES ('103011301', 1, 3011, 1, 1, '2', '', '431') ON CONFLICT (question_id) DO UPDATE SET language_id = 1 ,topic_id= 3011,c_grade_id =1,level=1,question_text='2',explanation='',interesting_fact='431';


INSERT INTO answer_options (question_id, correct_answer, answer_text)
VALUES ('103011301', TRUE, 'אני מספר זוגי בן 3 ספרות הגבוה מ-200. מי אני?') ;

INSERT INTO answer_options (question_id, correct_answer, answer_text)
VALUES ('103011301', FALSE, '314');

INSERT INTO answer_options (question_id, correct_answer, answer_text)
VALUES ('103011301', FALSE, '413');

INSERT INTO answer_options (question_id, correct_answer, answer_text)
VALUES ('103011301', FALSE, '143');

INSERT INTO questions (question_id, language_id, topic_id, c_grade_id, level, question_text, explanation, interesting_fact)
VALUES ('103011302', 1, 3011, 2, 2, '2', '', '871') ON CONFLICT (question_id) DO UPDATE SET language_id = 1 ,topic_id= 3011,c_grade_id =2,level=2,question_text='2',explanation='',interesting_fact='871';


INSERT INTO answer_options (question_id, correct_answer, answer_text)
VALUES ('103011302', TRUE, 'אני מספר זוגי בן 3 ספרות הגבוה מ-200. מי אני?') ;

INSERT INTO answer_options (question_id, correct_answer, answer_text)
VALUES ('103011302', FALSE, '718');

INSERT INTO answer_options (question_id, correct_answer, answer_text)
VALUES ('103011302', FALSE, '817');

INSERT INTO answer_options (question_id, correct_answer, answer_text)
VALUES ('103011302', FALSE, '187');

INSERT INTO questions (question_id, language_id, topic_id, c_grade_id, level, question_text, explanation, interesting_fact)
VALUES ('103011303', 1, 3011, 3, 3, '2', '', '180') ON CONFLICT (question_id) DO UPDATE SET language_id = 1 ,topic_id= 3011,c_grade_id =3,level=3,question_text='2',explanation='',interesting_fact='180';


INSERT INTO answer_options (question_id, correct_answer, answer_text)
VALUES ('103011303', TRUE, 'אני מספר אי-זוגי בן 3 ספרות הגבוה מ-600. מי אני?') ;

INSERT INTO answer_options (question_id, correct_answer, answer_text)
VALUES ('103011303', FALSE, '801');

INSERT INTO answer_options (question_id, correct_answer, answer_text)
VALUES ('103011303', FALSE, '108');

INSERT INTO answer_options (question_id, correct_answer, answer_text)
VALUES ('103011303', FALSE, '810');

INSERT INTO questions (question_id, language_id, topic_id, c_grade_id, level, question_text, explanation, interesting_fact)
VALUES ('103011304', 1, 3011, 4, 4, '2', '', '384') ON CONFLICT (question_id) DO UPDATE SET language_id = 1 ,topic_id= 3011,c_grade_id =4,level=4,question_text='2',explanation='',interesting_fact='384';


INSERT INTO answer_options (question_id, correct_answer, answer_text)
VALUES ('103011304', TRUE, 'אני מספר אי-זוגי בן 3 ספרות הגבוה מ-600. מי אני?') ;

INSERT INTO answer_options (question_id, correct_answer, answer_text)
VALUES ('103011304', FALSE, '843');

INSERT INTO answer_options (question_id, correct_answer, answer_text)
VALUES ('103011304', FALSE, '348');

INSERT INTO answer_options (question_id, correct_answer, answer_text)
VALUES ('103011304', FALSE, '834');

INSERT INTO questions (question_id, language_id, topic_id, c_grade_id, level, question_text, explanation, interesting_fact)
VALUES ('103011305', 1, 3011, 5, 5, '2', '', '780') ON CONFLICT (question_id) DO UPDATE SET language_id = 1 ,topic_id= 3011,c_grade_id =5,level=5,question_text='2',explanation='',interesting_fact='780';


INSERT INTO answer_options (question_id, correct_answer, answer_text)
VALUES ('103011305', TRUE, 'אני מספר אי-זוגי בן 3 ספרות הגבוה מ-500. מי אני?') ;

INSERT INTO answer_options (question_id, correct_answer, answer_text)
VALUES ('103011305', FALSE, '807');

INSERT INTO answer_options (question_id, correct_answer, answer_text)
VALUES ('103011305', FALSE, '708');

INSERT INTO answer_options (question_id, correct_answer, answer_text)
VALUES ('103011305', FALSE, '870');

INSERT INTO questions (question_id, language_id, topic_id, c_grade_id, level, question_text, explanation, interesting_fact)
VALUES ('103011306', 1, 3011, 6, 6, '2', '', '182') ON CONFLICT (question_id) DO UPDATE SET language_id = 1 ,topic_id= 3011,c_grade_id =6,level=6,question_text='2',explanation='',interesting_fact='182';


INSERT INTO answer_options (question_id, correct_answer, answer_text)
VALUES ('103011306', TRUE, 'אני מספר אי-זוגי בן 3 ספרות הגבוה מ-600. מי אני?') ;

INSERT INTO answer_options (question_id, correct_answer, answer_text)
VALUES ('103011306', FALSE, '821');

INSERT INTO answer_options (question_id, correct_answer, answer_text)
VALUES ('103011306', FALSE, '128');

INSERT INTO answer_options (question_id, correct_answer, answer_text)
VALUES ('103011306', FALSE, '812');

INSERT INTO questions (question_id, language_id, topic_id, c_grade_id, level, question_text, explanation, interesting_fact)
VALUES ('103011307', 1, 3011, 7, 7, '2', '', '382') ON CONFLICT (question_id) DO UPDATE SET language_id = 1 ,topic_id= 3011,c_grade_id =7,level=7,question_text='2',explanation='',interesting_fact='382';


INSERT INTO answer_options (question_id, correct_answer, answer_text)
VALUES ('103011307', TRUE, 'אני מספר אי-זוגי בן 3 ספרות הגבוה מ-600. מי אני?') ;

INSERT INTO answer_options (question_id, correct_answer, answer_text)
VALUES ('103011307', FALSE, '823');

INSERT INTO answer_options (question_id, correct_answer, answer_text)
VALUES ('103011307', FALSE, '328');

INSERT INTO answer_options (question_id, correct_answer, answer_text)
VALUES ('103011307', FALSE, '832');

INSERT INTO questions (question_id, language_id, topic_id, c_grade_id, level, question_text, explanation, interesting_fact)
VALUES ('103011308', 1, 3011, 8, 8, '2', '', '3 + 4 + 3+5') ON CONFLICT (question_id) DO UPDATE SET language_id = 1 ,topic_id= 3011,c_grade_id =8,level=8,question_text='2',explanation='',interesting_fact='3 + 4 + 3+5';


INSERT INTO answer_options (question_id, correct_answer, answer_text)
VALUES ('103011308', TRUE, 'אני המספר הגבוה ביותר בן 4 ספרות המורכב כמהספרות 3, 4, 3 ו-5. מי אני?') ;

INSERT INTO answer_options (question_id, correct_answer, answer_text)
VALUES ('103011308', FALSE, '5433');

INSERT INTO answer_options (question_id, correct_answer, answer_text)
VALUES ('103011308', FALSE, '5343');

INSERT INTO answer_options (question_id, correct_answer, answer_text)
VALUES ('103011308', FALSE, '3345');

INSERT INTO questions (question_id, language_id, topic_id, c_grade_id, level, question_text, explanation, interesting_fact)
VALUES ('103011309', 1, 3011, 9, 9, '2', '', '8 + 9 + 9+7') ON CONFLICT (question_id) DO UPDATE SET language_id = 1 ,topic_id= 3011,c_grade_id =9,level=9,question_text='2',explanation='',interesting_fact='8 + 9 + 9+7';


INSERT INTO answer_options (question_id, correct_answer, answer_text)
VALUES ('103011309', TRUE, 'אני המספר הגבוה ביותר בן 4 ספרות המורכב כמהספרות 8, 9, 9 ו-7. מי אני?') ;

INSERT INTO answer_options (question_id, correct_answer, answer_text)
VALUES ('103011309', FALSE, '9987');

INSERT INTO answer_options (question_id, correct_answer, answer_text)
VALUES ('103011309', FALSE, '7998');

INSERT INTO answer_options (question_id, correct_answer, answer_text)
VALUES ('103011309', FALSE, '7899');

INSERT INTO questions (question_id, language_id, topic_id, c_grade_id, level, question_text, explanation, interesting_fact)
VALUES ('103011310', 1, 3011, 0, 0, '2', '', '9944') ON CONFLICT (question_id) DO UPDATE SET language_id = 1 ,topic_id= 3011,c_grade_id =0,level=0,question_text='2',explanation='',interesting_fact='9944';


INSERT INTO answer_options (question_id, correct_answer, answer_text)
VALUES ('103011310', TRUE, 'אני המספר הגבוה ביותר בן 4 ספרות המורכב כמהספרות 4, 2, 8 ו-9. מי אני?') ;

INSERT INTO answer_options (question_id, correct_answer, answer_text)
VALUES ('103011310', FALSE, '9842');

INSERT INTO answer_options (question_id, correct_answer, answer_text)
VALUES ('103011310', FALSE, '8924');

INSERT INTO answer_options (question_id, correct_answer, answer_text)
VALUES ('103011310', FALSE, '4829');

INSERT INTO questions (question_id, language_id, topic_id, c_grade_id, level, question_text, explanation, interesting_fact)
VALUES ('103011311', 1, 3011, 1, 1, '2', '', '9999') ON CONFLICT (question_id) DO UPDATE SET language_id = 1 ,topic_id= 3011,c_grade_id =1,level=1,question_text='2',explanation='',interesting_fact='9999';


INSERT INTO answer_options (question_id, correct_answer, answer_text)
VALUES ('103011311', TRUE, 'אני המספר הגבוה ביותר בן 4 ספרות המורכב כמהספרות 6, 9, 8 ו-7. מי אני?') ;

INSERT INTO answer_options (question_id, correct_answer, answer_text)
VALUES ('103011311', FALSE, '9876');

INSERT INTO answer_options (question_id, correct_answer, answer_text)
VALUES ('103011311', FALSE, '6789');

INSERT INTO answer_options (question_id, correct_answer, answer_text)
VALUES ('103011311', FALSE, '9988');

INSERT INTO questions (question_id, language_id, topic_id, c_grade_id, level, question_text, explanation, interesting_fact)
VALUES ('103011312', 1, 3011, 2, 2, '2', '', '5251') ON CONFLICT (question_id) DO UPDATE SET language_id = 1 ,topic_id= 3011,c_grade_id =2,level=2,question_text='2',explanation='',interesting_fact='5251';


INSERT INTO answer_options (question_id, correct_answer, answer_text)
VALUES ('103011312', TRUE, 'אני מספר זוגי בן 4 ספרות הגבוה מ-4000. מי אני?') ;

INSERT INTO answer_options (question_id, correct_answer, answer_text)
VALUES ('103011312', FALSE, '4512');

INSERT INTO answer_options (question_id, correct_answer, answer_text)
VALUES ('103011312', FALSE, '5215');

INSERT INTO answer_options (question_id, correct_answer, answer_text)
VALUES ('103011312', FALSE, '4152');

INSERT INTO questions (question_id, language_id, topic_id, c_grade_id, level, question_text, explanation, interesting_fact)
VALUES ('103011313', 1, 3011, 3, 3, '2', '', '8251') ON CONFLICT (question_id) DO UPDATE SET language_id = 1 ,topic_id= 3011,c_grade_id =3,level=3,question_text='2',explanation='',interesting_fact='8251';


INSERT INTO answer_options (question_id, correct_answer, answer_text)
VALUES ('103011313', TRUE, 'אני מספר זוגי בן 4 ספרות הגבוה מ-2000. מי אני?') ;

INSERT INTO answer_options (question_id, correct_answer, answer_text)
VALUES ('103011313', FALSE, '2518');

INSERT INTO answer_options (question_id, correct_answer, answer_text)
VALUES ('103011313', FALSE, '8215');

INSERT INTO answer_options (question_id, correct_answer, answer_text)
VALUES ('103011313', FALSE, '1852');

INSERT INTO questions (question_id, language_id, topic_id, c_grade_id, level, question_text, explanation, interesting_fact)
VALUES ('103011314', 1, 3011, 4, 4, '2', '', '3174') ON CONFLICT (question_id) DO UPDATE SET language_id = 1 ,topic_id= 3011,c_grade_id =4,level=4,question_text='2',explanation='',interesting_fact='3174';


INSERT INTO answer_options (question_id, correct_answer, answer_text)
VALUES ('103011314', TRUE, 'אני מספר זוגי בן 4 ספרות הגבוה מ-2000. מי אני?') ;

INSERT INTO answer_options (question_id, correct_answer, answer_text)
VALUES ('103011314', FALSE, '3714');

INSERT INTO answer_options (question_id, correct_answer, answer_text)
VALUES ('103011314', FALSE, '4317');

INSERT INTO answer_options (question_id, correct_answer, answer_text)
VALUES ('103011314', FALSE, '3741');

INSERT INTO questions (question_id, language_id, topic_id, c_grade_id, level, question_text, explanation, interesting_fact)
VALUES ('103011315', 1, 3011, 5, 5, '2', '', '8610') ON CONFLICT (question_id) DO UPDATE SET language_id = 1 ,topic_id= 3011,c_grade_id =5,level=5,question_text='2',explanation='',interesting_fact='8610';


INSERT INTO answer_options (question_id, correct_answer, answer_text)
VALUES ('103011315', TRUE, 'אני מספר אי-זוגי בן 4 ספרות הגבוה מ-6000. מי אני?') ;

INSERT INTO answer_options (question_id, correct_answer, answer_text)
VALUES ('103011315', FALSE, '6801');

INSERT INTO answer_options (question_id, correct_answer, answer_text)
VALUES ('103011315', FALSE, '6081');

INSERT INTO answer_options (question_id, correct_answer, answer_text)
VALUES ('103011315', FALSE, '6810');

INSERT INTO questions (question_id, language_id, topic_id, c_grade_id, level, question_text, explanation, interesting_fact)
VALUES ('103011316', 1, 3011, 6, 6, '2', '', '5267') ON CONFLICT (question_id) DO UPDATE SET language_id = 1 ,topic_id= 3011,c_grade_id =6,level=6,question_text='2',explanation='',interesting_fact='5267';


INSERT INTO answer_options (question_id, correct_answer, answer_text)
VALUES ('103011316', TRUE, 'אני מספר אי-זוגי בן 4 ספרות הגבוה מ-4000. מי אני?') ;

INSERT INTO answer_options (question_id, correct_answer, answer_text)
VALUES ('103011316', FALSE, '5627');

INSERT INTO answer_options (question_id, correct_answer, answer_text)
VALUES ('103011316', FALSE, '5726');

INSERT INTO answer_options (question_id, correct_answer, answer_text)
VALUES ('103011316', FALSE, '5672');

INSERT INTO questions (question_id, language_id, topic_id, c_grade_id, level, question_text, explanation, interesting_fact)
VALUES ('103011317', 1, 3011, 7, 7, '2', '', '3081') ON CONFLICT (question_id) DO UPDATE SET language_id = 1 ,topic_id= 3011,c_grade_id =7,level=7,question_text='2',explanation='',interesting_fact='3081';


INSERT INTO answer_options (question_id, correct_answer, answer_text)
VALUES ('103011317', TRUE, 'אני מספר אי-זוגי בן 4 ספרות הגבוה מ-3000. מי אני?') ;

INSERT INTO answer_options (question_id, correct_answer, answer_text)
VALUES ('103011317', FALSE, '3801');

INSERT INTO answer_options (question_id, correct_answer, answer_text)
VALUES ('103011317', FALSE, '3810');

INSERT INTO answer_options (question_id, correct_answer, answer_text)
VALUES ('103011317', FALSE, '8310');

INSERT INTO questions (question_id, language_id, topic_id, c_grade_id, level, question_text, explanation, interesting_fact)
VALUES ('103011318', 1, 3011, 8, 8, '2', '', '6 ÷ 7') ON CONFLICT (question_id) DO UPDATE SET language_id = 1 ,topic_id= 3011,c_grade_id =8,level=8,question_text='2',explanation='',interesting_fact='6 ÷ 7';


INSERT INTO answer_options (question_id, correct_answer, answer_text)
VALUES ('103011318', TRUE, 'אכמה קוראת 7 עמודים כמהספר שלה כל 20 דקות. כמה עמודים היא תקרא בשעתיים?') ;

INSERT INTO answer_options (question_id, correct_answer, answer_text)
VALUES ('103011318', FALSE, '7 x 6');

INSERT INTO answer_options (question_id, correct_answer, answer_text)
VALUES ('103011318', FALSE, '6 + 7');

INSERT INTO answer_options (question_id, correct_answer, answer_text)
VALUES ('103011318', FALSE, '2024-07-06 00:00:00');

INSERT INTO questions (question_id, language_id, topic_id, c_grade_id, level, question_text, explanation, interesting_fact)
VALUES ('103011319', 1, 3011, 9, 9, '2', '', '5 x 25') ON CONFLICT (question_id) DO UPDATE SET language_id = 1 ,topic_id= 3011,c_grade_id =9,level=9,question_text='2',explanation='',interesting_fact='5 x 25';


INSERT INTO answer_options (question_id, correct_answer, answer_text)
VALUES ('103011319', TRUE, 'אם יש לחלק 25 גולות שווה בשווה בין 5 שקיות, כמה יהיה תרגיל החלוקה?') ;

INSERT INTO answer_options (question_id, correct_answer, answer_text)
VALUES ('103011319', FALSE, '25 ÷ 5');

INSERT INTO answer_options (question_id, correct_answer, answer_text)
VALUES ('103011319', FALSE, '5 + 25');

INSERT INTO answer_options (question_id, correct_answer, answer_text)
VALUES ('103011319', FALSE, '2024-05-25 00:00:00');

INSERT INTO questions (question_id, language_id, topic_id, c_grade_id, level, question_text, explanation, interesting_fact)
VALUES ('103011320', 1, 3011, 0, 0, '1', '', 'אף אחת מהתשובות אינה נכונה') ON CONFLICT (question_id) DO UPDATE SET language_id = 1 ,topic_id= 3011,c_grade_id =0,level=0,question_text='1',explanation='',interesting_fact='אף אחת מהתשובות אינה נכונה';


INSERT INTO answer_options (question_id, correct_answer, answer_text)
VALUES ('103011320', TRUE, 'כמה מכיל יותר? 10 מדפים כחולים עם 8 ספרים בכל מדף, או 8 מדפים ירוקים עם 10 ספרים בכל מדף?') ;

INSERT INTO answer_options (question_id, correct_answer, answer_text)
VALUES ('103011320', FALSE, 'הם מכילים את אותה כמות');

INSERT INTO answer_options (question_id, correct_answer, answer_text)
VALUES ('103011320', FALSE, '10 מדפים כחולים');

INSERT INTO answer_options (question_id, correct_answer, answer_text)
VALUES ('103011320', FALSE, '8 מדפים ירוקים');

INSERT INTO questions (question_id, language_id, topic_id, c_grade_id, level, question_text, explanation, interesting_fact)
VALUES ('103012101', 1, 3012, 1, 1, '1', '', '2 קבוצות של 6') ON CONFLICT (question_id) DO UPDATE SET language_id = 1 ,topic_id= 3012,c_grade_id =1,level=1,question_text='1',explanation='',interesting_fact='2 קבוצות של 6';


INSERT INTO answer_options (question_id, correct_answer, answer_text)
VALUES ('103012101', TRUE, 'מה מייצג הכפל 2X4?') ;

INSERT INTO answer_options (question_id, correct_answer, answer_text)
VALUES ('103012101', FALSE, '2 קבוצות של 4');

INSERT INTO answer_options (question_id, correct_answer, answer_text)
VALUES ('103012101', FALSE, '4 קבוצות של 6');

INSERT INTO answer_options (question_id, correct_answer, answer_text)
VALUES ('103012101', FALSE, '6 קבוצות של 2');

INSERT INTO questions (question_id, language_id, topic_id, c_grade_id, level, question_text, explanation, interesting_fact)
VALUES ('103012102', 1, 3012, 2, 2, '1', '', '5 קבוצות של 2') ON CONFLICT (question_id) DO UPDATE SET language_id = 1 ,topic_id= 3012,c_grade_id =2,level=2,question_text='1',explanation='',interesting_fact='5 קבוצות של 2';


INSERT INTO answer_options (question_id, correct_answer, answer_text)
VALUES ('103012102', TRUE, 'מה מייצג הכפל 5X3?') ;

INSERT INTO answer_options (question_id, correct_answer, answer_text)
VALUES ('103012102', FALSE, '5 קבוצות של 3');

INSERT INTO answer_options (question_id, correct_answer, answer_text)
VALUES ('103012102', FALSE, '3 קבוצות של 3');

INSERT INTO answer_options (question_id, correct_answer, answer_text)
VALUES ('103012102', FALSE, '2 קבוצות של 5');

INSERT INTO questions (question_id, language_id, topic_id, c_grade_id, level, question_text, explanation, interesting_fact)
VALUES ('103012103', 1, 3012, 3, 3, '1', '', '2 קבוצות של 5') ON CONFLICT (question_id) DO UPDATE SET language_id = 1 ,topic_id= 3012,c_grade_id =3,level=3,question_text='1',explanation='',interesting_fact='2 קבוצות של 5';


INSERT INTO answer_options (question_id, correct_answer, answer_text)
VALUES ('103012103', TRUE, 'מה מייצג הכפל 7X2?') ;

INSERT INTO answer_options (question_id, correct_answer, answer_text)
VALUES ('103012103', FALSE, '7 קבוצות של 2');

INSERT INTO answer_options (question_id, correct_answer, answer_text)
VALUES ('103012103', FALSE, '2 קבוצות של 2x7');

INSERT INTO answer_options (question_id, correct_answer, answer_text)
VALUES ('103012103', FALSE, '5 קבוצות של 7');

INSERT INTO questions (question_id, language_id, topic_id, c_grade_id, level, question_text, explanation, interesting_fact)
VALUES ('103012104', 1, 3012, 4, 4, '1', '', '4 קבוצות של 8') ON CONFLICT (question_id) DO UPDATE SET language_id = 1 ,topic_id= 3012,c_grade_id =4,level=4,question_text='1',explanation='',interesting_fact='4 קבוצות של 8';


INSERT INTO answer_options (question_id, correct_answer, answer_text)
VALUES ('103012104', TRUE, 'מה מייצג הכפל 6X4?') ;

INSERT INTO answer_options (question_id, correct_answer, answer_text)
VALUES ('103012104', FALSE, '6 קבוצות של 4');

INSERT INTO answer_options (question_id, correct_answer, answer_text)
VALUES ('103012104', FALSE, '4 קבוצות של 6x4');

INSERT INTO answer_options (question_id, correct_answer, answer_text)
VALUES ('103012104', FALSE, '8 קבוצות של 4');

INSERT INTO questions (question_id, language_id, topic_id, c_grade_id, level, question_text, explanation, interesting_fact)
VALUES ('103012105', 1, 3012, 5, 5, '1', '', '3 קבוצות של 6') ON CONFLICT (question_id) DO UPDATE SET language_id = 1 ,topic_id= 3012,c_grade_id =5,level=5,question_text='1',explanation='',interesting_fact='3 קבוצות של 6';


INSERT INTO answer_options (question_id, correct_answer, answer_text)
VALUES ('103012105', TRUE, 'מה מייצג הכפל 9X3?') ;

INSERT INTO answer_options (question_id, correct_answer, answer_text)
VALUES ('103012105', FALSE, '9 קבוצות של 3');

INSERT INTO answer_options (question_id, correct_answer, answer_text)
VALUES ('103012105', FALSE, '3 קבוצות של 39');

INSERT INTO answer_options (question_id, correct_answer, answer_text)
VALUES ('103012105', FALSE, '6 קבוצות של 9');

INSERT INTO questions (question_id, language_id, topic_id, c_grade_id, level, question_text, explanation, interesting_fact)
VALUES ('103012106', 1, 3012, 6, 6, '1', '', '5 קבוצות של 3') ON CONFLICT (question_id) DO UPDATE SET language_id = 1 ,topic_id= 3012,c_grade_id =6,level=6,question_text='1',explanation='',interesting_fact='5 קבוצות של 3';


INSERT INTO answer_options (question_id, correct_answer, answer_text)
VALUES ('103012106', TRUE, 'מה מייצג הכפל 3X5?') ;

INSERT INTO answer_options (question_id, correct_answer, answer_text)
VALUES ('103012106', FALSE, 'כל כמה שרשום לעיל');

INSERT INTO answer_options (question_id, correct_answer, answer_text)
VALUES ('103012106', FALSE, '5+5+5');

INSERT INTO answer_options (question_id, correct_answer, answer_text)
VALUES ('103012106', FALSE, '3 קבוצות של 5');

INSERT INTO questions (question_id, language_id, topic_id, c_grade_id, level, question_text, explanation, interesting_fact)
VALUES ('103012107', 1, 3012, 7, 7, '1', '', 'קבוצות של 8') ON CONFLICT (question_id) DO UPDATE SET language_id = 1 ,topic_id= 3012,c_grade_id =7,level=7,question_text='1',explanation='',interesting_fact='קבוצות של 8';


INSERT INTO answer_options (question_id, correct_answer, answer_text)
VALUES ('103012107', TRUE, 'מה מייצג הכפל 8X2?') ;

INSERT INTO answer_options (question_id, correct_answer, answer_text)
VALUES ('103012107', FALSE, 'כל כמה שרשום לעיל');

INSERT INTO answer_options (question_id, correct_answer, answer_text)
VALUES ('103012107', FALSE, '8+8');

INSERT INTO answer_options (question_id, correct_answer, answer_text)
VALUES ('103012107', FALSE, '8 קבוצות של 2');

INSERT INTO questions (question_id, language_id, topic_id, c_grade_id, level, question_text, explanation, interesting_fact)
VALUES ('103012108', 1, 3012, 8, 8, '1', '', '7 קבוצות של 4') ON CONFLICT (question_id) DO UPDATE SET language_id = 1 ,topic_id= 3012,c_grade_id =8,level=8,question_text='1',explanation='',interesting_fact='7 קבוצות של 4';


INSERT INTO answer_options (question_id, correct_answer, answer_text)
VALUES ('103012108', TRUE, 'מה מייצג הכפל 4X7?') ;

INSERT INTO answer_options (question_id, correct_answer, answer_text)
VALUES ('103012108', FALSE, 'כל כמה שרשום לעיל');

INSERT INTO answer_options (question_id, correct_answer, answer_text)
VALUES ('103012108', FALSE, '7+7+7+7');

INSERT INTO answer_options (question_id, correct_answer, answer_text)
VALUES ('103012108', FALSE, '4 קבוצות של 7');

INSERT INTO questions (question_id, language_id, topic_id, c_grade_id, level, question_text, explanation, interesting_fact)
VALUES ('103012109', 1, 3012, 9, 9, '1', '', '3 קבוצות של 6') ON CONFLICT (question_id) DO UPDATE SET language_id = 1 ,topic_id= 3012,c_grade_id =9,level=9,question_text='1',explanation='',interesting_fact='3 קבוצות של 6';


INSERT INTO answer_options (question_id, correct_answer, answer_text)
VALUES ('103012109', TRUE, 'מה מייצג הכפל 6X3?') ;

INSERT INTO answer_options (question_id, correct_answer, answer_text)
VALUES ('103012109', FALSE, 'כל כמה שרשום לעיל');

INSERT INTO answer_options (question_id, correct_answer, answer_text)
VALUES ('103012109', FALSE, '6+6+6');

INSERT INTO answer_options (question_id, correct_answer, answer_text)
VALUES ('103012109', FALSE, '6 קבוצות של 3');

INSERT INTO questions (question_id, language_id, topic_id, c_grade_id, level, question_text, explanation, interesting_fact)
VALUES ('103012110', 1, 3012, 0, 0, '1', '', '4 קבוצות של 10') ON CONFLICT (question_id) DO UPDATE SET language_id = 1 ,topic_id= 3012,c_grade_id =0,level=0,question_text='1',explanation='',interesting_fact='4 קבוצות של 10';


INSERT INTO answer_options (question_id, correct_answer, answer_text)
VALUES ('103012110', TRUE, 'מה מייצג הכפל 10X4?') ;

INSERT INTO answer_options (question_id, correct_answer, answer_text)
VALUES ('103012110', FALSE, 'כל כמה שרשום לעיל');

INSERT INTO answer_options (question_id, correct_answer, answer_text)
VALUES ('103012110', FALSE, '10+10+10+10');

INSERT INTO answer_options (question_id, correct_answer, answer_text)
VALUES ('103012110', FALSE, '10 קבוצות של 4');

INSERT INTO questions (question_id, language_id, topic_id, c_grade_id, level, question_text, explanation, interesting_fact)
VALUES ('103012111', 1, 3012, 1, 1, '1', '', '6 + 6') ON CONFLICT (question_id) DO UPDATE SET language_id = 1 ,topic_id= 3012,c_grade_id =1,level=1,question_text='1',explanation='',interesting_fact='6 + 6';


INSERT INTO answer_options (question_id, correct_answer, answer_text)
VALUES ('103012111', TRUE, 'מה מייצג הכפל 2X6 ?') ;

INSERT INTO answer_options (question_id, correct_answer, answer_text)
VALUES ('103012111', FALSE, 'כל כמה שרשום לעיל');

INSERT INTO answer_options (question_id, correct_answer, answer_text)
VALUES ('103012111', FALSE, '2 + 2 + 2 + 2 + 2 + 2');

INSERT INTO answer_options (question_id, correct_answer, answer_text)
VALUES ('103012111', FALSE, '6X2');

INSERT INTO questions (question_id, language_id, topic_id, c_grade_id, level, question_text, explanation, interesting_fact)
VALUES ('103012112', 1, 3012, 2, 2, '1', '', '3 + 3 + 3 + 3 + 3') ON CONFLICT (question_id) DO UPDATE SET language_id = 1 ,topic_id= 3012,c_grade_id =2,level=2,question_text='1',explanation='',interesting_fact='3 + 3 + 3 + 3 + 3';


INSERT INTO answer_options (question_id, correct_answer, answer_text)
VALUES ('103012112', TRUE, 'מה מייצג הכפל 5X3 ?') ;

INSERT INTO answer_options (question_id, correct_answer, answer_text)
VALUES ('103012112', FALSE, 'כל כמה שרשום לעיל');

INSERT INTO answer_options (question_id, correct_answer, answer_text)
VALUES ('103012112', FALSE, '3X5');

INSERT INTO answer_options (question_id, correct_answer, answer_text)
VALUES ('103012112', FALSE, '5 + 5 + 5');

INSERT INTO questions (question_id, language_id, topic_id, c_grade_id, level, question_text, explanation, interesting_fact)
VALUES ('103012113', 1, 3012, 3, 3, '1', '', '4 + 4 + 4 + 4 + 7') ON CONFLICT (question_id) DO UPDATE SET language_id = 1 ,topic_id= 3012,c_grade_id =3,level=3,question_text='1',explanation='',interesting_fact='4 + 4 + 4 + 4 + 7';


INSERT INTO answer_options (question_id, correct_answer, answer_text)
VALUES ('103012113', TRUE, 'מה מייצג הכפל 7X4 ?') ;

INSERT INTO answer_options (question_id, correct_answer, answer_text)
VALUES ('103012113', FALSE, '7 + 7 + 7 + 7');

INSERT INTO answer_options (question_id, correct_answer, answer_text)
VALUES ('103012113', FALSE, '7 + 4 + 7 + 4');

INSERT INTO answer_options (question_id, correct_answer, answer_text)
VALUES ('103012113', FALSE, '7 + 4 + 7');

INSERT INTO questions (question_id, language_id, topic_id, c_grade_id, level, question_text, explanation, interesting_fact)
VALUES ('103012114', 1, 3012, 4, 4, '1', '', '2 + 2 + 2 + 2 + 2 + 2 + 2 + 2 + 9') ON CONFLICT (question_id) DO UPDATE SET language_id = 1 ,topic_id= 3012,c_grade_id =4,level=4,question_text='1',explanation='',interesting_fact='2 + 2 + 2 + 2 + 2 + 2 + 2 + 2 + 9';


INSERT INTO answer_options (question_id, correct_answer, answer_text)
VALUES ('103012114', TRUE, 'מה מייצג הכפל 9X2 ?') ;

INSERT INTO answer_options (question_id, correct_answer, answer_text)
VALUES ('103012114', FALSE, '9 + 9');

INSERT INTO answer_options (question_id, correct_answer, answer_text)
VALUES ('103012114', FALSE, '9 + 2 + 9 + 2');

INSERT INTO answer_options (question_id, correct_answer, answer_text)
VALUES ('103012114', FALSE, '9 + 2 + 9');

INSERT INTO questions (question_id, language_id, topic_id, c_grade_id, level, question_text, explanation, interesting_fact)
VALUES ('103012115', 1, 3012, 5, 5, '1', '', '5 + 5 + 5 + 5 + 5 + 6') ON CONFLICT (question_id) DO UPDATE SET language_id = 1 ,topic_id= 3012,c_grade_id =5,level=5,question_text='1',explanation='',interesting_fact='5 + 5 + 5 + 5 + 5 + 6';


INSERT INTO answer_options (question_id, correct_answer, answer_text)
VALUES ('103012115', TRUE, 'מה מייצג הכפל 6X5 ?') ;

INSERT INTO answer_options (question_id, correct_answer, answer_text)
VALUES ('103012115', FALSE, '6 + 6 + 6 + 6 + 6');

INSERT INTO answer_options (question_id, correct_answer, answer_text)
VALUES ('103012115', FALSE, '6 + 5 + 6');

INSERT INTO answer_options (question_id, correct_answer, answer_text)
VALUES ('103012115', FALSE, '6 + 5 + 6 + 5');

INSERT INTO questions (question_id, language_id, topic_id, c_grade_id, level, question_text, explanation, interesting_fact)
VALUES ('103012116', 1, 3012, 6, 6, '1', '', '6 + 6 + 6 + 6 + 6 + 6') ON CONFLICT (question_id) DO UPDATE SET language_id = 1 ,topic_id= 3012,c_grade_id =6,level=6,question_text='1',explanation='',interesting_fact='6 + 6 + 6 + 6 + 6 + 6';


INSERT INTO answer_options (question_id, correct_answer, answer_text)
VALUES ('103012116', TRUE, 'מה מייצג הכפל 4X6 ?') ;

INSERT INTO answer_options (question_id, correct_answer, answer_text)
VALUES ('103012116', FALSE, '6 + 6 + 6 + 6');

INSERT INTO answer_options (question_id, correct_answer, answer_text)
VALUES ('103012116', FALSE, '4 + 4 + 4+ 4');

INSERT INTO answer_options (question_id, correct_answer, answer_text)
VALUES ('103012116', FALSE, '6 + 4 + 6 + 4');

INSERT INTO questions (question_id, language_id, topic_id, c_grade_id, level, question_text, explanation, interesting_fact)
VALUES ('103012117', 1, 3012, 7, 7, '2', '', '4 x 20') ON CONFLICT (question_id) DO UPDATE SET language_id = 1 ,topic_id= 3012,c_grade_id =7,level=7,question_text='2',explanation='',interesting_fact='4 x 20';


INSERT INTO answer_options (question_id, correct_answer, answer_text)
VALUES ('103012117', TRUE, 'אם יש לחלק 20 מדבקות שווה בשווה בין 4 חברים, כמה יהיה תרגיל החלוקה?') ;

INSERT INTO answer_options (question_id, correct_answer, answer_text)
VALUES ('103012117', FALSE, '20 ÷ 4');

INSERT INTO answer_options (question_id, correct_answer, answer_text)
VALUES ('103012117', FALSE, '20 + 4');

INSERT INTO answer_options (question_id, correct_answer, answer_text)
VALUES ('103012117', FALSE, '2024-04-20 00:00:00');

INSERT INTO questions (question_id, language_id, topic_id, c_grade_id, level, question_text, explanation, interesting_fact)
VALUES ('103012118', 1, 3012, 8, 8, '2', '', '6 x 36') ON CONFLICT (question_id) DO UPDATE SET language_id = 1 ,topic_id= 3012,c_grade_id =8,level=8,question_text='2',explanation='',interesting_fact='6 x 36';


INSERT INTO answer_options (question_id, correct_answer, answer_text)
VALUES ('103012118', TRUE, 'אם יש לחלק 36 עפרונות שווה בשווה בין 6 חברים, כמה יהיה תרגיל החלוקה?') ;

INSERT INTO answer_options (question_id, correct_answer, answer_text)
VALUES ('103012118', FALSE, '36 ÷ 6');

INSERT INTO answer_options (question_id, correct_answer, answer_text)
VALUES ('103012118', FALSE, '36 + 6');

INSERT INTO answer_options (question_id, correct_answer, answer_text)
VALUES ('103012118', FALSE, '36-6');

INSERT INTO questions (question_id, language_id, topic_id, c_grade_id, level, question_text, explanation, interesting_fact)
VALUES ('103012119', 1, 3012, 9, 9, '2', '', '9 x 45') ON CONFLICT (question_id) DO UPDATE SET language_id = 1 ,topic_id= 3012,c_grade_id =9,level=9,question_text='2',explanation='',interesting_fact='9 x 45';


INSERT INTO answer_options (question_id, correct_answer, answer_text)
VALUES ('103012119', TRUE, 'אם יש לחלק 45 ספרים באופן שווה בין 9 תלמידים, כמה יהיה תרגיל החלוקה?') ;

INSERT INTO answer_options (question_id, correct_answer, answer_text)
VALUES ('103012119', FALSE, '45 ÷ 9');

INSERT INTO answer_options (question_id, correct_answer, answer_text)
VALUES ('103012119', FALSE, '45 + 9');

INSERT INTO answer_options (question_id, correct_answer, answer_text)
VALUES ('103012119', FALSE, '45-9');

INSERT INTO questions (question_id, language_id, topic_id, c_grade_id, level, question_text, explanation, interesting_fact)
VALUES ('103012120', 1, 3012, 0, 0, '2', '', '10 x 50') ON CONFLICT (question_id) DO UPDATE SET language_id = 1 ,topic_id= 3012,c_grade_id =0,level=0,question_text='2',explanation='',interesting_fact='10 x 50';


INSERT INTO answer_options (question_id, correct_answer, answer_text)
VALUES ('103012120', TRUE, 'אם יש לחלק 50 עפרונות שווה בשווה בין 10 חברים כמהכיתה, כמה יהיה תרגיל החלוקה?') ;

INSERT INTO answer_options (question_id, correct_answer, answer_text)
VALUES ('103012120', FALSE, '50 ÷ 10');

INSERT INTO answer_options (question_id, correct_answer, answer_text)
VALUES ('103012120', FALSE, '10 + 50');

INSERT INTO answer_options (question_id, correct_answer, answer_text)
VALUES ('103012120', FALSE, '50-10');

INSERT INTO questions (question_id, language_id, topic_id, c_grade_id, level, question_text, explanation, interesting_fact)
VALUES ('103012201', 1, 3012, 1, 1, '2', '', '4 + 3 x 4') ON CONFLICT (question_id) DO UPDATE SET language_id = 1 ,topic_id= 3012,c_grade_id =1,level=1,question_text='2',explanation='',interesting_fact='4 + 3 x 4';


INSERT INTO answer_options (question_id, correct_answer, answer_text)
VALUES ('103012201', TRUE, 'איך היית כותב את החיבור 4 + 4 + 4 בצורה של ביטוי כפל?') ;

INSERT INTO answer_options (question_id, correct_answer, answer_text)
VALUES ('103012201', FALSE, '3 x 4');

INSERT INTO answer_options (question_id, correct_answer, answer_text)
VALUES ('103012201', FALSE, '4 x 4');

INSERT INTO answer_options (question_id, correct_answer, answer_text)
VALUES ('103012201', FALSE, '4 + 4 x 3');

INSERT INTO questions (question_id, language_id, topic_id, c_grade_id, level, question_text, explanation, interesting_fact)
VALUES ('103012202', 1, 3012, 2, 2, '2', '', '2 + 2 x 2 x 2') ON CONFLICT (question_id) DO UPDATE SET language_id = 1 ,topic_id= 3012,c_grade_id =2,level=2,question_text='2',explanation='',interesting_fact='2 + 2 x 2 x 2';


INSERT INTO answer_options (question_id, correct_answer, answer_text)
VALUES ('103012202', TRUE, 'איך היית כותב את החיבור 2 + 2 + 2 + 2 + 2 בצורה של ביטוי כפל?') ;

INSERT INTO answer_options (question_id, correct_answer, answer_text)
VALUES ('103012202', FALSE, '2 x 5');

INSERT INTO answer_options (question_id, correct_answer, answer_text)
VALUES ('103012202', FALSE, '2 + 5');

INSERT INTO answer_options (question_id, correct_answer, answer_text)
VALUES ('103012202', FALSE, '2 x 2 + 2');

INSERT INTO questions (question_id, language_id, topic_id, c_grade_id, level, question_text, explanation, interesting_fact)
VALUES ('103012203', 1, 3012, 3, 3, '2', '', '6 x 3 + 6') ON CONFLICT (question_id) DO UPDATE SET language_id = 1 ,topic_id= 3012,c_grade_id =3,level=3,question_text='2',explanation='',interesting_fact='6 x 3 + 6';


INSERT INTO answer_options (question_id, correct_answer, answer_text)
VALUES ('103012203', TRUE, 'איך היית כותב את החיבור 6 + 6 + 6 בצורה של ביטוי כפל?') ;

INSERT INTO answer_options (question_id, correct_answer, answer_text)
VALUES ('103012203', FALSE, '3 x 6');

INSERT INTO answer_options (question_id, correct_answer, answer_text)
VALUES ('103012203', FALSE, '6 + 3');

INSERT INTO answer_options (question_id, correct_answer, answer_text)
VALUES ('103012203', FALSE, '3 + 6 x 3');

INSERT INTO questions (question_id, language_id, topic_id, c_grade_id, level, question_text, explanation, interesting_fact)
VALUES ('103012204', 1, 3012, 4, 4, '2', '', 'x 5 + 5') ON CONFLICT (question_id) DO UPDATE SET language_id = 1 ,topic_id= 3012,c_grade_id =4,level=4,question_text='2',explanation='',interesting_fact='x 5 + 5';


INSERT INTO answer_options (question_id, correct_answer, answer_text)
VALUES ('103012204', TRUE, 'איך היית כותב את החיבור 5 + 5 + 5 + 5 + 5 + 5 בצורה של ביטוי כפל?') ;

INSERT INTO answer_options (question_id, correct_answer, answer_text)
VALUES ('103012204', FALSE, '5 x 6');

INSERT INTO answer_options (question_id, correct_answer, answer_text)
VALUES ('103012204', FALSE, 'כל כמה שרשום לעיל');

INSERT INTO answer_options (question_id, correct_answer, answer_text)
VALUES ('103012204', FALSE, '5 + 6 x 5');

INSERT INTO questions (question_id, language_id, topic_id, c_grade_id, level, question_text, explanation, interesting_fact)
VALUES ('103012205', 1, 3012, 5, 5, '2', '', '4 + 7 x 4') ON CONFLICT (question_id) DO UPDATE SET language_id = 1 ,topic_id= 3012,c_grade_id =5,level=5,question_text='2',explanation='',interesting_fact='4 + 7 x 4';


INSERT INTO answer_options (question_id, correct_answer, answer_text)
VALUES ('103012205', TRUE, 'איך היית כותב את החיבור 7 + 7 + 7 + 7 בצורה של ביטוי כפל?') ;

INSERT INTO answer_options (question_id, correct_answer, answer_text)
VALUES ('103012205', FALSE, '4 x 7');

INSERT INTO answer_options (question_id, correct_answer, answer_text)
VALUES ('103012205', FALSE, 'כל כמה שרשום לעיל');

INSERT INTO answer_options (question_id, correct_answer, answer_text)
VALUES ('103012205', FALSE, '7 + 4 x 7');

INSERT INTO questions (question_id, language_id, topic_id, c_grade_id, level, question_text, explanation, interesting_fact)
VALUES ('103012206', 1, 3012, 6, 6, '2', '', '6 ÷ 4') ON CONFLICT (question_id) DO UPDATE SET language_id = 1 ,topic_id= 3012,c_grade_id =6,level=6,question_text='2',explanation='',interesting_fact='6 ÷ 4';


INSERT INTO answer_options (question_id, correct_answer, answer_text)
VALUES ('103012206', TRUE, 'קלרה אוכלת 4 עוגיות בכל שעה. כמה עוגיות היא תאכל ב-6 שעות?') ;

INSERT INTO answer_options (question_id, correct_answer, answer_text)
VALUES ('103012206', FALSE, '4 x 6');

INSERT INTO answer_options (question_id, correct_answer, answer_text)
VALUES ('103012206', FALSE, '4 + 6');

INSERT INTO answer_options (question_id, correct_answer, answer_text)
VALUES ('103012206', FALSE, '2024-04-06 00:00:00');

INSERT INTO questions (question_id, language_id, topic_id, c_grade_id, level, question_text, explanation, interesting_fact)
VALUES ('103012207', 1, 3012, 7, 7, '2', '', '7 ÷ 4') ON CONFLICT (question_id) DO UPDATE SET language_id = 1 ,topic_id= 3012,c_grade_id =7,level=7,question_text='2',explanation='',interesting_fact='7 ÷ 4';


INSERT INTO answer_options (question_id, correct_answer, answer_text)
VALUES ('103012207', TRUE, 'מיה קונה 4 סוכריות כל יום במשך שבוע. כמה ממתקים היא קנתה בסך הכל?') ;

INSERT INTO answer_options (question_id, correct_answer, answer_text)
VALUES ('103012207', FALSE, '4 x 7');

INSERT INTO answer_options (question_id, correct_answer, answer_text)
VALUES ('103012207', FALSE, '7 x 14');

INSERT INTO answer_options (question_id, correct_answer, answer_text)
VALUES ('103012207', FALSE, '4 + 7');

INSERT INTO questions (question_id, language_id, topic_id, c_grade_id, level, question_text, explanation, interesting_fact)
VALUES ('103012208', 1, 3012, 8, 8, '2', '', '4 ÷ 5') ON CONFLICT (question_id) DO UPDATE SET language_id = 1 ,topic_id= 3012,c_grade_id =8,level=8,question_text='2',explanation='',interesting_fact='4 ÷ 5';


INSERT INTO answer_options (question_id, correct_answer, answer_text)
VALUES ('103012208', TRUE, 'בן חוסך 5$ בכל שבוע למשך חודש (בערך 4 שבועות). כמה כסף הוא יחסוך?') ;

INSERT INTO answer_options (question_id, correct_answer, answer_text)
VALUES ('103012208', FALSE, '5 x 4');

INSERT INTO answer_options (question_id, correct_answer, answer_text)
VALUES ('103012208', FALSE, '4 x 5 x 4');

INSERT INTO answer_options (question_id, correct_answer, answer_text)
VALUES ('103012208', FALSE, '5 + 4');

INSERT INTO questions (question_id, language_id, topic_id, c_grade_id, level, question_text, explanation, interesting_fact)
VALUES ('103012209', 1, 3012, 9, 9, '2', '', '5 ÷ 3') ON CONFLICT (question_id) DO UPDATE SET language_id = 1 ,topic_id= 3012,c_grade_id =9,level=9,question_text='2',explanation='',interesting_fact='5 ÷ 3';


INSERT INTO answer_options (question_id, correct_answer, answer_text)
VALUES ('103012209', TRUE, 'אוליביה מציירת 3 תמונות בכל יום במשך 5 ימים. כמה תמונות היא ציירה?') ;

INSERT INTO answer_options (question_id, correct_answer, answer_text)
VALUES ('103012209', FALSE, '3 x 5');

INSERT INTO answer_options (question_id, correct_answer, answer_text)
VALUES ('103012209', FALSE, '5 x 3 x 3');

INSERT INTO answer_options (question_id, correct_answer, answer_text)
VALUES ('103012209', FALSE, '3 + 5');

INSERT INTO questions (question_id, language_id, topic_id, c_grade_id, level, question_text, explanation, interesting_fact)
VALUES ('103012210', 1, 3012, 0, 0, '2', '', '14 ÷ 6') ON CONFLICT (question_id) DO UPDATE SET language_id = 1 ,topic_id= 3012,c_grade_id =0,level=0,question_text='2',explanation='',interesting_fact='14 ÷ 6';


INSERT INTO answer_options (question_id, correct_answer, answer_text)
VALUES ('103012210', TRUE, 'ג`ייק רץ 6 הקפות מסביב למסלול בכל בוקר במשך שבועיים. כמה הקפות הוא רץ בסך הכל?') ;

INSERT INTO answer_options (question_id, correct_answer, answer_text)
VALUES ('103012210', FALSE, '6 x 14');

INSERT INTO answer_options (question_id, correct_answer, answer_text)
VALUES ('103012210', FALSE, '1900-01-01 06:13:20');

INSERT INTO answer_options (question_id, correct_answer, answer_text)
VALUES ('103012210', FALSE, '6 + 14');

INSERT INTO questions (question_id, language_id, topic_id, c_grade_id, level, question_text, explanation, interesting_fact)
VALUES ('103012211', 1, 3012, 1, 1, '2', '', '4 ÷ 3') ON CONFLICT (question_id) DO UPDATE SET language_id = 1 ,topic_id= 3012,c_grade_id =1,level=1,question_text='2',explanation='',interesting_fact='4 ÷ 3';


INSERT INTO answer_options (question_id, correct_answer, answer_text)
VALUES ('103012211', TRUE, 'שרה אופה 3 קאפקייקס כל חצי שעה. כמה קאפקייקס היא תאפה ב-4 שעות?') ;

INSERT INTO answer_options (question_id, correct_answer, answer_text)
VALUES ('103012211', FALSE, '3 x 8');

INSERT INTO answer_options (question_id, correct_answer, answer_text)
VALUES ('103012211', FALSE, '4 x 3');

INSERT INTO answer_options (question_id, correct_answer, answer_text)
VALUES ('103012211', FALSE, '3 + 8');

INSERT INTO questions (question_id, language_id, topic_id, c_grade_id, level, question_text, explanation, interesting_fact)
VALUES ('103012212', 1, 3012, 2, 2, '2', '', '2024-05-04 00:00:00') ON CONFLICT (question_id) DO UPDATE SET language_id = 1 ,topic_id= 3012,c_grade_id =2,level=2,question_text='2',explanation='',interesting_fact='2024-05-04 00:00:00';


INSERT INTO answer_options (question_id, correct_answer, answer_text)
VALUES ('103012212', TRUE, 'טום אוסף 5 צדפות כל 15 דקות. כמה צדפות הוא יאסוף בשעה?') ;

INSERT INTO answer_options (question_id, correct_answer, answer_text)
VALUES ('103012212', FALSE, '5 x 4');

INSERT INTO answer_options (question_id, correct_answer, answer_text)
VALUES ('103012212', FALSE, '4 ÷ 5');

INSERT INTO answer_options (question_id, correct_answer, answer_text)
VALUES ('103012212', FALSE, '5 + 4');

INSERT INTO questions (question_id, language_id, topic_id, c_grade_id, level, question_text, explanation, interesting_fact)
VALUES ('103012213', 1, 3012, 3, 3, '2', '', '12 חלקי 4') ON CONFLICT (question_id) DO UPDATE SET language_id = 1 ,topic_id= 3012,c_grade_id =3,level=3,question_text='2',explanation='',interesting_fact='12 חלקי 4';


INSERT INTO answer_options (question_id, correct_answer, answer_text)
VALUES ('103012213', TRUE, 'מה מייצג 3x4?') ;

INSERT INTO answer_options (question_id, correct_answer, answer_text)
VALUES ('103012213', FALSE, '3 קבוצות של 4');

INSERT INTO answer_options (question_id, correct_answer, answer_text)
VALUES ('103012213', FALSE, '3 פלוס 4');

INSERT INTO answer_options (question_id, correct_answer, answer_text)
VALUES ('103012213', FALSE, '4 קבוצות של 3x4');

INSERT INTO questions (question_id, language_id, topic_id, c_grade_id, level, question_text, explanation, interesting_fact)
VALUES ('103012214', 1, 3012, 4, 4, '2', '', '9 מינוס 3') ON CONFLICT (question_id) DO UPDATE SET language_id = 1 ,topic_id= 3012,c_grade_id =4,level=4,question_text='2',explanation='',interesting_fact='9 מינוס 3';


INSERT INTO answer_options (question_id, correct_answer, answer_text)
VALUES ('103012214', TRUE, 'מה המשמעות של 3 ÷ 9?') ;

INSERT INTO answer_options (question_id, correct_answer, answer_text)
VALUES ('103012214', FALSE, 'כמה קבוצות של 3 ב-9');

INSERT INTO answer_options (question_id, correct_answer, answer_text)
VALUES ('103012214', FALSE, '9 קבוצות של 3');

INSERT INTO answer_options (question_id, correct_answer, answer_text)
VALUES ('103012214', FALSE, '9 כפול 3');

INSERT INTO questions (question_id, language_id, topic_id, c_grade_id, level, question_text, explanation, interesting_fact)
VALUES ('103012215', 1, 3012, 5, 5, '2', '', '28') ON CONFLICT (question_id) DO UPDATE SET language_id = 1 ,topic_id= 3012,c_grade_id =5,level=5,question_text='2',explanation='',interesting_fact='28';


INSERT INTO answer_options (question_id, correct_answer, answer_text)
VALUES ('103012215', TRUE, 'ב-4X7, מה מייצג 4?') ;

INSERT INTO answer_options (question_id, correct_answer, answer_text)
VALUES ('103012215', FALSE, 'מספר הקבוצות');

INSERT INTO answer_options (question_id, correct_answer, answer_text)
VALUES ('103012215', FALSE, 'גודל כל קבוצה');

INSERT INTO answer_options (question_id, correct_answer, answer_text)
VALUES ('103012215', FALSE, '7 קבוצות');

INSERT INTO questions (question_id, language_id, topic_id, c_grade_id, level, question_text, explanation, interesting_fact)
VALUES ('103012216', 1, 3012, 6, 6, '2', '', '12 פלוס 4') ON CONFLICT (question_id) DO UPDATE SET language_id = 1 ,topic_id= 3012,c_grade_id =6,level=6,question_text='2',explanation='',interesting_fact='12 פלוס 4';


INSERT INTO answer_options (question_id, correct_answer, answer_text)
VALUES ('103012216', TRUE, 'מה מייצג 4 ÷ 12?') ;

INSERT INTO answer_options (question_id, correct_answer, answer_text)
VALUES ('103012216', FALSE, 'כמה קבוצות של 4 נכנסות ב-12');

INSERT INTO answer_options (question_id, correct_answer, answer_text)
VALUES ('103012216', FALSE, '12 קבוצות של 4');

INSERT INTO answer_options (question_id, correct_answer, answer_text)
VALUES ('103012216', FALSE, '12 כפול 4');

INSERT INTO questions (question_id, language_id, topic_id, c_grade_id, level, question_text, explanation, interesting_fact)
VALUES ('103012217', 1, 3012, 7, 7, '2', '', '5 פלוס 3') ON CONFLICT (question_id) DO UPDATE SET language_id = 1 ,topic_id= 3012,c_grade_id =7,level=7,question_text='2',explanation='',interesting_fact='5 פלוס 3';


INSERT INTO answer_options (question_id, correct_answer, answer_text)
VALUES ('103012217', TRUE, 'אם 5x3=15, מה מייצג 15?') ;

INSERT INTO answer_options (question_id, correct_answer, answer_text)
VALUES ('103012217', FALSE, 'סך הכל 5 קבוצות של 3');

INSERT INTO answer_options (question_id, correct_answer, answer_text)
VALUES ('103012217', FALSE, '5 קבוצות');

INSERT INTO answer_options (question_id, correct_answer, answer_text)
VALUES ('103012217', FALSE, '3 קבוצות');

INSERT INTO questions (question_id, language_id, topic_id, c_grade_id, level, question_text, explanation, interesting_fact)
VALUES ('103012218', 1, 3012, 8, 8, '2', '', '15 מינוס 5') ON CONFLICT (question_id) DO UPDATE SET language_id = 1 ,topic_id= 3012,c_grade_id =8,level=8,question_text='2',explanation='',interesting_fact='15 מינוס 5';


INSERT INTO answer_options (question_id, correct_answer, answer_text)
VALUES ('103012218', TRUE, 'מה המשמעות של 5 ÷ 15?') ;

INSERT INTO answer_options (question_id, correct_answer, answer_text)
VALUES ('103012218', FALSE, 'כמה קבוצות של 5 נכנסות ב-15');

INSERT INTO answer_options (question_id, correct_answer, answer_text)
VALUES ('103012218', FALSE, '15 קבוצות של 5');

INSERT INTO answer_options (question_id, correct_answer, answer_text)
VALUES ('103012218', FALSE, '15 כפול 5');

INSERT INTO questions (question_id, language_id, topic_id, c_grade_id, level, question_text, explanation, interesting_fact)
VALUES ('103012219', 1, 3012, 9, 9, '2', '', '20 פעם') ON CONFLICT (question_id) DO UPDATE SET language_id = 1 ,topic_id= 3012,c_grade_id =9,level=9,question_text='2',explanation='',interesting_fact='20 פעם';


INSERT INTO answer_options (question_id, correct_answer, answer_text)
VALUES ('103012219', TRUE, 'כמה פעמים 4 נכנסים ב-20?') ;

INSERT INTO answer_options (question_id, correct_answer, answer_text)
VALUES ('103012219', FALSE, '5 פעמים');

INSERT INTO answer_options (question_id, correct_answer, answer_text)
VALUES ('103012219', FALSE, '4 פעמים');

INSERT INTO answer_options (question_id, correct_answer, answer_text)
VALUES ('103012219', FALSE, '6 פעמים');

INSERT INTO questions (question_id, language_id, topic_id, c_grade_id, level, question_text, explanation, interesting_fact)
VALUES ('103012220', 1, 3012, 0, 0, '2', '', '25 פלוס 5') ON CONFLICT (question_id) DO UPDATE SET language_id = 1 ,topic_id= 3012,c_grade_id =0,level=0,question_text='2',explanation='',interesting_fact='25 פלוס 5';


INSERT INTO answer_options (question_id, correct_answer, answer_text)
VALUES ('103012220', TRUE, 'מה המשמעות של 5 ÷ 25?') ;

INSERT INTO answer_options (question_id, correct_answer, answer_text)
VALUES ('103012220', FALSE, 'כמה קבוצות של 5 נכנסות ב-25');

INSERT INTO answer_options (question_id, correct_answer, answer_text)
VALUES ('103012220', FALSE, '25 קבוצות של 5');

INSERT INTO answer_options (question_id, correct_answer, answer_text)
VALUES ('103012220', FALSE, '25 כפול 5');

INSERT INTO questions (question_id, language_id, topic_id, c_grade_id, level, question_text, explanation, interesting_fact)
VALUES ('103013101', 1, 3013, 1, 1, '1', '', '4') ON CONFLICT (question_id) DO UPDATE SET language_id = 1 ,topic_id= 3013,c_grade_id =1,level=1,question_text='1',explanation='',interesting_fact='4';


INSERT INTO answer_options (question_id, correct_answer, answer_text)
VALUES ('103013101', TRUE, '7X6 = 4X6 + ?X6') ;

INSERT INTO answer_options (question_id, correct_answer, answer_text)
VALUES ('103013101', FALSE, '3');

INSERT INTO answer_options (question_id, correct_answer, answer_text)
VALUES ('103013101', FALSE, '2');

INSERT INTO answer_options (question_id, correct_answer, answer_text)
VALUES ('103013101', FALSE, '1');

INSERT INTO questions (question_id, language_id, topic_id, c_grade_id, level, question_text, explanation, interesting_fact)
VALUES ('103013102', 1, 3013, 2, 2, '1', '', '4') ON CONFLICT (question_id) DO UPDATE SET language_id = 1 ,topic_id= 3013,c_grade_id =2,level=2,question_text='1',explanation='',interesting_fact='4';


INSERT INTO answer_options (question_id, correct_answer, answer_text)
VALUES ('103013102', TRUE, '8X9 = 5X9 + ?X9') ;

INSERT INTO answer_options (question_id, correct_answer, answer_text)
VALUES ('103013102', FALSE, '3');

INSERT INTO answer_options (question_id, correct_answer, answer_text)
VALUES ('103013102', FALSE, '2');

INSERT INTO answer_options (question_id, correct_answer, answer_text)
VALUES ('103013102', FALSE, '1');

INSERT INTO questions (question_id, language_id, topic_id, c_grade_id, level, question_text, explanation, interesting_fact)
VALUES ('103013103', 1, 3013, 3, 3, '1', '', '4') ON CONFLICT (question_id) DO UPDATE SET language_id = 1 ,topic_id= 3013,c_grade_id =3,level=3,question_text='1',explanation='',interesting_fact='4';


INSERT INTO answer_options (question_id, correct_answer, answer_text)
VALUES ('103013103', TRUE, '6X5 = 3X5 + ?X5') ;

INSERT INTO answer_options (question_id, correct_answer, answer_text)
VALUES ('103013103', FALSE, '3');

INSERT INTO answer_options (question_id, correct_answer, answer_text)
VALUES ('103013103', FALSE, '2');

INSERT INTO answer_options (question_id, correct_answer, answer_text)
VALUES ('103013103', FALSE, '1');

INSERT INTO questions (question_id, language_id, topic_id, c_grade_id, level, question_text, explanation, interesting_fact)
VALUES ('103013104', 1, 3013, 4, 4, '1', '', '4') ON CONFLICT (question_id) DO UPDATE SET language_id = 1 ,topic_id= 3013,c_grade_id =4,level=4,question_text='1',explanation='',interesting_fact='4';


INSERT INTO answer_options (question_id, correct_answer, answer_text)
VALUES ('103013104', TRUE, '9X8 = 7X8 + ?X8') ;

INSERT INTO answer_options (question_id, correct_answer, answer_text)
VALUES ('103013104', FALSE, '2');

INSERT INTO answer_options (question_id, correct_answer, answer_text)
VALUES ('103013104', FALSE, '5');

INSERT INTO answer_options (question_id, correct_answer, answer_text)
VALUES ('103013104', FALSE, '3');

INSERT INTO questions (question_id, language_id, topic_id, c_grade_id, level, question_text, explanation, interesting_fact)
VALUES ('103013105', 1, 3013, 5, 5, '1', '', '4') ON CONFLICT (question_id) DO UPDATE SET language_id = 1 ,topic_id= 3013,c_grade_id =5,level=5,question_text='1',explanation='',interesting_fact='4';


INSERT INTO answer_options (question_id, correct_answer, answer_text)
VALUES ('103013105', TRUE, '5X7 = 3X7 + ?X7') ;

INSERT INTO answer_options (question_id, correct_answer, answer_text)
VALUES ('103013105', FALSE, '2');

INSERT INTO answer_options (question_id, correct_answer, answer_text)
VALUES ('103013105', FALSE, '5');

INSERT INTO answer_options (question_id, correct_answer, answer_text)
VALUES ('103013105', FALSE, '1');

INSERT INTO questions (question_id, language_id, topic_id, c_grade_id, level, question_text, explanation, interesting_fact)
VALUES ('103013106', 1, 3013, 6, 6, '1', '', '4') ON CONFLICT (question_id) DO UPDATE SET language_id = 1 ,topic_id= 3013,c_grade_id =6,level=6,question_text='1',explanation='',interesting_fact='4';


INSERT INTO answer_options (question_id, correct_answer, answer_text)
VALUES ('103013106', TRUE, '4X6 = 2X6 + ?X6') ;

INSERT INTO answer_options (question_id, correct_answer, answer_text)
VALUES ('103013106', FALSE, '2');

INSERT INTO answer_options (question_id, correct_answer, answer_text)
VALUES ('103013106', FALSE, '5');

INSERT INTO answer_options (question_id, correct_answer, answer_text)
VALUES ('103013106', FALSE, '1');

INSERT INTO questions (question_id, language_id, topic_id, c_grade_id, level, question_text, explanation, interesting_fact)
VALUES ('103013107', 1, 3013, 7, 7, '1', '', '6') ON CONFLICT (question_id) DO UPDATE SET language_id = 1 ,topic_id= 3013,c_grade_id =7,level=7,question_text='1',explanation='',interesting_fact='6';


INSERT INTO answer_options (question_id, correct_answer, answer_text)
VALUES ('103013107', TRUE, '8X5 = 4X5 + ?X5') ;

INSERT INTO answer_options (question_id, correct_answer, answer_text)
VALUES ('103013107', FALSE, '4');

INSERT INTO answer_options (question_id, correct_answer, answer_text)
VALUES ('103013107', FALSE, '5');

INSERT INTO answer_options (question_id, correct_answer, answer_text)
VALUES ('103013107', FALSE, '2');

INSERT INTO questions (question_id, language_id, topic_id, c_grade_id, level, question_text, explanation, interesting_fact)
VALUES ('103013108', 1, 3013, 8, 8, '1', '', '4') ON CONFLICT (question_id) DO UPDATE SET language_id = 1 ,topic_id= 3013,c_grade_id =8,level=8,question_text='1',explanation='',interesting_fact='4';


INSERT INTO answer_options (question_id, correct_answer, answer_text)
VALUES ('103013108', TRUE, '7X9 = 4X9 + ?X9') ;

INSERT INTO answer_options (question_id, correct_answer, answer_text)
VALUES ('103013108', FALSE, '3');

INSERT INTO answer_options (question_id, correct_answer, answer_text)
VALUES ('103013108', FALSE, '2');

INSERT INTO answer_options (question_id, correct_answer, answer_text)
VALUES ('103013108', FALSE, '1');

INSERT INTO questions (question_id, language_id, topic_id, c_grade_id, level, question_text, explanation, interesting_fact)
VALUES ('103013109', 1, 3013, 9, 9, '1', '', '4') ON CONFLICT (question_id) DO UPDATE SET language_id = 1 ,topic_id= 3013,c_grade_id =9,level=9,question_text='1',explanation='',interesting_fact='4';


INSERT INTO answer_options (question_id, correct_answer, answer_text)
VALUES ('103013109', TRUE, '6X8 = 4X8 + ?X8') ;

INSERT INTO answer_options (question_id, correct_answer, answer_text)
VALUES ('103013109', FALSE, '2');

INSERT INTO answer_options (question_id, correct_answer, answer_text)
VALUES ('103013109', FALSE, '5');

INSERT INTO answer_options (question_id, correct_answer, answer_text)
VALUES ('103013109', FALSE, '3');

INSERT INTO questions (question_id, language_id, topic_id, c_grade_id, level, question_text, explanation, interesting_fact)
VALUES ('103013110', 1, 3013, 0, 0, '1', '', '4') ON CONFLICT (question_id) DO UPDATE SET language_id = 1 ,topic_id= 3013,c_grade_id =0,level=0,question_text='1',explanation='',interesting_fact='4';


INSERT INTO answer_options (question_id, correct_answer, answer_text)
VALUES ('103013110', TRUE, '5X6 = 3X6 + ?X6') ;

INSERT INTO answer_options (question_id, correct_answer, answer_text)
VALUES ('103013110', FALSE, '2');

INSERT INTO answer_options (question_id, correct_answer, answer_text)
VALUES ('103013110', FALSE, '5');

INSERT INTO answer_options (question_id, correct_answer, answer_text)
VALUES ('103013110', FALSE, '1');

INSERT INTO questions (question_id, language_id, topic_id, c_grade_id, level, question_text, explanation, interesting_fact)
VALUES ('103013111', 1, 3013, 1, 1, '1', '', '4') ON CONFLICT (question_id) DO UPDATE SET language_id = 1 ,topic_id= 3013,c_grade_id =1,level=1,question_text='1',explanation='',interesting_fact='4';


INSERT INTO answer_options (question_id, correct_answer, answer_text)
VALUES ('103013111', TRUE, '8X7 = 5X7 + ?X7') ;

INSERT INTO answer_options (question_id, correct_answer, answer_text)
VALUES ('103013111', FALSE, '3');

INSERT INTO answer_options (question_id, correct_answer, answer_text)
VALUES ('103013111', FALSE, '2');

INSERT INTO answer_options (question_id, correct_answer, answer_text)
VALUES ('103013111', FALSE, '1');

INSERT INTO questions (question_id, language_id, topic_id, c_grade_id, level, question_text, explanation, interesting_fact)
VALUES ('103013112', 1, 3013, 2, 2, '1', '', '58') ON CONFLICT (question_id) DO UPDATE SET language_id = 1 ,topic_id= 3013,c_grade_id =2,level=2,question_text='1',explanation='',interesting_fact='58';


INSERT INTO answer_options (question_id, correct_answer, answer_text)
VALUES ('103013112', TRUE, 'אם 12x4 = 48, כמה זה 13x4?') ;

INSERT INTO answer_options (question_id, correct_answer, answer_text)
VALUES ('103013112', FALSE, '52');

INSERT INTO answer_options (question_id, correct_answer, answer_text)
VALUES ('103013112', FALSE, '50');

INSERT INTO answer_options (question_id, correct_answer, answer_text)
VALUES ('103013112', FALSE, '54');

INSERT INTO questions (question_id, language_id, topic_id, c_grade_id, level, question_text, explanation, interesting_fact)
VALUES ('103013113', 1, 3013, 3, 3, '1', '', '60') ON CONFLICT (question_id) DO UPDATE SET language_id = 1 ,topic_id= 3013,c_grade_id =3,level=3,question_text='1',explanation='',interesting_fact='60';


INSERT INTO answer_options (question_id, correct_answer, answer_text)
VALUES ('103013113', TRUE, 'אם 8x7=56, כמה זה 9x7?') ;

INSERT INTO answer_options (question_id, correct_answer, answer_text)
VALUES ('103013113', FALSE, '63');

INSERT INTO answer_options (question_id, correct_answer, answer_text)
VALUES ('103013113', FALSE, '61');

INSERT INTO answer_options (question_id, correct_answer, answer_text)
VALUES ('103013113', FALSE, '64');

INSERT INTO questions (question_id, language_id, topic_id, c_grade_id, level, question_text, explanation, interesting_fact)
VALUES ('103013114', 1, 3013, 4, 4, '1', '', '40') ON CONFLICT (question_id) DO UPDATE SET language_id = 1 ,topic_id= 3013,c_grade_id =4,level=4,question_text='1',explanation='',interesting_fact='40';


INSERT INTO answer_options (question_id, correct_answer, answer_text)
VALUES ('103013114', TRUE, 'אם 5x6=30, כמה זה 6x6?') ;

INSERT INTO answer_options (question_id, correct_answer, answer_text)
VALUES ('103013114', FALSE, '36');

INSERT INTO answer_options (question_id, correct_answer, answer_text)
VALUES ('103013114', FALSE, '32');

INSERT INTO answer_options (question_id, correct_answer, answer_text)
VALUES ('103013114', FALSE, '30');

INSERT INTO questions (question_id, language_id, topic_id, c_grade_id, level, question_text, explanation, interesting_fact)
VALUES ('103013115', 1, 3013, 5, 5, '1', '', '31') ON CONFLICT (question_id) DO UPDATE SET language_id = 1 ,topic_id= 3013,c_grade_id =5,level=5,question_text='1',explanation='',interesting_fact='31';


INSERT INTO answer_options (question_id, correct_answer, answer_text)
VALUES ('103013115', TRUE, 'אם 10x3=30, כמה זה 11x3?') ;

INSERT INTO answer_options (question_id, correct_answer, answer_text)
VALUES ('103013115', FALSE, '33');

INSERT INTO answer_options (question_id, correct_answer, answer_text)
VALUES ('103013115', FALSE, '36');

INSERT INTO answer_options (question_id, correct_answer, answer_text)
VALUES ('103013115', FALSE, '30');

INSERT INTO questions (question_id, language_id, topic_id, c_grade_id, level, question_text, explanation, interesting_fact)
VALUES ('103013116', 1, 3013, 6, 6, '1', '', '19') ON CONFLICT (question_id) DO UPDATE SET language_id = 1 ,topic_id= 3013,c_grade_id =6,level=6,question_text='1',explanation='',interesting_fact='19';


INSERT INTO answer_options (question_id, correct_answer, answer_text)
VALUES ('103013116', TRUE, 'אם 9x2=18, כמה זה 10x2?') ;

INSERT INTO answer_options (question_id, correct_answer, answer_text)
VALUES ('103013116', FALSE, '20');

INSERT INTO answer_options (question_id, correct_answer, answer_text)
VALUES ('103013116', FALSE, '22');

INSERT INTO answer_options (question_id, correct_answer, answer_text)
VALUES ('103013116', FALSE, '18');

INSERT INTO questions (question_id, language_id, topic_id, c_grade_id, level, question_text, explanation, interesting_fact)
VALUES ('103013117', 1, 3013, 7, 7, '1', '', '100') ON CONFLICT (question_id) DO UPDATE SET language_id = 1 ,topic_id= 3013,c_grade_id =7,level=7,question_text='1',explanation='',interesting_fact='100';


INSERT INTO answer_options (question_id, correct_answer, answer_text)
VALUES ('103013117', TRUE, 'אם 18x6 = 108, כמה זה 19x6?') ;

INSERT INTO answer_options (question_id, correct_answer, answer_text)
VALUES ('103013117', FALSE, '114');

INSERT INTO answer_options (question_id, correct_answer, answer_text)
VALUES ('103013117', FALSE, '108');

INSERT INTO answer_options (question_id, correct_answer, answer_text)
VALUES ('103013117', FALSE, '122');

INSERT INTO questions (question_id, language_id, topic_id, c_grade_id, level, question_text, explanation, interesting_fact)
VALUES ('103013118', 1, 3013, 8, 8, '1', '', '150') ON CONFLICT (question_id) DO UPDATE SET language_id = 1 ,topic_id= 3013,c_grade_id =8,level=8,question_text='1',explanation='',interesting_fact='150';


INSERT INTO answer_options (question_id, correct_answer, answer_text)
VALUES ('103013118', TRUE, 'אם 14x11 = 154, כמה זה 15x11?') ;

INSERT INTO answer_options (question_id, correct_answer, answer_text)
VALUES ('103013118', FALSE, '165');

INSERT INTO answer_options (question_id, correct_answer, answer_text)
VALUES ('103013118', FALSE, '154');

INSERT INTO answer_options (question_id, correct_answer, answer_text)
VALUES ('103013118', FALSE, '169');

INSERT INTO questions (question_id, language_id, topic_id, c_grade_id, level, question_text, explanation, interesting_fact)
VALUES ('103013119', 1, 3013, 9, 9, '1', '', '200') ON CONFLICT (question_id) DO UPDATE SET language_id = 1 ,topic_id= 3013,c_grade_id =9,level=9,question_text='1',explanation='',interesting_fact='200';


INSERT INTO answer_options (question_id, correct_answer, answer_text)
VALUES ('103013119', TRUE, 'אם 23x9 = 207, כמה זה 24x9?') ;

INSERT INTO answer_options (question_id, correct_answer, answer_text)
VALUES ('103013119', FALSE, '216');

INSERT INTO answer_options (question_id, correct_answer, answer_text)
VALUES ('103013119', FALSE, '207');

INSERT INTO answer_options (question_id, correct_answer, answer_text)
VALUES ('103013119', FALSE, '225');

INSERT INTO questions (question_id, language_id, topic_id, c_grade_id, level, question_text, explanation, interesting_fact)
VALUES ('103013120', 1, 3013, 0, 0, '1', '', '250') ON CONFLICT (question_id) DO UPDATE SET language_id = 1 ,topic_id= 3013,c_grade_id =0,level=0,question_text='1',explanation='',interesting_fact='250';


INSERT INTO answer_options (question_id, correct_answer, answer_text)
VALUES ('103013120', TRUE, 'אם 32x8 = 256, כמה זה 33x8?') ;

INSERT INTO answer_options (question_id, correct_answer, answer_text)
VALUES ('103013120', FALSE, '264');

INSERT INTO answer_options (question_id, correct_answer, answer_text)
VALUES ('103013120', FALSE, '256');

INSERT INTO answer_options (question_id, correct_answer, answer_text)
VALUES ('103013120', FALSE, '272');

INSERT INTO questions (question_id, language_id, topic_id, c_grade_id, level, question_text, explanation, interesting_fact)
VALUES ('103013201', 1, 3013, 1, 1, '1', '', '200') ON CONFLICT (question_id) DO UPDATE SET language_id = 1 ,topic_id= 3013,c_grade_id =1,level=1,question_text='1',explanation='',interesting_fact='200';


INSERT INTO answer_options (question_id, correct_answer, answer_text)
VALUES ('103013201', TRUE, 'אם 29x7 = 203, כמה זה 30x7?') ;

INSERT INTO answer_options (question_id, correct_answer, answer_text)
VALUES ('103013201', FALSE, '210');

INSERT INTO answer_options (question_id, correct_answer, answer_text)
VALUES ('103013201', FALSE, '203');

INSERT INTO answer_options (question_id, correct_answer, answer_text)
VALUES ('103013201', FALSE, '217');

INSERT INTO questions (question_id, language_id, topic_id, c_grade_id, level, question_text, explanation, interesting_fact)
VALUES ('103013202', 1, 3013, 2, 2, '1', '', '80') ON CONFLICT (question_id) DO UPDATE SET language_id = 1 ,topic_id= 3013,c_grade_id =2,level=2,question_text='1',explanation='',interesting_fact='80';


INSERT INTO answer_options (question_id, correct_answer, answer_text)
VALUES ('103013202', TRUE, 'אם 8x5=40 ו-6x5=30, כמה זה 14x5?') ;

INSERT INTO answer_options (question_id, correct_answer, answer_text)
VALUES ('103013202', FALSE, '70');

INSERT INTO answer_options (question_id, correct_answer, answer_text)
VALUES ('103013202', FALSE, '50');

INSERT INTO answer_options (question_id, correct_answer, answer_text)
VALUES ('103013202', FALSE, '60');

INSERT INTO questions (question_id, language_id, topic_id, c_grade_id, level, question_text, explanation, interesting_fact)
VALUES ('103013203', 1, 3013, 3, 3, '1', '', '48') ON CONFLICT (question_id) DO UPDATE SET language_id = 1 ,topic_id= 3013,c_grade_id =3,level=3,question_text='1',explanation='',interesting_fact='48';


INSERT INTO answer_options (question_id, correct_answer, answer_text)
VALUES ('103013203', TRUE, 'אם 4x9=36 ו-2x9=18, כמה זה 6x9?') ;

INSERT INTO answer_options (question_id, correct_answer, answer_text)
VALUES ('103013203', FALSE, '54');

INSERT INTO answer_options (question_id, correct_answer, answer_text)
VALUES ('103013203', FALSE, '64');

INSERT INTO answer_options (question_id, correct_answer, answer_text)
VALUES ('103013203', FALSE, '72');

INSERT INTO questions (question_id, language_id, topic_id, c_grade_id, level, question_text, explanation, interesting_fact)
VALUES ('103013204', 1, 3013, 4, 4, '1', '', '63') ON CONFLICT (question_id) DO UPDATE SET language_id = 1 ,topic_id= 3013,c_grade_id =4,level=4,question_text='1',explanation='',interesting_fact='63';


INSERT INTO answer_options (question_id, correct_answer, answer_text)
VALUES ('103013204', TRUE, 'אם 5x7=35 ו-3x7=21, כמה זה 8x7?') ;

INSERT INTO answer_options (question_id, correct_answer, answer_text)
VALUES ('103013204', FALSE, '56');

INSERT INTO answer_options (question_id, correct_answer, answer_text)
VALUES ('103013204', FALSE, '42');

INSERT INTO answer_options (question_id, correct_answer, answer_text)
VALUES ('103013204', FALSE, '49');

INSERT INTO questions (question_id, language_id, topic_id, c_grade_id, level, question_text, explanation, interesting_fact)
VALUES ('103013205', 1, 3013, 5, 5, '1', '', '28') ON CONFLICT (question_id) DO UPDATE SET language_id = 1 ,topic_id= 3013,c_grade_id =5,level=5,question_text='1',explanation='',interesting_fact='28';


INSERT INTO answer_options (question_id, correct_answer, answer_text)
VALUES ('103013205', TRUE, 'אם 6x4=24 ו-2x4=8, כמה זה 8x4?') ;

INSERT INTO answer_options (question_id, correct_answer, answer_text)
VALUES ('103013205', FALSE, '32');

INSERT INTO answer_options (question_id, correct_answer, answer_text)
VALUES ('103013205', FALSE, '36');

INSERT INTO answer_options (question_id, correct_answer, answer_text)
VALUES ('103013205', FALSE, '40');

INSERT INTO questions (question_id, language_id, topic_id, c_grade_id, level, question_text, explanation, interesting_fact)
VALUES ('103013206', 1, 3013, 6, 6, '1', '', '50') ON CONFLICT (question_id) DO UPDATE SET language_id = 1 ,topic_id= 3013,c_grade_id =6,level=6,question_text='1',explanation='',interesting_fact='50';


INSERT INTO answer_options (question_id, correct_answer, answer_text)
VALUES ('103013206', TRUE, 'אם 4x5=20 ו-7x5=35, כמה זה 11x5?') ;

INSERT INTO answer_options (question_id, correct_answer, answer_text)
VALUES ('103013206', FALSE, '55');

INSERT INTO answer_options (question_id, correct_answer, answer_text)
VALUES ('103013206', FALSE, '60');

INSERT INTO answer_options (question_id, correct_answer, answer_text)
VALUES ('103013206', FALSE, '45');

INSERT INTO questions (question_id, language_id, topic_id, c_grade_id, level, question_text, explanation, interesting_fact)
VALUES ('103013207', 1, 3013, 7, 7, '1', '', '64') ON CONFLICT (question_id) DO UPDATE SET language_id = 1 ,topic_id= 3013,c_grade_id =7,level=7,question_text='1',explanation='',interesting_fact='64';


INSERT INTO answer_options (question_id, correct_answer, answer_text)
VALUES ('103013207', TRUE, 'אם 3x8=24 ו-6x8=48, כמה זה 9x8?') ;

INSERT INTO answer_options (question_id, correct_answer, answer_text)
VALUES ('103013207', FALSE, '72');

INSERT INTO answer_options (question_id, correct_answer, answer_text)
VALUES ('103013207', FALSE, '60');

INSERT INTO answer_options (question_id, correct_answer, answer_text)
VALUES ('103013207', FALSE, '56');

INSERT INTO questions (question_id, language_id, topic_id, c_grade_id, level, question_text, explanation, interesting_fact)
VALUES ('103013208', 1, 3013, 8, 8, '1', '', '70') ON CONFLICT (question_id) DO UPDATE SET language_id = 1 ,topic_id= 3013,c_grade_id =8,level=8,question_text='1',explanation='',interesting_fact='70';


INSERT INTO answer_options (question_id, correct_answer, answer_text)
VALUES ('103013208', TRUE, 'אם 5x7=35 ו-9x7=63, כמה זה 14x7?') ;

INSERT INTO answer_options (question_id, correct_answer, answer_text)
VALUES ('103013208', FALSE, '98');

INSERT INTO answer_options (question_id, correct_answer, answer_text)
VALUES ('103013208', FALSE, '84');

INSERT INTO answer_options (question_id, correct_answer, answer_text)
VALUES ('103013208', FALSE, '112');

INSERT INTO questions (question_id, language_id, topic_id, c_grade_id, level, question_text, explanation, interesting_fact)
VALUES ('103013209', 1, 3013, 9, 9, '1', '', '120') ON CONFLICT (question_id) DO UPDATE SET language_id = 1 ,topic_id= 3013,c_grade_id =9,level=9,question_text='1',explanation='',interesting_fact='120';


INSERT INTO answer_options (question_id, correct_answer, answer_text)
VALUES ('103013209', TRUE, 'אם 6x9=54 ו-8x9=72, כמה זה 14x9?') ;

INSERT INTO answer_options (question_id, correct_answer, answer_text)
VALUES ('103013209', FALSE, '126');

INSERT INTO answer_options (question_id, correct_answer, answer_text)
VALUES ('103013209', FALSE, '108');

INSERT INTO answer_options (question_id, correct_answer, answer_text)
VALUES ('103013209', FALSE, '138');

INSERT INTO questions (question_id, language_id, topic_id, c_grade_id, level, question_text, explanation, interesting_fact)
VALUES ('103013210', 1, 3013, 0, 0, '1', '', '32') ON CONFLICT (question_id) DO UPDATE SET language_id = 1 ,topic_id= 3013,c_grade_id =0,level=0,question_text='1',explanation='',interesting_fact='32';


INSERT INTO answer_options (question_id, correct_answer, answer_text)
VALUES ('103013210', TRUE, 'אם 2x4=8 ו-5x4=20, כמה זה 7x4?') ;

INSERT INTO answer_options (question_id, correct_answer, answer_text)
VALUES ('103013210', FALSE, '28');

INSERT INTO answer_options (question_id, correct_answer, answer_text)
VALUES ('103013210', FALSE, '24');

INSERT INTO answer_options (question_id, correct_answer, answer_text)
VALUES ('103013210', FALSE, '30');

INSERT INTO questions (question_id, language_id, topic_id, c_grade_id, level, question_text, explanation, interesting_fact)
VALUES ('103013211', 1, 3013, 1, 1, '1', '', '240') ON CONFLICT (question_id) DO UPDATE SET language_id = 1 ,topic_id= 3013,c_grade_id =1,level=1,question_text='1',explanation='',interesting_fact='240';


INSERT INTO answer_options (question_id, correct_answer, answer_text)
VALUES ('103013211', TRUE, 'אם 19x9=171 ו- 12x9=108, כמה זה 31x9?') ;

INSERT INTO answer_options (question_id, correct_answer, answer_text)
VALUES ('103013211', FALSE, '279');

INSERT INTO answer_options (question_id, correct_answer, answer_text)
VALUES ('103013211', FALSE, '260');

INSERT INTO answer_options (question_id, correct_answer, answer_text)
VALUES ('103013211', FALSE, '310');

INSERT INTO questions (question_id, language_id, topic_id, c_grade_id, level, question_text, explanation, interesting_fact)
VALUES ('103013212', 1, 3013, 2, 2, '1', '', '275') ON CONFLICT (question_id) DO UPDATE SET language_id = 1 ,topic_id= 3013,c_grade_id =2,level=2,question_text='1',explanation='',interesting_fact='275';


INSERT INTO answer_options (question_id, correct_answer, answer_text)
VALUES ('103013212', TRUE, 'אם 37x5=185 ו- 23x5=115, כמה זה 60x5?') ;

INSERT INTO answer_options (question_id, correct_answer, answer_text)
VALUES ('103013212', FALSE, '300');

INSERT INTO answer_options (question_id, correct_answer, answer_text)
VALUES ('103013212', FALSE, '290');

INSERT INTO answer_options (question_id, correct_answer, answer_text)
VALUES ('103013212', FALSE, '320');

INSERT INTO questions (question_id, language_id, topic_id, c_grade_id, level, question_text, explanation, interesting_fact)
VALUES ('103013213', 1, 3013, 3, 3, '1', '', '30') ON CONFLICT (question_id) DO UPDATE SET language_id = 1 ,topic_id= 3013,c_grade_id =3,level=3,question_text='1',explanation='',interesting_fact='30';


INSERT INTO answer_options (question_id, correct_answer, answer_text)
VALUES ('103013213', TRUE, 'אם 35x2=70 וגם 5x2=10, מהו x2(35-5)?') ;

INSERT INTO answer_options (question_id, correct_answer, answer_text)
VALUES ('103013213', FALSE, '70-10');

INSERT INTO answer_options (question_id, correct_answer, answer_text)
VALUES ('103013213', FALSE, '35-5');

INSERT INTO answer_options (question_id, correct_answer, answer_text)
VALUES ('103013213', FALSE, '60');

INSERT INTO questions (question_id, language_id, topic_id, c_grade_id, level, question_text, explanation, interesting_fact)
VALUES ('103013214', 1, 3013, 4, 4, '1', '', '35') ON CONFLICT (question_id) DO UPDATE SET language_id = 1 ,topic_id= 3013,c_grade_id =4,level=4,question_text='1',explanation='',interesting_fact='35';


INSERT INTO answer_options (question_id, correct_answer, answer_text)
VALUES ('103013214', TRUE, 'אם 42x4=168 וגם 7x4=28, מהו x4(42-7)?') ;

INSERT INTO answer_options (question_id, correct_answer, answer_text)
VALUES ('103013214', FALSE, '168-28');

INSERT INTO answer_options (question_id, correct_answer, answer_text)
VALUES ('103013214', FALSE, '42-7');

INSERT INTO answer_options (question_id, correct_answer, answer_text)
VALUES ('103013214', FALSE, '140');

INSERT INTO questions (question_id, language_id, topic_id, c_grade_id, level, question_text, explanation, interesting_fact)
VALUES ('103013215', 1, 3013, 5, 5, '1', '', '54') ON CONFLICT (question_id) DO UPDATE SET language_id = 1 ,topic_id= 3013,c_grade_id =5,level=5,question_text='1',explanation='',interesting_fact='54';


INSERT INTO answer_options (question_id, correct_answer, answer_text)
VALUES ('103013215', TRUE, 'אם 63x3=189 וגם 9x3=27, מהו x3(63-9)?') ;

INSERT INTO answer_options (question_id, correct_answer, answer_text)
VALUES ('103013215', FALSE, '189-27');

INSERT INTO answer_options (question_id, correct_answer, answer_text)
VALUES ('103013215', FALSE, '63-9');

INSERT INTO answer_options (question_id, correct_answer, answer_text)
VALUES ('103013215', FALSE, '162');

INSERT INTO questions (question_id, language_id, topic_id, c_grade_id, level, question_text, explanation, interesting_fact)
VALUES ('103013216', 1, 3013, 6, 6, '1', '', '40') ON CONFLICT (question_id) DO UPDATE SET language_id = 1 ,topic_id= 3013,c_grade_id =6,level=6,question_text='1',explanation='',interesting_fact='40';


INSERT INTO answer_options (question_id, correct_answer, answer_text)
VALUES ('103013216', TRUE, 'אם 50x6=300 וגם 10x6=60, מהו x6(50-10)?') ;

INSERT INTO answer_options (question_id, correct_answer, answer_text)
VALUES ('103013216', FALSE, '300-60');

INSERT INTO answer_options (question_id, correct_answer, answer_text)
VALUES ('103013216', FALSE, '50-10');

INSERT INTO answer_options (question_id, correct_answer, answer_text)
VALUES ('103013216', FALSE, '240');

INSERT INTO questions (question_id, language_id, topic_id, c_grade_id, level, question_text, explanation, interesting_fact)
VALUES ('103013217', 1, 3013, 7, 7, '1', '', '64') ON CONFLICT (question_id) DO UPDATE SET language_id = 1 ,topic_id= 3013,c_grade_id =7,level=7,question_text='1',explanation='',interesting_fact='64';


INSERT INTO answer_options (question_id, correct_answer, answer_text)
VALUES ('103013217', TRUE, 'אם 72x2=144 וגם 8x2=16, מהו x2(72-8)?') ;

INSERT INTO answer_options (question_id, correct_answer, answer_text)
VALUES ('103013217', FALSE, '144-16');

INSERT INTO answer_options (question_id, correct_answer, answer_text)
VALUES ('103013217', FALSE, '72-8');

INSERT INTO answer_options (question_id, correct_answer, answer_text)
VALUES ('103013217', FALSE, '128');

INSERT INTO questions (question_id, language_id, topic_id, c_grade_id, level, question_text, explanation, interesting_fact)
VALUES ('103013218', 1, 3013, 8, 8, '1', '', '68') ON CONFLICT (question_id) DO UPDATE SET language_id = 1 ,topic_id= 3013,c_grade_id =8,level=8,question_text='1',explanation='',interesting_fact='68';


INSERT INTO answer_options (question_id, correct_answer, answer_text)
VALUES ('103013218', TRUE, 'אם 81x4=324 וגם 13x4=52, מהו x4(81-13)?') ;

INSERT INTO answer_options (question_id, correct_answer, answer_text)
VALUES ('103013218', FALSE, '324-52');

INSERT INTO answer_options (question_id, correct_answer, answer_text)
VALUES ('103013218', FALSE, '81-13');

INSERT INTO answer_options (question_id, correct_answer, answer_text)
VALUES ('103013218', FALSE, '272');

INSERT INTO questions (question_id, language_id, topic_id, c_grade_id, level, question_text, explanation, interesting_fact)
VALUES ('103013219', 1, 3013, 9, 9, '1', '', '75') ON CONFLICT (question_id) DO UPDATE SET language_id = 1 ,topic_id= 3013,c_grade_id =9,level=9,question_text='1',explanation='',interesting_fact='75';


INSERT INTO answer_options (question_id, correct_answer, answer_text)
VALUES ('103013219', TRUE, 'אם 90x5=450 וגם 15x5=75, מהו x5(90-15)?') ;

INSERT INTO answer_options (question_id, correct_answer, answer_text)
VALUES ('103013219', FALSE, '450-75');

INSERT INTO answer_options (question_id, correct_answer, answer_text)
VALUES ('103013219', FALSE, '90-15');

INSERT INTO answer_options (question_id, correct_answer, answer_text)
VALUES ('103013219', FALSE, '375');

INSERT INTO questions (question_id, language_id, topic_id, c_grade_id, level, question_text, explanation, interesting_fact)
VALUES ('103013220', 1, 3013, 0, 0, '1', '', '48') ON CONFLICT (question_id) DO UPDATE SET language_id = 1 ,topic_id= 3013,c_grade_id =0,level=0,question_text='1',explanation='',interesting_fact='48';


INSERT INTO answer_options (question_id, correct_answer, answer_text)
VALUES ('103013220', TRUE, 'אם 64x3=192 וגם 16x3=48, מהו x3(64-16)?') ;

INSERT INTO answer_options (question_id, correct_answer, answer_text)
VALUES ('103013220', FALSE, '192-48');

INSERT INTO answer_options (question_id, correct_answer, answer_text)
VALUES ('103013220', FALSE, '64-16');

INSERT INTO answer_options (question_id, correct_answer, answer_text)
VALUES ('103013220', FALSE, '144');

INSERT INTO questions (question_id, language_id, topic_id, c_grade_id, level, question_text, explanation, interesting_fact)
VALUES ('103014101', 1, 3014, 1, 1, '1', '', '32 ÷ 4 = 4') ON CONFLICT (question_id) DO UPDATE SET language_id = 1 ,topic_id= 3014,c_grade_id =1,level=1,question_text='1',explanation='',interesting_fact='32 ÷ 4 = 4';


INSERT INTO answer_options (question_id, correct_answer, answer_text)
VALUES ('103014101', TRUE, 'איזה תרגיל חילוק ניתן ליצור מתרגיל הכפל 8X4=32?') ;

INSERT INTO answer_options (question_id, correct_answer, answer_text)
VALUES ('103014101', FALSE, '32 ÷ 8 = 4');

INSERT INTO answer_options (question_id, correct_answer, answer_text)
VALUES ('103014101', FALSE, '4 ÷ 8 = 0.5');

INSERT INTO answer_options (question_id, correct_answer, answer_text)
VALUES ('103014101', FALSE, '4 ÷ 32 = 8');

INSERT INTO questions (question_id, language_id, topic_id, c_grade_id, level, question_text, explanation, interesting_fact)
VALUES ('103014102', 1, 3014, 2, 2, '1', '', '35 ÷ 5 = 5') ON CONFLICT (question_id) DO UPDATE SET language_id = 1 ,topic_id= 3014,c_grade_id =2,level=2,question_text='1',explanation='',interesting_fact='35 ÷ 5 = 5';


INSERT INTO answer_options (question_id, correct_answer, answer_text)
VALUES ('103014102', TRUE, 'איזה תרגיל חילוק ניתן ליצור מתרגיל הכפל 7X5=35?') ;

INSERT INTO answer_options (question_id, correct_answer, answer_text)
VALUES ('103014102', FALSE, '35 ÷ 7 = 5');

INSERT INTO answer_options (question_id, correct_answer, answer_text)
VALUES ('103014102', FALSE, '5 ÷ 35 = 7');

INSERT INTO answer_options (question_id, correct_answer, answer_text)
VALUES ('103014102', FALSE, '7 ÷ 35 = 5');

INSERT INTO questions (question_id, language_id, topic_id, c_grade_id, level, question_text, explanation, interesting_fact)
VALUES ('103014103', 1, 3014, 3, 3, '1', '', '27 ÷ 3 = 3') ON CONFLICT (question_id) DO UPDATE SET language_id = 1 ,topic_id= 3014,c_grade_id =3,level=3,question_text='1',explanation='',interesting_fact='27 ÷ 3 = 3';


INSERT INTO answer_options (question_id, correct_answer, answer_text)
VALUES ('103014103', TRUE, 'איזה תרגיל חילוק ניתן ליצור מתרגיל הכפל 9X3=27?') ;

INSERT INTO answer_options (question_id, correct_answer, answer_text)
VALUES ('103014103', FALSE, '27 ÷ 9 = 3');

INSERT INTO answer_options (question_id, correct_answer, answer_text)
VALUES ('103014103', FALSE, '3 ÷ 27 = 9');

INSERT INTO answer_options (question_id, correct_answer, answer_text)
VALUES ('103014103', FALSE, '9 ÷ 27 = 3');

INSERT INTO questions (question_id, language_id, topic_id, c_grade_id, level, question_text, explanation, interesting_fact)
VALUES ('103014104', 1, 3014, 4, 4, '1', '', '48 ÷ 8 = 8') ON CONFLICT (question_id) DO UPDATE SET language_id = 1 ,topic_id= 3014,c_grade_id =4,level=4,question_text='1',explanation='',interesting_fact='48 ÷ 8 = 8';


INSERT INTO answer_options (question_id, correct_answer, answer_text)
VALUES ('103014104', TRUE, 'איזה תרגיל חילוק ניתן ליצור מתרגיל הכפל 6X8=48?') ;

INSERT INTO answer_options (question_id, correct_answer, answer_text)
VALUES ('103014104', FALSE, '48 ÷ 6 = 8');

INSERT INTO answer_options (question_id, correct_answer, answer_text)
VALUES ('103014104', FALSE, '8 ÷ 48 = 6');

INSERT INTO answer_options (question_id, correct_answer, answer_text)
VALUES ('103014104', FALSE, '6 ÷ 48 = 8');

INSERT INTO questions (question_id, language_id, topic_id, c_grade_id, level, question_text, explanation, interesting_fact)
VALUES ('103014105', 1, 3014, 5, 5, '1', '', '24 ÷ 2 = 2') ON CONFLICT (question_id) DO UPDATE SET language_id = 1 ,topic_id= 3014,c_grade_id =5,level=5,question_text='1',explanation='',interesting_fact='24 ÷ 2 = 2';


INSERT INTO answer_options (question_id, correct_answer, answer_text)
VALUES ('103014105', TRUE, 'איזה תרגיל חילוק ניתן ליצור מתרגיל הכפל 12X2=24?') ;

INSERT INTO answer_options (question_id, correct_answer, answer_text)
VALUES ('103014105', FALSE, '24 ÷ 12 = 2');

INSERT INTO answer_options (question_id, correct_answer, answer_text)
VALUES ('103014105', FALSE, '2 ÷ 24 = 12');

INSERT INTO answer_options (question_id, correct_answer, answer_text)
VALUES ('103014105', FALSE, '12 ÷ 24 = 0.5');

INSERT INTO questions (question_id, language_id, topic_id, c_grade_id, level, question_text, explanation, interesting_fact)
VALUES ('103014106', 1, 3014, 6, 6, '1', '', '70 ÷ 7 = 1') ON CONFLICT (question_id) DO UPDATE SET language_id = 1 ,topic_id= 3014,c_grade_id =6,level=6,question_text='1',explanation='',interesting_fact='70 ÷ 7 = 1';


INSERT INTO answer_options (question_id, correct_answer, answer_text)
VALUES ('103014106', TRUE, 'איזה תרגיל חילוק ניתן ליצור מתרגיל הכפל 10X7=70?') ;

INSERT INTO answer_options (question_id, correct_answer, answer_text)
VALUES ('103014106', FALSE, '70 ÷ 10 = 7');

INSERT INTO answer_options (question_id, correct_answer, answer_text)
VALUES ('103014106', FALSE, '7 ÷ 70 = 10');

INSERT INTO answer_options (question_id, correct_answer, answer_text)
VALUES ('103014106', FALSE, '10 ÷ 70 = 7');

INSERT INTO questions (question_id, language_id, topic_id, c_grade_id, level, question_text, explanation, interesting_fact)
VALUES ('103014107', 1, 3014, 7, 7, '1', '', '66 ÷ 6 = 6') ON CONFLICT (question_id) DO UPDATE SET language_id = 1 ,topic_id= 3014,c_grade_id =7,level=7,question_text='1',explanation='',interesting_fact='66 ÷ 6 = 6';


INSERT INTO answer_options (question_id, correct_answer, answer_text)
VALUES ('103014107', TRUE, 'איזה תרגיל חילוק ניתן ליצור מתרגיל הכפל 11X6=66?') ;

INSERT INTO answer_options (question_id, correct_answer, answer_text)
VALUES ('103014107', FALSE, '66 ÷ 11 = 6');

INSERT INTO answer_options (question_id, correct_answer, answer_text)
VALUES ('103014107', FALSE, '6 ÷ 66 = 11');

INSERT INTO answer_options (question_id, correct_answer, answer_text)
VALUES ('103014107', FALSE, '11 ÷ 66 = 6');

INSERT INTO questions (question_id, language_id, topic_id, c_grade_id, level, question_text, explanation, interesting_fact)
VALUES ('103014108', 1, 3014, 8, 8, '1', '', 'לא ניתן ליצור') ON CONFLICT (question_id) DO UPDATE SET language_id = 1 ,topic_id= 3014,c_grade_id =8,level=8,question_text='1',explanation='',interesting_fact='לא ניתן ליצור';


INSERT INTO answer_options (question_id, correct_answer, answer_text)
VALUES ('103014108', TRUE, 'איזה תרגיל חילוק ניתן ליצור מתרגיל הכפל 15X3=45?') ;

INSERT INTO answer_options (question_id, correct_answer, answer_text)
VALUES ('103014108', FALSE, '45 ÷ 15 = 3');

INSERT INTO answer_options (question_id, correct_answer, answer_text)
VALUES ('103014108', FALSE, '3 ÷ 45 = 15');

INSERT INTO answer_options (question_id, correct_answer, answer_text)
VALUES ('103014108', FALSE, '15 ÷ 45 = 3');

INSERT INTO questions (question_id, language_id, topic_id, c_grade_id, level, question_text, explanation, interesting_fact)
VALUES ('103014109', 1, 3014, 9, 9, '1', '', 'לא ניתן ליצור') ON CONFLICT (question_id) DO UPDATE SET language_id = 1 ,topic_id= 3014,c_grade_id =9,level=9,question_text='1',explanation='',interesting_fact='לא ניתן ליצור';


INSERT INTO answer_options (question_id, correct_answer, answer_text)
VALUES ('103014109', TRUE, 'איזה תרגיל חילוק ניתן ליצור מתרגיל הכפל 8X9=72?') ;

INSERT INTO answer_options (question_id, correct_answer, answer_text)
VALUES ('103014109', FALSE, '72 ÷ 8 = 9');

INSERT INTO answer_options (question_id, correct_answer, answer_text)
VALUES ('103014109', FALSE, '9 ÷ 72 = 8');

INSERT INTO answer_options (question_id, correct_answer, answer_text)
VALUES ('103014109', FALSE, '8 ÷ 72 = 9');

INSERT INTO questions (question_id, language_id, topic_id, c_grade_id, level, question_text, explanation, interesting_fact)
VALUES ('103014110', 1, 3014, 0, 0, '1', '', 'לא ניתן ליצור') ON CONFLICT (question_id) DO UPDATE SET language_id = 1 ,topic_id= 3014,c_grade_id =0,level=0,question_text='1',explanation='',interesting_fact='לא ניתן ליצור';


INSERT INTO answer_options (question_id, correct_answer, answer_text)
VALUES ('103014110', TRUE, 'איזה תרגיל חילוק ניתן ליצור מתרגיל הכפל 7X4=28?') ;

INSERT INTO answer_options (question_id, correct_answer, answer_text)
VALUES ('103014110', FALSE, '28 ÷ 7 = 4');

INSERT INTO answer_options (question_id, correct_answer, answer_text)
VALUES ('103014110', FALSE, '4 ÷ 28 = 7');

INSERT INTO answer_options (question_id, correct_answer, answer_text)
VALUES ('103014110', FALSE, '7 ÷ 28 = 4');

INSERT INTO questions (question_id, language_id, topic_id, c_grade_id, level, question_text, explanation, interesting_fact)
VALUES ('103014111', 1, 3014, 1, 1, '1', '', '15X5=3') ON CONFLICT (question_id) DO UPDATE SET language_id = 1 ,topic_id= 3014,c_grade_id =1,level=1,question_text='1',explanation='',interesting_fact='15X5=3';


INSERT INTO answer_options (question_id, correct_answer, answer_text)
VALUES ('103014111', TRUE, 'איזה תרגיל כפל ניתן ליצור מתרגיל החלוקה 5 = 3 ÷ 15? 
') ;

INSERT INTO answer_options (question_id, correct_answer, answer_text)
VALUES ('103014111', FALSE, '3X5=15');

INSERT INTO answer_options (question_id, correct_answer, answer_text)
VALUES ('103014111', FALSE, 'כל כמה שרשום לעיל');

INSERT INTO answer_options (question_id, correct_answer, answer_text)
VALUES ('103014111', FALSE, '15X3=5');

INSERT INTO questions (question_id, language_id, topic_id, c_grade_id, level, question_text, explanation, interesting_fact)
VALUES ('103014112', 1, 3014, 2, 2, '1', '', '12X3=4') ON CONFLICT (question_id) DO UPDATE SET language_id = 1 ,topic_id= 3014,c_grade_id =2,level=2,question_text='1',explanation='',interesting_fact='12X3=4';


INSERT INTO answer_options (question_id, correct_answer, answer_text)
VALUES ('103014112', TRUE, 'איזה תרגיל כפל ניתן ליצור מתרגיל החלוקה 3 = 4 ÷ 12?') ;

INSERT INTO answer_options (question_id, correct_answer, answer_text)
VALUES ('103014112', FALSE, '4X3=12');

INSERT INTO answer_options (question_id, correct_answer, answer_text)
VALUES ('103014112', FALSE, 'כל כמה שרשום לעיל');

INSERT INTO answer_options (question_id, correct_answer, answer_text)
VALUES ('103014112', FALSE, '12X4=3');

INSERT INTO questions (question_id, language_id, topic_id, c_grade_id, level, question_text, explanation, interesting_fact)
VALUES ('103014113', 1, 3014, 3, 3, '1', '', '20X5=4') ON CONFLICT (question_id) DO UPDATE SET language_id = 1 ,topic_id= 3014,c_grade_id =3,level=3,question_text='1',explanation='',interesting_fact='20X5=4';


INSERT INTO answer_options (question_id, correct_answer, answer_text)
VALUES ('103014113', TRUE, 'איזה תרגיל כפל ניתן ליצור מתרגיל החלוקה 4 = 5 ÷ 20?') ;

INSERT INTO answer_options (question_id, correct_answer, answer_text)
VALUES ('103014113', FALSE, '5X4=20');

INSERT INTO answer_options (question_id, correct_answer, answer_text)
VALUES ('103014113', FALSE, 'כל כמה שרשום לעיל');

INSERT INTO answer_options (question_id, correct_answer, answer_text)
VALUES ('103014113', FALSE, '20X4=5');

INSERT INTO questions (question_id, language_id, topic_id, c_grade_id, level, question_text, explanation, interesting_fact)
VALUES ('103014114', 1, 3014, 4, 4, '1', '', '6X6=36') ON CONFLICT (question_id) DO UPDATE SET language_id = 1 ,topic_id= 3014,c_grade_id =4,level=4,question_text='1',explanation='',interesting_fact='6X6=36';


INSERT INTO answer_options (question_id, correct_answer, answer_text)
VALUES ('103014114', TRUE, 'איזה תרגיל כפל ניתן ליצור מתרגיל החלוקה 6 = 6 ÷ 36?') ;

INSERT INTO answer_options (question_id, correct_answer, answer_text)
VALUES ('103014114', FALSE, '6X6=36');

INSERT INTO answer_options (question_id, correct_answer, answer_text)
VALUES ('103014114', FALSE, '36X6=6');

INSERT INTO answer_options (question_id, correct_answer, answer_text)
VALUES ('103014114', FALSE, '6X36=6');

INSERT INTO questions (question_id, language_id, topic_id, c_grade_id, level, question_text, explanation, interesting_fact)
VALUES ('103014115', 1, 3014, 5, 5, '1', '', '45X9=5') ON CONFLICT (question_id) DO UPDATE SET language_id = 1 ,topic_id= 3014,c_grade_id =5,level=5,question_text='1',explanation='',interesting_fact='45X9=5';


INSERT INTO answer_options (question_id, correct_answer, answer_text)
VALUES ('103014115', TRUE, 'איזה תרגיל כפל ניתן ליצור מתרגיל החלוקה 5 = 9 ÷ 45?') ;

INSERT INTO answer_options (question_id, correct_answer, answer_text)
VALUES ('103014115', FALSE, '9X5=45');

INSERT INTO answer_options (question_id, correct_answer, answer_text)
VALUES ('103014115', FALSE, '45X9=45');

INSERT INTO answer_options (question_id, correct_answer, answer_text)
VALUES ('103014115', FALSE, '45X5=9');

INSERT INTO questions (question_id, language_id, topic_id, c_grade_id, level, question_text, explanation, interesting_fact)
VALUES ('103014116', 1, 3014, 6, 6, '1', '', '32X8=4') ON CONFLICT (question_id) DO UPDATE SET language_id = 1 ,topic_id= 3014,c_grade_id =6,level=6,question_text='1',explanation='',interesting_fact='32X8=4';


INSERT INTO answer_options (question_id, correct_answer, answer_text)
VALUES ('103014116', TRUE, 'איזה תרגיל כפל ניתן ליצור מתרגיל החלוקה 4 = 8 ÷ 32?') ;

INSERT INTO answer_options (question_id, correct_answer, answer_text)
VALUES ('103014116', FALSE, '8X4=32');

INSERT INTO answer_options (question_id, correct_answer, answer_text)
VALUES ('103014116', FALSE, '4X32=8');

INSERT INTO answer_options (question_id, correct_answer, answer_text)
VALUES ('103014116', FALSE, '32X4=8');

INSERT INTO questions (question_id, language_id, topic_id, c_grade_id, level, question_text, explanation, interesting_fact)
VALUES ('103014117', 1, 3014, 7, 7, '1', '', '18X9=2') ON CONFLICT (question_id) DO UPDATE SET language_id = 1 ,topic_id= 3014,c_grade_id =7,level=7,question_text='1',explanation='',interesting_fact='18X9=2';


INSERT INTO answer_options (question_id, correct_answer, answer_text)
VALUES ('103014117', TRUE, 'איזה תרגיל כפל ניתן ליצור מתרגיל החלוקה 9 = 2 ÷ 18?') ;

INSERT INTO answer_options (question_id, correct_answer, answer_text)
VALUES ('103014117', FALSE, '2X9=18');

INSERT INTO answer_options (question_id, correct_answer, answer_text)
VALUES ('103014117', FALSE, '9X2:2=18');

INSERT INTO answer_options (question_id, correct_answer, answer_text)
VALUES ('103014117', FALSE, '18X2=9');

INSERT INTO questions (question_id, language_id, topic_id, c_grade_id, level, question_text, explanation, interesting_fact)
VALUES ('103014118', 1, 3014, 8, 8, '1', '', '24X8=3') ON CONFLICT (question_id) DO UPDATE SET language_id = 1 ,topic_id= 3014,c_grade_id =8,level=8,question_text='1',explanation='',interesting_fact='24X8=3';


INSERT INTO answer_options (question_id, correct_answer, answer_text)
VALUES ('103014118', TRUE, 'איזה תרגיל כפל ניתן ליצור מתרגיל החלוקה 8 = 3 ÷ 24?') ;

INSERT INTO answer_options (question_id, correct_answer, answer_text)
VALUES ('103014118', FALSE, '3X8=24');

INSERT INTO answer_options (question_id, correct_answer, answer_text)
VALUES ('103014118', FALSE, '8X24=3');

INSERT INTO answer_options (question_id, correct_answer, answer_text)
VALUES ('103014118', FALSE, '24X3=8');

INSERT INTO questions (question_id, language_id, topic_id, c_grade_id, level, question_text, explanation, interesting_fact)
VALUES ('103014119', 1, 3014, 9, 9, '1', '', '63X9=7') ON CONFLICT (question_id) DO UPDATE SET language_id = 1 ,topic_id= 3014,c_grade_id =9,level=9,question_text='1',explanation='',interesting_fact='63X9=7';


INSERT INTO answer_options (question_id, correct_answer, answer_text)
VALUES ('103014119', TRUE, 'איזה תרגיל כפל ניתן ליצור מתרגיל החלוקה 9 = 7 ÷ 63?') ;

INSERT INTO answer_options (question_id, correct_answer, answer_text)
VALUES ('103014119', FALSE, '7X9=63');

INSERT INTO answer_options (question_id, correct_answer, answer_text)
VALUES ('103014119', FALSE, 'כל כמה שרשום לעיל');

INSERT INTO answer_options (question_id, correct_answer, answer_text)
VALUES ('103014119', FALSE, '63X7=9');

INSERT INTO questions (question_id, language_id, topic_id, c_grade_id, level, question_text, explanation, interesting_fact)
VALUES ('103014120', 1, 3014, 0, 0, '1', '', '16X8=2') ON CONFLICT (question_id) DO UPDATE SET language_id = 1 ,topic_id= 3014,c_grade_id =0,level=0,question_text='1',explanation='',interesting_fact='16X8=2';


INSERT INTO answer_options (question_id, correct_answer, answer_text)
VALUES ('103014120', TRUE, 'איזה תרגיל כפל ניתן ליצור מתרגיל החלוקה 8 = 2 ÷ 16?') ;

INSERT INTO answer_options (question_id, correct_answer, answer_text)
VALUES ('103014120', FALSE, '2X8=16');

INSERT INTO answer_options (question_id, correct_answer, answer_text)
VALUES ('103014120', FALSE, 'כל כמה שרשום לעיל');

INSERT INTO answer_options (question_id, correct_answer, answer_text)
VALUES ('103014120', FALSE, '16X2=8');

INSERT INTO questions (question_id, language_id, topic_id, c_grade_id, level, question_text, explanation, interesting_fact)
VALUES ('103014201', 1, 3014, 1, 1, '2', '', 'אף אחת מהאפשרויות') ON CONFLICT (question_id) DO UPDATE SET language_id = 1 ,topic_id= 3014,c_grade_id =1,level=1,question_text='2',explanation='',interesting_fact='אף אחת מהאפשרויות';


INSERT INTO answer_options (question_id, correct_answer, answer_text)
VALUES ('103014201', TRUE, 'אם 7x6=42, מהי התוצאה של 7÷42 ?') ;

INSERT INTO answer_options (question_id, correct_answer, answer_text)
VALUES ('103014201', FALSE, '6');

INSERT INTO answer_options (question_id, correct_answer, answer_text)
VALUES ('103014201', FALSE, '7');

INSERT INTO answer_options (question_id, correct_answer, answer_text)
VALUES ('103014201', FALSE, '8');

INSERT INTO questions (question_id, language_id, topic_id, c_grade_id, level, question_text, explanation, interesting_fact)
VALUES ('103014202', 1, 3014, 2, 2, '2', '', 'כל התשובות נכונות') ON CONFLICT (question_id) DO UPDATE SET language_id = 1 ,topic_id= 3014,c_grade_id =2,level=2,question_text='2',explanation='',interesting_fact='כל התשובות נכונות';


INSERT INTO answer_options (question_id, correct_answer, answer_text)
VALUES ('103014202', TRUE, 'אם 4x3=12, מהי התוצאה של 4 ÷ 12 ?') ;

INSERT INTO answer_options (question_id, correct_answer, answer_text)
VALUES ('103014202', FALSE, '3');

INSERT INTO answer_options (question_id, correct_answer, answer_text)
VALUES ('103014202', FALSE, '4');

INSERT INTO answer_options (question_id, correct_answer, answer_text)
VALUES ('103014202', FALSE, '12');

INSERT INTO questions (question_id, language_id, topic_id, c_grade_id, level, question_text, explanation, interesting_fact)
VALUES ('103014203', 1, 3014, 3, 3, '2', '', '59') ON CONFLICT (question_id) DO UPDATE SET language_id = 1 ,topic_id= 3014,c_grade_id =3,level=3,question_text='2',explanation='',interesting_fact='59';


INSERT INTO answer_options (question_id, correct_answer, answer_text)
VALUES ('103014203', TRUE, 'אם 9x5=45, מהי התוצאה של 9 ÷ 45 ?') ;

INSERT INTO answer_options (question_id, correct_answer, answer_text)
VALUES ('103014203', FALSE, '5');

INSERT INTO answer_options (question_id, correct_answer, answer_text)
VALUES ('103014203', FALSE, '9');

INSERT INTO answer_options (question_id, correct_answer, answer_text)
VALUES ('103014203', FALSE, '45');

INSERT INTO questions (question_id, language_id, topic_id, c_grade_id, level, question_text, explanation, interesting_fact)
VALUES ('103014204', 1, 3014, 4, 4, '2', '', 'אף אחת מהאפשרויות') ON CONFLICT (question_id) DO UPDATE SET language_id = 1 ,topic_id= 3014,c_grade_id =4,level=4,question_text='2',explanation='',interesting_fact='אף אחת מהאפשרויות';


INSERT INTO answer_options (question_id, correct_answer, answer_text)
VALUES ('103014204', TRUE, 'מהו המספר החסר במשוואה: x 9 = 63 __ ?') ;

INSERT INTO answer_options (question_id, correct_answer, answer_text)
VALUES ('103014204', FALSE, '7');

INSERT INTO answer_options (question_id, correct_answer, answer_text)
VALUES ('103014204', FALSE, '8');

INSERT INTO answer_options (question_id, correct_answer, answer_text)
VALUES ('103014204', FALSE, '9');

INSERT INTO questions (question_id, language_id, topic_id, c_grade_id, level, question_text, explanation, interesting_fact)
VALUES ('103014205', 1, 3014, 5, 5, '2', '', 'כל התשובות נכונות') ON CONFLICT (question_id) DO UPDATE SET language_id = 1 ,topic_id= 3014,c_grade_id =5,level=5,question_text='2',explanation='',interesting_fact='כל התשובות נכונות';


INSERT INTO answer_options (question_id, correct_answer, answer_text)
VALUES ('103014205', TRUE, 'מהו המספר החסר במשוואה: x 7 = 56 __ ?') ;

INSERT INTO answer_options (question_id, correct_answer, answer_text)
VALUES ('103014205', FALSE, '8');

INSERT INTO answer_options (question_id, correct_answer, answer_text)
VALUES ('103014205', FALSE, '7');

INSERT INTO answer_options (question_id, correct_answer, answer_text)
VALUES ('103014205', FALSE, '9');

INSERT INTO questions (question_id, language_id, topic_id, c_grade_id, level, question_text, explanation, interesting_fact)
VALUES ('103014206', 1, 3014, 6, 6, '2', '', '64') ON CONFLICT (question_id) DO UPDATE SET language_id = 1 ,topic_id= 3014,c_grade_id =6,level=6,question_text='2',explanation='',interesting_fact='64';


INSERT INTO answer_options (question_id, correct_answer, answer_text)
VALUES ('103014206', TRUE, 'מהו המספר החסר במשוואה: ? x 8 = 64 __ ?') ;

INSERT INTO answer_options (question_id, correct_answer, answer_text)
VALUES ('103014206', FALSE, '8');

INSERT INTO answer_options (question_id, correct_answer, answer_text)
VALUES ('103014206', FALSE, '7');

INSERT INTO answer_options (question_id, correct_answer, answer_text)
VALUES ('103014206', FALSE, '9');

INSERT INTO questions (question_id, language_id, topic_id, c_grade_id, level, question_text, explanation, interesting_fact)
VALUES ('103014207', 1, 3014, 7, 7, '2', '', 'אף אחת מהאפשרויות') ON CONFLICT (question_id) DO UPDATE SET language_id = 1 ,topic_id= 3014,c_grade_id =7,level=7,question_text='2',explanation='',interesting_fact='אף אחת מהאפשרויות';


INSERT INTO answer_options (question_id, correct_answer, answer_text)
VALUES ('103014207', TRUE, 'אם 4÷12=3, מהי התוצאה של 3x4 ?') ;

INSERT INTO answer_options (question_id, correct_answer, answer_text)
VALUES ('103014207', FALSE, '12');

INSERT INTO answer_options (question_id, correct_answer, answer_text)
VALUES ('103014207', FALSE, '8');

INSERT INTO answer_options (question_id, correct_answer, answer_text)
VALUES ('103014207', FALSE, '4');

INSERT INTO questions (question_id, language_id, topic_id, c_grade_id, level, question_text, explanation, interesting_fact)
VALUES ('103014208', 1, 3014, 8, 8, '2', '', 'כל התשובות נכונות') ON CONFLICT (question_id) DO UPDATE SET language_id = 1 ,topic_id= 3014,c_grade_id =8,level=8,question_text='2',explanation='',interesting_fact='כל התשובות נכונות';


INSERT INTO answer_options (question_id, correct_answer, answer_text)
VALUES ('103014208', TRUE, 'אם 5 ÷ 15 = 3, מהי התוצאה של 3 כפול 5 ?') ;

INSERT INTO answer_options (question_id, correct_answer, answer_text)
VALUES ('103014208', FALSE, '15');

INSERT INTO answer_options (question_id, correct_answer, answer_text)
VALUES ('103014208', FALSE, '10');

INSERT INTO answer_options (question_id, correct_answer, answer_text)
VALUES ('103014208', FALSE, '5');

INSERT INTO questions (question_id, language_id, topic_id, c_grade_id, level, question_text, explanation, interesting_fact)
VALUES ('103014209', 1, 3014, 9, 9, '2', '', '2') ON CONFLICT (question_id) DO UPDATE SET language_id = 1 ,topic_id= 3014,c_grade_id =9,level=9,question_text='2',explanation='',interesting_fact='2';


INSERT INTO answer_options (question_id, correct_answer, answer_text)
VALUES ('103014209', TRUE, 'אם 2 ÷ 18 = 9, מהי התוצאה של 2x9 ?') ;

INSERT INTO answer_options (question_id, correct_answer, answer_text)
VALUES ('103014209', FALSE, '18');

INSERT INTO answer_options (question_id, correct_answer, answer_text)
VALUES ('103014209', FALSE, '9');

INSERT INTO answer_options (question_id, correct_answer, answer_text)
VALUES ('103014209', FALSE, '27');

INSERT INTO questions (question_id, language_id, topic_id, c_grade_id, level, question_text, explanation, interesting_fact)
VALUES ('103014210', 1, 3014, 0, 0, '2', '', 'אף אחת מהאפשרויות') ON CONFLICT (question_id) DO UPDATE SET language_id = 1 ,topic_id= 3014,c_grade_id =0,level=0,question_text='2',explanation='',interesting_fact='אף אחת מהאפשרויות';


INSERT INTO answer_options (question_id, correct_answer, answer_text)
VALUES ('103014210', TRUE, 'מהו המספר החסר במשוואה: 5x__=25 ?') ;

INSERT INTO answer_options (question_id, correct_answer, answer_text)
VALUES ('103014210', FALSE, '5');

INSERT INTO answer_options (question_id, correct_answer, answer_text)
VALUES ('103014210', FALSE, '4');

INSERT INTO answer_options (question_id, correct_answer, answer_text)
VALUES ('103014210', FALSE, '6');

INSERT INTO questions (question_id, language_id, topic_id, c_grade_id, level, question_text, explanation, interesting_fact)
VALUES ('103014211', 1, 3014, 1, 1, '2', '', 'כל התשובות נכונות') ON CONFLICT (question_id) DO UPDATE SET language_id = 1 ,topic_id= 3014,c_grade_id =1,level=1,question_text='2',explanation='',interesting_fact='כל התשובות נכונות';


INSERT INTO answer_options (question_id, correct_answer, answer_text)
VALUES ('103014211', TRUE, 'מהו המספר החסר במשוואה: 8x__=64 ?') ;

INSERT INTO answer_options (question_id, correct_answer, answer_text)
VALUES ('103014211', FALSE, '8');

INSERT INTO answer_options (question_id, correct_answer, answer_text)
VALUES ('103014211', FALSE, '7');

INSERT INTO answer_options (question_id, correct_answer, answer_text)
VALUES ('103014211', FALSE, '9');

INSERT INTO questions (question_id, language_id, topic_id, c_grade_id, level, question_text, explanation, interesting_fact)
VALUES ('103014212', 1, 3014, 2, 2, '2', '', '3') ON CONFLICT (question_id) DO UPDATE SET language_id = 1 ,topic_id= 3014,c_grade_id =2,level=2,question_text='2',explanation='',interesting_fact='3';


INSERT INTO answer_options (question_id, correct_answer, answer_text)
VALUES ('103014212', TRUE, 'מהו המספר החסר במשוואה: 3x__=18 ?') ;

INSERT INTO answer_options (question_id, correct_answer, answer_text)
VALUES ('103014212', FALSE, '6');

INSERT INTO answer_options (question_id, correct_answer, answer_text)
VALUES ('103014212', FALSE, '4');

INSERT INTO answer_options (question_id, correct_answer, answer_text)
VALUES ('103014212', FALSE, '9');

INSERT INTO questions (question_id, language_id, topic_id, c_grade_id, level, question_text, explanation, interesting_fact)
VALUES ('103014213', 1, 3014, 3, 3, '2', '', 'אף אחת מהאפשרויות') ON CONFLICT (question_id) DO UPDATE SET language_id = 1 ,topic_id= 3014,c_grade_id =3,level=3,question_text='2',explanation='',interesting_fact='אף אחת מהאפשרויות';


INSERT INTO answer_options (question_id, correct_answer, answer_text)
VALUES ('103014213', TRUE, 'אם 6 ÷ 216= 36, מהי התוצאה של 36 כפול 6 ?') ;

INSERT INTO answer_options (question_id, correct_answer, answer_text)
VALUES ('103014213', FALSE, '216');

INSERT INTO answer_options (question_id, correct_answer, answer_text)
VALUES ('103014213', FALSE, '36');

INSERT INTO answer_options (question_id, correct_answer, answer_text)
VALUES ('103014213', FALSE, '6');

INSERT INTO questions (question_id, language_id, topic_id, c_grade_id, level, question_text, explanation, interesting_fact)
VALUES ('103014214', 1, 3014, 4, 4, '2', '', 'כל התשובות נכונות') ON CONFLICT (question_id) DO UPDATE SET language_id = 1 ,topic_id= 3014,c_grade_id =4,level=4,question_text='2',explanation='',interesting_fact='כל התשובות נכונות';


INSERT INTO answer_options (question_id, correct_answer, answer_text)
VALUES ('103014214', TRUE, 'אם 4 ÷ 444 = 111, מהי התוצאה של 111 כפול 4 ?') ;

INSERT INTO answer_options (question_id, correct_answer, answer_text)
VALUES ('103014214', FALSE, '444');

INSERT INTO answer_options (question_id, correct_answer, answer_text)
VALUES ('103014214', FALSE, '11');

INSERT INTO answer_options (question_id, correct_answer, answer_text)
VALUES ('103014214', FALSE, '4');

INSERT INTO questions (question_id, language_id, topic_id, c_grade_id, level, question_text, explanation, interesting_fact)
VALUES ('103014215', 1, 3014, 5, 5, '2', '', '25') ON CONFLICT (question_id) DO UPDATE SET language_id = 1 ,topic_id= 3014,c_grade_id =5,level=5,question_text='2',explanation='',interesting_fact='25';


INSERT INTO answer_options (question_id, correct_answer, answer_text)
VALUES ('103014215', TRUE, 'אם 5 ÷ 35 = 7, מהי התוצאה של 7 כפול 5 ?') ;

INSERT INTO answer_options (question_id, correct_answer, answer_text)
VALUES ('103014215', FALSE, '35');

INSERT INTO answer_options (question_id, correct_answer, answer_text)
VALUES ('103014215', FALSE, '75');

INSERT INTO answer_options (question_id, correct_answer, answer_text)
VALUES ('103014215', FALSE, '5');

INSERT INTO questions (question_id, language_id, topic_id, c_grade_id, level, question_text, explanation, interesting_fact)
VALUES ('103014216', 1, 3014, 6, 6, '2', '', '17') ON CONFLICT (question_id) DO UPDATE SET language_id = 1 ,topic_id= 3014,c_grade_id =6,level=6,question_text='2',explanation='',interesting_fact='17';


INSERT INTO answer_options (question_id, correct_answer, answer_text)
VALUES ('103014216', TRUE, 'אם 5x(14+17)=155, מה זה 31÷155 ?') ;

INSERT INTO answer_options (question_id, correct_answer, answer_text)
VALUES ('103014216', FALSE, '5');

INSERT INTO answer_options (question_id, correct_answer, answer_text)
VALUES ('103014216', FALSE, '31');

INSERT INTO answer_options (question_id, correct_answer, answer_text)
VALUES ('103014216', FALSE, '14');

INSERT INTO questions (question_id, language_id, topic_id, c_grade_id, level, question_text, explanation, interesting_fact)
VALUES ('103014217', 1, 3014, 7, 7, '2', '', '25') ON CONFLICT (question_id) DO UPDATE SET language_id = 1 ,topic_id= 3014,c_grade_id =7,level=7,question_text='2',explanation='',interesting_fact='25';


INSERT INTO answer_options (question_id, correct_answer, answer_text)
VALUES ('103014217', TRUE, 'אם 4x(18+25) =172, מה זה 43 ÷ 172 ?') ;

INSERT INTO answer_options (question_id, correct_answer, answer_text)
VALUES ('103014217', FALSE, '4');

INSERT INTO answer_options (question_id, correct_answer, answer_text)
VALUES ('103014217', FALSE, '43');

INSERT INTO answer_options (question_id, correct_answer, answer_text)
VALUES ('103014217', FALSE, '18');

INSERT INTO questions (question_id, language_id, topic_id, c_grade_id, level, question_text, explanation, interesting_fact)
VALUES ('103014218', 1, 3014, 8, 8, '2', '', '19') ON CONFLICT (question_id) DO UPDATE SET language_id = 1 ,topic_id= 3014,c_grade_id =8,level=8,question_text='2',explanation='',interesting_fact='19';


INSERT INTO answer_options (question_id, correct_answer, answer_text)
VALUES ('103014218', TRUE, 'אם 3x(16 + 19)=105, מה זה 35 ÷ 105 ?') ;

INSERT INTO answer_options (question_id, correct_answer, answer_text)
VALUES ('103014218', FALSE, '3');

INSERT INTO answer_options (question_id, correct_answer, answer_text)
VALUES ('103014218', FALSE, '35');

INSERT INTO answer_options (question_id, correct_answer, answer_text)
VALUES ('103014218', FALSE, '16');

INSERT INTO questions (question_id, language_id, topic_id, c_grade_id, level, question_text, explanation, interesting_fact)
VALUES ('103014219', 1, 3014, 9, 9, '2', '', '18') ON CONFLICT (question_id) DO UPDATE SET language_id = 1 ,topic_id= 3014,c_grade_id =9,level=9,question_text='2',explanation='',interesting_fact='18';


INSERT INTO answer_options (question_id, correct_answer, answer_text)
VALUES ('103014219', TRUE, 'אם 5x(24 + 18)=210, מה זה 42 ÷ 210 ?') ;

INSERT INTO answer_options (question_id, correct_answer, answer_text)
VALUES ('103014219', FALSE, '5');

INSERT INTO answer_options (question_id, correct_answer, answer_text)
VALUES ('103014219', FALSE, '42');

INSERT INTO answer_options (question_id, correct_answer, answer_text)
VALUES ('103014219', FALSE, '24');

INSERT INTO questions (question_id, language_id, topic_id, c_grade_id, level, question_text, explanation, interesting_fact)
VALUES ('103014220', 1, 3014, 0, 0, '2', '', '28') ON CONFLICT (question_id) DO UPDATE SET language_id = 1 ,topic_id= 3014,c_grade_id =0,level=0,question_text='2',explanation='',interesting_fact='28';


INSERT INTO answer_options (question_id, correct_answer, answer_text)
VALUES ('103014220', TRUE, 'אם 3x(17 + 28)=135, מה זה 45 ÷ 135 ?') ;

INSERT INTO answer_options (question_id, correct_answer, answer_text)
VALUES ('103014220', FALSE, '3');

INSERT INTO answer_options (question_id, correct_answer, answer_text)
VALUES ('103014220', FALSE, '45');

INSERT INTO answer_options (question_id, correct_answer, answer_text)
VALUES ('103014220', FALSE, '17');

INSERT INTO questions (question_id, language_id, topic_id, c_grade_id, level, question_text, explanation, interesting_fact)
VALUES ('103015101', 1, 3015, 1, 1, '1', '', '15') ON CONFLICT (question_id) DO UPDATE SET language_id = 1 ,topic_id= 3015,c_grade_id =1,level=1,question_text='1',explanation='',interesting_fact='15';


INSERT INTO answer_options (question_id, correct_answer, answer_text)
VALUES ('103015101', TRUE, 'בקלמר האדום יש 3 עפרונות. בקלמר הצהוב יש פי 6 יותר עפרונות. כמה עפרונות יש בקלמר הצהוב?') ;

INSERT INTO answer_options (question_id, correct_answer, answer_text)
VALUES ('103015101', FALSE, '18');

INSERT INTO answer_options (question_id, correct_answer, answer_text)
VALUES ('103015101', FALSE, '9');

INSERT INTO answer_options (question_id, correct_answer, answer_text)
VALUES ('103015101', FALSE, '12');

INSERT INTO questions (question_id, language_id, topic_id, c_grade_id, level, question_text, explanation, interesting_fact)
VALUES ('103015102', 1, 3015, 2, 2, '1', '', '27') ON CONFLICT (question_id) DO UPDATE SET language_id = 1 ,topic_id= 3015,c_grade_id =2,level=2,question_text='1',explanation='',interesting_fact='27';


INSERT INTO answer_options (question_id, correct_answer, answer_text)
VALUES ('103015102', TRUE, 'במדף העליון יש 3 ספרים ובמדף התחתון פי 8 ספרים. כמה ספרים יש במדף התחתון?') ;

INSERT INTO answer_options (question_id, correct_answer, answer_text)
VALUES ('103015102', FALSE, '24');

INSERT INTO answer_options (question_id, correct_answer, answer_text)
VALUES ('103015102', FALSE, '32');

INSERT INTO answer_options (question_id, correct_answer, answer_text)
VALUES ('103015102', FALSE, '18');

INSERT INTO questions (question_id, language_id, topic_id, c_grade_id, level, question_text, explanation, interesting_fact)
VALUES ('103015103', 1, 3015, 3, 3, '1', '', '4') ON CONFLICT (question_id) DO UPDATE SET language_id = 1 ,topic_id= 3015,c_grade_id =3,level=3,question_text='1',explanation='',interesting_fact='4';


INSERT INTO answer_options (question_id, correct_answer, answer_text)
VALUES ('103015103', TRUE, 'בסל הראשון יש 3 כדורי כדורגל. בסל השני יש פי 4 יותר כדורי כדורגל. כמה כדורי כדורגל יש בסל השני?') ;

INSERT INTO answer_options (question_id, correct_answer, answer_text)
VALUES ('103015103', FALSE, '12');

INSERT INTO answer_options (question_id, correct_answer, answer_text)
VALUES ('103015103', FALSE, '24');

INSERT INTO answer_options (question_id, correct_answer, answer_text)
VALUES ('103015103', FALSE, '34');

INSERT INTO questions (question_id, language_id, topic_id, c_grade_id, level, question_text, explanation, interesting_fact)
VALUES ('103015104', 1, 3015, 4, 4, '1', '', '28') ON CONFLICT (question_id) DO UPDATE SET language_id = 1 ,topic_id= 3015,c_grade_id =4,level=4,question_text='1',explanation='',interesting_fact='28';


INSERT INTO answer_options (question_id, correct_answer, answer_text)
VALUES ('103015104', TRUE, 'לדנה יש 3 דובונים. לרינה יש פי 7 יותר דובונים. כמה דובונים יש לרינה?') ;

INSERT INTO answer_options (question_id, correct_answer, answer_text)
VALUES ('103015104', FALSE, '21');

INSERT INTO answer_options (question_id, correct_answer, answer_text)
VALUES ('103015104', FALSE, '14');

INSERT INTO answer_options (question_id, correct_answer, answer_text)
VALUES ('103015104', FALSE, '10');

INSERT INTO questions (question_id, language_id, topic_id, c_grade_id, level, question_text, explanation, interesting_fact)
VALUES ('103015105', 1, 3015, 5, 5, '1', '', '18 פעמים') ON CONFLICT (question_id) DO UPDATE SET language_id = 1 ,topic_id= 3015,c_grade_id =5,level=5,question_text='1',explanation='',interesting_fact='18 פעמים';


INSERT INTO answer_options (question_id, correct_answer, answer_text)
VALUES ('103015105', TRUE, 'בשקית א` יש 3 סוכריות ובשקית ב` 15 סוכריות. פי כמה יותר סוכריות יש בשקית ב` מאשר בשקית א`?') ;

INSERT INTO answer_options (question_id, correct_answer, answer_text)
VALUES ('103015105', FALSE, '5 פעמים');

INSERT INTO answer_options (question_id, correct_answer, answer_text)
VALUES ('103015105', FALSE, '3 פעמים');

INSERT INTO answer_options (question_id, correct_answer, answer_text)
VALUES ('103015105', FALSE, '15 פעמים');

INSERT INTO questions (question_id, language_id, topic_id, c_grade_id, level, question_text, explanation, interesting_fact)
VALUES ('103015106', 1, 3015, 6, 6, '1', '', '2 פעמים') ON CONFLICT (question_id) DO UPDATE SET language_id = 1 ,topic_id= 3015,c_grade_id =6,level=6,question_text='1',explanation='',interesting_fact='2 פעמים';


INSERT INTO answer_options (question_id, correct_answer, answer_text)
VALUES ('103015106', TRUE, 'בתיבה א` יש 40 גולות ובתיבה ב` יש 10 גולות. כמה פעמים פחות גולות יש בתיבה ב` מאשר בתיבה א`?') ;

INSERT INTO answer_options (question_id, correct_answer, answer_text)
VALUES ('103015106', FALSE, '4 פעמים');

INSERT INTO answer_options (question_id, correct_answer, answer_text)
VALUES ('103015106', FALSE, '10 פעמים');

INSERT INTO answer_options (question_id, correct_answer, answer_text)
VALUES ('103015106', FALSE, '40 פעמים');

INSERT INTO questions (question_id, language_id, topic_id, c_grade_id, level, question_text, explanation, interesting_fact)
VALUES ('103015107', 1, 3015, 7, 7, '1', '', '20 פעם') ON CONFLICT (question_id) DO UPDATE SET language_id = 1 ,topic_id= 3015,c_grade_id =7,level=7,question_text='1',explanation='',interesting_fact='20 פעם';


INSERT INTO answer_options (question_id, correct_answer, answer_text)
VALUES ('103015107', TRUE, 'בצנצנת א` יש 2 עוגיות ובצנצנת ב` יש 10 עוגיות. כמה פעמים יותר עוגיות יש בצנצנת ב` מאשר בצנצנת א`?') ;

INSERT INTO answer_options (question_id, correct_answer, answer_text)
VALUES ('103015107', FALSE, '5 פעמים');

INSERT INTO answer_options (question_id, correct_answer, answer_text)
VALUES ('103015107', FALSE, '10 פעמים');

INSERT INTO answer_options (question_id, correct_answer, answer_text)
VALUES ('103015107', FALSE, '2 פעמים');

INSERT INTO questions (question_id, language_id, topic_id, c_grade_id, level, question_text, explanation, interesting_fact)
VALUES ('103015108', 1, 3015, 8, 8, '1', '', '28 פעמים') ON CONFLICT (question_id) DO UPDATE SET language_id = 1 ,topic_id= 3015,c_grade_id =8,level=8,question_text='1',explanation='',interesting_fact='28 פעמים';


INSERT INTO answer_options (question_id, correct_answer, answer_text)
VALUES ('103015108', TRUE, 'בסל א` יש 28 תפוזים ובסל ב` 4 תפוזים. כמה פעמים פחות תפוזים יש בסל ב` מאשר בסל א`?') ;

INSERT INTO answer_options (question_id, correct_answer, answer_text)
VALUES ('103015108', FALSE, '7 פעמים');

INSERT INTO answer_options (question_id, correct_answer, answer_text)
VALUES ('103015108', FALSE, '11 פעמים');

INSERT INTO answer_options (question_id, correct_answer, answer_text)
VALUES ('103015108', FALSE, '4 פעמים');

INSERT INTO questions (question_id, language_id, topic_id, c_grade_id, level, question_text, explanation, interesting_fact)
VALUES ('103015109', 1, 3015, 9, 9, '1', '', '300 גרם') ON CONFLICT (question_id) DO UPDATE SET language_id = 1 ,topic_id= 3015,c_grade_id =9,level=9,question_text='1',explanation='',interesting_fact='300 גרם';


INSERT INTO answer_options (question_id, correct_answer, answer_text)
VALUES ('103015109', TRUE, 'אם חתול גדול פי 3 מעכבר, והעכבר שוקל 10 גרם, כמה שוקל החתול?') ;

INSERT INTO answer_options (question_id, correct_answer, answer_text)
VALUES ('103015109', FALSE, '30 גרם');

INSERT INTO answer_options (question_id, correct_answer, answer_text)
VALUES ('103015109', FALSE, '13 גרם');

INSERT INTO answer_options (question_id, correct_answer, answer_text)
VALUES ('103015109', FALSE, '7 גרם');

INSERT INTO questions (question_id, language_id, topic_id, c_grade_id, level, question_text, explanation, interesting_fact)
VALUES ('103015110', 1, 3015, 0, 0, '1', '', '3 סנטימטרים') ON CONFLICT (question_id) DO UPDATE SET language_id = 1 ,topic_id= 3015,c_grade_id =0,level=0,question_text='1',explanation='',interesting_fact='3 סנטימטרים';


INSERT INTO answer_options (question_id, correct_answer, answer_text)
VALUES ('103015110', TRUE, 'אם עיפרון קטן פי 2 מסרגל, והסרגל באורך 30 סנטימטר, כמה אורך העיפרון?') ;

INSERT INTO answer_options (question_id, correct_answer, answer_text)
VALUES ('103015110', FALSE, '15 סנטימטרים');

INSERT INTO answer_options (question_id, correct_answer, answer_text)
VALUES ('103015110', FALSE, '6 סנטימטרים');

INSERT INTO answer_options (question_id, correct_answer, answer_text)
VALUES ('103015110', FALSE, '60 סנטימטר');

INSERT INTO questions (question_id, language_id, topic_id, c_grade_id, level, question_text, explanation, interesting_fact)
VALUES ('103015111', 1, 3015, 1, 1, '1', '', '120') ON CONFLICT (question_id) DO UPDATE SET language_id = 1 ,topic_id= 3015,c_grade_id =1,level=1,question_text='1',explanation='',interesting_fact='120';


INSERT INTO answer_options (question_id, correct_answer, answer_text)
VALUES ('103015111', TRUE, 'אם ספר גדול פי 6 מעיתון, ובספר יש 120 עמודים, כמה עמודים יש לעיתון?') ;

INSERT INTO answer_options (question_id, correct_answer, answer_text)
VALUES ('103015111', FALSE, '20 עמודים');

INSERT INTO answer_options (question_id, correct_answer, answer_text)
VALUES ('103015111', FALSE, '720 עמודים');

INSERT INTO answer_options (question_id, correct_answer, answer_text)
VALUES ('103015111', FALSE, '7200 עמודים');

INSERT INTO questions (question_id, language_id, topic_id, c_grade_id, level, question_text, explanation, interesting_fact)
VALUES ('103015112', 1, 3015, 2, 2, '1', '', '22') ON CONFLICT (question_id) DO UPDATE SET language_id = 1 ,topic_id= 3015,c_grade_id =2,level=2,question_text='1',explanation='',interesting_fact='22';


INSERT INTO answer_options (question_id, correct_answer, answer_text)
VALUES ('103015112', TRUE, 'אני מספר אי-זוגי בן 2 ספרות. ספרת העשרות שלי גדולה פי שניים מספרת אחדות. מי אני?') ;

INSERT INTO answer_options (question_id, correct_answer, answer_text)
VALUES ('103015112', FALSE, '21');

INSERT INTO answer_options (question_id, correct_answer, answer_text)
VALUES ('103015112', FALSE, '56');

INSERT INTO answer_options (question_id, correct_answer, answer_text)
VALUES ('103015112', FALSE, '42');

INSERT INTO questions (question_id, language_id, topic_id, c_grade_id, level, question_text, explanation, interesting_fact)
VALUES ('103015113', 1, 3015, 3, 3, '1', '', '23') ON CONFLICT (question_id) DO UPDATE SET language_id = 1 ,topic_id= 3015,c_grade_id =3,level=3,question_text='1',explanation='',interesting_fact='23';


INSERT INTO answer_options (question_id, correct_answer, answer_text)
VALUES ('103015113', TRUE, 'אני מספר אי-זוגי בן 2 ספרות. ספרת העשרות שלי גדולה פי שניים מספרת אחדות. מי אני?') ;

INSERT INTO answer_options (question_id, correct_answer, answer_text)
VALUES ('103015113', FALSE, '63');

INSERT INTO answer_options (question_id, correct_answer, answer_text)
VALUES ('103015113', FALSE, '36');

INSERT INTO answer_options (question_id, correct_answer, answer_text)
VALUES ('103015113', FALSE, '84');

INSERT INTO questions (question_id, language_id, topic_id, c_grade_id, level, question_text, explanation, interesting_fact)
VALUES ('103015114', 1, 3015, 4, 4, '1', '', '200') ON CONFLICT (question_id) DO UPDATE SET language_id = 1 ,topic_id= 3015,c_grade_id =4,level=4,question_text='1',explanation='',interesting_fact='200';


INSERT INTO answer_options (question_id, correct_answer, answer_text)
VALUES ('103015114', TRUE, 'אני מספר זוגי בן 3 ספרות. ספרת המאות שלי גדולה פי שניים מספרת העשרות. מי אני?') ;

INSERT INTO answer_options (question_id, correct_answer, answer_text)
VALUES ('103015114', FALSE, '216');

INSERT INTO answer_options (question_id, correct_answer, answer_text)
VALUES ('103015114', FALSE, '427');

INSERT INTO answer_options (question_id, correct_answer, answer_text)
VALUES ('103015114', FALSE, '220');

INSERT INTO questions (question_id, language_id, topic_id, c_grade_id, level, question_text, explanation, interesting_fact)
VALUES ('103015115', 1, 3015, 5, 5, '1', '', '620') ON CONFLICT (question_id) DO UPDATE SET language_id = 1 ,topic_id= 3015,c_grade_id =5,level=5,question_text='1',explanation='',interesting_fact='620';


INSERT INTO answer_options (question_id, correct_answer, answer_text)
VALUES ('103015115', TRUE, 'אני מספר זוגי בן 3 ספרות. ספרת המאות שלי גדולה פי שניים מספרת העשרות. מי אני?') ;

INSERT INTO answer_options (question_id, correct_answer, answer_text)
VALUES ('103015115', FALSE, '636');

INSERT INTO answer_options (question_id, correct_answer, answer_text)
VALUES ('103015115', FALSE, '847');

INSERT INTO answer_options (question_id, correct_answer, answer_text)
VALUES ('103015115', FALSE, '640');

INSERT INTO questions (question_id, language_id, topic_id, c_grade_id, level, question_text, explanation, interesting_fact)
VALUES ('103015116', 1, 3015, 6, 6, '1', '', '200') ON CONFLICT (question_id) DO UPDATE SET language_id = 1 ,topic_id= 3015,c_grade_id =6,level=6,question_text='1',explanation='',interesting_fact='200';


INSERT INTO answer_options (question_id, correct_answer, answer_text)
VALUES ('103015116', TRUE, 'אני מספר זוגי בן 3 ספרות. ספרת המאות שלי גדולה פי שניים מספרת העשרות. מי אני?') ;

INSERT INTO answer_options (question_id, correct_answer, answer_text)
VALUES ('103015116', FALSE, '218');

INSERT INTO answer_options (question_id, correct_answer, answer_text)
VALUES ('103015116', FALSE, '429');

INSERT INTO answer_options (question_id, correct_answer, answer_text)
VALUES ('103015116', FALSE, '220');

INSERT INTO questions (question_id, language_id, topic_id, c_grade_id, level, question_text, explanation, interesting_fact)
VALUES ('103015117', 1, 3015, 7, 7, '1', '', '123') ON CONFLICT (question_id) DO UPDATE SET language_id = 1 ,topic_id= 3015,c_grade_id =7,level=7,question_text='1',explanation='',interesting_fact='123';


INSERT INTO answer_options (question_id, correct_answer, answer_text)
VALUES ('103015117', TRUE, 'אני מספר זוגי בן 3 ספרות. ספרת המאות שלי קטנה פי שניים מספרת העשרות. מי אני?') ;

INSERT INTO answer_options (question_id, correct_answer, answer_text)
VALUES ('103015117', FALSE, '120');

INSERT INTO answer_options (question_id, correct_answer, answer_text)
VALUES ('103015117', FALSE, '121');

INSERT INTO answer_options (question_id, correct_answer, answer_text)
VALUES ('103015117', FALSE, '121');

INSERT INTO questions (question_id, language_id, topic_id, c_grade_id, level, question_text, explanation, interesting_fact)
VALUES ('103015118', 1, 3015, 8, 8, '1', '', '124') ON CONFLICT (question_id) DO UPDATE SET language_id = 1 ,topic_id= 3015,c_grade_id =8,level=8,question_text='1',explanation='',interesting_fact='124';


INSERT INTO answer_options (question_id, correct_answer, answer_text)
VALUES ('103015118', TRUE, 'אני מספר זוגי בן 3 ספרות. ספרת המאות שלי קטנה פי שניים מספרת העשרות. מי אני?') ;

INSERT INTO answer_options (question_id, correct_answer, answer_text)
VALUES ('103015118', FALSE, '122');

INSERT INTO answer_options (question_id, correct_answer, answer_text)
VALUES ('103015118', FALSE, '123');

INSERT INTO answer_options (question_id, correct_answer, answer_text)
VALUES ('103015118', FALSE, '121');

INSERT INTO questions (question_id, language_id, topic_id, c_grade_id, level, question_text, explanation, interesting_fact)
VALUES ('103015119', 1, 3015, 9, 9, '1', '', '125') ON CONFLICT (question_id) DO UPDATE SET language_id = 1 ,topic_id= 3015,c_grade_id =9,level=9,question_text='1',explanation='',interesting_fact='125';


INSERT INTO answer_options (question_id, correct_answer, answer_text)
VALUES ('103015119', TRUE, 'אני מספר זוגי בן 3 ספרות. ספרת המאות שלי קטנה פי שניים מספרת העשרות. מי אני?') ;

INSERT INTO answer_options (question_id, correct_answer, answer_text)
VALUES ('103015119', FALSE, '248');

INSERT INTO answer_options (question_id, correct_answer, answer_text)
VALUES ('103015119', FALSE, '249');

INSERT INTO answer_options (question_id, correct_answer, answer_text)
VALUES ('103015119', FALSE, '163');

INSERT INTO questions (question_id, language_id, topic_id, c_grade_id, level, question_text, explanation, interesting_fact)
VALUES ('103015120', 1, 3015, 0, 0, '1', '', '126') ON CONFLICT (question_id) DO UPDATE SET language_id = 1 ,topic_id= 3015,c_grade_id =0,level=0,question_text='1',explanation='',interesting_fact='126';


INSERT INTO answer_options (question_id, correct_answer, answer_text)
VALUES ('103015120', TRUE, 'אני מספר זוגי בן 3 ספרות. ספרת המאות שלי קטנה פי שניים מספרת העשרות. מי אני?') ;

INSERT INTO answer_options (question_id, correct_answer, answer_text)
VALUES ('103015120', FALSE, '366');

INSERT INTO answer_options (question_id, correct_answer, answer_text)
VALUES ('103015120', FALSE, '367');

INSERT INTO answer_options (question_id, correct_answer, answer_text)
VALUES ('103015120', FALSE, '205');

INSERT INTO questions (question_id, language_id, topic_id, c_grade_id, level, question_text, explanation, interesting_fact)
VALUES ('103016101', 1, 3016, 1, 1, '1', '', '71') ON CONFLICT (question_id) DO UPDATE SET language_id = 1 ,topic_id= 3016,c_grade_id =1,level=1,question_text='1',explanation='',interesting_fact='71';


INSERT INTO answer_options (question_id, correct_answer, answer_text)
VALUES ('103016101', TRUE, 'אם יש לך 7 תפוחים ואתה רוצה לחלק אותם לאדם אחד, כמה תפוחים האדם מקבל?') ;

INSERT INTO answer_options (question_id, correct_answer, answer_text)
VALUES ('103016101', FALSE, '7');

INSERT INTO answer_options (question_id, correct_answer, answer_text)
VALUES ('103016101', FALSE, '0');

INSERT INTO answer_options (question_id, correct_answer, answer_text)
VALUES ('103016101', FALSE, '17');

INSERT INTO questions (question_id, language_id, topic_id, c_grade_id, level, question_text, explanation, interesting_fact)
VALUES ('103016102', 1, 3016, 2, 2, '1', '', '1 x 12') ON CONFLICT (question_id) DO UPDATE SET language_id = 1 ,topic_id= 3016,c_grade_id =2,level=2,question_text='1',explanation='',interesting_fact='1 x 12';


INSERT INTO answer_options (question_id, correct_answer, answer_text)
VALUES ('103016102', TRUE, 'איך אתה יכול לבטא את החלוקה של 12 סוכריות לאדם אחד?') ;

INSERT INTO answer_options (question_id, correct_answer, answer_text)
VALUES ('103016102', FALSE, '12 ÷ 1');

INSERT INTO answer_options (question_id, correct_answer, answer_text)
VALUES ('103016102', FALSE, '12+1');

INSERT INTO answer_options (question_id, correct_answer, answer_text)
VALUES ('103016102', FALSE, '2024-01-12 00:00:00');

INSERT INTO questions (question_id, language_id, topic_id, c_grade_id, level, question_text, explanation, interesting_fact)
VALUES ('103016103', 1, 3016, 3, 3, '1', '', '31') ON CONFLICT (question_id) DO UPDATE SET language_id = 1 ,topic_id= 3016,c_grade_id =3,level=3,question_text='1',explanation='',interesting_fact='31';


INSERT INTO answer_options (question_id, correct_answer, answer_text)
VALUES ('103016103', TRUE, 'אם יש לך 3 ספרים ואתה רוצה לחלק אותם שווה בשווה בין חבר אחד, כמה ספרים אותו חבר מקבל?') ;

INSERT INTO answer_options (question_id, correct_answer, answer_text)
VALUES ('103016103', FALSE, '3');

INSERT INTO answer_options (question_id, correct_answer, answer_text)
VALUES ('103016103', FALSE, '0');

INSERT INTO answer_options (question_id, correct_answer, answer_text)
VALUES ('103016103', FALSE, '13');

INSERT INTO questions (question_id, language_id, topic_id, c_grade_id, level, question_text, explanation, interesting_fact)
VALUES ('103016104', 1, 3016, 4, 4, '1', '', '12') ON CONFLICT (question_id) DO UPDATE SET language_id = 1 ,topic_id= 3016,c_grade_id =4,level=4,question_text='1',explanation='',interesting_fact='12';


INSERT INTO answer_options (question_id, correct_answer, answer_text)
VALUES ('103016104', TRUE, 'מהי התוצאה של הכפל 26x1 ?') ;

INSERT INTO answer_options (question_id, correct_answer, answer_text)
VALUES ('103016104', FALSE, '26');

INSERT INTO answer_options (question_id, correct_answer, answer_text)
VALUES ('103016104', FALSE, '1');

INSERT INTO answer_options (question_id, correct_answer, answer_text)
VALUES ('103016104', FALSE, '0');

INSERT INTO questions (question_id, language_id, topic_id, c_grade_id, level, question_text, explanation, interesting_fact)
VALUES ('103016105', 1, 3016, 5, 5, '1', '', '1 x 15') ON CONFLICT (question_id) DO UPDATE SET language_id = 1 ,topic_id= 3016,c_grade_id =5,level=5,question_text='1',explanation='',interesting_fact='1 x 15';


INSERT INTO answer_options (question_id, correct_answer, answer_text)
VALUES ('103016105', TRUE, 'איך אתה יכול לבטא את החלוקה של 15 ל-1?') ;

INSERT INTO answer_options (question_id, correct_answer, answer_text)
VALUES ('103016105', FALSE, '15 ÷ 1');

INSERT INTO answer_options (question_id, correct_answer, answer_text)
VALUES ('103016105', FALSE, '15+1');

INSERT INTO answer_options (question_id, correct_answer, answer_text)
VALUES ('103016105', FALSE, '2024-01-15 00:00:00');

INSERT INTO questions (question_id, language_id, topic_id, c_grade_id, level, question_text, explanation, interesting_fact)
VALUES ('103016106', 1, 3016, 6, 6, '1', '', '101') ON CONFLICT (question_id) DO UPDATE SET language_id = 1 ,topic_id= 3016,c_grade_id =6,level=6,question_text='1',explanation='',interesting_fact='101';


INSERT INTO answer_options (question_id, correct_answer, answer_text)
VALUES ('103016106', TRUE, 'אם יש לך 10 סוכריות ואתה רוצה לחלק אותן שווה בשווה בין ילד אחד, כמה סוכריות הילד הזה מקבל?') ;

INSERT INTO answer_options (question_id, correct_answer, answer_text)
VALUES ('103016106', FALSE, '10');

INSERT INTO answer_options (question_id, correct_answer, answer_text)
VALUES ('103016106', FALSE, '0');

INSERT INTO answer_options (question_id, correct_answer, answer_text)
VALUES ('103016106', FALSE, '110');

INSERT INTO questions (question_id, language_id, topic_id, c_grade_id, level, question_text, explanation, interesting_fact)
VALUES ('103016107', 1, 3016, 7, 7, '1', '', '17') ON CONFLICT (question_id) DO UPDATE SET language_id = 1 ,topic_id= 3016,c_grade_id =7,level=7,question_text='1',explanation='',interesting_fact='17';


INSERT INTO answer_options (question_id, correct_answer, answer_text)
VALUES ('103016107', TRUE, 'מהי התוצאה של הכפל 71x1 ?') ;

INSERT INTO answer_options (question_id, correct_answer, answer_text)
VALUES ('103016107', FALSE, '71');

INSERT INTO answer_options (question_id, correct_answer, answer_text)
VALUES ('103016107', FALSE, '1');

INSERT INTO answer_options (question_id, correct_answer, answer_text)
VALUES ('103016107', FALSE, '0');

INSERT INTO questions (question_id, language_id, topic_id, c_grade_id, level, question_text, explanation, interesting_fact)
VALUES ('103016108', 1, 3016, 8, 8, '1', '', 'כל התשובות נכונות') ON CONFLICT (question_id) DO UPDATE SET language_id = 1 ,topic_id= 3016,c_grade_id =8,level=8,question_text='1',explanation='',interesting_fact='כל התשובות נכונות';


INSERT INTO answer_options (question_id, correct_answer, answer_text)
VALUES ('103016108', TRUE, 'כאשר מכפילים כל מספר ב-1, התוצאה היא תמיד המספר עצמו.') ;

INSERT INTO answer_options (question_id, correct_answer, answer_text)
VALUES ('103016108', FALSE, 'נכון');

INSERT INTO answer_options (question_id, correct_answer, answer_text)
VALUES ('103016108', FALSE, 'לא נכון');

INSERT INTO answer_options (question_id, correct_answer, answer_text)
VALUES ('103016108', FALSE, 'תלוי');

INSERT INTO questions (question_id, language_id, topic_id, c_grade_id, level, question_text, explanation, interesting_fact)
VALUES ('103016109', 1, 3016, 9, 9, '1', '', '1+2+3') ON CONFLICT (question_id) DO UPDATE SET language_id = 1 ,topic_id= 3016,c_grade_id =9,level=9,question_text='1',explanation='',interesting_fact='1+2+3';


INSERT INTO answer_options (question_id, correct_answer, answer_text)
VALUES ('103016109', TRUE, 'מי כמהבאים שווה ל 1x3 ?') ;

INSERT INTO answer_options (question_id, correct_answer, answer_text)
VALUES ('103016109', FALSE, '1+1+1');

INSERT INTO answer_options (question_id, correct_answer, answer_text)
VALUES ('103016109', FALSE, '3+1+3');

INSERT INTO answer_options (question_id, correct_answer, answer_text)
VALUES ('103016109', FALSE, '1+3');

INSERT INTO questions (question_id, language_id, topic_id, c_grade_id, level, question_text, explanation, interesting_fact)
VALUES ('103016110', 1, 3016, 0, 0, '1', '', '1+2+3+4') ON CONFLICT (question_id) DO UPDATE SET language_id = 1 ,topic_id= 3016,c_grade_id =0,level=0,question_text='1',explanation='',interesting_fact='1+2+3+4';


INSERT INTO answer_options (question_id, correct_answer, answer_text)
VALUES ('103016110', TRUE, 'מי כמהבאים שווה ל 1x4 ?') ;

INSERT INTO answer_options (question_id, correct_answer, answer_text)
VALUES ('103016110', FALSE, '1+1+1+1');

INSERT INTO answer_options (question_id, correct_answer, answer_text)
VALUES ('103016110', FALSE, '4+1');

INSERT INTO answer_options (question_id, correct_answer, answer_text)
VALUES ('103016110', FALSE, '1+4');

INSERT INTO questions (question_id, language_id, topic_id, c_grade_id, level, question_text, explanation, interesting_fact)
VALUES ('103016111', 1, 3016, 1, 1, '1', '', '1+2+3') ON CONFLICT (question_id) DO UPDATE SET language_id = 1 ,topic_id= 3016,c_grade_id =1,level=1,question_text='1',explanation='',interesting_fact='1+2+3';


INSERT INTO answer_options (question_id, correct_answer, answer_text)
VALUES ('103016111', TRUE, 'מי כמהבאים שווה ל 1x3 ?') ;

INSERT INTO answer_options (question_id, correct_answer, answer_text)
VALUES ('103016111', FALSE, '3');

INSERT INTO answer_options (question_id, correct_answer, answer_text)
VALUES ('103016111', FALSE, '3+3+3');

INSERT INTO answer_options (question_id, correct_answer, answer_text)
VALUES ('103016111', FALSE, '1+3');

INSERT INTO questions (question_id, language_id, topic_id, c_grade_id, level, question_text, explanation, interesting_fact)
VALUES ('103016112', 1, 3016, 2, 2, '1', '', '1+2+3+4') ON CONFLICT (question_id) DO UPDATE SET language_id = 1 ,topic_id= 3016,c_grade_id =2,level=2,question_text='1',explanation='',interesting_fact='1+2+3+4';


INSERT INTO answer_options (question_id, correct_answer, answer_text)
VALUES ('103016112', TRUE, 'מי כמהבאים שווה ל 1x4 ?') ;

INSERT INTO answer_options (question_id, correct_answer, answer_text)
VALUES ('103016112', FALSE, '4');

INSERT INTO answer_options (question_id, correct_answer, answer_text)
VALUES ('103016112', FALSE, '4+4+4+4');

INSERT INTO answer_options (question_id, correct_answer, answer_text)
VALUES ('103016112', FALSE, '1+4');

INSERT INTO questions (question_id, language_id, topic_id, c_grade_id, level, question_text, explanation, interesting_fact)
VALUES ('103016113', 1, 3016, 3, 3, '1', '', '(1:1) x 1') ON CONFLICT (question_id) DO UPDATE SET language_id = 1 ,topic_id= 3016,c_grade_id =3,level=3,question_text='1',explanation='',interesting_fact='(1:1) x 1';


INSERT INTO answer_options (question_id, correct_answer, answer_text)
VALUES ('103016113', TRUE, 'איזה כמהבאים נותן 1?') ;

INSERT INTO answer_options (question_id, correct_answer, answer_text)
VALUES ('103016113', FALSE, 'כל התשובות נכונות');

INSERT INTO answer_options (question_id, correct_answer, answer_text)
VALUES ('103016113', FALSE, '(1 + 1)-1');

INSERT INTO answer_options (question_id, correct_answer, answer_text)
VALUES ('103016113', FALSE, '(1 x 1)-0');

INSERT INTO questions (question_id, language_id, topic_id, c_grade_id, level, question_text, explanation, interesting_fact)
VALUES ('103016114', 1, 3016, 4, 4, '2', '', ':') ON CONFLICT (question_id) DO UPDATE SET language_id = 1 ,topic_id= 3016,c_grade_id =4,level=4,question_text='2',explanation='',interesting_fact=':';


INSERT INTO answer_options (question_id, correct_answer, answer_text)
VALUES ('103016114', TRUE, 'מהו הסימן החסר ב 1 _ 1 = 1') ;

INSERT INTO answer_options (question_id, correct_answer, answer_text)
VALUES ('103016114', FALSE, 'x');

INSERT INTO answer_options (question_id, correct_answer, answer_text)
VALUES ('103016114', FALSE, '#ERROR!');

INSERT INTO answer_options (question_id, correct_answer, answer_text)
VALUES ('103016114', FALSE, '#ERROR!');

INSERT INTO questions (question_id, language_id, topic_id, c_grade_id, level, question_text, explanation, interesting_fact)
VALUES ('103016115', 1, 3016, 5, 5, '2', '', ':') ON CONFLICT (question_id) DO UPDATE SET language_id = 1 ,topic_id= 3016,c_grade_id =5,level=5,question_text='2',explanation='',interesting_fact=':';


INSERT INTO answer_options (question_id, correct_answer, answer_text)
VALUES ('103016115', TRUE, 'מהו הסימן החסר ב 8 _ 1 = 8') ;

INSERT INTO answer_options (question_id, correct_answer, answer_text)
VALUES ('103016115', FALSE, 'x');

INSERT INTO answer_options (question_id, correct_answer, answer_text)
VALUES ('103016115', FALSE, '#ERROR!');

INSERT INTO answer_options (question_id, correct_answer, answer_text)
VALUES ('103016115', FALSE, '#ERROR!');

INSERT INTO questions (question_id, language_id, topic_id, c_grade_id, level, question_text, explanation, interesting_fact)
VALUES ('103016116', 1, 3016, 6, 6, '2', '', ':') ON CONFLICT (question_id) DO UPDATE SET language_id = 1 ,topic_id= 3016,c_grade_id =6,level=6,question_text='2',explanation='',interesting_fact=':';


INSERT INTO answer_options (question_id, correct_answer, answer_text)
VALUES ('103016116', TRUE, 'מהו הסימן החסר ב 2 _ 1 = 2') ;

INSERT INTO answer_options (question_id, correct_answer, answer_text)
VALUES ('103016116', FALSE, 'x');

INSERT INTO answer_options (question_id, correct_answer, answer_text)
VALUES ('103016116', FALSE, '#ERROR!');

INSERT INTO answer_options (question_id, correct_answer, answer_text)
VALUES ('103016116', FALSE, '#ERROR!');

INSERT INTO questions (question_id, language_id, topic_id, c_grade_id, level, question_text, explanation, interesting_fact)
VALUES ('103016117', 1, 3016, 7, 7, '2', '', '(1-1) x 13') ON CONFLICT (question_id) DO UPDATE SET language_id = 1 ,topic_id= 3016,c_grade_id =7,level=7,question_text='2',explanation='',interesting_fact='(1-1) x 13';


INSERT INTO answer_options (question_id, correct_answer, answer_text)
VALUES ('103016117', TRUE, 'איזה כמהבאים נותן 13?') ;

INSERT INTO answer_options (question_id, correct_answer, answer_text)
VALUES ('103016117', FALSE, '(1:1) x 13');

INSERT INTO answer_options (question_id, correct_answer, answer_text)
VALUES ('103016117', FALSE, '(1 + 1) x 13');

INSERT INTO answer_options (question_id, correct_answer, answer_text)
VALUES ('103016117', FALSE, '(1 x 1): 13');

INSERT INTO questions (question_id, language_id, topic_id, c_grade_id, level, question_text, explanation, interesting_fact)
VALUES ('103016118', 1, 3016, 8, 8, '2', '', '(1-1) x 12') ON CONFLICT (question_id) DO UPDATE SET language_id = 1 ,topic_id= 3016,c_grade_id =8,level=8,question_text='2',explanation='',interesting_fact='(1-1) x 12';


INSERT INTO answer_options (question_id, correct_answer, answer_text)
VALUES ('103016118', TRUE, 'איזה כמהבאים נותן 12?') ;

INSERT INTO answer_options (question_id, correct_answer, answer_text)
VALUES ('103016118', FALSE, '(1:1) x 12');

INSERT INTO answer_options (question_id, correct_answer, answer_text)
VALUES ('103016118', FALSE, '(1 + 1) x 12');

INSERT INTO answer_options (question_id, correct_answer, answer_text)
VALUES ('103016118', FALSE, '(1 x 1): 12');

INSERT INTO questions (question_id, language_id, topic_id, c_grade_id, level, question_text, explanation, interesting_fact)
VALUES ('103016119', 1, 3016, 9, 9, '2', '', '(1-1) x 15') ON CONFLICT (question_id) DO UPDATE SET language_id = 1 ,topic_id= 3016,c_grade_id =9,level=9,question_text='2',explanation='',interesting_fact='(1-1) x 15';


INSERT INTO answer_options (question_id, correct_answer, answer_text)
VALUES ('103016119', TRUE, 'איזה כמהבאים נותן 15?') ;

INSERT INTO answer_options (question_id, correct_answer, answer_text)
VALUES ('103016119', FALSE, '(1:1) x 15');

INSERT INTO answer_options (question_id, correct_answer, answer_text)
VALUES ('103016119', FALSE, '(1 + 1) x 15');

INSERT INTO answer_options (question_id, correct_answer, answer_text)
VALUES ('103016119', FALSE, '(1 x 1): 15');

INSERT INTO questions (question_id, language_id, topic_id, c_grade_id, level, question_text, explanation, interesting_fact)
VALUES ('103016120', 1, 3016, 0, 0, '2', '', '(1-1) x 19') ON CONFLICT (question_id) DO UPDATE SET language_id = 1 ,topic_id= 3016,c_grade_id =0,level=0,question_text='2',explanation='',interesting_fact='(1-1) x 19';


INSERT INTO answer_options (question_id, correct_answer, answer_text)
VALUES ('103016120', TRUE, 'איזה כמהבאים נותן 19?') ;

INSERT INTO answer_options (question_id, correct_answer, answer_text)
VALUES ('103016120', FALSE, '(1:1) x 19');

INSERT INTO answer_options (question_id, correct_answer, answer_text)
VALUES ('103016120', FALSE, '(1 + 1) x 19');

INSERT INTO answer_options (question_id, correct_answer, answer_text)
VALUES ('103016120', FALSE, '(1 x 1): 19');

INSERT INTO questions (question_id, language_id, topic_id, c_grade_id, level, question_text, explanation, interesting_fact)
VALUES ('103017101', 1, 3017, 1, 1, '1', '', '20') ON CONFLICT (question_id) DO UPDATE SET language_id = 1 ,topic_id= 3017,c_grade_id =1,level=1,question_text='1',explanation='',interesting_fact='20';


INSERT INTO answer_options (question_id, correct_answer, answer_text)
VALUES ('103017101', TRUE, '23 + 0 = ?') ;

INSERT INTO answer_options (question_id, correct_answer, answer_text)
VALUES ('103017101', FALSE, '23');

INSERT INTO answer_options (question_id, correct_answer, answer_text)
VALUES ('103017101', FALSE, '0');

INSERT INTO answer_options (question_id, correct_answer, answer_text)
VALUES ('103017101', FALSE, '230');

INSERT INTO questions (question_id, language_id, topic_id, c_grade_id, level, question_text, explanation, interesting_fact)
VALUES ('103017102', 1, 3017, 2, 2, '1', '', '10') ON CONFLICT (question_id) DO UPDATE SET language_id = 1 ,topic_id= 3017,c_grade_id =2,level=2,question_text='1',explanation='',interesting_fact='10';


INSERT INTO answer_options (question_id, correct_answer, answer_text)
VALUES ('103017102', TRUE, '12 + 0 = ?') ;

INSERT INTO answer_options (question_id, correct_answer, answer_text)
VALUES ('103017102', FALSE, '12');

INSERT INTO answer_options (question_id, correct_answer, answer_text)
VALUES ('103017102', FALSE, '0');

INSERT INTO answer_options (question_id, correct_answer, answer_text)
VALUES ('103017102', FALSE, '120');

INSERT INTO questions (question_id, language_id, topic_id, c_grade_id, level, question_text, explanation, interesting_fact)
VALUES ('103017103', 1, 3017, 3, 3, '1', '', '1') ON CONFLICT (question_id) DO UPDATE SET language_id = 1 ,topic_id= 3017,c_grade_id =3,level=3,question_text='1',explanation='',interesting_fact='1';


INSERT INTO answer_options (question_id, correct_answer, answer_text)
VALUES ('103017103', TRUE, '0 + 0 = ?') ;

INSERT INTO answer_options (question_id, correct_answer, answer_text)
VALUES ('103017103', FALSE, '0');

INSERT INTO answer_options (question_id, correct_answer, answer_text)
VALUES ('103017103', FALSE, '100');

INSERT INTO answer_options (question_id, correct_answer, answer_text)
VALUES ('103017103', FALSE, '10');

INSERT INTO questions (question_id, language_id, topic_id, c_grade_id, level, question_text, explanation, interesting_fact)
VALUES ('103017104', 1, 3017, 4, 4, '1', '', '990') ON CONFLICT (question_id) DO UPDATE SET language_id = 1 ,topic_id= 3017,c_grade_id =4,level=4,question_text='1',explanation='',interesting_fact='990';


INSERT INTO answer_options (question_id, correct_answer, answer_text)
VALUES ('103017104', TRUE, '99-0 = ?') ;

INSERT INTO answer_options (question_id, correct_answer, answer_text)
VALUES ('103017104', FALSE, '99');

INSERT INTO answer_options (question_id, correct_answer, answer_text)
VALUES ('103017104', FALSE, '0');

INSERT INTO answer_options (question_id, correct_answer, answer_text)
VALUES ('103017104', FALSE, '90');

INSERT INTO questions (question_id, language_id, topic_id, c_grade_id, level, question_text, explanation, interesting_fact)
VALUES ('103017105', 1, 3017, 5, 5, '1', '', '190') ON CONFLICT (question_id) DO UPDATE SET language_id = 1 ,topic_id= 3017,c_grade_id =5,level=5,question_text='1',explanation='',interesting_fact='190';


INSERT INTO answer_options (question_id, correct_answer, answer_text)
VALUES ('103017105', TRUE, '19-0 = ?') ;

INSERT INTO answer_options (question_id, correct_answer, answer_text)
VALUES ('103017105', FALSE, '19');

INSERT INTO answer_options (question_id, correct_answer, answer_text)
VALUES ('103017105', FALSE, '0');

INSERT INTO answer_options (question_id, correct_answer, answer_text)
VALUES ('103017105', FALSE, '10');

INSERT INTO questions (question_id, language_id, topic_id, c_grade_id, level, question_text, explanation, interesting_fact)
VALUES ('103017106', 1, 3017, 6, 6, '1', '', '20') ON CONFLICT (question_id) DO UPDATE SET language_id = 1 ,topic_id= 3017,c_grade_id =6,level=6,question_text='1',explanation='',interesting_fact='20';


INSERT INTO answer_options (question_id, correct_answer, answer_text)
VALUES ('103017106', TRUE, '0 + 23 + 0 = ?') ;

INSERT INTO answer_options (question_id, correct_answer, answer_text)
VALUES ('103017106', FALSE, '23');

INSERT INTO answer_options (question_id, correct_answer, answer_text)
VALUES ('103017106', FALSE, '0');

INSERT INTO answer_options (question_id, correct_answer, answer_text)
VALUES ('103017106', FALSE, '230');

INSERT INTO questions (question_id, language_id, topic_id, c_grade_id, level, question_text, explanation, interesting_fact)
VALUES ('103017107', 1, 3017, 7, 7, '1', '', '10') ON CONFLICT (question_id) DO UPDATE SET language_id = 1 ,topic_id= 3017,c_grade_id =7,level=7,question_text='1',explanation='',interesting_fact='10';


INSERT INTO answer_options (question_id, correct_answer, answer_text)
VALUES ('103017107', TRUE, '0 + 12 + 0 = ?') ;

INSERT INTO answer_options (question_id, correct_answer, answer_text)
VALUES ('103017107', FALSE, '12');

INSERT INTO answer_options (question_id, correct_answer, answer_text)
VALUES ('103017107', FALSE, '0');

INSERT INTO answer_options (question_id, correct_answer, answer_text)
VALUES ('103017107', FALSE, '120');

INSERT INTO questions (question_id, language_id, topic_id, c_grade_id, level, question_text, explanation, interesting_fact)
VALUES ('103017108', 1, 3017, 8, 8, '1', '', '1') ON CONFLICT (question_id) DO UPDATE SET language_id = 1 ,topic_id= 3017,c_grade_id =8,level=8,question_text='1',explanation='',interesting_fact='1';


INSERT INTO answer_options (question_id, correct_answer, answer_text)
VALUES ('103017108', TRUE, '0 - 0 = ?') ;

INSERT INTO answer_options (question_id, correct_answer, answer_text)
VALUES ('103017108', FALSE, '0');

INSERT INTO answer_options (question_id, correct_answer, answer_text)
VALUES ('103017108', FALSE, '100');

INSERT INTO answer_options (question_id, correct_answer, answer_text)
VALUES ('103017108', FALSE, '10');

INSERT INTO questions (question_id, language_id, topic_id, c_grade_id, level, question_text, explanation, interesting_fact)
VALUES ('103017109', 1, 3017, 9, 9, '1', '', '990') ON CONFLICT (question_id) DO UPDATE SET language_id = 1 ,topic_id= 3017,c_grade_id =9,level=9,question_text='1',explanation='',interesting_fact='990';


INSERT INTO answer_options (question_id, correct_answer, answer_text)
VALUES ('103017109', TRUE, '99 - 0 + 0 = ?') ;

INSERT INTO answer_options (question_id, correct_answer, answer_text)
VALUES ('103017109', FALSE, '99');

INSERT INTO answer_options (question_id, correct_answer, answer_text)
VALUES ('103017109', FALSE, '0');

INSERT INTO answer_options (question_id, correct_answer, answer_text)
VALUES ('103017109', FALSE, '90');

INSERT INTO questions (question_id, language_id, topic_id, c_grade_id, level, question_text, explanation, interesting_fact)
VALUES ('103017110', 1, 3017, 0, 0, '1', '', '190') ON CONFLICT (question_id) DO UPDATE SET language_id = 1 ,topic_id= 3017,c_grade_id =0,level=0,question_text='1',explanation='',interesting_fact='190';


INSERT INTO answer_options (question_id, correct_answer, answer_text)
VALUES ('103017110', TRUE, '0 + 19 - 0 = ?') ;

INSERT INTO answer_options (question_id, correct_answer, answer_text)
VALUES ('103017110', FALSE, '19');

INSERT INTO answer_options (question_id, correct_answer, answer_text)
VALUES ('103017110', FALSE, '0');

INSERT INTO answer_options (question_id, correct_answer, answer_text)
VALUES ('103017110', FALSE, '10');

INSERT INTO questions (question_id, language_id, topic_id, c_grade_id, level, question_text, explanation, interesting_fact)
VALUES ('103017111', 1, 3017, 1, 1, 'nan', '', '350') ON CONFLICT (question_id) DO UPDATE SET language_id = 1 ,topic_id= 3017,c_grade_id =1,level=1,question_text='nan',explanation='',interesting_fact='350';


INSERT INTO answer_options (question_id, correct_answer, answer_text)
VALUES ('103017111', TRUE, '35-0 = ?') ;

INSERT INTO answer_options (question_id, correct_answer, answer_text)
VALUES ('103017111', FALSE, '35');

INSERT INTO answer_options (question_id, correct_answer, answer_text)
VALUES ('103017111', FALSE, '0');

INSERT INTO answer_options (question_id, correct_answer, answer_text)
VALUES ('103017111', FALSE, '30');

INSERT INTO questions (question_id, language_id, topic_id, c_grade_id, level, question_text, explanation, interesting_fact)
VALUES ('103017112', 1, 3017, 2, 2, '1', '', '80') ON CONFLICT (question_id) DO UPDATE SET language_id = 1 ,topic_id= 3017,c_grade_id =2,level=2,question_text='1',explanation='',interesting_fact='80';


INSERT INTO answer_options (question_id, correct_answer, answer_text)
VALUES ('103017112', TRUE, 'מהי התוצאה של הכפל 8x0 ?') ;

INSERT INTO answer_options (question_id, correct_answer, answer_text)
VALUES ('103017112', FALSE, '0');

INSERT INTO answer_options (question_id, correct_answer, answer_text)
VALUES ('103017112', FALSE, '8');

INSERT INTO answer_options (question_id, correct_answer, answer_text)
VALUES ('103017112', FALSE, '1');

INSERT INTO questions (question_id, language_id, topic_id, c_grade_id, level, question_text, explanation, interesting_fact)
VALUES ('103017113', 1, 3017, 3, 3, '1', '', '60') ON CONFLICT (question_id) DO UPDATE SET language_id = 1 ,topic_id= 3017,c_grade_id =3,level=3,question_text='1',explanation='',interesting_fact='60';


INSERT INTO answer_options (question_id, correct_answer, answer_text)
VALUES ('103017113', TRUE, 'מהי התוצאה של הכפל 6x0 ?') ;

INSERT INTO answer_options (question_id, correct_answer, answer_text)
VALUES ('103017113', FALSE, '0');

INSERT INTO answer_options (question_id, correct_answer, answer_text)
VALUES ('103017113', FALSE, '6');

INSERT INTO answer_options (question_id, correct_answer, answer_text)
VALUES ('103017113', FALSE, '1');

INSERT INTO questions (question_id, language_id, topic_id, c_grade_id, level, question_text, explanation, interesting_fact)
VALUES ('103017114', 1, 3017, 4, 4, '1', '', '90') ON CONFLICT (question_id) DO UPDATE SET language_id = 1 ,topic_id= 3017,c_grade_id =4,level=4,question_text='1',explanation='',interesting_fact='90';


INSERT INTO answer_options (question_id, correct_answer, answer_text)
VALUES ('103017114', TRUE, 'מהי התוצאה של הכפל 9x0 ?') ;

INSERT INTO answer_options (question_id, correct_answer, answer_text)
VALUES ('103017114', FALSE, '0');

INSERT INTO answer_options (question_id, correct_answer, answer_text)
VALUES ('103017114', FALSE, '9');

INSERT INTO answer_options (question_id, correct_answer, answer_text)
VALUES ('103017114', FALSE, '1');

INSERT INTO questions (question_id, language_id, topic_id, c_grade_id, level, question_text, explanation, interesting_fact)
VALUES ('103017115', 1, 3017, 5, 5, '1', '', '70') ON CONFLICT (question_id) DO UPDATE SET language_id = 1 ,topic_id= 3017,c_grade_id =5,level=5,question_text='1',explanation='',interesting_fact='70';


INSERT INTO answer_options (question_id, correct_answer, answer_text)
VALUES ('103017115', TRUE, 'איך אתה יכול לבטא את החלוקה 7 ÷ 0?') ;

INSERT INTO answer_options (question_id, correct_answer, answer_text)
VALUES ('103017115', FALSE, '0');

INSERT INTO answer_options (question_id, correct_answer, answer_text)
VALUES ('103017115', FALSE, '7');

INSERT INTO answer_options (question_id, correct_answer, answer_text)
VALUES ('103017115', FALSE, '1');

INSERT INTO questions (question_id, language_id, topic_id, c_grade_id, level, question_text, explanation, interesting_fact)
VALUES ('103017116', 1, 3017, 6, 6, '1', '', '20') ON CONFLICT (question_id) DO UPDATE SET language_id = 1 ,topic_id= 3017,c_grade_id =6,level=6,question_text='1',explanation='',interesting_fact='20';


INSERT INTO answer_options (question_id, correct_answer, answer_text)
VALUES ('103017116', TRUE, 'איך אתה יכול לבטא את החלוקה 2 ÷ 0?') ;

INSERT INTO answer_options (question_id, correct_answer, answer_text)
VALUES ('103017116', FALSE, '0');

INSERT INTO answer_options (question_id, correct_answer, answer_text)
VALUES ('103017116', FALSE, '2');

INSERT INTO answer_options (question_id, correct_answer, answer_text)
VALUES ('103017116', FALSE, '1');

INSERT INTO questions (question_id, language_id, topic_id, c_grade_id, level, question_text, explanation, interesting_fact)
VALUES ('103017117', 1, 3017, 7, 7, '1', '', '40') ON CONFLICT (question_id) DO UPDATE SET language_id = 1 ,topic_id= 3017,c_grade_id =7,level=7,question_text='1',explanation='',interesting_fact='40';


INSERT INTO answer_options (question_id, correct_answer, answer_text)
VALUES ('103017117', TRUE, 'איך אתה יכול לבטא את החלוקה 4 ÷ 0?') ;

INSERT INTO answer_options (question_id, correct_answer, answer_text)
VALUES ('103017117', FALSE, '0');

INSERT INTO answer_options (question_id, correct_answer, answer_text)
VALUES ('103017117', FALSE, '4');

INSERT INTO answer_options (question_id, correct_answer, answer_text)
VALUES ('103017117', FALSE, '1');

INSERT INTO questions (question_id, language_id, topic_id, c_grade_id, level, question_text, explanation, interesting_fact)
VALUES ('103017118', 1, 3017, 8, 8, '1', '', '50') ON CONFLICT (question_id) DO UPDATE SET language_id = 1 ,topic_id= 3017,c_grade_id =8,level=8,question_text='1',explanation='',interesting_fact='50';


INSERT INTO answer_options (question_id, correct_answer, answer_text)
VALUES ('103017118', TRUE, 'אם יש לך 0 תפוחים ואתה רוצה לחלוק אותם שווה בשווה בין 5 חברים, כמה תפוחים כל חבר מקבל?') ;

INSERT INTO answer_options (question_id, correct_answer, answer_text)
VALUES ('103017118', FALSE, '0');

INSERT INTO answer_options (question_id, correct_answer, answer_text)
VALUES ('103017118', FALSE, '5');

INSERT INTO answer_options (question_id, correct_answer, answer_text)
VALUES ('103017118', FALSE, '1');

INSERT INTO questions (question_id, language_id, topic_id, c_grade_id, level, question_text, explanation, interesting_fact)
VALUES ('103017119', 1, 3017, 9, 9, '1', '', '100') ON CONFLICT (question_id) DO UPDATE SET language_id = 1 ,topic_id= 3017,c_grade_id =9,level=9,question_text='1',explanation='',interesting_fact='100';


INSERT INTO answer_options (question_id, correct_answer, answer_text)
VALUES ('103017119', TRUE, 'אם יש לך 0 עפרונות ואתה רוצה לחלק אותם שווה בשווה בין 10 תלמידים, כמה עפרונות מקבל כל תלמיד?') ;

INSERT INTO answer_options (question_id, correct_answer, answer_text)
VALUES ('103017119', FALSE, '0');

INSERT INTO answer_options (question_id, correct_answer, answer_text)
VALUES ('103017119', FALSE, '10');

INSERT INTO answer_options (question_id, correct_answer, answer_text)
VALUES ('103017119', FALSE, '1');

INSERT INTO questions (question_id, language_id, topic_id, c_grade_id, level, question_text, explanation, interesting_fact)
VALUES ('103017120', 1, 3017, 0, 0, '1', '', '30') ON CONFLICT (question_id) DO UPDATE SET language_id = 1 ,topic_id= 3017,c_grade_id =0,level=0,question_text='1',explanation='',interesting_fact='30';


INSERT INTO answer_options (question_id, correct_answer, answer_text)
VALUES ('103017120', TRUE, 'אם יש לך 0 ספרים ואתה רוצה לחלק אותם שווה בשווה בין 3 חברים, כמה ספרים כל חבר מקבל?') ;

INSERT INTO answer_options (question_id, correct_answer, answer_text)
VALUES ('103017120', FALSE, '0');

INSERT INTO answer_options (question_id, correct_answer, answer_text)
VALUES ('103017120', FALSE, '3');

INSERT INTO answer_options (question_id, correct_answer, answer_text)
VALUES ('103017120', FALSE, '1');

INSERT INTO questions (question_id, language_id, topic_id, c_grade_id, level, question_text, explanation, interesting_fact)
VALUES ('103017201', 1, 3017, 1, 1, '1', '', '-') ON CONFLICT (question_id) DO UPDATE SET language_id = 1 ,topic_id= 3017,c_grade_id =1,level=1,question_text='1',explanation='',interesting_fact='-';


INSERT INTO answer_options (question_id, correct_answer, answer_text)
VALUES ('103017201', TRUE, 'מהו הסימן החסר ב-4 _ 0 = 0') ;

INSERT INTO answer_options (question_id, correct_answer, answer_text)
VALUES ('103017201', FALSE, 'x');

INSERT INTO answer_options (question_id, correct_answer, answer_text)
VALUES ('103017201', FALSE, '#ERROR!');

INSERT INTO answer_options (question_id, correct_answer, answer_text)
VALUES ('103017201', FALSE, '#ERROR!');

INSERT INTO questions (question_id, language_id, topic_id, c_grade_id, level, question_text, explanation, interesting_fact)
VALUES ('103017202', 1, 3017, 2, 2, '1', '', '-') ON CONFLICT (question_id) DO UPDATE SET language_id = 1 ,topic_id= 3017,c_grade_id =2,level=2,question_text='1',explanation='',interesting_fact='-';


INSERT INTO answer_options (question_id, correct_answer, answer_text)
VALUES ('103017202', TRUE, 'מהו הסימן החסר ב-1 _ 0 = 0') ;

INSERT INTO answer_options (question_id, correct_answer, answer_text)
VALUES ('103017202', FALSE, 'x');

INSERT INTO answer_options (question_id, correct_answer, answer_text)
VALUES ('103017202', FALSE, '#ERROR!');

INSERT INTO answer_options (question_id, correct_answer, answer_text)
VALUES ('103017202', FALSE, '#ERROR!');

INSERT INTO questions (question_id, language_id, topic_id, c_grade_id, level, question_text, explanation, interesting_fact)
VALUES ('103017203', 1, 3017, 3, 3, '1', '', '-') ON CONFLICT (question_id) DO UPDATE SET language_id = 1 ,topic_id= 3017,c_grade_id =3,level=3,question_text='1',explanation='',interesting_fact='-';


INSERT INTO answer_options (question_id, correct_answer, answer_text)
VALUES ('103017203', TRUE, 'מהו הסימן החסר ב-2 _ 0 = 0') ;

INSERT INTO answer_options (question_id, correct_answer, answer_text)
VALUES ('103017203', FALSE, 'x');

INSERT INTO answer_options (question_id, correct_answer, answer_text)
VALUES ('103017203', FALSE, '#ERROR!');

INSERT INTO answer_options (question_id, correct_answer, answer_text)
VALUES ('103017203', FALSE, '#ERROR!');

INSERT INTO questions (question_id, language_id, topic_id, c_grade_id, level, question_text, explanation, interesting_fact)
VALUES ('103017204', 1, 3017, 4, 4, '1', '', '-') ON CONFLICT (question_id) DO UPDATE SET language_id = 1 ,topic_id= 3017,c_grade_id =4,level=4,question_text='1',explanation='',interesting_fact='-';


INSERT INTO answer_options (question_id, correct_answer, answer_text)
VALUES ('103017204', TRUE, 'מהו הסימן החסר ב-7 _ 0 = 0') ;

INSERT INTO answer_options (question_id, correct_answer, answer_text)
VALUES ('103017204', FALSE, 'x');

INSERT INTO answer_options (question_id, correct_answer, answer_text)
VALUES ('103017204', FALSE, '#ERROR!');

INSERT INTO answer_options (question_id, correct_answer, answer_text)
VALUES ('103017204', FALSE, '#ERROR!');

INSERT INTO questions (question_id, language_id, topic_id, c_grade_id, level, question_text, explanation, interesting_fact)
VALUES ('103017205', 1, 3017, 5, 5, '2', '', 'אף אחת מהתשובות אינה נכונה') ON CONFLICT (question_id) DO UPDATE SET language_id = 1 ,topic_id= 3017,c_grade_id =5,level=5,question_text='2',explanation='',interesting_fact='אף אחת מהתשובות אינה נכונה';


INSERT INTO answer_options (question_id, correct_answer, answer_text)
VALUES ('103017205', TRUE, 'מלאו את המספר החסר: __ = 13 x __ .') ;

INSERT INTO answer_options (question_id, correct_answer, answer_text)
VALUES ('103017205', FALSE, '0');

INSERT INTO answer_options (question_id, correct_answer, answer_text)
VALUES ('103017205', FALSE, '1');

INSERT INTO answer_options (question_id, correct_answer, answer_text)
VALUES ('103017205', FALSE, '2');

INSERT INTO questions (question_id, language_id, topic_id, c_grade_id, level, question_text, explanation, interesting_fact)
VALUES ('103017206', 1, 3017, 6, 6, '2', '', 'אף אחת מהתשובות אינה נכונה') ON CONFLICT (question_id) DO UPDATE SET language_id = 1 ,topic_id= 3017,c_grade_id =6,level=6,question_text='2',explanation='',interesting_fact='אף אחת מהתשובות אינה נכונה';


INSERT INTO answer_options (question_id, correct_answer, answer_text)
VALUES ('103017206', TRUE, 'מלאו את המספר החסר: __ = 21 x __ .') ;

INSERT INTO answer_options (question_id, correct_answer, answer_text)
VALUES ('103017206', FALSE, '0');

INSERT INTO answer_options (question_id, correct_answer, answer_text)
VALUES ('103017206', FALSE, '1');

INSERT INTO answer_options (question_id, correct_answer, answer_text)
VALUES ('103017206', FALSE, '2');

INSERT INTO questions (question_id, language_id, topic_id, c_grade_id, level, question_text, explanation, interesting_fact)
VALUES ('103017207', 1, 3017, 7, 7, '2', '', 'אף אחת מהתשובות אינה נכונה') ON CONFLICT (question_id) DO UPDATE SET language_id = 1 ,topic_id= 3017,c_grade_id =7,level=7,question_text='2',explanation='',interesting_fact='אף אחת מהתשובות אינה נכונה';


INSERT INTO answer_options (question_id, correct_answer, answer_text)
VALUES ('103017207', TRUE, 'מלאו את המספר החסר: __ = 33 x __ .') ;

INSERT INTO answer_options (question_id, correct_answer, answer_text)
VALUES ('103017207', FALSE, '0');

INSERT INTO answer_options (question_id, correct_answer, answer_text)
VALUES ('103017207', FALSE, '1');

INSERT INTO answer_options (question_id, correct_answer, answer_text)
VALUES ('103017207', FALSE, '2');

INSERT INTO questions (question_id, language_id, topic_id, c_grade_id, level, question_text, explanation, interesting_fact)
VALUES ('103017208', 1, 3017, 8, 8, '2', '', 'אף אחת מהתשובות אינה נכונה') ON CONFLICT (question_id) DO UPDATE SET language_id = 1 ,topic_id= 3017,c_grade_id =8,level=8,question_text='2',explanation='',interesting_fact='אף אחת מהתשובות אינה נכונה';


INSERT INTO answer_options (question_id, correct_answer, answer_text)
VALUES ('103017208', TRUE, 'מלאו את המספר החסר: __ = 39 x __ .') ;

INSERT INTO answer_options (question_id, correct_answer, answer_text)
VALUES ('103017208', FALSE, '0');

INSERT INTO answer_options (question_id, correct_answer, answer_text)
VALUES ('103017208', FALSE, '1');

INSERT INTO answer_options (question_id, correct_answer, answer_text)
VALUES ('103017208', FALSE, '2');

INSERT INTO questions (question_id, language_id, topic_id, c_grade_id, level, question_text, explanation, interesting_fact)
VALUES ('103017209', 1, 3017, 9, 9, '2', '', 'אף אחת מהתשובות אינה נכונה') ON CONFLICT (question_id) DO UPDATE SET language_id = 1 ,topic_id= 3017,c_grade_id =9,level=9,question_text='2',explanation='',interesting_fact='אף אחת מהתשובות אינה נכונה';


INSERT INTO answer_options (question_id, correct_answer, answer_text)
VALUES ('103017209', TRUE, 'מלאו את המספר החסר: __ = 11 x __ .') ;

INSERT INTO answer_options (question_id, correct_answer, answer_text)
VALUES ('103017209', FALSE, '0');

INSERT INTO answer_options (question_id, correct_answer, answer_text)
VALUES ('103017209', FALSE, '1');

INSERT INTO answer_options (question_id, correct_answer, answer_text)
VALUES ('103017209', FALSE, '2');

INSERT INTO questions (question_id, language_id, topic_id, c_grade_id, level, question_text, explanation, interesting_fact)
VALUES ('103017210', 1, 3017, 0, 0, '2', '', 'אף אחת מהתשובות אינה נכונה') ON CONFLICT (question_id) DO UPDATE SET language_id = 1 ,topic_id= 3017,c_grade_id =0,level=0,question_text='2',explanation='',interesting_fact='אף אחת מהתשובות אינה נכונה';


INSERT INTO answer_options (question_id, correct_answer, answer_text)
VALUES ('103017210', TRUE, 'מלאו את המספר החסר: __ = 29 x __ .') ;

INSERT INTO answer_options (question_id, correct_answer, answer_text)
VALUES ('103017210', FALSE, '0');

INSERT INTO answer_options (question_id, correct_answer, answer_text)
VALUES ('103017210', FALSE, '1');

INSERT INTO answer_options (question_id, correct_answer, answer_text)
VALUES ('103017210', FALSE, '2');

INSERT INTO questions (question_id, language_id, topic_id, c_grade_id, level, question_text, explanation, interesting_fact)
VALUES ('103017211', 1, 3017, 1, 1, '1', '', 'זה תלוי') ON CONFLICT (question_id) DO UPDATE SET language_id = 1 ,topic_id= 3017,c_grade_id =1,level=1,question_text='1',explanation='',interesting_fact='זה תלוי';


INSERT INTO answer_options (question_id, correct_answer, answer_text)
VALUES ('103017211', TRUE, 'מהו הסימן החסר ב-0:90 __ 0:20') ;

INSERT INTO answer_options (question_id, correct_answer, answer_text)
VALUES ('103017211', FALSE, '#ERROR!');

INSERT INTO answer_options (question_id, correct_answer, answer_text)
VALUES ('103017211', FALSE, '<');

INSERT INTO answer_options (question_id, correct_answer, answer_text)
VALUES ('103017211', FALSE, '>');

INSERT INTO questions (question_id, language_id, topic_id, c_grade_id, level, question_text, explanation, interesting_fact)
VALUES ('103017212', 1, 3017, 2, 2, '1', '', 'כל התשובות נכונות') ON CONFLICT (question_id) DO UPDATE SET language_id = 1 ,topic_id= 3017,c_grade_id =2,level=2,question_text='1',explanation='',interesting_fact='כל התשובות נכונות';


INSERT INTO answer_options (question_id, correct_answer, answer_text)
VALUES ('103017212', TRUE, 'מהו הסימן החסר ב-0:120 __ 0:20') ;

INSERT INTO answer_options (question_id, correct_answer, answer_text)
VALUES ('103017212', FALSE, '#ERROR!');

INSERT INTO answer_options (question_id, correct_answer, answer_text)
VALUES ('103017212', FALSE, '<');

INSERT INTO answer_options (question_id, correct_answer, answer_text)
VALUES ('103017212', FALSE, '>');

INSERT INTO questions (question_id, language_id, topic_id, c_grade_id, level, question_text, explanation, interesting_fact)
VALUES ('103017213', 1, 3017, 3, 3, '1', '', 'אף אחת מהתשובות אינה נכונה') ON CONFLICT (question_id) DO UPDATE SET language_id = 1 ,topic_id= 3017,c_grade_id =3,level=3,question_text='1',explanation='',interesting_fact='אף אחת מהתשובות אינה נכונה';


INSERT INTO answer_options (question_id, correct_answer, answer_text)
VALUES ('103017213', TRUE, 'מהו הסימן החסר ב-0:75 __ 0:15') ;

INSERT INTO answer_options (question_id, correct_answer, answer_text)
VALUES ('103017213', FALSE, '#ERROR!');

INSERT INTO answer_options (question_id, correct_answer, answer_text)
VALUES ('103017213', FALSE, '<');

INSERT INTO answer_options (question_id, correct_answer, answer_text)
VALUES ('103017213', FALSE, '>');

INSERT INTO questions (question_id, language_id, topic_id, c_grade_id, level, question_text, explanation, interesting_fact)
VALUES ('103017214', 1, 3017, 4, 4, '1', '', 'זה תלוי') ON CONFLICT (question_id) DO UPDATE SET language_id = 1 ,topic_id= 3017,c_grade_id =4,level=4,question_text='1',explanation='',interesting_fact='זה תלוי';


INSERT INTO answer_options (question_id, correct_answer, answer_text)
VALUES ('103017214', TRUE, 'מהו הסימן החסר ב-0:60 __ 0:30') ;

INSERT INTO answer_options (question_id, correct_answer, answer_text)
VALUES ('103017214', FALSE, '#ERROR!');

INSERT INTO answer_options (question_id, correct_answer, answer_text)
VALUES ('103017214', FALSE, '<');

INSERT INTO answer_options (question_id, correct_answer, answer_text)
VALUES ('103017214', FALSE, '>');

INSERT INTO questions (question_id, language_id, topic_id, c_grade_id, level, question_text, explanation, interesting_fact)
VALUES ('103017215', 1, 3017, 5, 5, '1', '', 'כל התשובות נכונות') ON CONFLICT (question_id) DO UPDATE SET language_id = 1 ,topic_id= 3017,c_grade_id =5,level=5,question_text='1',explanation='',interesting_fact='כל התשובות נכונות';


INSERT INTO answer_options (question_id, correct_answer, answer_text)
VALUES ('103017215', TRUE, 'מהו הסימן החסר ב-0:100 __ 0:10') ;

INSERT INTO answer_options (question_id, correct_answer, answer_text)
VALUES ('103017215', FALSE, '#ERROR!');

INSERT INTO answer_options (question_id, correct_answer, answer_text)
VALUES ('103017215', FALSE, '<');

INSERT INTO answer_options (question_id, correct_answer, answer_text)
VALUES ('103017215', FALSE, '>');

INSERT INTO questions (question_id, language_id, topic_id, c_grade_id, level, question_text, explanation, interesting_fact)
VALUES ('103017216', 1, 3017, 6, 6, '1', '', 'אף אחת מהתשובות אינה נכונה') ON CONFLICT (question_id) DO UPDATE SET language_id = 1 ,topic_id= 3017,c_grade_id =6,level=6,question_text='1',explanation='',interesting_fact='אף אחת מהתשובות אינה נכונה';


INSERT INTO answer_options (question_id, correct_answer, answer_text)
VALUES ('103017216', TRUE, 'מהו הסימן החסר ב-0x47 __ 0:47') ;

INSERT INTO answer_options (question_id, correct_answer, answer_text)
VALUES ('103017216', FALSE, '#ERROR!');

INSERT INTO answer_options (question_id, correct_answer, answer_text)
VALUES ('103017216', FALSE, '<');

INSERT INTO answer_options (question_id, correct_answer, answer_text)
VALUES ('103017216', FALSE, '>');

INSERT INTO questions (question_id, language_id, topic_id, c_grade_id, level, question_text, explanation, interesting_fact)
VALUES ('103017217', 1, 3017, 7, 7, '1', '', 'זה תלוי') ON CONFLICT (question_id) DO UPDATE SET language_id = 1 ,topic_id= 3017,c_grade_id =7,level=7,question_text='1',explanation='',interesting_fact='זה תלוי';


INSERT INTO answer_options (question_id, correct_answer, answer_text)
VALUES ('103017217', TRUE, 'מהו הסימן החסר ב-0x60 __ 0:60') ;

INSERT INTO answer_options (question_id, correct_answer, answer_text)
VALUES ('103017217', FALSE, '#ERROR!');

INSERT INTO answer_options (question_id, correct_answer, answer_text)
VALUES ('103017217', FALSE, '<');

INSERT INTO answer_options (question_id, correct_answer, answer_text)
VALUES ('103017217', FALSE, '>');

INSERT INTO questions (question_id, language_id, topic_id, c_grade_id, level, question_text, explanation, interesting_fact)
VALUES ('103017218', 1, 3017, 8, 8, '1', '', 'כל התשובות נכונות') ON CONFLICT (question_id) DO UPDATE SET language_id = 1 ,topic_id= 3017,c_grade_id =8,level=8,question_text='1',explanation='',interesting_fact='כל התשובות נכונות';


INSERT INTO answer_options (question_id, correct_answer, answer_text)
VALUES ('103017218', TRUE, 'מהו הסימן החסר ב-0x25 __ 0:25') ;

INSERT INTO answer_options (question_id, correct_answer, answer_text)
VALUES ('103017218', FALSE, '#ERROR!');

INSERT INTO answer_options (question_id, correct_answer, answer_text)
VALUES ('103017218', FALSE, '<');

INSERT INTO answer_options (question_id, correct_answer, answer_text)
VALUES ('103017218', FALSE, '>');

INSERT INTO questions (question_id, language_id, topic_id, c_grade_id, level, question_text, explanation, interesting_fact)
VALUES ('103017219', 1, 3017, 9, 9, '1', '', 'אף אחת מהתשובות אינה נכונה') ON CONFLICT (question_id) DO UPDATE SET language_id = 1 ,topic_id= 3017,c_grade_id =9,level=9,question_text='1',explanation='',interesting_fact='אף אחת מהתשובות אינה נכונה';


INSERT INTO answer_options (question_id, correct_answer, answer_text)
VALUES ('103017219', TRUE, 'מהו הסימן החסר ב-0x80 __ 0:80') ;

INSERT INTO answer_options (question_id, correct_answer, answer_text)
VALUES ('103017219', FALSE, '#ERROR!');

INSERT INTO answer_options (question_id, correct_answer, answer_text)
VALUES ('103017219', FALSE, '<');

INSERT INTO answer_options (question_id, correct_answer, answer_text)
VALUES ('103017219', FALSE, '>');

INSERT INTO questions (question_id, language_id, topic_id, c_grade_id, level, question_text, explanation, interesting_fact)
VALUES ('103017220', 1, 3017, 0, 0, '1', '', 'זה תלוי') ON CONFLICT (question_id) DO UPDATE SET language_id = 1 ,topic_id= 3017,c_grade_id =0,level=0,question_text='1',explanation='',interesting_fact='זה תלוי';


INSERT INTO answer_options (question_id, correct_answer, answer_text)
VALUES ('103017220', TRUE, 'מהו הסימן החסר ב-0x30 __ 0:30') ;

INSERT INTO answer_options (question_id, correct_answer, answer_text)
VALUES ('103017220', FALSE, '#ERROR!');

INSERT INTO answer_options (question_id, correct_answer, answer_text)
VALUES ('103017220', FALSE, '<');

INSERT INTO answer_options (question_id, correct_answer, answer_text)
VALUES ('103017220', FALSE, '>');

INSERT INTO questions (question_id, language_id, topic_id, c_grade_id, level, question_text, explanation, interesting_fact)
VALUES ('103017301', 1, 3017, 1, 1, '1', '', 'כל התשובות נכונות') ON CONFLICT (question_id) DO UPDATE SET language_id = 1 ,topic_id= 3017,c_grade_id =1,level=1,question_text='1',explanation='',interesting_fact='כל התשובות נכונות';


INSERT INTO answer_options (question_id, correct_answer, answer_text)
VALUES ('103017301', TRUE, 'מהו הסימן החסר ב-16x0 __ 16-0') ;

INSERT INTO answer_options (question_id, correct_answer, answer_text)
VALUES ('103017301', FALSE, '>');

INSERT INTO answer_options (question_id, correct_answer, answer_text)
VALUES ('103017301', FALSE, '<');

INSERT INTO answer_options (question_id, correct_answer, answer_text)
VALUES ('103017301', FALSE, '#ERROR!');

INSERT INTO questions (question_id, language_id, topic_id, c_grade_id, level, question_text, explanation, interesting_fact)
VALUES ('103017302', 1, 3017, 2, 2, '1', '', 'אף אחת מהתשובות אינה נכונה') ON CONFLICT (question_id) DO UPDATE SET language_id = 1 ,topic_id= 3017,c_grade_id =2,level=2,question_text='1',explanation='',interesting_fact='אף אחת מהתשובות אינה נכונה';


INSERT INTO answer_options (question_id, correct_answer, answer_text)
VALUES ('103017302', TRUE, 'מהו הסימן החסר ב-12x0 __ 12-0') ;

INSERT INTO answer_options (question_id, correct_answer, answer_text)
VALUES ('103017302', FALSE, '>');

INSERT INTO answer_options (question_id, correct_answer, answer_text)
VALUES ('103017302', FALSE, '<');

INSERT INTO answer_options (question_id, correct_answer, answer_text)
VALUES ('103017302', FALSE, '#ERROR!');

INSERT INTO questions (question_id, language_id, topic_id, c_grade_id, level, question_text, explanation, interesting_fact)
VALUES ('103017303', 1, 3017, 3, 3, '1', '', 'זה תלוי') ON CONFLICT (question_id) DO UPDATE SET language_id = 1 ,topic_id= 3017,c_grade_id =3,level=3,question_text='1',explanation='',interesting_fact='זה תלוי';


INSERT INTO answer_options (question_id, correct_answer, answer_text)
VALUES ('103017303', TRUE, 'מהו הסימן החסר ב-5x0 __ 5-0') ;

INSERT INTO answer_options (question_id, correct_answer, answer_text)
VALUES ('103017303', FALSE, '>');

INSERT INTO answer_options (question_id, correct_answer, answer_text)
VALUES ('103017303', FALSE, '<');

INSERT INTO answer_options (question_id, correct_answer, answer_text)
VALUES ('103017303', FALSE, '#ERROR!');

INSERT INTO questions (question_id, language_id, topic_id, c_grade_id, level, question_text, explanation, interesting_fact)
VALUES ('103017304', 1, 3017, 4, 4, '1', '', 'כל התשובות נכונות') ON CONFLICT (question_id) DO UPDATE SET language_id = 1 ,topic_id= 3017,c_grade_id =4,level=4,question_text='1',explanation='',interesting_fact='כל התשובות נכונות';


INSERT INTO answer_options (question_id, correct_answer, answer_text)
VALUES ('103017304', TRUE, 'מהו הסימן החסר ב-20x0 __ 20-0') ;

INSERT INTO answer_options (question_id, correct_answer, answer_text)
VALUES ('103017304', FALSE, '>');

INSERT INTO answer_options (question_id, correct_answer, answer_text)
VALUES ('103017304', FALSE, '<');

INSERT INTO answer_options (question_id, correct_answer, answer_text)
VALUES ('103017304', FALSE, '#ERROR!');

INSERT INTO questions (question_id, language_id, topic_id, c_grade_id, level, question_text, explanation, interesting_fact)
VALUES ('103017305', 1, 3017, 5, 5, '1', '', 'אף אחת מהתשובות אינה נכונה') ON CONFLICT (question_id) DO UPDATE SET language_id = 1 ,topic_id= 3017,c_grade_id =5,level=5,question_text='1',explanation='',interesting_fact='אף אחת מהתשובות אינה נכונה';


INSERT INTO answer_options (question_id, correct_answer, answer_text)
VALUES ('103017305', TRUE, 'מהו הסימן החסר ב-8x0 __ 8-0') ;

INSERT INTO answer_options (question_id, correct_answer, answer_text)
VALUES ('103017305', FALSE, '>');

INSERT INTO answer_options (question_id, correct_answer, answer_text)
VALUES ('103017305', FALSE, '<');

INSERT INTO answer_options (question_id, correct_answer, answer_text)
VALUES ('103017305', FALSE, '#ERROR!');

INSERT INTO questions (question_id, language_id, topic_id, c_grade_id, level, question_text, explanation, interesting_fact)
VALUES ('103017306', 1, 3017, 6, 6, '1', '', 'זה תלוי') ON CONFLICT (question_id) DO UPDATE SET language_id = 1 ,topic_id= 3017,c_grade_id =6,level=6,question_text='1',explanation='',interesting_fact='זה תלוי';


INSERT INTO answer_options (question_id, correct_answer, answer_text)
VALUES ('103017306', TRUE, 'מהו הסימן החסר ב-0:24 __ 24-0') ;

INSERT INTO answer_options (question_id, correct_answer, answer_text)
VALUES ('103017306', FALSE, '<');

INSERT INTO answer_options (question_id, correct_answer, answer_text)
VALUES ('103017306', FALSE, '>');

INSERT INTO answer_options (question_id, correct_answer, answer_text)
VALUES ('103017306', FALSE, '#ERROR!');

INSERT INTO questions (question_id, language_id, topic_id, c_grade_id, level, question_text, explanation, interesting_fact)
VALUES ('103017307', 1, 3017, 7, 7, '1', '', 'כל התשובות נכונות') ON CONFLICT (question_id) DO UPDATE SET language_id = 1 ,topic_id= 3017,c_grade_id =7,level=7,question_text='1',explanation='',interesting_fact='כל התשובות נכונות';


INSERT INTO answer_options (question_id, correct_answer, answer_text)
VALUES ('103017307', TRUE, 'מהו הסימן החסר ב-0:30 __ 30-0') ;

INSERT INTO answer_options (question_id, correct_answer, answer_text)
VALUES ('103017307', FALSE, '<');

INSERT INTO answer_options (question_id, correct_answer, answer_text)
VALUES ('103017307', FALSE, '>');

INSERT INTO answer_options (question_id, correct_answer, answer_text)
VALUES ('103017307', FALSE, '#ERROR!');

INSERT INTO questions (question_id, language_id, topic_id, c_grade_id, level, question_text, explanation, interesting_fact)
VALUES ('103017308', 1, 3017, 8, 8, '1', '', 'אף אחת מהתשובות אינה נכונה') ON CONFLICT (question_id) DO UPDATE SET language_id = 1 ,topic_id= 3017,c_grade_id =8,level=8,question_text='1',explanation='',interesting_fact='אף אחת מהתשובות אינה נכונה';


INSERT INTO answer_options (question_id, correct_answer, answer_text)
VALUES ('103017308', TRUE, 'מהו הסימן החסר ב-0:10 __ 10-0') ;

INSERT INTO answer_options (question_id, correct_answer, answer_text)
VALUES ('103017308', FALSE, '<');

INSERT INTO answer_options (question_id, correct_answer, answer_text)
VALUES ('103017308', FALSE, '>');

INSERT INTO answer_options (question_id, correct_answer, answer_text)
VALUES ('103017308', FALSE, '#ERROR!');

INSERT INTO questions (question_id, language_id, topic_id, c_grade_id, level, question_text, explanation, interesting_fact)
VALUES ('103017309', 1, 3017, 9, 9, '1', '', 'זה תלוי') ON CONFLICT (question_id) DO UPDATE SET language_id = 1 ,topic_id= 3017,c_grade_id =9,level=9,question_text='1',explanation='',interesting_fact='זה תלוי';


INSERT INTO answer_options (question_id, correct_answer, answer_text)
VALUES ('103017309', TRUE, 'מהו הסימן החסר ב-0:15 __ 15-0') ;

INSERT INTO answer_options (question_id, correct_answer, answer_text)
VALUES ('103017309', FALSE, '<');

INSERT INTO answer_options (question_id, correct_answer, answer_text)
VALUES ('103017309', FALSE, '>');

INSERT INTO answer_options (question_id, correct_answer, answer_text)
VALUES ('103017309', FALSE, '#ERROR!');

INSERT INTO questions (question_id, language_id, topic_id, c_grade_id, level, question_text, explanation, interesting_fact)
VALUES ('103017310', 1, 3017, 0, 0, '1', '', 'כל התשובות נכונות') ON CONFLICT (question_id) DO UPDATE SET language_id = 1 ,topic_id= 3017,c_grade_id =0,level=0,question_text='1',explanation='',interesting_fact='כל התשובות נכונות';


INSERT INTO answer_options (question_id, correct_answer, answer_text)
VALUES ('103017310', TRUE, 'מהו הסימן החסר ב-0:35 __ 35-0') ;

INSERT INTO answer_options (question_id, correct_answer, answer_text)
VALUES ('103017310', FALSE, '<');

INSERT INTO answer_options (question_id, correct_answer, answer_text)
VALUES ('103017310', FALSE, '>');

INSERT INTO answer_options (question_id, correct_answer, answer_text)
VALUES ('103017310', FALSE, '#ERROR!');

INSERT INTO questions (question_id, language_id, topic_id, c_grade_id, level, question_text, explanation, interesting_fact)
VALUES ('103017311', 1, 3017, 1, 1, '1', '', 'כל התשובות נכונות') ON CONFLICT (question_id) DO UPDATE SET language_id = 1 ,topic_id= 3017,c_grade_id =1,level=1,question_text='1',explanation='',interesting_fact='כל התשובות נכונות';


INSERT INTO answer_options (question_id, correct_answer, answer_text)
VALUES ('103017311', TRUE, 'מלא את המספר החסר: 27-__ = 0 x __ .') ;

INSERT INTO answer_options (question_id, correct_answer, answer_text)
VALUES ('103017311', FALSE, '27');

INSERT INTO answer_options (question_id, correct_answer, answer_text)
VALUES ('103017311', FALSE, '0');

INSERT INTO answer_options (question_id, correct_answer, answer_text)
VALUES ('103017311', FALSE, '1');

INSERT INTO questions (question_id, language_id, topic_id, c_grade_id, level, question_text, explanation, interesting_fact)
VALUES ('103017312', 1, 3017, 2, 2, '1', '', 'כל התשובות נכונות') ON CONFLICT (question_id) DO UPDATE SET language_id = 1 ,topic_id= 3017,c_grade_id =2,level=2,question_text='1',explanation='',interesting_fact='כל התשובות נכונות';


INSERT INTO answer_options (question_id, correct_answer, answer_text)
VALUES ('103017312', TRUE, 'מלא את המספר החסר: 33-__ = 0 x __ .') ;

INSERT INTO answer_options (question_id, correct_answer, answer_text)
VALUES ('103017312', FALSE, '33');

INSERT INTO answer_options (question_id, correct_answer, answer_text)
VALUES ('103017312', FALSE, '0');

INSERT INTO answer_options (question_id, correct_answer, answer_text)
VALUES ('103017312', FALSE, '1');

INSERT INTO questions (question_id, language_id, topic_id, c_grade_id, level, question_text, explanation, interesting_fact)
VALUES ('103017313', 1, 3017, 3, 3, '1', '', 'כל התשובות נכונות') ON CONFLICT (question_id) DO UPDATE SET language_id = 1 ,topic_id= 3017,c_grade_id =3,level=3,question_text='1',explanation='',interesting_fact='כל התשובות נכונות';


INSERT INTO answer_options (question_id, correct_answer, answer_text)
VALUES ('103017313', TRUE, 'מלא את המספר החסר: 45-__ = 0 x __ .') ;

INSERT INTO answer_options (question_id, correct_answer, answer_text)
VALUES ('103017313', FALSE, '45');

INSERT INTO answer_options (question_id, correct_answer, answer_text)
VALUES ('103017313', FALSE, '0');

INSERT INTO answer_options (question_id, correct_answer, answer_text)
VALUES ('103017313', FALSE, '1');

INSERT INTO questions (question_id, language_id, topic_id, c_grade_id, level, question_text, explanation, interesting_fact)
VALUES ('103017314', 1, 3017, 4, 4, '1', '', 'כל התשובות נכונות') ON CONFLICT (question_id) DO UPDATE SET language_id = 1 ,topic_id= 3017,c_grade_id =4,level=4,question_text='1',explanation='',interesting_fact='כל התשובות נכונות';


INSERT INTO answer_options (question_id, correct_answer, answer_text)
VALUES ('103017314', TRUE, 'מלא את המספר החסר: 31-__ = 0 x __ .') ;

INSERT INTO answer_options (question_id, correct_answer, answer_text)
VALUES ('103017314', FALSE, '31');

INSERT INTO answer_options (question_id, correct_answer, answer_text)
VALUES ('103017314', FALSE, '0');

INSERT INTO answer_options (question_id, correct_answer, answer_text)
VALUES ('103017314', FALSE, '1');

INSERT INTO questions (question_id, language_id, topic_id, c_grade_id, level, question_text, explanation, interesting_fact)
VALUES ('103017315', 1, 3017, 5, 5, '1', '', 'כל התשובות נכונות') ON CONFLICT (question_id) DO UPDATE SET language_id = 1 ,topic_id= 3017,c_grade_id =5,level=5,question_text='1',explanation='',interesting_fact='כל התשובות נכונות';


INSERT INTO answer_options (question_id, correct_answer, answer_text)
VALUES ('103017315', TRUE, 'מלא את המספר החסר: 23-__ = 0 x __ .') ;

INSERT INTO answer_options (question_id, correct_answer, answer_text)
VALUES ('103017315', FALSE, '23');

INSERT INTO answer_options (question_id, correct_answer, answer_text)
VALUES ('103017315', FALSE, '0');

INSERT INTO answer_options (question_id, correct_answer, answer_text)
VALUES ('103017315', FALSE, '1');

INSERT INTO questions (question_id, language_id, topic_id, c_grade_id, level, question_text, explanation, interesting_fact)
VALUES ('103017316', 1, 3017, 6, 6, '1', '', '(1:1) x 1') ON CONFLICT (question_id) DO UPDATE SET language_id = 1 ,topic_id= 3017,c_grade_id =6,level=6,question_text='1',explanation='',interesting_fact='(1:1) x 1';


INSERT INTO answer_options (question_id, correct_answer, answer_text)
VALUES ('103017316', TRUE, 'איזה מהבאים נותן 1?') ;

INSERT INTO answer_options (question_id, correct_answer, answer_text)
VALUES ('103017316', FALSE, 'כל כמה שרשום לעיל');

INSERT INTO answer_options (question_id, correct_answer, answer_text)
VALUES ('103017316', FALSE, '(1 + 1)-1');

INSERT INTO answer_options (question_id, correct_answer, answer_text)
VALUES ('103017316', FALSE, '(1 x 1)-0');

INSERT INTO questions (question_id, language_id, topic_id, c_grade_id, level, question_text, explanation, interesting_fact)
VALUES ('103017317', 1, 3017, 7, 7, '1', '', '(1:1) x 0') ON CONFLICT (question_id) DO UPDATE SET language_id = 1 ,topic_id= 3017,c_grade_id =7,level=7,question_text='1',explanation='',interesting_fact='(1:1) x 0';


INSERT INTO answer_options (question_id, correct_answer, answer_text)
VALUES ('103017317', TRUE, 'איזה מהבאים נותן 0?') ;

INSERT INTO answer_options (question_id, correct_answer, answer_text)
VALUES ('103017317', FALSE, 'כל כמה שרשום לעיל');

INSERT INTO answer_options (question_id, correct_answer, answer_text)
VALUES ('103017317', FALSE, '(1-1) x 1');

INSERT INTO answer_options (question_id, correct_answer, answer_text)
VALUES ('103017317', FALSE, '(1 + 1) x 0');

INSERT INTO questions (question_id, language_id, topic_id, c_grade_id, level, question_text, explanation, interesting_fact)
VALUES ('103017318', 1, 3017, 8, 8, '2', '', '(1 x 1)-0') ON CONFLICT (question_id) DO UPDATE SET language_id = 1 ,topic_id= 3017,c_grade_id =8,level=8,question_text='2',explanation='',interesting_fact='(1 x 1)-0';


INSERT INTO answer_options (question_id, correct_answer, answer_text)
VALUES ('103017318', TRUE, 'איזה מהבאים נותן 0?') ;

INSERT INTO answer_options (question_id, correct_answer, answer_text)
VALUES ('103017318', FALSE, '(1:1) x 0');

INSERT INTO answer_options (question_id, correct_answer, answer_text)
VALUES ('103017318', FALSE, '(1 + 1) x 1');

INSERT INTO answer_options (question_id, correct_answer, answer_text)
VALUES ('103017318', FALSE, '(1 + 0) x 1');

INSERT INTO questions (question_id, language_id, topic_id, c_grade_id, level, question_text, explanation, interesting_fact)
VALUES ('103017319', 1, 3017, 9, 9, '1', '', '(1 x 1)-0') ON CONFLICT (question_id) DO UPDATE SET language_id = 1 ,topic_id= 3017,c_grade_id =9,level=9,question_text='1',explanation='',interesting_fact='(1 x 1)-0';


INSERT INTO answer_options (question_id, correct_answer, answer_text)
VALUES ('103017319', TRUE, 'איזה מהבאים נותן 0?') ;

INSERT INTO answer_options (question_id, correct_answer, answer_text)
VALUES ('103017319', FALSE, '(1-1) x 1');

INSERT INTO answer_options (question_id, correct_answer, answer_text)
VALUES ('103017319', FALSE, '(1 + 1)-1');

INSERT INTO answer_options (question_id, correct_answer, answer_text)
VALUES ('103017319', FALSE, '(1 + 0) x 1');

INSERT INTO questions (question_id, language_id, topic_id, c_grade_id, level, question_text, explanation, interesting_fact)
VALUES ('103017320', 1, 3017, 0, 0, '2', '', '(1 x 1)-0') ON CONFLICT (question_id) DO UPDATE SET language_id = 1 ,topic_id= 3017,c_grade_id =0,level=0,question_text='2',explanation='',interesting_fact='(1 x 1)-0';


INSERT INTO answer_options (question_id, correct_answer, answer_text)
VALUES ('103017320', TRUE, 'איזה מהבאים נותן 0?') ;

INSERT INTO answer_options (question_id, correct_answer, answer_text)
VALUES ('103017320', FALSE, '(1 + 1) x 0');

INSERT INTO answer_options (question_id, correct_answer, answer_text)
VALUES ('103017320', FALSE, 'כל כמה שרשום לעיל');

INSERT INTO answer_options (question_id, correct_answer, answer_text)
VALUES ('103017320', FALSE, '(1 + 1)-1');

INSERT INTO questions (question_id, language_id, topic_id, c_grade_id, level, question_text, explanation, interesting_fact)
VALUES ('103019101', 1, 3019, 1, 1, 'nan', '', '12') ON CONFLICT (question_id) DO UPDATE SET language_id = 1 ,topic_id= 3019,c_grade_id =1,level=1,question_text='nan',explanation='',interesting_fact='12';


INSERT INTO answer_options (question_id, correct_answer, answer_text)
VALUES ('103019101', TRUE, 'כמה זה 4+3X2?') ;

INSERT INTO answer_options (question_id, correct_answer, answer_text)
VALUES ('103019101', FALSE, '10');

INSERT INTO answer_options (question_id, correct_answer, answer_text)
VALUES ('103019101', FALSE, '14');

INSERT INTO answer_options (question_id, correct_answer, answer_text)
VALUES ('103019101', FALSE, '8');

INSERT INTO questions (question_id, language_id, topic_id, c_grade_id, level, question_text, explanation, interesting_fact)
VALUES ('103019102', 1, 3019, 2, 2, 'nan', '', '11') ON CONFLICT (question_id) DO UPDATE SET language_id = 1 ,topic_id= 3019,c_grade_id =2,level=2,question_text='nan',explanation='',interesting_fact='11';


INSERT INTO answer_options (question_id, correct_answer, answer_text)
VALUES ('103019102', TRUE, 'כמה זה 5-2+6?') ;

INSERT INTO answer_options (question_id, correct_answer, answer_text)
VALUES ('103019102', FALSE, '3');

INSERT INTO answer_options (question_id, correct_answer, answer_text)
VALUES ('103019102', FALSE, '7');

INSERT INTO answer_options (question_id, correct_answer, answer_text)
VALUES ('103019102', FALSE, '8');

INSERT INTO questions (question_id, language_id, topic_id, c_grade_id, level, question_text, explanation, interesting_fact)
VALUES ('103019103', 1, 3019, 3, 3, 'nan', '', '11') ON CONFLICT (question_id) DO UPDATE SET language_id = 1 ,topic_id= 3019,c_grade_id =3,level=3,question_text='nan',explanation='',interesting_fact='11';


INSERT INTO answer_options (question_id, correct_answer, answer_text)
VALUES ('103019103', TRUE, 'כמה זה 8x2-3?') ;

INSERT INTO answer_options (question_id, correct_answer, answer_text)
VALUES ('103019103', FALSE, '13');

INSERT INTO answer_options (question_id, correct_answer, answer_text)
VALUES ('103019103', FALSE, '16');

INSERT INTO answer_options (question_id, correct_answer, answer_text)
VALUES ('103019103', FALSE, '10');

INSERT INTO questions (question_id, language_id, topic_id, c_grade_id, level, question_text, explanation, interesting_fact)
VALUES ('103019104', 1, 3019, 4, 4, 'nan', '', '3') ON CONFLICT (question_id) DO UPDATE SET language_id = 1 ,topic_id= 3019,c_grade_id =4,level=4,question_text='nan',explanation='',interesting_fact='3';


INSERT INTO answer_options (question_id, correct_answer, answer_text)
VALUES ('103019104', TRUE, 'כמה זה 12:4+1?') ;

INSERT INTO answer_options (question_id, correct_answer, answer_text)
VALUES ('103019104', FALSE, '4');

INSERT INTO answer_options (question_id, correct_answer, answer_text)
VALUES ('103019104', FALSE, '5');

INSERT INTO answer_options (question_id, correct_answer, answer_text)
VALUES ('103019104', FALSE, '6');

INSERT INTO questions (question_id, language_id, topic_id, c_grade_id, level, question_text, explanation, interesting_fact)
VALUES ('103019105', 1, 3019, 5, 5, 'nan', '', '15') ON CONFLICT (question_id) DO UPDATE SET language_id = 1 ,topic_id= 3019,c_grade_id =5,level=5,question_text='nan',explanation='',interesting_fact='15';


INSERT INTO answer_options (question_id, correct_answer, answer_text)
VALUES ('103019105', TRUE, 'כמה זה 10+6:2?') ;

INSERT INTO answer_options (question_id, correct_answer, answer_text)
VALUES ('103019105', FALSE, '13');

INSERT INTO answer_options (question_id, correct_answer, answer_text)
VALUES ('103019105', FALSE, '14');

INSERT INTO answer_options (question_id, correct_answer, answer_text)
VALUES ('103019105', FALSE, '8');

INSERT INTO questions (question_id, language_id, topic_id, c_grade_id, level, question_text, explanation, interesting_fact)
VALUES ('103019106', 1, 3019, 6, 6, '1', '', '15') ON CONFLICT (question_id) DO UPDATE SET language_id = 1 ,topic_id= 3019,c_grade_id =6,level=6,question_text='1',explanation='',interesting_fact='15';


INSERT INTO answer_options (question_id, correct_answer, answer_text)
VALUES ('103019106', TRUE, 'כמה זה 9-2x3?') ;

INSERT INTO answer_options (question_id, correct_answer, answer_text)
VALUES ('103019106', FALSE, '3');

INSERT INTO answer_options (question_id, correct_answer, answer_text)
VALUES ('103019106', FALSE, '10');

INSERT INTO answer_options (question_id, correct_answer, answer_text)
VALUES ('103019106', FALSE, '4');

INSERT INTO questions (question_id, language_id, topic_id, c_grade_id, level, question_text, explanation, interesting_fact)
VALUES ('103019107', 1, 3019, 7, 7, 'nan', '', '10') ON CONFLICT (question_id) DO UPDATE SET language_id = 1 ,topic_id= 3019,c_grade_id =7,level=7,question_text='nan',explanation='',interesting_fact='10';


INSERT INTO answer_options (question_id, correct_answer, answer_text)
VALUES ('103019107', TRUE, 'כמה זה 7+4-5?') ;

INSERT INTO answer_options (question_id, correct_answer, answer_text)
VALUES ('103019107', FALSE, '6');

INSERT INTO answer_options (question_id, correct_answer, answer_text)
VALUES ('103019107', FALSE, '8');

INSERT INTO answer_options (question_id, correct_answer, answer_text)
VALUES ('103019107', FALSE, '9');

INSERT INTO questions (question_id, language_id, topic_id, c_grade_id, level, question_text, explanation, interesting_fact)
VALUES ('103019108', 1, 3019, 8, 8, '1', '', '18') ON CONFLICT (question_id) DO UPDATE SET language_id = 1 ,topic_id= 3019,c_grade_id =8,level=8,question_text='1',explanation='',interesting_fact='18';


INSERT INTO answer_options (question_id, correct_answer, answer_text)
VALUES ('103019108', TRUE, 'כמה זה 6x5÷3?') ;

INSERT INTO answer_options (question_id, correct_answer, answer_text)
VALUES ('103019108', FALSE, '10');

INSERT INTO answer_options (question_id, correct_answer, answer_text)
VALUES ('103019108', FALSE, '8');

INSERT INTO answer_options (question_id, correct_answer, answer_text)
VALUES ('103019108', FALSE, '15');

INSERT INTO questions (question_id, language_id, topic_id, c_grade_id, level, question_text, explanation, interesting_fact)
VALUES ('103019109', 1, 3019, 9, 9, '1', '', '8') ON CONFLICT (question_id) DO UPDATE SET language_id = 1 ,topic_id= 3019,c_grade_id =9,level=9,question_text='1',explanation='',interesting_fact='8';


INSERT INTO answer_options (question_id, correct_answer, answer_text)
VALUES ('103019109', TRUE, 'כמה זה 18÷6x2?') ;

INSERT INTO answer_options (question_id, correct_answer, answer_text)
VALUES ('103019109', FALSE, '6');

INSERT INTO answer_options (question_id, correct_answer, answer_text)
VALUES ('103019109', FALSE, '9');

INSERT INTO answer_options (question_id, correct_answer, answer_text)
VALUES ('103019109', FALSE, '12');

INSERT INTO questions (question_id, language_id, topic_id, c_grade_id, level, question_text, explanation, interesting_fact)
VALUES ('103019110', 1, 3019, 0, 0, '1', '', '7') ON CONFLICT (question_id) DO UPDATE SET language_id = 1 ,topic_id= 3019,c_grade_id =0,level=0,question_text='1',explanation='',interesting_fact='7';


INSERT INTO answer_options (question_id, correct_answer, answer_text)
VALUES ('103019110', TRUE, 'כמה זה 5-3+4?') ;

INSERT INTO answer_options (question_id, correct_answer, answer_text)
VALUES ('103019110', FALSE, '6');

INSERT INTO answer_options (question_id, correct_answer, answer_text)
VALUES ('103019110', FALSE, '5');

INSERT INTO answer_options (question_id, correct_answer, answer_text)
VALUES ('103019110', FALSE, '9');

INSERT INTO questions (question_id, language_id, topic_id, c_grade_id, level, question_text, explanation, interesting_fact)
VALUES ('103019111', 1, 3019, 1, 1, '1', '', '13') ON CONFLICT (question_id) DO UPDATE SET language_id = 1 ,topic_id= 3019,c_grade_id =1,level=1,question_text='1',explanation='',interesting_fact='13';


INSERT INTO answer_options (question_id, correct_answer, answer_text)
VALUES ('103019111', TRUE, 'כמה זה 7+2x4?') ;

INSERT INTO answer_options (question_id, correct_answer, answer_text)
VALUES ('103019111', FALSE, '15');

INSERT INTO answer_options (question_id, correct_answer, answer_text)
VALUES ('103019111', FALSE, '11');

INSERT INTO answer_options (question_id, correct_answer, answer_text)
VALUES ('103019111', FALSE, '9');

INSERT INTO questions (question_id, language_id, topic_id, c_grade_id, level, question_text, explanation, interesting_fact)
VALUES ('103019112', 1, 3019, 2, 2, '1', '', '5') ON CONFLICT (question_id) DO UPDATE SET language_id = 1 ,topic_id= 3019,c_grade_id =2,level=2,question_text='1',explanation='',interesting_fact='5';


INSERT INTO answer_options (question_id, correct_answer, answer_text)
VALUES ('103019112', TRUE, 'כמה זה 8:2+3?') ;

INSERT INTO answer_options (question_id, correct_answer, answer_text)
VALUES ('103019112', FALSE, '7');

INSERT INTO answer_options (question_id, correct_answer, answer_text)
VALUES ('103019112', FALSE, '8');

INSERT INTO answer_options (question_id, correct_answer, answer_text)
VALUES ('103019112', FALSE, '6');

INSERT INTO questions (question_id, language_id, topic_id, c_grade_id, level, question_text, explanation, interesting_fact)
VALUES ('103019113', 1, 3019, 3, 3, '1', '', '5') ON CONFLICT (question_id) DO UPDATE SET language_id = 1 ,topic_id= 3019,c_grade_id =3,level=3,question_text='1',explanation='',interesting_fact='5';


INSERT INTO answer_options (question_id, correct_answer, answer_text)
VALUES ('103019113', TRUE, 'כמה זה 6+3-1?') ;

INSERT INTO answer_options (question_id, correct_answer, answer_text)
VALUES ('103019113', FALSE, '8');

INSERT INTO answer_options (question_id, correct_answer, answer_text)
VALUES ('103019113', FALSE, '9');

INSERT INTO answer_options (question_id, correct_answer, answer_text)
VALUES ('103019113', FALSE, '7');

INSERT INTO questions (question_id, language_id, topic_id, c_grade_id, level, question_text, explanation, interesting_fact)
VALUES ('103019114', 1, 3019, 4, 4, 'nan', '', '5') ON CONFLICT (question_id) DO UPDATE SET language_id = 1 ,topic_id= 3019,c_grade_id =4,level=4,question_text='nan',explanation='',interesting_fact='5';


INSERT INTO answer_options (question_id, correct_answer, answer_text)
VALUES ('103019114', TRUE, 'כמה זה 9x2:6?') ;

INSERT INTO answer_options (question_id, correct_answer, answer_text)
VALUES ('103019114', FALSE, '3');

INSERT INTO answer_options (question_id, correct_answer, answer_text)
VALUES ('103019114', FALSE, '4');

INSERT INTO answer_options (question_id, correct_answer, answer_text)
VALUES ('103019114', FALSE, '2');

INSERT INTO questions (question_id, language_id, topic_id, c_grade_id, level, question_text, explanation, interesting_fact)
VALUES ('103019115', 1, 3019, 5, 5, '1', '', '9') ON CONFLICT (question_id) DO UPDATE SET language_id = 1 ,topic_id= 3019,c_grade_id =5,level=5,question_text='1',explanation='',interesting_fact='9';


INSERT INTO answer_options (question_id, correct_answer, answer_text)
VALUES ('103019115', TRUE, 'כמה זה 16:4x3?') ;

INSERT INTO answer_options (question_id, correct_answer, answer_text)
VALUES ('103019115', FALSE, '12');

INSERT INTO answer_options (question_id, correct_answer, answer_text)
VALUES ('103019115', FALSE, '14');

INSERT INTO answer_options (question_id, correct_answer, answer_text)
VALUES ('103019115', FALSE, '8');

INSERT INTO questions (question_id, language_id, topic_id, c_grade_id, level, question_text, explanation, interesting_fact)
VALUES ('103019116', 1, 3019, 6, 6, '1', '', '12') ON CONFLICT (question_id) DO UPDATE SET language_id = 1 ,topic_id= 3019,c_grade_id =6,level=6,question_text='1',explanation='',interesting_fact='12';


INSERT INTO answer_options (question_id, correct_answer, answer_text)
VALUES ('103019116', TRUE, 'כמה זה 10-2+6:2?') ;

INSERT INTO answer_options (question_id, correct_answer, answer_text)
VALUES ('103019116', FALSE, '11');

INSERT INTO answer_options (question_id, correct_answer, answer_text)
VALUES ('103019116', FALSE, '10');

INSERT INTO answer_options (question_id, correct_answer, answer_text)
VALUES ('103019116', FALSE, '7');

INSERT INTO questions (question_id, language_id, topic_id, c_grade_id, level, question_text, explanation, interesting_fact)
VALUES ('103019117', 1, 3019, 7, 7, '1', '', '17') ON CONFLICT (question_id) DO UPDATE SET language_id = 1 ,topic_id= 3019,c_grade_id =7,level=7,question_text='1',explanation='',interesting_fact='17';


INSERT INTO answer_options (question_id, correct_answer, answer_text)
VALUES ('103019117', TRUE, 'כמה זה 15+4-2x2?') ;

INSERT INTO answer_options (question_id, correct_answer, answer_text)
VALUES ('103019117', FALSE, '13');

INSERT INTO answer_options (question_id, correct_answer, answer_text)
VALUES ('103019117', FALSE, '11');

INSERT INTO answer_options (question_id, correct_answer, answer_text)
VALUES ('103019117', FALSE, '9');

INSERT INTO questions (question_id, language_id, topic_id, c_grade_id, level, question_text, explanation, interesting_fact)
VALUES ('103019118', 1, 3019, 8, 8, '1', '', '11') ON CONFLICT (question_id) DO UPDATE SET language_id = 1 ,topic_id= 3019,c_grade_id =8,level=8,question_text='1',explanation='',interesting_fact='11';


INSERT INTO answer_options (question_id, correct_answer, answer_text)
VALUES ('103019118', TRUE, 'כמה זה 12:3+5-1?') ;

INSERT INTO answer_options (question_id, correct_answer, answer_text)
VALUES ('103019118', FALSE, '8');

INSERT INTO answer_options (question_id, correct_answer, answer_text)
VALUES ('103019118', FALSE, '6');

INSERT INTO answer_options (question_id, correct_answer, answer_text)
VALUES ('103019118', FALSE, '9');

INSERT INTO questions (question_id, language_id, topic_id, c_grade_id, level, question_text, explanation, interesting_fact)
VALUES ('103019119', 1, 3019, 9, 9, '1', '', '13') ON CONFLICT (question_id) DO UPDATE SET language_id = 1 ,topic_id= 3019,c_grade_id =9,level=9,question_text='1',explanation='',interesting_fact='13';


INSERT INTO answer_options (question_id, correct_answer, answer_text)
VALUES ('103019119', TRUE, 'כמה זה 8+6:2-1?') ;

INSERT INTO answer_options (question_id, correct_answer, answer_text)
VALUES ('103019119', FALSE, '10');

INSERT INTO answer_options (question_id, correct_answer, answer_text)
VALUES ('103019119', FALSE, '11');

INSERT INTO answer_options (question_id, correct_answer, answer_text)
VALUES ('103019119', FALSE, '9');

INSERT INTO questions (question_id, language_id, topic_id, c_grade_id, level, question_text, explanation, interesting_fact)
VALUES ('103019120', 1, 3019, 0, 0, '1', '', '5') ON CONFLICT (question_id) DO UPDATE SET language_id = 1 ,topic_id= 3019,c_grade_id =0,level=0,question_text='1',explanation='',interesting_fact='5';


INSERT INTO answer_options (question_id, correct_answer, answer_text)
VALUES ('103019120', TRUE, 'כמה זה 9-3x2+4?') ;

INSERT INTO answer_options (question_id, correct_answer, answer_text)
VALUES ('103019120', FALSE, '7');

INSERT INTO answer_options (question_id, correct_answer, answer_text)
VALUES ('103019120', FALSE, '12');

INSERT INTO answer_options (question_id, correct_answer, answer_text)
VALUES ('103019120', FALSE, '10');

INSERT INTO questions (question_id, language_id, topic_id, c_grade_id, level, question_text, explanation, interesting_fact)
VALUES ('103019201', 1, 3019, 1, 1, '1', '', '11') ON CONFLICT (question_id) DO UPDATE SET language_id = 1 ,topic_id= 3019,c_grade_id =1,level=1,question_text='1',explanation='',interesting_fact='11';


INSERT INTO answer_options (question_id, correct_answer, answer_text)
VALUES ('103019201', TRUE, 'כמה זה 18:6+2x3?') ;

INSERT INTO answer_options (question_id, correct_answer, answer_text)
VALUES ('103019201', FALSE, '9');

INSERT INTO answer_options (question_id, correct_answer, answer_text)
VALUES ('103019201', FALSE, '10');

INSERT INTO answer_options (question_id, correct_answer, answer_text)
VALUES ('103019201', FALSE, '8');

INSERT INTO questions (question_id, language_id, topic_id, c_grade_id, level, question_text, explanation, interesting_fact)
VALUES ('103019202', 1, 3019, 2, 2, '1', '', '9') ON CONFLICT (question_id) DO UPDATE SET language_id = 1 ,topic_id= 3019,c_grade_id =2,level=2,question_text='1',explanation='',interesting_fact='9';


INSERT INTO answer_options (question_id, correct_answer, answer_text)
VALUES ('103019202', TRUE, 'כמה זה 7+5:5-2?') ;

INSERT INTO answer_options (question_id, correct_answer, answer_text)
VALUES ('103019202', FALSE, '6');

INSERT INTO answer_options (question_id, correct_answer, answer_text)
VALUES ('103019202', FALSE, '8');

INSERT INTO answer_options (question_id, correct_answer, answer_text)
VALUES ('103019202', FALSE, '5');

INSERT INTO questions (question_id, language_id, topic_id, c_grade_id, level, question_text, explanation, interesting_fact)
VALUES ('103019203', 1, 3019, 3, 3, 'nan', '', '16') ON CONFLICT (question_id) DO UPDATE SET language_id = 1 ,topic_id= 3019,c_grade_id =3,level=3,question_text='nan',explanation='',interesting_fact='16';


INSERT INTO answer_options (question_id, correct_answer, answer_text)
VALUES ('103019203', TRUE, 'כמה זה 14-2x3+6?') ;

INSERT INTO answer_options (question_id, correct_answer, answer_text)
VALUES ('103019203', FALSE, '14');

INSERT INTO answer_options (question_id, correct_answer, answer_text)
VALUES ('103019203', FALSE, '8');

INSERT INTO answer_options (question_id, correct_answer, answer_text)
VALUES ('103019203', FALSE, '12');

INSERT INTO questions (question_id, language_id, topic_id, c_grade_id, level, question_text, explanation, interesting_fact)
VALUES ('103019204', 1, 3019, 4, 4, '1', '', '11') ON CONFLICT (question_id) DO UPDATE SET language_id = 1 ,topic_id= 3019,c_grade_id =4,level=4,question_text='1',explanation='',interesting_fact='11';


INSERT INTO answer_options (question_id, correct_answer, answer_text)
VALUES ('103019204', TRUE, 'כמה זה 12:3+5-1?') ;

INSERT INTO answer_options (question_id, correct_answer, answer_text)
VALUES ('103019204', FALSE, '8');

INSERT INTO answer_options (question_id, correct_answer, answer_text)
VALUES ('103019204', FALSE, '6');

INSERT INTO answer_options (question_id, correct_answer, answer_text)
VALUES ('103019204', FALSE, '9');

INSERT INTO questions (question_id, language_id, topic_id, c_grade_id, level, question_text, explanation, interesting_fact)
VALUES ('103019205', 1, 3019, 5, 5, '1', '', '13') ON CONFLICT (question_id) DO UPDATE SET language_id = 1 ,topic_id= 3019,c_grade_id =5,level=5,question_text='1',explanation='',interesting_fact='13';


INSERT INTO answer_options (question_id, correct_answer, answer_text)
VALUES ('103019205', TRUE, 'כמה זה 8+6:2+1?') ;

INSERT INTO answer_options (question_id, correct_answer, answer_text)
VALUES ('103019205', FALSE, '12');

INSERT INTO answer_options (question_id, correct_answer, answer_text)
VALUES ('103019205', FALSE, '10');

INSERT INTO answer_options (question_id, correct_answer, answer_text)
VALUES ('103019205', FALSE, '9');

INSERT INTO questions (question_id, language_id, topic_id, c_grade_id, level, question_text, explanation, interesting_fact)
VALUES ('103019206', 1, 3019, 6, 6, '1', '', '20') ON CONFLICT (question_id) DO UPDATE SET language_id = 1 ,topic_id= 3019,c_grade_id =6,level=6,question_text='1',explanation='',interesting_fact='20';


INSERT INTO answer_options (question_id, correct_answer, answer_text)
VALUES ('103019206', TRUE, 'כמה זה 3x(2+4)?') ;

INSERT INTO answer_options (question_id, correct_answer, answer_text)
VALUES ('103019206', FALSE, '18');

INSERT INTO answer_options (question_id, correct_answer, answer_text)
VALUES ('103019206', FALSE, '12');

INSERT INTO answer_options (question_id, correct_answer, answer_text)
VALUES ('103019206', FALSE, '14');

INSERT INTO questions (question_id, language_id, topic_id, c_grade_id, level, question_text, explanation, interesting_fact)
VALUES ('103019207', 1, 3019, 7, 7, '1', '', '8') ON CONFLICT (question_id) DO UPDATE SET language_id = 1 ,topic_id= 3019,c_grade_id =7,level=7,question_text='1',explanation='',interesting_fact='8';


INSERT INTO answer_options (question_id, correct_answer, answer_text)
VALUES ('103019207', TRUE, 'כמה זה (5-2)4x?') ;

INSERT INTO answer_options (question_id, correct_answer, answer_text)
VALUES ('103019207', FALSE, '12');

INSERT INTO answer_options (question_id, correct_answer, answer_text)
VALUES ('103019207', FALSE, '7');

INSERT INTO answer_options (question_id, correct_answer, answer_text)
VALUES ('103019207', FALSE, '14');

INSERT INTO questions (question_id, language_id, topic_id, c_grade_id, level, question_text, explanation, interesting_fact)
VALUES ('103019208', 1, 3019, 8, 8, '1', '', '1') ON CONFLICT (question_id) DO UPDATE SET language_id = 1 ,topic_id= 3019,c_grade_id =8,level=8,question_text='1',explanation='',interesting_fact='1';


INSERT INTO answer_options (question_id, correct_answer, answer_text)
VALUES ('103019208', TRUE, 'כמה זה (2+1):6?') ;

INSERT INTO answer_options (question_id, correct_answer, answer_text)
VALUES ('103019208', FALSE, '2');

INSERT INTO answer_options (question_id, correct_answer, answer_text)
VALUES ('103019208', FALSE, '3');

INSERT INTO answer_options (question_id, correct_answer, answer_text)
VALUES ('103019208', FALSE, '4');

INSERT INTO questions (question_id, language_id, topic_id, c_grade_id, level, question_text, explanation, interesting_fact)
VALUES ('103019209', 1, 3019, 9, 9, '1', '', '6') ON CONFLICT (question_id) DO UPDATE SET language_id = 1 ,topic_id= 3019,c_grade_id =9,level=9,question_text='1',explanation='',interesting_fact='6';


INSERT INTO answer_options (question_id, correct_answer, answer_text)
VALUES ('103019209', TRUE, 'כמה זה 5:(8+2)?') ;

INSERT INTO answer_options (question_id, correct_answer, answer_text)
VALUES ('103019209', FALSE, '2');

INSERT INTO answer_options (question_id, correct_answer, answer_text)
VALUES ('103019209', FALSE, '4');

INSERT INTO answer_options (question_id, correct_answer, answer_text)
VALUES ('103019209', FALSE, '3');

INSERT INTO questions (question_id, language_id, topic_id, c_grade_id, level, question_text, explanation, interesting_fact)
VALUES ('103019210', 1, 3019, 0, 0, '1', '', '7') ON CONFLICT (question_id) DO UPDATE SET language_id = 1 ,topic_id= 3019,c_grade_id =0,level=0,question_text='1',explanation='',interesting_fact='7';


INSERT INTO answer_options (question_id, correct_answer, answer_text)
VALUES ('103019210', TRUE, 'כמה זה 9x(3-2)?') ;

INSERT INTO answer_options (question_id, correct_answer, answer_text)
VALUES ('103019210', FALSE, '9');

INSERT INTO answer_options (question_id, correct_answer, answer_text)
VALUES ('103019210', FALSE, '6');

INSERT INTO answer_options (question_id, correct_answer, answer_text)
VALUES ('103019210', FALSE, '12');

INSERT INTO questions (question_id, language_id, topic_id, c_grade_id, level, question_text, explanation, interesting_fact)
VALUES ('103019211', 1, 3019, 1, 1, '1', '', '6') ON CONFLICT (question_id) DO UPDATE SET language_id = 1 ,topic_id= 3019,c_grade_id =1,level=1,question_text='1',explanation='',interesting_fact='6';


INSERT INTO answer_options (question_id, correct_answer, answer_text)
VALUES ('103019211', TRUE, 'כמה זה 2-(7+4)?') ;

INSERT INTO answer_options (question_id, correct_answer, answer_text)
VALUES ('103019211', FALSE, '9');

INSERT INTO answer_options (question_id, correct_answer, answer_text)
VALUES ('103019211', FALSE, '10');

INSERT INTO answer_options (question_id, correct_answer, answer_text)
VALUES ('103019211', FALSE, '5');

INSERT INTO questions (question_id, language_id, topic_id, c_grade_id, level, question_text, explanation, interesting_fact)
VALUES ('103019212', 1, 3019, 2, 2, '1', '', '4') ON CONFLICT (question_id) DO UPDATE SET language_id = 1 ,topic_id= 3019,c_grade_id =2,level=2,question_text='1',explanation='',interesting_fact='4';


INSERT INTO answer_options (question_id, correct_answer, answer_text)
VALUES ('103019212', TRUE, 'כמה זה 7:(5+2)?') ;

INSERT INTO answer_options (question_id, correct_answer, answer_text)
VALUES ('103019212', FALSE, '1');

INSERT INTO answer_options (question_id, correct_answer, answer_text)
VALUES ('103019212', FALSE, '2');

INSERT INTO answer_options (question_id, correct_answer, answer_text)
VALUES ('103019212', FALSE, '3');

INSERT INTO questions (question_id, language_id, topic_id, c_grade_id, level, question_text, explanation, interesting_fact)
VALUES ('103019213', 1, 3019, 3, 3, '1', '', '8') ON CONFLICT (question_id) DO UPDATE SET language_id = 1 ,topic_id= 3019,c_grade_id =3,level=3,question_text='1',explanation='',interesting_fact='8';


INSERT INTO answer_options (question_id, correct_answer, answer_text)
VALUES ('103019213', TRUE, 'כמה זה (6-3)2x?') ;

INSERT INTO answer_options (question_id, correct_answer, answer_text)
VALUES ('103019213', FALSE, '6');

INSERT INTO answer_options (question_id, correct_answer, answer_text)
VALUES ('103019213', FALSE, '3');

INSERT INTO answer_options (question_id, correct_answer, answer_text)
VALUES ('103019213', FALSE, '4');

INSERT INTO questions (question_id, language_id, topic_id, c_grade_id, level, question_text, explanation, interesting_fact)
VALUES ('103019214', 1, 3019, 4, 4, '1', '', '8') ON CONFLICT (question_id) DO UPDATE SET language_id = 1 ,topic_id= 3019,c_grade_id =4,level=4,question_text='1',explanation='',interesting_fact='8';


INSERT INTO answer_options (question_id, correct_answer, answer_text)
VALUES ('103019214', TRUE, 'כמה זה 4x(2+3)?') ;

INSERT INTO answer_options (question_id, correct_answer, answer_text)
VALUES ('103019214', FALSE, '20');

INSERT INTO answer_options (question_id, correct_answer, answer_text)
VALUES ('103019214', FALSE, '10');

INSERT INTO answer_options (question_id, correct_answer, answer_text)
VALUES ('103019214', FALSE, '15');

INSERT INTO questions (question_id, language_id, topic_id, c_grade_id, level, question_text, explanation, interesting_fact)
VALUES ('103019215', 1, 3019, 5, 5, '1', '', '7') ON CONFLICT (question_id) DO UPDATE SET language_id = 1 ,topic_id= 3019,c_grade_id =5,level=5,question_text='1',explanation='',interesting_fact='7';


INSERT INTO answer_options (question_id, correct_answer, answer_text)
VALUES ('103019215', TRUE, 'כמה זה 3:(9+6)?') ;

INSERT INTO answer_options (question_id, correct_answer, answer_text)
VALUES ('103019215', FALSE, '5');

INSERT INTO answer_options (question_id, correct_answer, answer_text)
VALUES ('103019215', FALSE, '6');

INSERT INTO answer_options (question_id, correct_answer, answer_text)
VALUES ('103019215', FALSE, '4');

INSERT INTO questions (question_id, language_id, topic_id, c_grade_id, level, question_text, explanation, interesting_fact)
VALUES ('103019216', 1, 3019, 6, 6, '1', '', '12') ON CONFLICT (question_id) DO UPDATE SET language_id = 1 ,topic_id= 3019,c_grade_id =6,level=6,question_text='1',explanation='',interesting_fact='12';


INSERT INTO answer_options (question_id, correct_answer, answer_text)
VALUES ('103019216', TRUE, 'כמה זה (3+2) כפול (4-1)?') ;

INSERT INTO answer_options (question_id, correct_answer, answer_text)
VALUES ('103019216', FALSE, '15');

INSERT INTO answer_options (question_id, correct_answer, answer_text)
VALUES ('103019216', FALSE, '10');

INSERT INTO answer_options (question_id, correct_answer, answer_text)
VALUES ('103019216', FALSE, '9');

INSERT INTO questions (question_id, language_id, topic_id, c_grade_id, level, question_text, explanation, interesting_fact)
VALUES ('103019217', 1, 3019, 7, 7, '1', '', '14') ON CONFLICT (question_id) DO UPDATE SET language_id = 1 ,topic_id= 3019,c_grade_id =7,level=7,question_text='1',explanation='',interesting_fact='14';


INSERT INTO answer_options (question_id, correct_answer, answer_text)
VALUES ('103019217', TRUE, 'כמה זה (6-2) כפול (5+1)?') ;

INSERT INTO answer_options (question_id, correct_answer, answer_text)
VALUES ('103019217', FALSE, '24');

INSERT INTO answer_options (question_id, correct_answer, answer_text)
VALUES ('103019217', FALSE, '20');

INSERT INTO answer_options (question_id, correct_answer, answer_text)
VALUES ('103019217', FALSE, '18');

INSERT INTO questions (question_id, language_id, topic_id, c_grade_id, level, question_text, explanation, interesting_fact)
VALUES ('103019218', 1, 3019, 8, 8, '1', '', '14') ON CONFLICT (question_id) DO UPDATE SET language_id = 1 ,topic_id= 3019,c_grade_id =8,level=8,question_text='1',explanation='',interesting_fact='14';


INSERT INTO answer_options (question_id, correct_answer, answer_text)
VALUES ('103019218', TRUE, 'כמה זה (2-1):(8+3)?') ;

INSERT INTO answer_options (question_id, correct_answer, answer_text)
VALUES ('103019218', FALSE, '11');

INSERT INTO answer_options (question_id, correct_answer, answer_text)
VALUES ('103019218', FALSE, '9');

INSERT INTO answer_options (question_id, correct_answer, answer_text)
VALUES ('103019218', FALSE, '7');

INSERT INTO questions (question_id, language_id, topic_id, c_grade_id, level, question_text, explanation, interesting_fact)
VALUES ('103019219', 1, 3019, 9, 9, '1', '', '40') ON CONFLICT (question_id) DO UPDATE SET language_id = 1 ,topic_id= 3019,c_grade_id =9,level=9,question_text='1',explanation='',interesting_fact='40';


INSERT INTO answer_options (question_id, correct_answer, answer_text)
VALUES ('103019219', TRUE, 'כמה זה (9+2)x(6-2)?') ;

INSERT INTO answer_options (question_id, correct_answer, answer_text)
VALUES ('103019219', FALSE, '44');

INSERT INTO answer_options (question_id, correct_answer, answer_text)
VALUES ('103019219', FALSE, '36');

INSERT INTO answer_options (question_id, correct_answer, answer_text)
VALUES ('103019219', FALSE, '48');

INSERT INTO questions (question_id, language_id, topic_id, c_grade_id, level, question_text, explanation, interesting_fact)
VALUES ('103019220', 1, 3019, 0, 0, '1', '', '32') ON CONFLICT (question_id) DO UPDATE SET language_id = 1 ,topic_id= 3019,c_grade_id =0,level=0,question_text='1',explanation='',interesting_fact='32';


INSERT INTO answer_options (question_id, correct_answer, answer_text)
VALUES ('103019220', TRUE, 'כמה זה (10-4)x(5+3)?') ;

INSERT INTO answer_options (question_id, correct_answer, answer_text)
VALUES ('103019220', FALSE, '48');

INSERT INTO answer_options (question_id, correct_answer, answer_text)
VALUES ('103019220', FALSE, '36');

INSERT INTO answer_options (question_id, correct_answer, answer_text)
VALUES ('103019220', FALSE, '42');

INSERT INTO questions (question_id, language_id, topic_id, c_grade_id, level, question_text, explanation, interesting_fact)
VALUES ('103019301', 1, 3019, 1, 1, 'nan', '', '5') ON CONFLICT (question_id) DO UPDATE SET language_id = 1 ,topic_id= 3019,c_grade_id =1,level=1,question_text='nan',explanation='',interesting_fact='5';


INSERT INTO answer_options (question_id, correct_answer, answer_text)
VALUES ('103019301', TRUE, 'כמה זה (2+2):(12+0)?') ;

INSERT INTO answer_options (question_id, correct_answer, answer_text)
VALUES ('103019301', FALSE, '3');

INSERT INTO answer_options (question_id, correct_answer, answer_text)
VALUES ('103019301', FALSE, '2');

INSERT INTO answer_options (question_id, correct_answer, answer_text)
VALUES ('103019301', FALSE, '4');

INSERT INTO questions (question_id, language_id, topic_id, c_grade_id, level, question_text, explanation, interesting_fact)
VALUES ('103019302', 1, 3019, 2, 2, '1', '', '64') ON CONFLICT (question_id) DO UPDATE SET language_id = 1 ,topic_id= 3019,c_grade_id =2,level=2,question_text='1',explanation='',interesting_fact='64';


INSERT INTO answer_options (question_id, correct_answer, answer_text)
VALUES ('103019302', TRUE, 'כמה זה (14-3)x(7+1)?') ;

INSERT INTO answer_options (question_id, correct_answer, answer_text)
VALUES ('103019302', FALSE, '88');

INSERT INTO answer_options (question_id, correct_answer, answer_text)
VALUES ('103019302', FALSE, '80');

INSERT INTO answer_options (question_id, correct_answer, answer_text)
VALUES ('103019302', FALSE, '72');

INSERT INTO questions (question_id, language_id, topic_id, c_grade_id, level, question_text, explanation, interesting_fact)
VALUES ('103019303', 1, 3019, 3, 3, '1', '', '7') ON CONFLICT (question_id) DO UPDATE SET language_id = 1 ,topic_id= 3019,c_grade_id =3,level=3,question_text='1',explanation='',interesting_fact='7';


INSERT INTO answer_options (question_id, correct_answer, answer_text)
VALUES ('103019303', TRUE, 'כמה זה (4-1):(16+2)?') ;

INSERT INTO answer_options (question_id, correct_answer, answer_text)
VALUES ('103019303', FALSE, '6');

INSERT INTO answer_options (question_id, correct_answer, answer_text)
VALUES ('103019303', FALSE, '8');

INSERT INTO answer_options (question_id, correct_answer, answer_text)
VALUES ('103019303', FALSE, '5');

INSERT INTO questions (question_id, language_id, topic_id, c_grade_id, level, question_text, explanation, interesting_fact)
VALUES ('103019304', 1, 3019, 4, 4, '1', '', '18') ON CONFLICT (question_id) DO UPDATE SET language_id = 1 ,topic_id= 3019,c_grade_id =4,level=4,question_text='1',explanation='',interesting_fact='18';


INSERT INTO answer_options (question_id, correct_answer, answer_text)
VALUES ('103019304', TRUE, 'כמה זה 3x(2+4)-1?') ;

INSERT INTO answer_options (question_id, correct_answer, answer_text)
VALUES ('103019304', FALSE, '17');

INSERT INTO answer_options (question_id, correct_answer, answer_text)
VALUES ('103019304', FALSE, '15');

INSERT INTO answer_options (question_id, correct_answer, answer_text)
VALUES ('103019304', FALSE, '14');

INSERT INTO questions (question_id, language_id, topic_id, c_grade_id, level, question_text, explanation, interesting_fact)
VALUES ('103019305', 1, 3019, 5, 5, '1', '', '14') ON CONFLICT (question_id) DO UPDATE SET language_id = 1 ,topic_id= 3019,c_grade_id =5,level=5,question_text='1',explanation='',interesting_fact='14';


INSERT INTO answer_options (question_id, correct_answer, answer_text)
VALUES ('103019305', TRUE, 'כמה זה (2-1):(8+3)+2?') ;

INSERT INTO answer_options (question_id, correct_answer, answer_text)
VALUES ('103019305', FALSE, '13');

INSERT INTO answer_options (question_id, correct_answer, answer_text)
VALUES ('103019305', FALSE, '12');

INSERT INTO answer_options (question_id, correct_answer, answer_text)
VALUES ('103019305', FALSE, '11');

INSERT INTO questions (question_id, language_id, topic_id, c_grade_id, level, question_text, explanation, interesting_fact)
VALUES ('103019306', 1, 3019, 6, 6, '1', '', '16') ON CONFLICT (question_id) DO UPDATE SET language_id = 1 ,topic_id= 3019,c_grade_id =6,level=6,question_text='1',explanation='',interesting_fact='16';


INSERT INTO answer_options (question_id, correct_answer, answer_text)
VALUES ('103019306', TRUE, 'כמה זה 9x(3-2)+5?') ;

INSERT INTO answer_options (question_id, correct_answer, answer_text)
VALUES ('103019306', FALSE, '14');

INSERT INTO answer_options (question_id, correct_answer, answer_text)
VALUES ('103019306', FALSE, '12');

INSERT INTO answer_options (question_id, correct_answer, answer_text)
VALUES ('103019306', FALSE, '11');

INSERT INTO questions (question_id, language_id, topic_id, c_grade_id, level, question_text, explanation, interesting_fact)
VALUES ('103019307', 1, 3019, 7, 7, '1', '', '18') ON CONFLICT (question_id) DO UPDATE SET language_id = 1 ,topic_id= 3019,c_grade_id =7,level=7,question_text='1',explanation='',interesting_fact='18';


INSERT INTO answer_options (question_id, correct_answer, answer_text)
VALUES ('103019307', TRUE, 'כמה זה 4x(2+3)-1?') ;

INSERT INTO answer_options (question_id, correct_answer, answer_text)
VALUES ('103019307', FALSE, '19');

INSERT INTO answer_options (question_id, correct_answer, answer_text)
VALUES ('103019307', FALSE, '16');

INSERT INTO answer_options (question_id, correct_answer, answer_text)
VALUES ('103019307', FALSE, '15');

INSERT INTO questions (question_id, language_id, topic_id, c_grade_id, level, question_text, explanation, interesting_fact)
VALUES ('103019308', 1, 3019, 8, 8, '1', '', '24') ON CONFLICT (question_id) DO UPDATE SET language_id = 1 ,topic_id= 3019,c_grade_id =8,level=8,question_text='1',explanation='',interesting_fact='24';


INSERT INTO answer_options (question_id, correct_answer, answer_text)
VALUES ('103019308', TRUE, 'כמה זה 1x(6-2)x(5+2)?') ;

INSERT INTO answer_options (question_id, correct_answer, answer_text)
VALUES ('103019308', FALSE, '28');

INSERT INTO answer_options (question_id, correct_answer, answer_text)
VALUES ('103019308', FALSE, '25');

INSERT INTO answer_options (question_id, correct_answer, answer_text)
VALUES ('103019308', FALSE, '31');

INSERT INTO questions (question_id, language_id, topic_id, c_grade_id, level, question_text, explanation, interesting_fact)
VALUES ('103019309', 1, 3019, 9, 9, '1', '', '17') ON CONFLICT (question_id) DO UPDATE SET language_id = 1 ,topic_id= 3019,c_grade_id =9,level=9,question_text='1',explanation='',interesting_fact='17';


INSERT INTO answer_options (question_id, correct_answer, answer_text)
VALUES ('103019309', TRUE, 'כמה זה (2-1):(9+4)+3?') ;

INSERT INTO answer_options (question_id, correct_answer, answer_text)
VALUES ('103019309', FALSE, '16');

INSERT INTO answer_options (question_id, correct_answer, answer_text)
VALUES ('103019309', FALSE, '15');

INSERT INTO answer_options (question_id, correct_answer, answer_text)
VALUES ('103019309', FALSE, '14');

INSERT INTO questions (question_id, language_id, topic_id, c_grade_id, level, question_text, explanation, interesting_fact)
VALUES ('103019310', 1, 3019, 0, 0, '1', '', '18') ON CONFLICT (question_id) DO UPDATE SET language_id = 1 ,topic_id= 3019,c_grade_id =0,level=0,question_text='1',explanation='',interesting_fact='18';


INSERT INTO answer_options (question_id, correct_answer, answer_text)
VALUES ('103019310', TRUE, 'כמה זה 10x(3-2)+6?') ;

INSERT INTO answer_options (question_id, correct_answer, answer_text)
VALUES ('103019310', FALSE, '16');

INSERT INTO answer_options (question_id, correct_answer, answer_text)
VALUES ('103019310', FALSE, '14');

INSERT INTO answer_options (question_id, correct_answer, answer_text)
VALUES ('103019310', FALSE, '15');

INSERT INTO questions (question_id, language_id, topic_id, c_grade_id, level, question_text, explanation, interesting_fact)
VALUES ('103019311', 1, 3019, 1, 1, '1', '', '16') ON CONFLICT (question_id) DO UPDATE SET language_id = 1 ,topic_id= 3019,c_grade_id =1,level=1,question_text='1',explanation='',interesting_fact='16';


INSERT INTO answer_options (question_id, correct_answer, answer_text)
VALUES ('103019311', TRUE, 'לאופה יש 140 מאפים. אם הוא רוצה להציג אותם באופן שווה על 7 מגשים בחלון הראווה ו-3 מגשים על השיש, כמה מאפים יכיל כל מגש?') ;

INSERT INTO answer_options (question_id, correct_answer, answer_text)
VALUES ('103019311', FALSE, '14');

INSERT INTO answer_options (question_id, correct_answer, answer_text)
VALUES ('103019311', FALSE, '13');

INSERT INTO answer_options (question_id, correct_answer, answer_text)
VALUES ('103019311', FALSE, '15');

INSERT INTO questions (question_id, language_id, topic_id, c_grade_id, level, question_text, explanation, interesting_fact)
VALUES ('103019312', 1, 3019, 2, 2, '1', '', '12') ON CONFLICT (question_id) DO UPDATE SET language_id = 1 ,topic_id= 3019,c_grade_id =2,level=2,question_text='1',explanation='',interesting_fact='12';


INSERT INTO answer_options (question_id, correct_answer, answer_text)
VALUES ('103019312', TRUE, 'בגן חיות יש 60 בעלי חיים להצגה שווה ב-5 מתחמים בחלק הצפוני ומתחם אחד בחלק הדרומי. כמה חיות יהיו בכל מתחם?') ;

INSERT INTO answer_options (question_id, correct_answer, answer_text)
VALUES ('103019312', FALSE, '10');

INSERT INTO answer_options (question_id, correct_answer, answer_text)
VALUES ('103019312', FALSE, '9');

INSERT INTO answer_options (question_id, correct_answer, answer_text)
VALUES ('103019312', FALSE, '11');

INSERT INTO questions (question_id, language_id, topic_id, c_grade_id, level, question_text, explanation, interesting_fact)
VALUES ('103019313', 1, 3019, 3, 3, '1', '', '13') ON CONFLICT (question_id) DO UPDATE SET language_id = 1 ,topic_id= 3019,c_grade_id =3,level=3,question_text='1',explanation='',interesting_fact='13';


INSERT INTO answer_options (question_id, correct_answer, answer_text)
VALUES ('103019313', TRUE, 'בחנות ממתקים יש לחלק 90 סוכריות באופן שווה בין 3 צנצנות במדף העליון ו-3 צנצנות במדף התחתון. כמה סוכריות תכיל כל צנצנת?') ;

INSERT INTO answer_options (question_id, correct_answer, answer_text)
VALUES ('103019313', FALSE, '15');

INSERT INTO answer_options (question_id, correct_answer, answer_text)
VALUES ('103019313', FALSE, '14');

INSERT INTO answer_options (question_id, correct_answer, answer_text)
VALUES ('103019313', FALSE, '16');

INSERT INTO questions (question_id, language_id, topic_id, c_grade_id, level, question_text, explanation, interesting_fact)
VALUES ('103019314', 1, 3019, 4, 4, '1', '', '19') ON CONFLICT (question_id) DO UPDATE SET language_id = 1 ,topic_id= 3019,c_grade_id =4,level=4,question_text='1',explanation='',interesting_fact='19';


INSERT INTO answer_options (question_id, correct_answer, answer_text)
VALUES ('103019314', TRUE, 'במוזיאון, 240 חפצים צריכים להיות מוצגים באופן שווה על פני 8 גלריות באגף המזרחי ו-4 גלריות באגף המערבי. כמה חפצים תציג כל גלריה?') ;

INSERT INTO answer_options (question_id, correct_answer, answer_text)
VALUES ('103019314', FALSE, '20');

INSERT INTO answer_options (question_id, correct_answer, answer_text)
VALUES ('103019314', FALSE, '22');

INSERT INTO answer_options (question_id, correct_answer, answer_text)
VALUES ('103019314', FALSE, '21');

INSERT INTO questions (question_id, language_id, topic_id, c_grade_id, level, question_text, explanation, interesting_fact)
VALUES ('103019315', 1, 3019, 5, 5, '1', '', '28') ON CONFLICT (question_id) DO UPDATE SET language_id = 1 ,topic_id= 3019,c_grade_id =5,level=5,question_text='1',explanation='',interesting_fact='28';


INSERT INTO answer_options (question_id, correct_answer, answer_text)
VALUES ('103019315', TRUE, 'מפעל מייצר 300 צעצועים. אם צריך לארוז אותם באופן שווה ל-5 קופסאות לחנות A ו-5 קופסאות לחנות B, כמה צעצועים תכיל כל קופסה?') ;

INSERT INTO answer_options (question_id, correct_answer, answer_text)
VALUES ('103019315', FALSE, '30');

INSERT INTO answer_options (question_id, correct_answer, answer_text)
VALUES ('103019315', FALSE, '29');

INSERT INTO answer_options (question_id, correct_answer, answer_text)
VALUES ('103019315', FALSE, '31');

INSERT INTO questions (question_id, language_id, topic_id, c_grade_id, level, question_text, explanation, interesting_fact)
VALUES ('103019316', 1, 3019, 6, 6, '1', '', '8') ON CONFLICT (question_id) DO UPDATE SET language_id = 1 ,topic_id= 3019,c_grade_id =6,level=6,question_text='1',explanation='',interesting_fact='8';


INSERT INTO answer_options (question_id, correct_answer, answer_text)
VALUES ('103019316', TRUE, 'אם יש לך 8 שקיות, ובכל שקית יש 10 תפוזים, כמה תפוזים יש לך בסך הכל?') ;

INSERT INTO answer_options (question_id, correct_answer, answer_text)
VALUES ('103019316', FALSE, '80');

INSERT INTO answer_options (question_id, correct_answer, answer_text)
VALUES ('103019316', FALSE, '800');

INSERT INTO answer_options (question_id, correct_answer, answer_text)
VALUES ('103019316', FALSE, '40');

INSERT INTO questions (question_id, language_id, topic_id, c_grade_id, level, question_text, explanation, interesting_fact)
VALUES ('103019317', 1, 3019, 7, 7, '1', '', 'אף אחת מהתשובות אינה נכונה') ON CONFLICT (question_id) DO UPDATE SET language_id = 1 ,topic_id= 3019,c_grade_id =7,level=7,question_text='1',explanation='',interesting_fact='אף אחת מהתשובות אינה נכונה';


INSERT INTO answer_options (question_id, correct_answer, answer_text)
VALUES ('103019317', TRUE, 'כמה מכיל יותר? 5 שקיות אדומות עם 10 סוכריות בכל שקית, או 10 שקיות ירוקות עם 5 סוכריות בכל שקית?') ;

INSERT INTO answer_options (question_id, correct_answer, answer_text)
VALUES ('103019317', FALSE, 'הם מכילים את אותה כמות');

INSERT INTO answer_options (question_id, correct_answer, answer_text)
VALUES ('103019317', FALSE, '5 שקיות אדומות עם 10 סוכריות כל אחת');

INSERT INTO answer_options (question_id, correct_answer, answer_text)
VALUES ('103019317', FALSE, '10 שקיות ירוקות עם 5 סוכריות כל אחת');

INSERT INTO questions (question_id, language_id, topic_id, c_grade_id, level, question_text, explanation, interesting_fact)
VALUES ('103019318', 1, 3019, 8, 8, '1', '', 'אף אחת מהתשובות אינה נכונה') ON CONFLICT (question_id) DO UPDATE SET language_id = 1 ,topic_id= 3019,c_grade_id =8,level=8,question_text='1',explanation='',interesting_fact='אף אחת מהתשובות אינה נכונה';


INSERT INTO answer_options (question_id, correct_answer, answer_text)
VALUES ('103019318', TRUE, 'כמה מכיל יותר? 7 סלסלות כתומות עם 100 תפוחים בכל סלסילה, או 100 סלסילות סגולות עם 7 תפוחים בכל סל?') ;

INSERT INTO answer_options (question_id, correct_answer, answer_text)
VALUES ('103019318', FALSE, 'הם מכילים את אותה כמות');

INSERT INTO answer_options (question_id, correct_answer, answer_text)
VALUES ('103019318', FALSE, '7 סלסלות כתומות עם 100 תפוחים כל אחת');

INSERT INTO answer_options (question_id, correct_answer, answer_text)
VALUES ('103019318', FALSE, '100 סלסלות סגולות עם 7 תפוחים כל אחת');

INSERT INTO questions (question_id, language_id, topic_id, c_grade_id, level, question_text, explanation, interesting_fact)
VALUES ('103019319', 1, 3019, 9, 9, '1', '', 'אף אחת מהתשובות אינה נכונה') ON CONFLICT (question_id) DO UPDATE SET language_id = 1 ,topic_id= 3019,c_grade_id =9,level=9,question_text='1',explanation='',interesting_fact='אף אחת מהתשובות אינה נכונה';


INSERT INTO answer_options (question_id, correct_answer, answer_text)
VALUES ('103019319', TRUE, 'כמה מכיל יותר? 4 דליים ירוקים עם 10 כדורים בכל דלי, או 10 דליים כחולים עם 4 כדורים בכל דלי?') ;

INSERT INTO answer_options (question_id, correct_answer, answer_text)
VALUES ('103019319', FALSE, 'הם מכילים את אותה כמות');

INSERT INTO answer_options (question_id, correct_answer, answer_text)
VALUES ('103019319', FALSE, '4 דליים ירוקים');

INSERT INTO answer_options (question_id, correct_answer, answer_text)
VALUES ('103019319', FALSE, '10 דליים כחולים');

INSERT INTO questions (question_id, language_id, topic_id, c_grade_id, level, question_text, explanation, interesting_fact)
VALUES ('103019320', 1, 3019, 0, 0, '1', '', 'אף אחת מהתשובות אינה נכונה') ON CONFLICT (question_id) DO UPDATE SET language_id = 1 ,topic_id= 3019,c_grade_id =0,level=0,question_text='1',explanation='',interesting_fact='אף אחת מהתשובות אינה נכונה';


INSERT INTO answer_options (question_id, correct_answer, answer_text)
VALUES ('103019320', TRUE, 'כמה מכיל יותר? 10 תיקיות אדומות עם 5 ניירות בכל תיקייה, או 5 תיקיות כחולות עם 10 ניירות בכל תיקייה?') ;

INSERT INTO answer_options (question_id, correct_answer, answer_text)
VALUES ('103019320', FALSE, 'הם מכילים את אותה כמות');

INSERT INTO answer_options (question_id, correct_answer, answer_text)
VALUES ('103019320', FALSE, '10 תיקיות אדומות עם 5 ניירות כל אחת');

INSERT INTO answer_options (question_id, correct_answer, answer_text)
VALUES ('103019320', FALSE, '5 תיקיות כחולות עם 10 ניירות כל אחת');

INSERT INTO questions (question_id, language_id, topic_id, c_grade_id, level, question_text, explanation, interesting_fact)
VALUES ('103020102', 1, 3020, 2, 2, 'nan', '', '55') ON CONFLICT (question_id) DO UPDATE SET language_id = 1 ,topic_id= 3020,c_grade_id =2,level=2,question_text='nan',explanation='',interesting_fact='55';


INSERT INTO answer_options (question_id, correct_answer, answer_text)
VALUES ('103020102', TRUE, 'כמה זה 10X5?') ;

INSERT INTO answer_options (question_id, correct_answer, answer_text)
VALUES ('103020102', FALSE, '50');

INSERT INTO answer_options (question_id, correct_answer, answer_text)
VALUES ('103020102', FALSE, '25');

INSERT INTO answer_options (question_id, correct_answer, answer_text)
VALUES ('103020102', FALSE, '15');

INSERT INTO questions (question_id, language_id, topic_id, c_grade_id, level, question_text, explanation, interesting_fact)
VALUES ('103020103', 1, 3020, 3, 3, '1', '', '70') ON CONFLICT (question_id) DO UPDATE SET language_id = 1 ,topic_id= 3020,c_grade_id =3,level=3,question_text='1',explanation='',interesting_fact='70';


INSERT INTO answer_options (question_id, correct_answer, answer_text)
VALUES ('103020103', TRUE, 'כמה זה 6X10?') ;

INSERT INTO answer_options (question_id, correct_answer, answer_text)
VALUES ('103020103', FALSE, '60');

INSERT INTO answer_options (question_id, correct_answer, answer_text)
VALUES ('103020103', FALSE, '30');

INSERT INTO answer_options (question_id, correct_answer, answer_text)
VALUES ('103020103', FALSE, '20');

INSERT INTO questions (question_id, language_id, topic_id, c_grade_id, level, question_text, explanation, interesting_fact)
VALUES ('103020104', 1, 3020, 4, 4, '1', '', '80') ON CONFLICT (question_id) DO UPDATE SET language_id = 1 ,topic_id= 3020,c_grade_id =4,level=4,question_text='1',explanation='',interesting_fact='80';


INSERT INTO answer_options (question_id, correct_answer, answer_text)
VALUES ('103020104', TRUE, 'כמה זה 10X9?') ;

INSERT INTO answer_options (question_id, correct_answer, answer_text)
VALUES ('103020104', FALSE, '90');

INSERT INTO answer_options (question_id, correct_answer, answer_text)
VALUES ('103020104', FALSE, '45');

INSERT INTO answer_options (question_id, correct_answer, answer_text)
VALUES ('103020104', FALSE, '75');

INSERT INTO questions (question_id, language_id, topic_id, c_grade_id, level, question_text, explanation, interesting_fact)
VALUES ('103020105', 1, 3020, 5, 5, 'nan', '', '80') ON CONFLICT (question_id) DO UPDATE SET language_id = 1 ,topic_id= 3020,c_grade_id =5,level=5,question_text='nan',explanation='',interesting_fact='80';


INSERT INTO answer_options (question_id, correct_answer, answer_text)
VALUES ('103020105', TRUE, 'כמה זה 9X10?') ;

INSERT INTO answer_options (question_id, correct_answer, answer_text)
VALUES ('103020105', FALSE, '90');

INSERT INTO answer_options (question_id, correct_answer, answer_text)
VALUES ('103020105', FALSE, '45');

INSERT INTO answer_options (question_id, correct_answer, answer_text)
VALUES ('103020105', FALSE, '75');

INSERT INTO questions (question_id, language_id, topic_id, c_grade_id, level, question_text, explanation, interesting_fact)
VALUES ('103020106', 1, 3020, 6, 6, '1', '', '200') ON CONFLICT (question_id) DO UPDATE SET language_id = 1 ,topic_id= 3020,c_grade_id =6,level=6,question_text='1',explanation='',interesting_fact='200';


INSERT INTO answer_options (question_id, correct_answer, answer_text)
VALUES ('103020106', TRUE, 'כמה זה 10X10?') ;

INSERT INTO answer_options (question_id, correct_answer, answer_text)
VALUES ('103020106', FALSE, '100');

INSERT INTO answer_options (question_id, correct_answer, answer_text)
VALUES ('103020106', FALSE, '50');

INSERT INTO answer_options (question_id, correct_answer, answer_text)
VALUES ('103020106', FALSE, '150');

INSERT INTO questions (question_id, language_id, topic_id, c_grade_id, level, question_text, explanation, interesting_fact)
VALUES ('103020107', 1, 3020, 7, 7, '1', '', '130') ON CONFLICT (question_id) DO UPDATE SET language_id = 1 ,topic_id= 3020,c_grade_id =7,level=7,question_text='1',explanation='',interesting_fact='130';


INSERT INTO answer_options (question_id, correct_answer, answer_text)
VALUES ('103020107', TRUE, 'כמה זה 10X12?') ;

INSERT INTO answer_options (question_id, correct_answer, answer_text)
VALUES ('103020107', FALSE, '120');

INSERT INTO answer_options (question_id, correct_answer, answer_text)
VALUES ('103020107', FALSE, '60');

INSERT INTO answer_options (question_id, correct_answer, answer_text)
VALUES ('103020107', FALSE, '110');

INSERT INTO questions (question_id, language_id, topic_id, c_grade_id, level, question_text, explanation, interesting_fact)
VALUES ('103020108', 1, 3020, 8, 8, '1', '', '130') ON CONFLICT (question_id) DO UPDATE SET language_id = 1 ,topic_id= 3020,c_grade_id =8,level=8,question_text='1',explanation='',interesting_fact='130';


INSERT INTO answer_options (question_id, correct_answer, answer_text)
VALUES ('103020108', TRUE, 'כמה זה 12X10?') ;

INSERT INTO answer_options (question_id, correct_answer, answer_text)
VALUES ('103020108', FALSE, '120');

INSERT INTO answer_options (question_id, correct_answer, answer_text)
VALUES ('103020108', FALSE, '60');

INSERT INTO answer_options (question_id, correct_answer, answer_text)
VALUES ('103020108', FALSE, '110');

INSERT INTO questions (question_id, language_id, topic_id, c_grade_id, level, question_text, explanation, interesting_fact)
VALUES ('103020109', 1, 3020, 9, 9, '1', '', '160') ON CONFLICT (question_id) DO UPDATE SET language_id = 1 ,topic_id= 3020,c_grade_id =9,level=9,question_text='1',explanation='',interesting_fact='160';


INSERT INTO answer_options (question_id, correct_answer, answer_text)
VALUES ('103020109', TRUE, '10 x 15 = ?') ;

INSERT INTO answer_options (question_id, correct_answer, answer_text)
VALUES ('103020109', FALSE, '150');

INSERT INTO answer_options (question_id, correct_answer, answer_text)
VALUES ('103020109', FALSE, '75');

INSERT INTO answer_options (question_id, correct_answer, answer_text)
VALUES ('103020109', FALSE, '100');

INSERT INTO questions (question_id, language_id, topic_id, c_grade_id, level, question_text, explanation, interesting_fact)
VALUES ('103020110', 1, 3020, 0, 0, '1', '', '160') ON CONFLICT (question_id) DO UPDATE SET language_id = 1 ,topic_id= 3020,c_grade_id =0,level=0,question_text='1',explanation='',interesting_fact='160';


INSERT INTO answer_options (question_id, correct_answer, answer_text)
VALUES ('103020110', TRUE, '15 x 10 = ?') ;

INSERT INTO answer_options (question_id, correct_answer, answer_text)
VALUES ('103020110', FALSE, '150');

INSERT INTO answer_options (question_id, correct_answer, answer_text)
VALUES ('103020110', FALSE, '75');

INSERT INTO answer_options (question_id, correct_answer, answer_text)
VALUES ('103020110', FALSE, '100');

INSERT INTO questions (question_id, language_id, topic_id, c_grade_id, level, question_text, explanation, interesting_fact)
VALUES ('103020111', 1, 3020, 1, 1, '1', '', '250') ON CONFLICT (question_id) DO UPDATE SET language_id = 1 ,topic_id= 3020,c_grade_id =1,level=1,question_text='1',explanation='',interesting_fact='250';


INSERT INTO answer_options (question_id, correct_answer, answer_text)
VALUES ('103020111', TRUE, '10 x 20 = ?') ;

INSERT INTO answer_options (question_id, correct_answer, answer_text)
VALUES ('103020111', FALSE, '200');

INSERT INTO answer_options (question_id, correct_answer, answer_text)
VALUES ('103020111', FALSE, '100');

INSERT INTO answer_options (question_id, correct_answer, answer_text)
VALUES ('103020111', FALSE, '150');

INSERT INTO questions (question_id, language_id, topic_id, c_grade_id, level, question_text, explanation, interesting_fact)
VALUES ('103020112', 1, 3020, 2, 2, '1', '', '250') ON CONFLICT (question_id) DO UPDATE SET language_id = 1 ,topic_id= 3020,c_grade_id =2,level=2,question_text='1',explanation='',interesting_fact='250';


INSERT INTO answer_options (question_id, correct_answer, answer_text)
VALUES ('103020112', TRUE, '20 x 10 = ?') ;

INSERT INTO answer_options (question_id, correct_answer, answer_text)
VALUES ('103020112', FALSE, '200');

INSERT INTO answer_options (question_id, correct_answer, answer_text)
VALUES ('103020112', FALSE, '100');

INSERT INTO answer_options (question_id, correct_answer, answer_text)
VALUES ('103020112', FALSE, '150');

INSERT INTO questions (question_id, language_id, topic_id, c_grade_id, level, question_text, explanation, interesting_fact)
VALUES ('103020113', 1, 3020, 3, 3, '1', '', '260') ON CONFLICT (question_id) DO UPDATE SET language_id = 1 ,topic_id= 3020,c_grade_id =3,level=3,question_text='1',explanation='',interesting_fact='260';


INSERT INTO answer_options (question_id, correct_answer, answer_text)
VALUES ('103020113', TRUE, 'כמה זה 10 כפול 25?') ;

INSERT INTO answer_options (question_id, correct_answer, answer_text)
VALUES ('103020113', FALSE, '250');

INSERT INTO answer_options (question_id, correct_answer, answer_text)
VALUES ('103020113', FALSE, '125');

INSERT INTO answer_options (question_id, correct_answer, answer_text)
VALUES ('103020113', FALSE, '150');

INSERT INTO questions (question_id, language_id, topic_id, c_grade_id, level, question_text, explanation, interesting_fact)
VALUES ('103020114', 1, 3020, 4, 4, '1', '', '10') ON CONFLICT (question_id) DO UPDATE SET language_id = 1 ,topic_id= 3020,c_grade_id =4,level=4,question_text='1',explanation='',interesting_fact='10';


INSERT INTO answer_options (question_id, correct_answer, answer_text)
VALUES ('103020114', TRUE, '10 x ? = 0') ;

INSERT INTO answer_options (question_id, correct_answer, answer_text)
VALUES ('103020114', FALSE, '0');

INSERT INTO answer_options (question_id, correct_answer, answer_text)
VALUES ('103020114', FALSE, '10');

INSERT INTO answer_options (question_id, correct_answer, answer_text)
VALUES ('103020114', FALSE, '1');

INSERT INTO questions (question_id, language_id, topic_id, c_grade_id, level, question_text, explanation, interesting_fact)
VALUES ('103020115', 1, 3020, 5, 5, '1', '', '1000') ON CONFLICT (question_id) DO UPDATE SET language_id = 1 ,topic_id= 3020,c_grade_id =5,level=5,question_text='1',explanation='',interesting_fact='1000';


INSERT INTO answer_options (question_id, correct_answer, answer_text)
VALUES ('103020115', TRUE, '100 x 1 = ?') ;

INSERT INTO answer_options (question_id, correct_answer, answer_text)
VALUES ('103020115', FALSE, '100');

INSERT INTO answer_options (question_id, correct_answer, answer_text)
VALUES ('103020115', FALSE, '1');

INSERT INTO answer_options (question_id, correct_answer, answer_text)
VALUES ('103020115', FALSE, '101');

INSERT INTO questions (question_id, language_id, topic_id, c_grade_id, level, question_text, explanation, interesting_fact)
VALUES ('103020116', 1, 3020, 6, 6, '1', '', '0') ON CONFLICT (question_id) DO UPDATE SET language_id = 1 ,topic_id= 3020,c_grade_id =6,level=6,question_text='1',explanation='',interesting_fact='0';


INSERT INTO answer_options (question_id, correct_answer, answer_text)
VALUES ('103020116', TRUE, '10 x? = 1') ;

INSERT INTO answer_options (question_id, correct_answer, answer_text)
VALUES ('103020116', FALSE, '1');

INSERT INTO answer_options (question_id, correct_answer, answer_text)
VALUES ('103020116', FALSE, '10');

INSERT INTO answer_options (question_id, correct_answer, answer_text)
VALUES ('103020116', FALSE, '11');

INSERT INTO questions (question_id, language_id, topic_id, c_grade_id, level, question_text, explanation, interesting_fact)
VALUES ('103020117', 1, 3020, 7, 7, '1', '', '1000') ON CONFLICT (question_id) DO UPDATE SET language_id = 1 ,topic_id= 3020,c_grade_id =7,level=7,question_text='1',explanation='',interesting_fact='1000';


INSERT INTO answer_options (question_id, correct_answer, answer_text)
VALUES ('103020117', TRUE, '100 x 1 = ?') ;

INSERT INTO answer_options (question_id, correct_answer, answer_text)
VALUES ('103020117', FALSE, '100');

INSERT INTO answer_options (question_id, correct_answer, answer_text)
VALUES ('103020117', FALSE, '1');

INSERT INTO answer_options (question_id, correct_answer, answer_text)
VALUES ('103020117', FALSE, '101');

INSERT INTO questions (question_id, language_id, topic_id, c_grade_id, level, question_text, explanation, interesting_fact)
VALUES ('103020118', 1, 3020, 8, 8, '1', '', '1000') ON CONFLICT (question_id) DO UPDATE SET language_id = 1 ,topic_id= 3020,c_grade_id =8,level=8,question_text='1',explanation='',interesting_fact='1000';


INSERT INTO answer_options (question_id, correct_answer, answer_text)
VALUES ('103020118', TRUE, '? x 100 = 0') ;

INSERT INTO answer_options (question_id, correct_answer, answer_text)
VALUES ('103020118', FALSE, '0');

INSERT INTO answer_options (question_id, correct_answer, answer_text)
VALUES ('103020118', FALSE, '1');

INSERT INTO answer_options (question_id, correct_answer, answer_text)
VALUES ('103020118', FALSE, '10');

INSERT INTO questions (question_id, language_id, topic_id, c_grade_id, level, question_text, explanation, interesting_fact)
VALUES ('103020119', 1, 3020, 9, 9, '1', '', '10') ON CONFLICT (question_id) DO UPDATE SET language_id = 1 ,topic_id= 3020,c_grade_id =9,level=9,question_text='1',explanation='',interesting_fact='10';


INSERT INTO answer_options (question_id, correct_answer, answer_text)
VALUES ('103020119', TRUE, '? x 17 = 1700') ;

INSERT INTO answer_options (question_id, correct_answer, answer_text)
VALUES ('103020119', FALSE, '100');

INSERT INTO answer_options (question_id, correct_answer, answer_text)
VALUES ('103020119', FALSE, '17');

INSERT INTO answer_options (question_id, correct_answer, answer_text)
VALUES ('103020119', FALSE, '170');

INSERT INTO questions (question_id, language_id, topic_id, c_grade_id, level, question_text, explanation, interesting_fact)
VALUES ('103020120', 1, 3020, 0, 0, '1', '', '10') ON CONFLICT (question_id) DO UPDATE SET language_id = 1 ,topic_id= 3020,c_grade_id =0,level=0,question_text='1',explanation='',interesting_fact='10';


INSERT INTO answer_options (question_id, correct_answer, answer_text)
VALUES ('103020120', TRUE, '71 x ? = 7100') ;

INSERT INTO answer_options (question_id, correct_answer, answer_text)
VALUES ('103020120', FALSE, '100');

INSERT INTO answer_options (question_id, correct_answer, answer_text)
VALUES ('103020120', FALSE, '71');

INSERT INTO answer_options (question_id, correct_answer, answer_text)
VALUES ('103020120', FALSE, '710');

INSERT INTO questions (question_id, language_id, topic_id, c_grade_id, level, question_text, explanation, interesting_fact)
VALUES ('103020201', 1, 3020, 1, 1, '1', '', '10') ON CONFLICT (question_id) DO UPDATE SET language_id = 1 ,topic_id= 3020,c_grade_id =1,level=1,question_text='1',explanation='',interesting_fact='10';


INSERT INTO answer_options (question_id, correct_answer, answer_text)
VALUES ('103020201', TRUE, '? x 25 = 2500') ;

INSERT INTO answer_options (question_id, correct_answer, answer_text)
VALUES ('103020201', FALSE, '100');

INSERT INTO answer_options (question_id, correct_answer, answer_text)
VALUES ('103020201', FALSE, '25');

INSERT INTO answer_options (question_id, correct_answer, answer_text)
VALUES ('103020201', FALSE, '250');

INSERT INTO questions (question_id, language_id, topic_id, c_grade_id, level, question_text, explanation, interesting_fact)
VALUES ('103020203', 1, 3020, 3, 3, '1', '', '5') ON CONFLICT (question_id) DO UPDATE SET language_id = 1 ,topic_id= 3020,c_grade_id =3,level=3,question_text='1',explanation='',interesting_fact='5';


INSERT INTO answer_options (question_id, correct_answer, answer_text)
VALUES ('103020203', TRUE, '? x 10 = 500') ;

INSERT INTO answer_options (question_id, correct_answer, answer_text)
VALUES ('103020203', FALSE, '50');

INSERT INTO answer_options (question_id, correct_answer, answer_text)
VALUES ('103020203', FALSE, '10');

INSERT INTO answer_options (question_id, correct_answer, answer_text)
VALUES ('103020203', FALSE, '500');

INSERT INTO questions (question_id, language_id, topic_id, c_grade_id, level, question_text, explanation, interesting_fact)
VALUES ('103020204', 1, 3020, 4, 4, '1', '', '10') ON CONFLICT (question_id) DO UPDATE SET language_id = 1 ,topic_id= 3020,c_grade_id =4,level=4,question_text='1',explanation='',interesting_fact='10';


INSERT INTO answer_options (question_id, correct_answer, answer_text)
VALUES ('103020204', TRUE, '85 x ? = 8500') ;

INSERT INTO answer_options (question_id, correct_answer, answer_text)
VALUES ('103020204', FALSE, '100');

INSERT INTO answer_options (question_id, correct_answer, answer_text)
VALUES ('103020204', FALSE, '85');

INSERT INTO answer_options (question_id, correct_answer, answer_text)
VALUES ('103020204', FALSE, '850');

INSERT INTO questions (question_id, language_id, topic_id, c_grade_id, level, question_text, explanation, interesting_fact)
VALUES ('103020205', 1, 3020, 5, 5, '1', '', '10') ON CONFLICT (question_id) DO UPDATE SET language_id = 1 ,topic_id= 3020,c_grade_id =5,level=5,question_text='1',explanation='',interesting_fact='10';


INSERT INTO answer_options (question_id, correct_answer, answer_text)
VALUES ('103020205', TRUE, '? x 8 = 800') ;

INSERT INTO answer_options (question_id, correct_answer, answer_text)
VALUES ('103020205', FALSE, '100');

INSERT INTO answer_options (question_id, correct_answer, answer_text)
VALUES ('103020205', FALSE, '8');

INSERT INTO answer_options (question_id, correct_answer, answer_text)
VALUES ('103020205', FALSE, '80');

INSERT INTO questions (question_id, language_id, topic_id, c_grade_id, level, question_text, explanation, interesting_fact)
VALUES ('103020206', 1, 3020, 6, 6, '1', '', '10') ON CONFLICT (question_id) DO UPDATE SET language_id = 1 ,topic_id= 3020,c_grade_id =6,level=6,question_text='1',explanation='',interesting_fact='10';


INSERT INTO answer_options (question_id, correct_answer, answer_text)
VALUES ('103020206', TRUE, '92 x ? = 9200') ;

INSERT INTO answer_options (question_id, correct_answer, answer_text)
VALUES ('103020206', FALSE, '100');

INSERT INTO answer_options (question_id, correct_answer, answer_text)
VALUES ('103020206', FALSE, '92');

INSERT INTO answer_options (question_id, correct_answer, answer_text)
VALUES ('103020206', FALSE, '920');

INSERT INTO questions (question_id, language_id, topic_id, c_grade_id, level, question_text, explanation, interesting_fact)
VALUES ('103020207', 1, 3020, 7, 7, '1', '', '150') ON CONFLICT (question_id) DO UPDATE SET language_id = 1 ,topic_id= 3020,c_grade_id =7,level=7,question_text='1',explanation='',interesting_fact='150';


INSERT INTO answer_options (question_id, correct_answer, answer_text)
VALUES ('103020207', TRUE, '40 x 10 = ?') ;

INSERT INTO answer_options (question_id, correct_answer, answer_text)
VALUES ('103020207', FALSE, '400');

INSERT INTO answer_options (question_id, correct_answer, answer_text)
VALUES ('103020207', FALSE, '200');

INSERT INTO answer_options (question_id, correct_answer, answer_text)
VALUES ('103020207', FALSE, '250');

INSERT INTO questions (question_id, language_id, topic_id, c_grade_id, level, question_text, explanation, interesting_fact)
VALUES ('103020208', 1, 3020, 8, 8, '1', '', '550') ON CONFLICT (question_id) DO UPDATE SET language_id = 1 ,topic_id= 3020,c_grade_id =8,level=8,question_text='1',explanation='',interesting_fact='550';


INSERT INTO answer_options (question_id, correct_answer, answer_text)
VALUES ('103020208', TRUE, '10 x 50 = ?') ;

INSERT INTO answer_options (question_id, correct_answer, answer_text)
VALUES ('103020208', FALSE, '500');

INSERT INTO answer_options (question_id, correct_answer, answer_text)
VALUES ('103020208', FALSE, '250');

INSERT INTO answer_options (question_id, correct_answer, answer_text)
VALUES ('103020208', FALSE, '150');

INSERT INTO questions (question_id, language_id, topic_id, c_grade_id, level, question_text, explanation, interesting_fact)
VALUES ('103020209', 1, 3020, 9, 9, '1', '', '500') ON CONFLICT (question_id) DO UPDATE SET language_id = 1 ,topic_id= 3020,c_grade_id =9,level=9,question_text='1',explanation='',interesting_fact='500';


INSERT INTO answer_options (question_id, correct_answer, answer_text)
VALUES ('103020209', TRUE, '60 x 10 = ?') ;

INSERT INTO answer_options (question_id, correct_answer, answer_text)
VALUES ('103020209', FALSE, '600');

INSERT INTO answer_options (question_id, correct_answer, answer_text)
VALUES ('103020209', FALSE, '300');

INSERT INTO answer_options (question_id, correct_answer, answer_text)
VALUES ('103020209', FALSE, '400');

INSERT INTO questions (question_id, language_id, topic_id, c_grade_id, level, question_text, explanation, interesting_fact)
VALUES ('103020210', 1, 3020, 0, 0, '1', '', '750') ON CONFLICT (question_id) DO UPDATE SET language_id = 1 ,topic_id= 3020,c_grade_id =0,level=0,question_text='1',explanation='',interesting_fact='750';


INSERT INTO answer_options (question_id, correct_answer, answer_text)
VALUES ('103020210', TRUE, '10 x 70 = ?') ;

INSERT INTO answer_options (question_id, correct_answer, answer_text)
VALUES ('103020210', FALSE, '700');

INSERT INTO answer_options (question_id, correct_answer, answer_text)
VALUES ('103020210', FALSE, '350');

INSERT INTO answer_options (question_id, correct_answer, answer_text)
VALUES ('103020210', FALSE, '650');

INSERT INTO questions (question_id, language_id, topic_id, c_grade_id, level, question_text, explanation, interesting_fact)
VALUES ('103020211', 1, 3020, 1, 1, '1', '', '850') ON CONFLICT (question_id) DO UPDATE SET language_id = 1 ,topic_id= 3020,c_grade_id =1,level=1,question_text='1',explanation='',interesting_fact='850';


INSERT INTO answer_options (question_id, correct_answer, answer_text)
VALUES ('103020211', TRUE, '80 x 10 = ?') ;

INSERT INTO answer_options (question_id, correct_answer, answer_text)
VALUES ('103020211', FALSE, '800');

INSERT INTO answer_options (question_id, correct_answer, answer_text)
VALUES ('103020211', FALSE, '400');

INSERT INTO answer_options (question_id, correct_answer, answer_text)
VALUES ('103020211', FALSE, '750');

INSERT INTO questions (question_id, language_id, topic_id, c_grade_id, level, question_text, explanation, interesting_fact)
VALUES ('103020212', 1, 3020, 2, 2, '1', '', '950') ON CONFLICT (question_id) DO UPDATE SET language_id = 1 ,topic_id= 3020,c_grade_id =2,level=2,question_text='1',explanation='',interesting_fact='950';


INSERT INTO answer_options (question_id, correct_answer, answer_text)
VALUES ('103020212', TRUE, '10 x 90 = ?') ;

INSERT INTO answer_options (question_id, correct_answer, answer_text)
VALUES ('103020212', FALSE, '900');

INSERT INTO answer_options (question_id, correct_answer, answer_text)
VALUES ('103020212', FALSE, '450');

INSERT INTO answer_options (question_id, correct_answer, answer_text)
VALUES ('103020212', FALSE, '850');

INSERT INTO questions (question_id, language_id, topic_id, c_grade_id, level, question_text, explanation, interesting_fact)
VALUES ('103020213', 1, 3020, 3, 3, '1', '', '1100') ON CONFLICT (question_id) DO UPDATE SET language_id = 1 ,topic_id= 3020,c_grade_id =3,level=3,question_text='1',explanation='',interesting_fact='1100';


INSERT INTO answer_options (question_id, correct_answer, answer_text)
VALUES ('103020213', TRUE, '100 x 10 = ?') ;

INSERT INTO answer_options (question_id, correct_answer, answer_text)
VALUES ('103020213', FALSE, '1000');

INSERT INTO answer_options (question_id, correct_answer, answer_text)
VALUES ('103020213', FALSE, '500');

INSERT INTO answer_options (question_id, correct_answer, answer_text)
VALUES ('103020213', FALSE, '900');

INSERT INTO questions (question_id, language_id, topic_id, c_grade_id, level, question_text, explanation, interesting_fact)
VALUES ('103020214', 1, 3020, 4, 4, '1', '', '120') ON CONFLICT (question_id) DO UPDATE SET language_id = 1 ,topic_id= 3020,c_grade_id =4,level=4,question_text='1',explanation='',interesting_fact='120';


INSERT INTO answer_options (question_id, correct_answer, answer_text)
VALUES ('103020214', TRUE, '10 x 11 = ?') ;

INSERT INTO answer_options (question_id, correct_answer, answer_text)
VALUES ('103020214', FALSE, '110');

INSERT INTO answer_options (question_id, correct_answer, answer_text)
VALUES ('103020214', FALSE, '55');

INSERT INTO answer_options (question_id, correct_answer, answer_text)
VALUES ('103020214', FALSE, '105');

INSERT INTO questions (question_id, language_id, topic_id, c_grade_id, level, question_text, explanation, interesting_fact)
VALUES ('103020215', 1, 3020, 5, 5, '1', '', '360') ON CONFLICT (question_id) DO UPDATE SET language_id = 1 ,topic_id= 3020,c_grade_id =5,level=5,question_text='1',explanation='',interesting_fact='360';


INSERT INTO answer_options (question_id, correct_answer, answer_text)
VALUES ('103020215', TRUE, 'כמה זה 10x39?') ;

INSERT INTO answer_options (question_id, correct_answer, answer_text)
VALUES ('103020215', FALSE, '390');

INSERT INTO answer_options (question_id, correct_answer, answer_text)
VALUES ('103020215', FALSE, '370');

INSERT INTO answer_options (question_id, correct_answer, answer_text)
VALUES ('103020215', FALSE, '400');

INSERT INTO questions (question_id, language_id, topic_id, c_grade_id, level, question_text, explanation, interesting_fact)
VALUES ('103020216', 1, 3020, 6, 6, '1', '', '550') ON CONFLICT (question_id) DO UPDATE SET language_id = 1 ,topic_id= 3020,c_grade_id =6,level=6,question_text='1',explanation='',interesting_fact='550';


INSERT INTO answer_options (question_id, correct_answer, answer_text)
VALUES ('103020216', TRUE, 'כמה זה 57x10?') ;

INSERT INTO answer_options (question_id, correct_answer, answer_text)
VALUES ('103020216', FALSE, '570');

INSERT INTO answer_options (question_id, correct_answer, answer_text)
VALUES ('103020216', FALSE, '560');

INSERT INTO answer_options (question_id, correct_answer, answer_text)
VALUES ('103020216', FALSE, '580');

INSERT INTO questions (question_id, language_id, topic_id, c_grade_id, level, question_text, explanation, interesting_fact)
VALUES ('103020217', 1, 3020, 7, 7, '1', '', '700') ON CONFLICT (question_id) DO UPDATE SET language_id = 1 ,topic_id= 3020,c_grade_id =7,level=7,question_text='1',explanation='',interesting_fact='700';


INSERT INTO answer_options (question_id, correct_answer, answer_text)
VALUES ('103020217', TRUE, 'כמה זה 10x72?') ;

INSERT INTO answer_options (question_id, correct_answer, answer_text)
VALUES ('103020217', FALSE, '720');

INSERT INTO answer_options (question_id, correct_answer, answer_text)
VALUES ('103020217', FALSE, '710');

INSERT INTO answer_options (question_id, correct_answer, answer_text)
VALUES ('103020217', FALSE, '730');

INSERT INTO questions (question_id, language_id, topic_id, c_grade_id, level, question_text, explanation, interesting_fact)
VALUES ('103020218', 1, 3020, 8, 8, '1', '', '830') ON CONFLICT (question_id) DO UPDATE SET language_id = 1 ,topic_id= 3020,c_grade_id =8,level=8,question_text='1',explanation='',interesting_fact='830';


INSERT INTO answer_options (question_id, correct_answer, answer_text)
VALUES ('103020218', TRUE, 'כמה זה 85x10?') ;

INSERT INTO answer_options (question_id, correct_answer, answer_text)
VALUES ('103020218', FALSE, '850');

INSERT INTO answer_options (question_id, correct_answer, answer_text)
VALUES ('103020218', FALSE, '840');

INSERT INTO answer_options (question_id, correct_answer, answer_text)
VALUES ('103020218', FALSE, '860');

INSERT INTO questions (question_id, language_id, topic_id, c_grade_id, level, question_text, explanation, interesting_fact)
VALUES ('103020219', 1, 3020, 9, 9, '1', '', '150') ON CONFLICT (question_id) DO UPDATE SET language_id = 1 ,topic_id= 3020,c_grade_id =9,level=9,question_text='1',explanation='',interesting_fact='150';


INSERT INTO answer_options (question_id, correct_answer, answer_text)
VALUES ('103020219', TRUE, '17 x 10 = ?') ;

INSERT INTO answer_options (question_id, correct_answer, answer_text)
VALUES ('103020219', FALSE, '170');

INSERT INTO answer_options (question_id, correct_answer, answer_text)
VALUES ('103020219', FALSE, '160');

INSERT INTO answer_options (question_id, correct_answer, answer_text)
VALUES ('103020219', FALSE, '180');

INSERT INTO questions (question_id, language_id, topic_id, c_grade_id, level, question_text, explanation, interesting_fact)
VALUES ('103020220', 1, 3020, 0, 0, '1', '', '270') ON CONFLICT (question_id) DO UPDATE SET language_id = 1 ,topic_id= 3020,c_grade_id =0,level=0,question_text='1',explanation='',interesting_fact='270';


INSERT INTO answer_options (question_id, correct_answer, answer_text)
VALUES ('103020220', TRUE, '10 x 29 = ?') ;

INSERT INTO answer_options (question_id, correct_answer, answer_text)
VALUES ('103020220', FALSE, '290');

INSERT INTO answer_options (question_id, correct_answer, answer_text)
VALUES ('103020220', FALSE, '280');

INSERT INTO answer_options (question_id, correct_answer, answer_text)
VALUES ('103020220', FALSE, '300');

INSERT INTO questions (question_id, language_id, topic_id, c_grade_id, level, question_text, explanation, interesting_fact)
VALUES ('103020301', 1, 3020, 1, 1, '1', '', '430') ON CONFLICT (question_id) DO UPDATE SET language_id = 1 ,topic_id= 3020,c_grade_id =1,level=1,question_text='1',explanation='',interesting_fact='430';


INSERT INTO answer_options (question_id, correct_answer, answer_text)
VALUES ('103020301', TRUE, '10 x 45 = ?') ;

INSERT INTO answer_options (question_id, correct_answer, answer_text)
VALUES ('103020301', FALSE, '450');

INSERT INTO answer_options (question_id, correct_answer, answer_text)
VALUES ('103020301', FALSE, '440');

INSERT INTO answer_options (question_id, correct_answer, answer_text)
VALUES ('103020301', FALSE, '460');

INSERT INTO questions (question_id, language_id, topic_id, c_grade_id, level, question_text, explanation, interesting_fact)
VALUES ('103020302', 1, 3020, 2, 2, '1', '', '640') ON CONFLICT (question_id) DO UPDATE SET language_id = 1 ,topic_id= 3020,c_grade_id =2,level=2,question_text='1',explanation='',interesting_fact='640';


INSERT INTO answer_options (question_id, correct_answer, answer_text)
VALUES ('103020302', TRUE, '66 x 10 = ?') ;

INSERT INTO answer_options (question_id, correct_answer, answer_text)
VALUES ('103020302', FALSE, '660');

INSERT INTO answer_options (question_id, correct_answer, answer_text)
VALUES ('103020302', FALSE, '650');

INSERT INTO answer_options (question_id, correct_answer, answer_text)
VALUES ('103020302', FALSE, '670');

INSERT INTO questions (question_id, language_id, topic_id, c_grade_id, level, question_text, explanation, interesting_fact)
VALUES ('103020304', 1, 3020, 4, 4, '1', '', '820') ON CONFLICT (question_id) DO UPDATE SET language_id = 1 ,topic_id= 3020,c_grade_id =4,level=4,question_text='1',explanation='',interesting_fact='820';


INSERT INTO answer_options (question_id, correct_answer, answer_text)
VALUES ('103020304', TRUE, '10 x 84 = ?') ;

INSERT INTO answer_options (question_id, correct_answer, answer_text)
VALUES ('103020304', FALSE, '840');

INSERT INTO answer_options (question_id, correct_answer, answer_text)
VALUES ('103020304', FALSE, '830');

INSERT INTO answer_options (question_id, correct_answer, answer_text)
VALUES ('103020304', FALSE, '850');

INSERT INTO questions (question_id, language_id, topic_id, c_grade_id, level, question_text, explanation, interesting_fact)
VALUES ('103020305', 1, 3020, 5, 5, '1', '', '160') ON CONFLICT (question_id) DO UPDATE SET language_id = 1 ,topic_id= 3020,c_grade_id =5,level=5,question_text='1',explanation='',interesting_fact='160';


INSERT INTO answer_options (question_id, correct_answer, answer_text)
VALUES ('103020305', TRUE, '18 x 10 = ?') ;

INSERT INTO answer_options (question_id, correct_answer, answer_text)
VALUES ('103020305', FALSE, '180');

INSERT INTO answer_options (question_id, correct_answer, answer_text)
VALUES ('103020305', FALSE, '170');

INSERT INTO answer_options (question_id, correct_answer, answer_text)
VALUES ('103020305', FALSE, '190');

INSERT INTO questions (question_id, language_id, topic_id, c_grade_id, level, question_text, explanation, interesting_fact)
VALUES ('103020306', 1, 3020, 6, 6, '1', '', '7') ON CONFLICT (question_id) DO UPDATE SET language_id = 1 ,topic_id= 3020,c_grade_id =6,level=6,question_text='1',explanation='',interesting_fact='7';


INSERT INTO answer_options (question_id, correct_answer, answer_text)
VALUES ('103020306', TRUE, 'כמה זה 70 כפול 10?') ;

INSERT INTO answer_options (question_id, correct_answer, answer_text)
VALUES ('103020306', FALSE, '700');

INSERT INTO answer_options (question_id, correct_answer, answer_text)
VALUES ('103020306', FALSE, '140');

INSERT INTO answer_options (question_id, correct_answer, answer_text)
VALUES ('103020306', FALSE, '7000');

INSERT INTO questions (question_id, language_id, topic_id, c_grade_id, level, question_text, explanation, interesting_fact)
VALUES ('103020307', 1, 3020, 7, 7, '1', '', '2400') ON CONFLICT (question_id) DO UPDATE SET language_id = 1 ,topic_id= 3020,c_grade_id =7,level=7,question_text='1',explanation='',interesting_fact='2400';


INSERT INTO answer_options (question_id, correct_answer, answer_text)
VALUES ('103020307', TRUE, 'כמה זה 100 כפול 26?') ;

INSERT INTO answer_options (question_id, correct_answer, answer_text)
VALUES ('103020307', FALSE, '2600');

INSERT INTO answer_options (question_id, correct_answer, answer_text)
VALUES ('103020307', FALSE, '2500');

INSERT INTO answer_options (question_id, correct_answer, answer_text)
VALUES ('103020307', FALSE, '2700');

INSERT INTO questions (question_id, language_id, topic_id, c_grade_id, level, question_text, explanation, interesting_fact)
VALUES ('103020308', 1, 3020, 8, 8, '1', '', '7500') ON CONFLICT (question_id) DO UPDATE SET language_id = 1 ,topic_id= 3020,c_grade_id =8,level=8,question_text='1',explanation='',interesting_fact='7500';


INSERT INTO answer_options (question_id, correct_answer, answer_text)
VALUES ('103020308', TRUE, 'כמה זה 100 כפול 73?') ;

INSERT INTO answer_options (question_id, correct_answer, answer_text)
VALUES ('103020308', FALSE, '7300');

INSERT INTO answer_options (question_id, correct_answer, answer_text)
VALUES ('103020308', FALSE, '7400');

INSERT INTO answer_options (question_id, correct_answer, answer_text)
VALUES ('103020308', FALSE, '7200');

INSERT INTO questions (question_id, language_id, topic_id, c_grade_id, level, question_text, explanation, interesting_fact)
VALUES ('103020309', 1, 3020, 9, 9, '1', '', '8700') ON CONFLICT (question_id) DO UPDATE SET language_id = 1 ,topic_id= 3020,c_grade_id =9,level=9,question_text='1',explanation='',interesting_fact='8700';


INSERT INTO answer_options (question_id, correct_answer, answer_text)
VALUES ('103020309', TRUE, 'כמה זה 100 כפול 89?') ;

INSERT INTO answer_options (question_id, correct_answer, answer_text)
VALUES ('103020309', FALSE, '8900');

INSERT INTO answer_options (question_id, correct_answer, answer_text)
VALUES ('103020309', FALSE, '8800');

INSERT INTO answer_options (question_id, correct_answer, answer_text)
VALUES ('103020309', FALSE, '9000');

INSERT INTO questions (question_id, language_id, topic_id, c_grade_id, level, question_text, explanation, interesting_fact)
VALUES ('103020310', 1, 3020, 0, 0, '1', '', '4700') ON CONFLICT (question_id) DO UPDATE SET language_id = 1 ,topic_id= 3020,c_grade_id =0,level=0,question_text='1',explanation='',interesting_fact='4700';


INSERT INTO answer_options (question_id, correct_answer, answer_text)
VALUES ('103020310', TRUE, '100 x 49 = ?') ;

INSERT INTO answer_options (question_id, correct_answer, answer_text)
VALUES ('103020310', FALSE, '4900');

INSERT INTO answer_options (question_id, correct_answer, answer_text)
VALUES ('103020310', FALSE, '4800');

INSERT INTO answer_options (question_id, correct_answer, answer_text)
VALUES ('103020310', FALSE, '5000');

INSERT INTO questions (question_id, language_id, topic_id, c_grade_id, level, question_text, explanation, interesting_fact)
VALUES ('103020311', 1, 3020, 1, 1, '1', '', '6600') ON CONFLICT (question_id) DO UPDATE SET language_id = 1 ,topic_id= 3020,c_grade_id =1,level=1,question_text='1',explanation='',interesting_fact='6600';


INSERT INTO answer_options (question_id, correct_answer, answer_text)
VALUES ('103020311', TRUE, '100 x 64 = ?') ;

INSERT INTO answer_options (question_id, correct_answer, answer_text)
VALUES ('103020311', FALSE, '6400');

INSERT INTO answer_options (question_id, correct_answer, answer_text)
VALUES ('103020311', FALSE, '6500');

INSERT INTO answer_options (question_id, correct_answer, answer_text)
VALUES ('103020311', FALSE, '6300');

INSERT INTO questions (question_id, language_id, topic_id, c_grade_id, level, question_text, explanation, interesting_fact)
VALUES ('103020312', 1, 3020, 2, 2, '1', '', '9000') ON CONFLICT (question_id) DO UPDATE SET language_id = 1 ,topic_id= 3020,c_grade_id =2,level=2,question_text='1',explanation='',interesting_fact='9000';


INSERT INTO answer_options (question_id, correct_answer, answer_text)
VALUES ('103020312', TRUE, '100 x 92 = ?') ;

INSERT INTO answer_options (question_id, correct_answer, answer_text)
VALUES ('103020312', FALSE, '9200');

INSERT INTO answer_options (question_id, correct_answer, answer_text)
VALUES ('103020312', FALSE, '9100');

INSERT INTO answer_options (question_id, correct_answer, answer_text)
VALUES ('103020312', FALSE, '9400');

INSERT INTO questions (question_id, language_id, topic_id, c_grade_id, level, question_text, explanation, interesting_fact)
VALUES ('103020313', 1, 3020, 3, 3, '1', '', '3300') ON CONFLICT (question_id) DO UPDATE SET language_id = 1 ,topic_id= 3020,c_grade_id =3,level=3,question_text='1',explanation='',interesting_fact='3300';


INSERT INTO answer_options (question_id, correct_answer, answer_text)
VALUES ('103020313', TRUE, '35 x 100 = ?') ;

INSERT INTO answer_options (question_id, correct_answer, answer_text)
VALUES ('103020313', FALSE, '3500');

INSERT INTO answer_options (question_id, correct_answer, answer_text)
VALUES ('103020313', FALSE, '3400');

INSERT INTO answer_options (question_id, correct_answer, answer_text)
VALUES ('103020313', FALSE, '3600');

INSERT INTO questions (question_id, language_id, topic_id, c_grade_id, level, question_text, explanation, interesting_fact)
VALUES ('103020314', 1, 3020, 4, 4, '1', '', '4700') ON CONFLICT (question_id) DO UPDATE SET language_id = 1 ,topic_id= 3020,c_grade_id =4,level=4,question_text='1',explanation='',interesting_fact='4700';


INSERT INTO answer_options (question_id, correct_answer, answer_text)
VALUES ('103020314', TRUE, '49 x 100 = ?') ;

INSERT INTO answer_options (question_id, correct_answer, answer_text)
VALUES ('103020314', FALSE, '4900');

INSERT INTO answer_options (question_id, correct_answer, answer_text)
VALUES ('103020314', FALSE, '4800');

INSERT INTO answer_options (question_id, correct_answer, answer_text)
VALUES ('103020314', FALSE, '5000');

INSERT INTO questions (question_id, language_id, topic_id, c_grade_id, level, question_text, explanation, interesting_fact)
VALUES ('103020315', 1, 3020, 5, 5, '1', '', '6600') ON CONFLICT (question_id) DO UPDATE SET language_id = 1 ,topic_id= 3020,c_grade_id =5,level=5,question_text='1',explanation='',interesting_fact='6600';


INSERT INTO answer_options (question_id, correct_answer, answer_text)
VALUES ('103020315', TRUE, '64 x 100 = ?') ;

INSERT INTO answer_options (question_id, correct_answer, answer_text)
VALUES ('103020315', FALSE, '6400');

INSERT INTO answer_options (question_id, correct_answer, answer_text)
VALUES ('103020315', FALSE, '6500');

INSERT INTO answer_options (question_id, correct_answer, answer_text)
VALUES ('103020315', FALSE, '6300');

INSERT INTO questions (question_id, language_id, topic_id, c_grade_id, level, question_text, explanation, interesting_fact)
VALUES ('103020316', 1, 3020, 6, 6, '1', '', '7600') ON CONFLICT (question_id) DO UPDATE SET language_id = 1 ,topic_id= 3020,c_grade_id =6,level=6,question_text='1',explanation='',interesting_fact='7600';


INSERT INTO answer_options (question_id, correct_answer, answer_text)
VALUES ('103020316', TRUE, '78 x 100 = ?') ;

INSERT INTO answer_options (question_id, correct_answer, answer_text)
VALUES ('103020316', FALSE, '7800');

INSERT INTO answer_options (question_id, correct_answer, answer_text)
VALUES ('103020316', FALSE, '7700');

INSERT INTO answer_options (question_id, correct_answer, answer_text)
VALUES ('103020316', FALSE, '7900');

INSERT INTO questions (question_id, language_id, topic_id, c_grade_id, level, question_text, explanation, interesting_fact)
VALUES ('103020317', 1, 3020, 7, 7, '1', '', '9000') ON CONFLICT (question_id) DO UPDATE SET language_id = 1 ,topic_id= 3020,c_grade_id =7,level=7,question_text='1',explanation='',interesting_fact='9000';


INSERT INTO answer_options (question_id, correct_answer, answer_text)
VALUES ('103020317', TRUE, '92 x 100 = ?') ;

INSERT INTO answer_options (question_id, correct_answer, answer_text)
VALUES ('103020317', FALSE, '9200');

INSERT INTO answer_options (question_id, correct_answer, answer_text)
VALUES ('103020317', FALSE, '9100');

INSERT INTO answer_options (question_id, correct_answer, answer_text)
VALUES ('103020317', FALSE, '9400');

INSERT INTO questions (question_id, language_id, topic_id, c_grade_id, level, question_text, explanation, interesting_fact)
VALUES ('103020318', 1, 3020, 8, 8, '1', '', '15') ON CONFLICT (question_id) DO UPDATE SET language_id = 1 ,topic_id= 3020,c_grade_id =8,level=8,question_text='1',explanation='',interesting_fact='15';


INSERT INTO answer_options (question_id, correct_answer, answer_text)
VALUES ('103020318', TRUE, 'בחנות יש 5 מכוניות צעצוע בכל תיק, ואתם קונים 10 תיקים, כמה מכוניות צעצוע יהיו לכם בסך הכל?') ;

INSERT INTO answer_options (question_id, correct_answer, answer_text)
VALUES ('103020318', FALSE, '50');

INSERT INTO answer_options (question_id, correct_answer, answer_text)
VALUES ('103020318', FALSE, '5');

INSERT INTO answer_options (question_id, correct_answer, answer_text)
VALUES ('103020318', FALSE, '25');

INSERT INTO questions (question_id, language_id, topic_id, c_grade_id, level, question_text, explanation, interesting_fact)
VALUES ('103020319', 1, 3020, 9, 9, '1', '', '18') ON CONFLICT (question_id) DO UPDATE SET language_id = 1 ,topic_id= 3020,c_grade_id =9,level=9,question_text='1',explanation='',interesting_fact='18';


INSERT INTO answer_options (question_id, correct_answer, answer_text)
VALUES ('103020319', TRUE, 'תאר לעצמך שיש לך 8 אריזות של בלונים, כאשר בכל חבילה יש 10 בלונים. כמה בלונים יש לך בסך הכל?') ;

INSERT INTO answer_options (question_id, correct_answer, answer_text)
VALUES ('103020319', FALSE, '80');

INSERT INTO answer_options (question_id, correct_answer, answer_text)
VALUES ('103020319', FALSE, '8');

INSERT INTO answer_options (question_id, correct_answer, answer_text)
VALUES ('103020319', FALSE, '40');

INSERT INTO questions (question_id, language_id, topic_id, c_grade_id, level, question_text, explanation, interesting_fact)
VALUES ('103020320', 1, 3020, 0, 0, '1', '', '300') ON CONFLICT (question_id) DO UPDATE SET language_id = 1 ,topic_id= 3020,c_grade_id =0,level=0,question_text='1',explanation='',interesting_fact='300';


INSERT INTO answer_options (question_id, correct_answer, answer_text)
VALUES ('103020320', TRUE, 'אם יש לך 3 קופסאות שוקולדים, וכל קופסה מכילה 10 שוקולדים, כמה המספר הכולל של שוקולדים שיש לך?') ;

INSERT INTO answer_options (question_id, correct_answer, answer_text)
VALUES ('103020320', FALSE, '30');

INSERT INTO answer_options (question_id, correct_answer, answer_text)
VALUES ('103020320', FALSE, '3');

INSERT INTO answer_options (question_id, correct_answer, answer_text)
VALUES ('103020320', FALSE, '120');

INSERT INTO questions (question_id, language_id, topic_id, c_grade_id, level, question_text, explanation, interesting_fact)
VALUES ('103020401', 1, 3020, 1, 1, '1', '', '250') ON CONFLICT (question_id) DO UPDATE SET language_id = 1 ,topic_id= 3020,c_grade_id =1,level=1,question_text='1',explanation='',interesting_fact='250';


INSERT INTO answer_options (question_id, correct_answer, answer_text)
VALUES ('103020401', TRUE, 'כל ק"ג תפוחים מכיל 5 תפוחים. כמה תפוחים יש ב-100 קילוגרם?') ;

INSERT INTO answer_options (question_id, correct_answer, answer_text)
VALUES ('103020401', FALSE, '500');

INSERT INTO answer_options (question_id, correct_answer, answer_text)
VALUES ('103020401', FALSE, '50');

INSERT INTO answer_options (question_id, correct_answer, answer_text)
VALUES ('103020401', FALSE, '1000');

INSERT INTO questions (question_id, language_id, topic_id, c_grade_id, level, question_text, explanation, interesting_fact)
VALUES ('103020402', 1, 3020, 2, 2, '1', '', '100') ON CONFLICT (question_id) DO UPDATE SET language_id = 1 ,topic_id= 3020,c_grade_id =2,level=2,question_text='1',explanation='',interesting_fact='100';


INSERT INTO answer_options (question_id, correct_answer, answer_text)
VALUES ('103020402', TRUE, 'לכל מוסך רכבים יש 2 מכוניות. בעיר שלנו יש 100 מוסכים. כמה מכוניות יש בסך הכל?') ;

INSERT INTO answer_options (question_id, correct_answer, answer_text)
VALUES ('103020402', FALSE, '200');

INSERT INTO answer_options (question_id, correct_answer, answer_text)
VALUES ('103020402', FALSE, '1000');

INSERT INTO answer_options (question_id, correct_answer, answer_text)
VALUES ('103020402', FALSE, '500');

INSERT INTO questions (question_id, language_id, topic_id, c_grade_id, level, question_text, explanation, interesting_fact)
VALUES ('103020403', 1, 3020, 3, 3, '1', '', '200') ON CONFLICT (question_id) DO UPDATE SET language_id = 1 ,topic_id= 3020,c_grade_id =3,level=3,question_text='1',explanation='',interesting_fact='200';


INSERT INTO answer_options (question_id, correct_answer, answer_text)
VALUES ('103020403', TRUE, 'בחבילת עפרונות יש 8 עפרונות ויש לך 100 חבילות. כמה עפרונות יש לך?') ;

INSERT INTO answer_options (question_id, correct_answer, answer_text)
VALUES ('103020403', FALSE, '800');

INSERT INTO answer_options (question_id, correct_answer, answer_text)
VALUES ('103020403', FALSE, '8000');

INSERT INTO answer_options (question_id, correct_answer, answer_text)
VALUES ('103020403', FALSE, '80');

INSERT INTO questions (question_id, language_id, topic_id, c_grade_id, level, question_text, explanation, interesting_fact)
VALUES ('103020405', 1, 3020, 5, 5, '1', '', 'אף אחת מהתשובות אינה נכונה') ON CONFLICT (question_id) DO UPDATE SET language_id = 1 ,topic_id= 3020,c_grade_id =5,level=5,question_text='1',explanation='',interesting_fact='אף אחת מהתשובות אינה נכונה';


INSERT INTO answer_options (question_id, correct_answer, answer_text)
VALUES ('103020405', TRUE, 'כמה מכיל יותר? 5 שקיות אדומות עם 10 סוכריות בכל שקית, או 10 שקיות ירוקות עם 5 סוכריות בכל שקית?') ;

INSERT INTO answer_options (question_id, correct_answer, answer_text)
VALUES ('103020405', FALSE, 'הם מכילים את אותה כמות');

INSERT INTO answer_options (question_id, correct_answer, answer_text)
VALUES ('103020405', FALSE, '5 שקיות אדומות עם 10 סוכריות כל אחת');

INSERT INTO answer_options (question_id, correct_answer, answer_text)
VALUES ('103020405', FALSE, '10 שקיות ירוקות עם 5 סוכריות כל אחת');

INSERT INTO questions (question_id, language_id, topic_id, c_grade_id, level, question_text, explanation, interesting_fact)
VALUES ('103020406', 1, 3020, 6, 6, '1', '', 'אף אחת מהתשובות אינה נכונה') ON CONFLICT (question_id) DO UPDATE SET language_id = 1 ,topic_id= 3020,c_grade_id =6,level=6,question_text='1',explanation='',interesting_fact='אף אחת מהתשובות אינה נכונה';


INSERT INTO answer_options (question_id, correct_answer, answer_text)
VALUES ('103020406', TRUE, 'כמה מכיל יותר? 7 סלסלות כתומות עם 100 תפוחים בכל סלסילה, או 100 סלסילות סגולות עם 7 תפוחים בכל סל?') ;

INSERT INTO answer_options (question_id, correct_answer, answer_text)
VALUES ('103020406', FALSE, 'הם מכילים את אותה כמות');

INSERT INTO answer_options (question_id, correct_answer, answer_text)
VALUES ('103020406', FALSE, '7 סלסלות כתומות עם 100 תפוחים כל אחת');

INSERT INTO answer_options (question_id, correct_answer, answer_text)
VALUES ('103020406', FALSE, '100 סלסלות סגולות עם 7 תפוחים כל אחת');

INSERT INTO questions (question_id, language_id, topic_id, c_grade_id, level, question_text, explanation, interesting_fact)
VALUES ('103020407', 1, 3020, 7, 7, '1', '', 'אף אחת מהתשובות אינה נכונה') ON CONFLICT (question_id) DO UPDATE SET language_id = 1 ,topic_id= 3020,c_grade_id =7,level=7,question_text='1',explanation='',interesting_fact='אף אחת מהתשובות אינה נכונה';


INSERT INTO answer_options (question_id, correct_answer, answer_text)
VALUES ('103020407', TRUE, 'כמה מכיל יותר? 4 דליים ירוקים עם 10 כדורים בכל דלי, או 10 דליים כחולים עם 4 כדורים בכל דלי?') ;

INSERT INTO answer_options (question_id, correct_answer, answer_text)
VALUES ('103020407', FALSE, 'הם מכילים את אותה כמות');

INSERT INTO answer_options (question_id, correct_answer, answer_text)
VALUES ('103020407', FALSE, '4 דליים ירוקים');

INSERT INTO answer_options (question_id, correct_answer, answer_text)
VALUES ('103020407', FALSE, '10 דליים כחולים');

INSERT INTO questions (question_id, language_id, topic_id, c_grade_id, level, question_text, explanation, interesting_fact)
VALUES ('103020408', 1, 3020, 8, 8, '1', '', 'אף אחת מהתשובות אינה נכונה') ON CONFLICT (question_id) DO UPDATE SET language_id = 1 ,topic_id= 3020,c_grade_id =8,level=8,question_text='1',explanation='',interesting_fact='אף אחת מהתשובות אינה נכונה';


INSERT INTO answer_options (question_id, correct_answer, answer_text)
VALUES ('103020408', TRUE, 'כמה מכיל יותר? 10 תיקיות אדומות עם 5 ניירות בכל תיקייה, או 5 תיקיות כחולות עם 10 ניירות בכל תיקייה?') ;

INSERT INTO answer_options (question_id, correct_answer, answer_text)
VALUES ('103020408', FALSE, 'הם מכילים את אותה כמות');

INSERT INTO answer_options (question_id, correct_answer, answer_text)
VALUES ('103020408', FALSE, '10 תיקיות אדומות עם 5 ניירות כל אחת');

INSERT INTO answer_options (question_id, correct_answer, answer_text)
VALUES ('103020408', FALSE, '5 תיקיות כחולות עם 10 ניירות כל אחת');

INSERT INTO questions (question_id, language_id, topic_id, c_grade_id, level, question_text, explanation, interesting_fact)
VALUES ('103020409', 1, 3020, 9, 9, '1', '', '100') ON CONFLICT (question_id) DO UPDATE SET language_id = 1 ,topic_id= 3020,c_grade_id =9,level=9,question_text='1',explanation='',interesting_fact='100';


INSERT INTO answer_options (question_id, correct_answer, answer_text)
VALUES ('103020409', TRUE, '7x10x10 = ?') ;

INSERT INTO answer_options (question_id, correct_answer, answer_text)
VALUES ('103020409', FALSE, '700');

INSERT INTO answer_options (question_id, correct_answer, answer_text)
VALUES ('103020409', FALSE, '70');

INSERT INTO answer_options (question_id, correct_answer, answer_text)
VALUES ('103020409', FALSE, '17');

INSERT INTO questions (question_id, language_id, topic_id, c_grade_id, level, question_text, explanation, interesting_fact)
VALUES ('103020410', 1, 3020, 0, 0, '1', '', '100') ON CONFLICT (question_id) DO UPDATE SET language_id = 1 ,topic_id= 3020,c_grade_id =0,level=0,question_text='1',explanation='',interesting_fact='100';


INSERT INTO answer_options (question_id, correct_answer, answer_text)
VALUES ('103020410', TRUE, '10 x 10 x 17 = ?') ;

INSERT INTO answer_options (question_id, correct_answer, answer_text)
VALUES ('103020410', FALSE, '1700');

INSERT INTO answer_options (question_id, correct_answer, answer_text)
VALUES ('103020410', FALSE, '1017');

INSERT INTO answer_options (question_id, correct_answer, answer_text)
VALUES ('103020410', FALSE, '177');

INSERT INTO questions (question_id, language_id, topic_id, c_grade_id, level, question_text, explanation, interesting_fact)
VALUES ('103020411', 1, 3020, 1, 1, '1', '', '30') ON CONFLICT (question_id) DO UPDATE SET language_id = 1 ,topic_id= 3020,c_grade_id =1,level=1,question_text='1',explanation='',interesting_fact='30';


INSERT INTO answer_options (question_id, correct_answer, answer_text)
VALUES ('103020411', TRUE, '10 x 3 x 10 = ?') ;

INSERT INTO answer_options (question_id, correct_answer, answer_text)
VALUES ('103020411', FALSE, '300');

INSERT INTO answer_options (question_id, correct_answer, answer_text)
VALUES ('103020411', FALSE, '103');

INSERT INTO answer_options (question_id, correct_answer, answer_text)
VALUES ('103020411', FALSE, '130');

INSERT INTO questions (question_id, language_id, topic_id, c_grade_id, level, question_text, explanation, interesting_fact)
VALUES ('103020412', 1, 3020, 2, 2, '1', '', '684') ON CONFLICT (question_id) DO UPDATE SET language_id = 1 ,topic_id= 3020,c_grade_id =2,level=2,question_text='1',explanation='',interesting_fact='684';


INSERT INTO answer_options (question_id, correct_answer, answer_text)
VALUES ('103020412', TRUE, '1 × 6 + 10 × 8 + 100 × 4 = ?') ;

INSERT INTO answer_options (question_id, correct_answer, answer_text)
VALUES ('103020412', FALSE, '486');

INSERT INTO answer_options (question_id, correct_answer, answer_text)
VALUES ('103020412', FALSE, '846');

INSERT INTO answer_options (question_id, correct_answer, answer_text)
VALUES ('103020412', FALSE, '248');

INSERT INTO questions (question_id, language_id, topic_id, c_grade_id, level, question_text, explanation, interesting_fact)
VALUES ('103020413', 1, 3020, 3, 3, '1', '', 'כל התשובות נכונות') ON CONFLICT (question_id) DO UPDATE SET language_id = 1 ,topic_id= 3020,c_grade_id =3,level=3,question_text='1',explanation='',interesting_fact='כל התשובות נכונות';


INSERT INTO answer_options (question_id, correct_answer, answer_text)
VALUES ('103020413', TRUE, '1 × 1 + 10 × 6 + 100 × 3 = ?') ;

INSERT INTO answer_options (question_id, correct_answer, answer_text)
VALUES ('103020413', FALSE, '361');

INSERT INTO answer_options (question_id, correct_answer, answer_text)
VALUES ('103020413', FALSE, '631');

INSERT INTO answer_options (question_id, correct_answer, answer_text)
VALUES ('103020413', FALSE, '136');

INSERT INTO questions (question_id, language_id, topic_id, c_grade_id, level, question_text, explanation, interesting_fact)
VALUES ('103020414', 1, 3020, 4, 4, '1', '', 'כל התשובות נכונות') ON CONFLICT (question_id) DO UPDATE SET language_id = 1 ,topic_id= 3020,c_grade_id =4,level=4,question_text='1',explanation='',interesting_fact='כל התשובות נכונות';


INSERT INTO answer_options (question_id, correct_answer, answer_text)
VALUES ('103020414', TRUE, '1 × 2 + 10 × 7 + 100 × 1 = ?') ;

INSERT INTO answer_options (question_id, correct_answer, answer_text)
VALUES ('103020414', FALSE, '172');

INSERT INTO answer_options (question_id, correct_answer, answer_text)
VALUES ('103020414', FALSE, '271');

INSERT INTO answer_options (question_id, correct_answer, answer_text)
VALUES ('103020414', FALSE, '712');

INSERT INTO questions (question_id, language_id, topic_id, c_grade_id, level, question_text, explanation, interesting_fact)
VALUES ('103020415', 1, 3020, 5, 5, '1', '', 'כל התשובות נכונות') ON CONFLICT (question_id) DO UPDATE SET language_id = 1 ,topic_id= 3020,c_grade_id =5,level=5,question_text='1',explanation='',interesting_fact='כל התשובות נכונות';


INSERT INTO answer_options (question_id, correct_answer, answer_text)
VALUES ('103020415', TRUE, '1 × 3 + 10 × 5 + 100 × 9 = ?') ;

INSERT INTO answer_options (question_id, correct_answer, answer_text)
VALUES ('103020415', FALSE, '953');

INSERT INTO answer_options (question_id, correct_answer, answer_text)
VALUES ('103020415', FALSE, '359');

INSERT INTO answer_options (question_id, correct_answer, answer_text)
VALUES ('103020415', FALSE, '539');

INSERT INTO questions (question_id, language_id, topic_id, c_grade_id, level, question_text, explanation, interesting_fact)
VALUES ('103020416', 1, 3020, 6, 6, '1', '', '3') ON CONFLICT (question_id) DO UPDATE SET language_id = 1 ,topic_id= 3020,c_grade_id =6,level=6,question_text='1',explanation='',interesting_fact='3';


INSERT INTO answer_options (question_id, correct_answer, answer_text)
VALUES ('103020416', TRUE, '1 × 3 + 10 × 3 = ?') ;

INSERT INTO answer_options (question_id, correct_answer, answer_text)
VALUES ('103020416', FALSE, '33');

INSERT INTO answer_options (question_id, correct_answer, answer_text)
VALUES ('103020416', FALSE, '30');

INSERT INTO answer_options (question_id, correct_answer, answer_text)
VALUES ('103020416', FALSE, '300');

INSERT INTO questions (question_id, language_id, topic_id, c_grade_id, level, question_text, explanation, interesting_fact)
VALUES ('103020417', 1, 3020, 7, 7, '1', '', '3') ON CONFLICT (question_id) DO UPDATE SET language_id = 1 ,topic_id= 3020,c_grade_id =7,level=7,question_text='1',explanation='',interesting_fact='3';


INSERT INTO answer_options (question_id, correct_answer, answer_text)
VALUES ('103020417', TRUE, '1 × 3 + 10 × 5 = ?') ;

INSERT INTO answer_options (question_id, correct_answer, answer_text)
VALUES ('103020417', FALSE, '53');

INSERT INTO answer_options (question_id, correct_answer, answer_text)
VALUES ('103020417', FALSE, '35');

INSERT INTO answer_options (question_id, correct_answer, answer_text)
VALUES ('103020417', FALSE, '300');

INSERT INTO questions (question_id, language_id, topic_id, c_grade_id, level, question_text, explanation, interesting_fact)
VALUES ('103020418', 1, 3020, 8, 8, '1', '', '22') ON CONFLICT (question_id) DO UPDATE SET language_id = 1 ,topic_id= 3020,c_grade_id =8,level=8,question_text='1',explanation='',interesting_fact='22';


INSERT INTO answer_options (question_id, correct_answer, answer_text)
VALUES ('103020418', TRUE, '1 × 2 + 10 × 7 = ?') ;

INSERT INTO answer_options (question_id, correct_answer, answer_text)
VALUES ('103020418', FALSE, '72');

INSERT INTO answer_options (question_id, correct_answer, answer_text)
VALUES ('103020418', FALSE, '27');

INSERT INTO answer_options (question_id, correct_answer, answer_text)
VALUES ('103020418', FALSE, '77');

INSERT INTO questions (question_id, language_id, topic_id, c_grade_id, level, question_text, explanation, interesting_fact)
VALUES ('103020419', 1, 3020, 9, 9, '1', '', '79') ON CONFLICT (question_id) DO UPDATE SET language_id = 1 ,topic_id= 3020,c_grade_id =9,level=9,question_text='1',explanation='',interesting_fact='79';


INSERT INTO answer_options (question_id, correct_answer, answer_text)
VALUES ('103020419', TRUE, '100 × 9 + 10 × 7 = ?') ;

INSERT INTO answer_options (question_id, correct_answer, answer_text)
VALUES ('103020419', FALSE, '970');

INSERT INTO answer_options (question_id, correct_answer, answer_text)
VALUES ('103020419', FALSE, '790');

INSERT INTO answer_options (question_id, correct_answer, answer_text)
VALUES ('103020419', FALSE, '1907');

INSERT INTO questions (question_id, language_id, topic_id, c_grade_id, level, question_text, explanation, interesting_fact)
VALUES ('103020420', 1, 3020, 0, 0, '1', '', '413') ON CONFLICT (question_id) DO UPDATE SET language_id = 1 ,topic_id= 3020,c_grade_id =0,level=0,question_text='1',explanation='',interesting_fact='413';


INSERT INTO answer_options (question_id, correct_answer, answer_text)
VALUES ('103020420', TRUE, '100 × 1 + 10 × 4 + 1 × 3 = ?') ;

INSERT INTO answer_options (question_id, correct_answer, answer_text)
VALUES ('103020420', FALSE, '143');

INSERT INTO answer_options (question_id, correct_answer, answer_text)
VALUES ('103020420', FALSE, '431');

INSERT INTO answer_options (question_id, correct_answer, answer_text)
VALUES ('103020420', FALSE, '314');

INSERT INTO questions (question_id, language_id, topic_id, c_grade_id, level, question_text, explanation, interesting_fact)
VALUES ('103021101', 1, 3021, 1, 1, '1', '', '50') ON CONFLICT (question_id) DO UPDATE SET language_id = 1 ,topic_id= 3021,c_grade_id =1,level=1,question_text='1',explanation='',interesting_fact='50';


INSERT INTO answer_options (question_id, correct_answer, answer_text)
VALUES ('103021101', TRUE, 'אם יש 10 קופסאות, וכל קופסה מכילה 50 תפוחים, כמה תפוחים יש בסך הכל?') ;

INSERT INTO answer_options (question_id, correct_answer, answer_text)
VALUES ('103021101', FALSE, '500');

INSERT INTO answer_options (question_id, correct_answer, answer_text)
VALUES ('103021101', FALSE, '1000');

INSERT INTO answer_options (question_id, correct_answer, answer_text)
VALUES ('103021101', FALSE, '250');

INSERT INTO questions (question_id, language_id, topic_id, c_grade_id, level, question_text, explanation, interesting_fact)
VALUES ('103021102', 1, 3021, 2, 2, '1', '', '120') ON CONFLICT (question_id) DO UPDATE SET language_id = 1 ,topic_id= 3021,c_grade_id =2,level=2,question_text='1',explanation='',interesting_fact='120';


INSERT INTO answer_options (question_id, correct_answer, answer_text)
VALUES ('103021102', TRUE, 'אם יש לך 4 שקיות, ובכל שקית יש 40 גולות, כמה גולות יש לך בסך הכל?') ;

INSERT INTO answer_options (question_id, correct_answer, answer_text)
VALUES ('103021102', FALSE, '160');

INSERT INTO answer_options (question_id, correct_answer, answer_text)
VALUES ('103021102', FALSE, '320');

INSERT INTO answer_options (question_id, correct_answer, answer_text)
VALUES ('103021102', FALSE, '400');

INSERT INTO questions (question_id, language_id, topic_id, c_grade_id, level, question_text, explanation, interesting_fact)
VALUES ('103021103', 1, 3021, 3, 3, '1', '', '30') ON CONFLICT (question_id) DO UPDATE SET language_id = 1 ,topic_id= 3021,c_grade_id =3,level=3,question_text='1',explanation='',interesting_fact='30';


INSERT INTO answer_options (question_id, correct_answer, answer_text)
VALUES ('103021103', TRUE, 'אם יש 6 חבילות, וכל חבילה מכילה 30 עפרונות, כמה עפרונות יש בסך הכל?') ;

INSERT INTO answer_options (question_id, correct_answer, answer_text)
VALUES ('103021103', FALSE, '180');

INSERT INTO answer_options (question_id, correct_answer, answer_text)
VALUES ('103021103', FALSE, '360');

INSERT INTO answer_options (question_id, correct_answer, answer_text)
VALUES ('103021103', FALSE, '90');

INSERT INTO questions (question_id, language_id, topic_id, c_grade_id, level, question_text, explanation, interesting_fact)
VALUES ('103021104', 1, 3021, 4, 4, '1', '', '120') ON CONFLICT (question_id) DO UPDATE SET language_id = 1 ,topic_id= 3021,c_grade_id =4,level=4,question_text='1',explanation='',interesting_fact='120';


INSERT INTO answer_options (question_id, correct_answer, answer_text)
VALUES ('103021104', TRUE, 'אם יש 5 צנצנות, וכל צנצנת מכילה 60 עוגיות, כמה עוגיות יש בסך הכל?') ;

INSERT INTO answer_options (question_id, correct_answer, answer_text)
VALUES ('103021104', FALSE, '300');

INSERT INTO answer_options (question_id, correct_answer, answer_text)
VALUES ('103021104', FALSE, '150');

INSERT INTO answer_options (question_id, correct_answer, answer_text)
VALUES ('103021104', FALSE, '600');

INSERT INTO questions (question_id, language_id, topic_id, c_grade_id, level, question_text, explanation, interesting_fact)
VALUES ('103021106', 1, 3021, 6, 6, '1', '', '70') ON CONFLICT (question_id) DO UPDATE SET language_id = 1 ,topic_id= 3021,c_grade_id =6,level=6,question_text='1',explanation='',interesting_fact='70';


INSERT INTO answer_options (question_id, correct_answer, answer_text)
VALUES ('103021106', TRUE, 'אם יש 3 קופסאות, וכל קופסה מכילה 70 שוקולדים, כמה שוקולדים יש בסך הכל?') ;

INSERT INTO answer_options (question_id, correct_answer, answer_text)
VALUES ('103021106', FALSE, '210');

INSERT INTO answer_options (question_id, correct_answer, answer_text)
VALUES ('103021106', FALSE, '140');

INSERT INTO answer_options (question_id, correct_answer, answer_text)
VALUES ('103021106', FALSE, '21');

INSERT INTO questions (question_id, language_id, topic_id, c_grade_id, level, question_text, explanation, interesting_fact)
VALUES ('103021107', 1, 3021, 7, 7, '1', '', '300') ON CONFLICT (question_id) DO UPDATE SET language_id = 1 ,topic_id= 3021,c_grade_id =7,level=7,question_text='1',explanation='',interesting_fact='300';


INSERT INTO answer_options (question_id, correct_answer, answer_text)
VALUES ('103021107', TRUE, '30 x 12 = ?') ;

INSERT INTO answer_options (question_id, correct_answer, answer_text)
VALUES ('103021107', FALSE, '360');

INSERT INTO answer_options (question_id, correct_answer, answer_text)
VALUES ('103021107', FALSE, '240');

INSERT INTO answer_options (question_id, correct_answer, answer_text)
VALUES ('103021107', FALSE, '480');

INSERT INTO questions (question_id, language_id, topic_id, c_grade_id, level, question_text, explanation, interesting_fact)
VALUES ('103021108', 1, 3021, 8, 8, '1', '', '35') ON CONFLICT (question_id) DO UPDATE SET language_id = 1 ,topic_id= 3021,c_grade_id =8,level=8,question_text='1',explanation='',interesting_fact='35';


INSERT INTO answer_options (question_id, correct_answer, answer_text)
VALUES ('103021108', TRUE, '35 x 10 = ?') ;

INSERT INTO answer_options (question_id, correct_answer, answer_text)
VALUES ('103021108', FALSE, '350');

INSERT INTO answer_options (question_id, correct_answer, answer_text)
VALUES ('103021108', FALSE, '150');

INSERT INTO answer_options (question_id, correct_answer, answer_text)
VALUES ('103021108', FALSE, '500');

INSERT INTO questions (question_id, language_id, topic_id, c_grade_id, level, question_text, explanation, interesting_fact)
VALUES ('103021109', 1, 3021, 9, 9, '1', '', '90') ON CONFLICT (question_id) DO UPDATE SET language_id = 1 ,topic_id= 3021,c_grade_id =9,level=9,question_text='1',explanation='',interesting_fact='90';


INSERT INTO answer_options (question_id, correct_answer, answer_text)
VALUES ('103021109', TRUE, '90 x 15 = ?') ;

INSERT INTO answer_options (question_id, correct_answer, answer_text)
VALUES ('103021109', FALSE, '1350');

INSERT INTO answer_options (question_id, correct_answer, answer_text)
VALUES ('103021109', FALSE, '900');

INSERT INTO answer_options (question_id, correct_answer, answer_text)
VALUES ('103021109', FALSE, '1950');

INSERT INTO questions (question_id, language_id, topic_id, c_grade_id, level, question_text, explanation, interesting_fact)
VALUES ('103021110', 1, 3021, 0, 0, '1', '', '1240') ON CONFLICT (question_id) DO UPDATE SET language_id = 1 ,topic_id= 3021,c_grade_id =0,level=0,question_text='1',explanation='',interesting_fact='1240';


INSERT INTO answer_options (question_id, correct_answer, answer_text)
VALUES ('103021110', TRUE, '12 x 70 = ?') ;

INSERT INTO answer_options (question_id, correct_answer, answer_text)
VALUES ('103021110', FALSE, '840');

INSERT INTO answer_options (question_id, correct_answer, answer_text)
VALUES ('103021110', FALSE, '720');

INSERT INTO answer_options (question_id, correct_answer, answer_text)
VALUES ('103021110', FALSE, '620');

INSERT INTO questions (question_id, language_id, topic_id, c_grade_id, level, question_text, explanation, interesting_fact)
VALUES ('103021111', 1, 3021, 1, 1, '1', '', '90') ON CONFLICT (question_id) DO UPDATE SET language_id = 1 ,topic_id= 3021,c_grade_id =1,level=1,question_text='1',explanation='',interesting_fact='90';


INSERT INTO answer_options (question_id, correct_answer, answer_text)
VALUES ('103021111', TRUE, '80 x 9 = ?') ;

INSERT INTO answer_options (question_id, correct_answer, answer_text)
VALUES ('103021111', FALSE, '720');

INSERT INTO answer_options (question_id, correct_answer, answer_text)
VALUES ('103021111', FALSE, '800');

INSERT INTO answer_options (question_id, correct_answer, answer_text)
VALUES ('103021111', FALSE, '880');

INSERT INTO questions (question_id, language_id, topic_id, c_grade_id, level, question_text, explanation, interesting_fact)
VALUES ('103021112', 1, 3021, 2, 2, '1', '', '200') ON CONFLICT (question_id) DO UPDATE SET language_id = 1 ,topic_id= 3021,c_grade_id =2,level=2,question_text='1',explanation='',interesting_fact='200';


INSERT INTO answer_options (question_id, correct_answer, answer_text)
VALUES ('103021112', TRUE, 'כמה זה 23 כפול 20?') ;

INSERT INTO answer_options (question_id, correct_answer, answer_text)
VALUES ('103021112', FALSE, '460');

INSERT INTO answer_options (question_id, correct_answer, answer_text)
VALUES ('103021112', FALSE, '230');

INSERT INTO answer_options (question_id, correct_answer, answer_text)
VALUES ('103021112', FALSE, '690');

INSERT INTO questions (question_id, language_id, topic_id, c_grade_id, level, question_text, explanation, interesting_fact)
VALUES ('103021113', 1, 3021, 3, 3, '1', '', '300') ON CONFLICT (question_id) DO UPDATE SET language_id = 1 ,topic_id= 3021,c_grade_id =3,level=3,question_text='1',explanation='',interesting_fact='300';


INSERT INTO answer_options (question_id, correct_answer, answer_text)
VALUES ('103021113', TRUE, 'כמה זה 40 כפול 15?') ;

INSERT INTO answer_options (question_id, correct_answer, answer_text)
VALUES ('103021113', FALSE, '600');

INSERT INTO answer_options (question_id, correct_answer, answer_text)
VALUES ('103021113', FALSE, '400');

INSERT INTO answer_options (question_id, correct_answer, answer_text)
VALUES ('103021113', FALSE, '800');

INSERT INTO questions (question_id, language_id, topic_id, c_grade_id, level, question_text, explanation, interesting_fact)
VALUES ('103021114', 1, 3021, 4, 4, '1', '', '250') ON CONFLICT (question_id) DO UPDATE SET language_id = 1 ,topic_id= 3021,c_grade_id =4,level=4,question_text='1',explanation='',interesting_fact='250';


INSERT INTO answer_options (question_id, correct_answer, answer_text)
VALUES ('103021114', TRUE, 'כמה זה 25 כפול 30?') ;

INSERT INTO answer_options (question_id, correct_answer, answer_text)
VALUES ('103021114', FALSE, '750');

INSERT INTO answer_options (question_id, correct_answer, answer_text)
VALUES ('103021114', FALSE, '150');

INSERT INTO answer_options (question_id, correct_answer, answer_text)
VALUES ('103021114', FALSE, '300');

INSERT INTO questions (question_id, language_id, topic_id, c_grade_id, level, question_text, explanation, interesting_fact)
VALUES ('103021115', 1, 3021, 5, 5, '1', '', '180') ON CONFLICT (question_id) DO UPDATE SET language_id = 1 ,topic_id= 3021,c_grade_id =5,level=5,question_text='1',explanation='',interesting_fact='180';


INSERT INTO answer_options (question_id, correct_answer, answer_text)
VALUES ('103021115', TRUE, 'חשב 18 כפול 40.') ;

INSERT INTO answer_options (question_id, correct_answer, answer_text)
VALUES ('103021115', FALSE, '720');

INSERT INTO answer_options (question_id, correct_answer, answer_text)
VALUES ('103021115', FALSE, '400');

INSERT INTO answer_options (question_id, correct_answer, answer_text)
VALUES ('103021115', FALSE, '360');

INSERT INTO questions (question_id, language_id, topic_id, c_grade_id, level, question_text, explanation, interesting_fact)
VALUES ('103021116', 1, 3021, 6, 6, '1', '', '500') ON CONFLICT (question_id) DO UPDATE SET language_id = 1 ,topic_id= 3021,c_grade_id =6,level=6,question_text='1',explanation='',interesting_fact='500';


INSERT INTO answer_options (question_id, correct_answer, answer_text)
VALUES ('103021116', TRUE, 'חשב 15 כפול 50.') ;

INSERT INTO answer_options (question_id, correct_answer, answer_text)
VALUES ('103021116', FALSE, '750');

INSERT INTO answer_options (question_id, correct_answer, answer_text)
VALUES ('103021116', FALSE, '150');

INSERT INTO answer_options (question_id, correct_answer, answer_text)
VALUES ('103021116', FALSE, '550');

INSERT INTO questions (question_id, language_id, topic_id, c_grade_id, level, question_text, explanation, interesting_fact)
VALUES ('103021117', 1, 3021, 7, 7, '1', '', '2800') ON CONFLICT (question_id) DO UPDATE SET language_id = 1 ,topic_id= 3021,c_grade_id =7,level=7,question_text='1',explanation='',interesting_fact='2800';


INSERT INTO answer_options (question_id, correct_answer, answer_text)
VALUES ('103021117', TRUE, 'כמה זה 28 כפול 40?') ;

INSERT INTO answer_options (question_id, correct_answer, answer_text)
VALUES ('103021117', FALSE, '1120');

INSERT INTO answer_options (question_id, correct_answer, answer_text)
VALUES ('103021117', FALSE, '280');

INSERT INTO answer_options (question_id, correct_answer, answer_text)
VALUES ('103021117', FALSE, '140');

INSERT INTO questions (question_id, language_id, topic_id, c_grade_id, level, question_text, explanation, interesting_fact)
VALUES ('103021118', 1, 3021, 8, 8, '1', '', '500') ON CONFLICT (question_id) DO UPDATE SET language_id = 1 ,topic_id= 3021,c_grade_id =8,level=8,question_text='1',explanation='',interesting_fact='500';


INSERT INTO answer_options (question_id, correct_answer, answer_text)
VALUES ('103021118', TRUE, 'כמה זה 50 כפול 14?') ;

INSERT INTO answer_options (question_id, correct_answer, answer_text)
VALUES ('103021118', FALSE, '700');

INSERT INTO answer_options (question_id, correct_answer, answer_text)
VALUES ('103021118', FALSE, '140');

INSERT INTO answer_options (question_id, correct_answer, answer_text)
VALUES ('103021118', FALSE, '350');

INSERT INTO questions (question_id, language_id, topic_id, c_grade_id, level, question_text, explanation, interesting_fact)
VALUES ('103021119', 1, 3021, 9, 9, '1', '', '2200') ON CONFLICT (question_id) DO UPDATE SET language_id = 1 ,topic_id= 3021,c_grade_id =9,level=9,question_text='1',explanation='',interesting_fact='2200';


INSERT INTO answer_options (question_id, correct_answer, answer_text)
VALUES ('103021119', TRUE, 'חשב 22 כפול 30.') ;

INSERT INTO answer_options (question_id, correct_answer, answer_text)
VALUES ('103021119', FALSE, '660');

INSERT INTO answer_options (question_id, correct_answer, answer_text)
VALUES ('103021119', FALSE, '220');

INSERT INTO answer_options (question_id, correct_answer, answer_text)
VALUES ('103021119', FALSE, '300');

INSERT INTO questions (question_id, language_id, topic_id, c_grade_id, level, question_text, explanation, interesting_fact)
VALUES ('103021120', 1, 3021, 0, 0, '1', '', '4200') ON CONFLICT (question_id) DO UPDATE SET language_id = 1 ,topic_id= 3021,c_grade_id =0,level=0,question_text='1',explanation='',interesting_fact='4200';


INSERT INTO answer_options (question_id, correct_answer, answer_text)
VALUES ('103021120', TRUE, 'כמה זה 42 כפול 20?') ;

INSERT INTO answer_options (question_id, correct_answer, answer_text)
VALUES ('103021120', FALSE, '840');

INSERT INTO answer_options (question_id, correct_answer, answer_text)
VALUES ('103021120', FALSE, '420');

INSERT INTO answer_options (question_id, correct_answer, answer_text)
VALUES ('103021120', FALSE, '240');

INSERT INTO questions (question_id, language_id, topic_id, c_grade_id, level, question_text, explanation, interesting_fact)
VALUES ('103021201', 1, 3021, 1, 1, 'nan', '', '1800') ON CONFLICT (question_id) DO UPDATE SET language_id = 1 ,topic_id= 3021,c_grade_id =1,level=1,question_text='nan',explanation='',interesting_fact='1800';


INSERT INTO answer_options (question_id, correct_answer, answer_text)
VALUES ('103021201', TRUE, 'כמה זה 60 כפול 18?') ;

INSERT INTO answer_options (question_id, correct_answer, answer_text)
VALUES ('103021201', FALSE, '1080');

INSERT INTO answer_options (question_id, correct_answer, answer_text)
VALUES ('103021201', FALSE, '600');

INSERT INTO answer_options (question_id, correct_answer, answer_text)
VALUES ('103021201', FALSE, '360');

INSERT INTO questions (question_id, language_id, topic_id, c_grade_id, level, question_text, explanation, interesting_fact)
VALUES ('103021202', 1, 3021, 2, 2, '1', '', '500') ON CONFLICT (question_id) DO UPDATE SET language_id = 1 ,topic_id= 3021,c_grade_id =2,level=2,question_text='1',explanation='',interesting_fact='500';


INSERT INTO answer_options (question_id, correct_answer, answer_text)
VALUES ('103021202', TRUE, 'חשב 16 כפול 50.') ;

INSERT INTO answer_options (question_id, correct_answer, answer_text)
VALUES ('103021202', FALSE, '800');

INSERT INTO answer_options (question_id, correct_answer, answer_text)
VALUES ('103021202', FALSE, '160');

INSERT INTO answer_options (question_id, correct_answer, answer_text)
VALUES ('103021202', FALSE, '560');

INSERT INTO questions (question_id, language_id, topic_id, c_grade_id, level, question_text, explanation, interesting_fact)
VALUES ('103021203', 1, 3021, 3, 3, '1', '', '140') ON CONFLICT (question_id) DO UPDATE SET language_id = 1 ,topic_id= 3021,c_grade_id =3,level=3,question_text='1',explanation='',interesting_fact='140';


INSERT INTO answer_options (question_id, correct_answer, answer_text)
VALUES ('103021203', TRUE, 'כמה זה 35 כפול 40?') ;

INSERT INTO answer_options (question_id, correct_answer, answer_text)
VALUES ('103021203', FALSE, '1400');

INSERT INTO answer_options (question_id, correct_answer, answer_text)
VALUES ('103021203', FALSE, '350');

INSERT INTO answer_options (question_id, correct_answer, answer_text)
VALUES ('103021203', FALSE, '400');

INSERT INTO questions (question_id, language_id, topic_id, c_grade_id, level, question_text, explanation, interesting_fact)
VALUES ('103021204', 1, 3021, 4, 4, '1', '', '300') ON CONFLICT (question_id) DO UPDATE SET language_id = 1 ,topic_id= 3021,c_grade_id =4,level=4,question_text='1',explanation='',interesting_fact='300';


INSERT INTO answer_options (question_id, correct_answer, answer_text)
VALUES ('103021204', TRUE, 'חשב 14 כפול 30.') ;

INSERT INTO answer_options (question_id, correct_answer, answer_text)
VALUES ('103021204', FALSE, '420');

INSERT INTO answer_options (question_id, correct_answer, answer_text)
VALUES ('103021204', FALSE, '140');

INSERT INTO answer_options (question_id, correct_answer, answer_text)
VALUES ('103021204', FALSE, '560');

INSERT INTO questions (question_id, language_id, topic_id, c_grade_id, level, question_text, explanation, interesting_fact)
VALUES ('103021205', 1, 3021, 5, 5, '1', '', '3840') ON CONFLICT (question_id) DO UPDATE SET language_id = 1 ,topic_id= 3021,c_grade_id =5,level=5,question_text='1',explanation='',interesting_fact='3840';


INSERT INTO answer_options (question_id, correct_answer, answer_text)
VALUES ('103021205', TRUE, 'כמה זה 48 כפול 40?') ;

INSERT INTO answer_options (question_id, correct_answer, answer_text)
VALUES ('103021205', FALSE, '1920');

INSERT INTO answer_options (question_id, correct_answer, answer_text)
VALUES ('103021205', FALSE, '480');

INSERT INTO answer_options (question_id, correct_answer, answer_text)
VALUES ('103021205', FALSE, '400');

INSERT INTO questions (question_id, language_id, topic_id, c_grade_id, level, question_text, explanation, interesting_fact)
VALUES ('103021207', 1, 3021, 7, 7, '1', '', '2500') ON CONFLICT (question_id) DO UPDATE SET language_id = 1 ,topic_id= 3021,c_grade_id =7,level=7,question_text='1',explanation='',interesting_fact='2500';


INSERT INTO answer_options (question_id, correct_answer, answer_text)
VALUES ('103021207', TRUE, 'כמה זה 25 כפול 50?') ;

INSERT INTO answer_options (question_id, correct_answer, answer_text)
VALUES ('103021207', FALSE, '1250');

INSERT INTO answer_options (question_id, correct_answer, answer_text)
VALUES ('103021207', FALSE, '250');

INSERT INTO answer_options (question_id, correct_answer, answer_text)
VALUES ('103021207', FALSE, '500');

INSERT INTO questions (question_id, language_id, topic_id, c_grade_id, level, question_text, explanation, interesting_fact)
VALUES ('103021208', 1, 3021, 8, 8, '1', '', '300') ON CONFLICT (question_id) DO UPDATE SET language_id = 1 ,topic_id= 3021,c_grade_id =8,level=8,question_text='1',explanation='',interesting_fact='300';


INSERT INTO answer_options (question_id, correct_answer, answer_text)
VALUES ('103021208', TRUE, 'כמה זה 56 כפול 30?') ;

INSERT INTO answer_options (question_id, correct_answer, answer_text)
VALUES ('103021208', FALSE, '1680');

INSERT INTO answer_options (question_id, correct_answer, answer_text)
VALUES ('103021208', FALSE, '560');

INSERT INTO answer_options (question_id, correct_answer, answer_text)
VALUES ('103021208', FALSE, '600');

INSERT INTO questions (question_id, language_id, topic_id, c_grade_id, level, question_text, explanation, interesting_fact)
VALUES ('103021209', 1, 3021, 9, 9, '1', '', '30') ON CONFLICT (question_id) DO UPDATE SET language_id = 1 ,topic_id= 3021,c_grade_id =9,level=9,question_text='1',explanation='',interesting_fact='30';


INSERT INTO answer_options (question_id, correct_answer, answer_text)
VALUES ('103021209', TRUE, '20 x 30 = ?') ;

INSERT INTO answer_options (question_id, correct_answer, answer_text)
VALUES ('103021209', FALSE, '600');

INSERT INTO answer_options (question_id, correct_answer, answer_text)
VALUES ('103021209', FALSE, '200');

INSERT INTO answer_options (question_id, correct_answer, answer_text)
VALUES ('103021209', FALSE, '900');

INSERT INTO questions (question_id, language_id, topic_id, c_grade_id, level, question_text, explanation, interesting_fact)
VALUES ('103021210', 1, 3021, 0, 0, '1', '', '40') ON CONFLICT (question_id) DO UPDATE SET language_id = 1 ,topic_id= 3021,c_grade_id =0,level=0,question_text='1',explanation='',interesting_fact='40';


INSERT INTO answer_options (question_id, correct_answer, answer_text)
VALUES ('103021210', TRUE, '50 x 40 = ?') ;

INSERT INTO answer_options (question_id, correct_answer, answer_text)
VALUES ('103021210', FALSE, '2000');

INSERT INTO answer_options (question_id, correct_answer, answer_text)
VALUES ('103021210', FALSE, '500');

INSERT INTO answer_options (question_id, correct_answer, answer_text)
VALUES ('103021210', FALSE, '2500');

INSERT INTO questions (question_id, language_id, topic_id, c_grade_id, level, question_text, explanation, interesting_fact)
VALUES ('103021211', 1, 3021, 1, 1, '1', '', '60') ON CONFLICT (question_id) DO UPDATE SET language_id = 1 ,topic_id= 3021,c_grade_id =1,level=1,question_text='1',explanation='',interesting_fact='60';


INSERT INTO answer_options (question_id, correct_answer, answer_text)
VALUES ('103021211', TRUE, '80 x 60 = ?') ;

INSERT INTO answer_options (question_id, correct_answer, answer_text)
VALUES ('103021211', FALSE, '4800');

INSERT INTO answer_options (question_id, correct_answer, answer_text)
VALUES ('103021211', FALSE, '800');

INSERT INTO answer_options (question_id, correct_answer, answer_text)
VALUES ('103021211', FALSE, '6000');

INSERT INTO questions (question_id, language_id, topic_id, c_grade_id, level, question_text, explanation, interesting_fact)
VALUES ('103021212', 1, 3021, 2, 2, '1', '', '70') ON CONFLICT (question_id) DO UPDATE SET language_id = 1 ,topic_id= 3021,c_grade_id =2,level=2,question_text='1',explanation='',interesting_fact='70';


INSERT INTO answer_options (question_id, correct_answer, answer_text)
VALUES ('103021212', TRUE, '90 x 70 = ?') ;

INSERT INTO answer_options (question_id, correct_answer, answer_text)
VALUES ('103021212', FALSE, '6300');

INSERT INTO answer_options (question_id, correct_answer, answer_text)
VALUES ('103021212', FALSE, '900');

INSERT INTO answer_options (question_id, correct_answer, answer_text)
VALUES ('103021212', FALSE, '7000');

INSERT INTO questions (question_id, language_id, topic_id, c_grade_id, level, question_text, explanation, interesting_fact)
VALUES ('103021213', 1, 3021, 3, 3, '1', '', '10') ON CONFLICT (question_id) DO UPDATE SET language_id = 1 ,topic_id= 3021,c_grade_id =3,level=3,question_text='1',explanation='',interesting_fact='10';


INSERT INTO answer_options (question_id, correct_answer, answer_text)
VALUES ('103021213', TRUE, '40 x 10 = ?') ;

INSERT INTO answer_options (question_id, correct_answer, answer_text)
VALUES ('103021213', FALSE, '400');

INSERT INTO answer_options (question_id, correct_answer, answer_text)
VALUES ('103021213', FALSE, '40');

INSERT INTO answer_options (question_id, correct_answer, answer_text)
VALUES ('103021213', FALSE, '100');

INSERT INTO questions (question_id, language_id, topic_id, c_grade_id, level, question_text, explanation, interesting_fact)
VALUES ('103021214', 1, 3021, 4, 4, '1', '', '50') ON CONFLICT (question_id) DO UPDATE SET language_id = 1 ,topic_id= 3021,c_grade_id =4,level=4,question_text='1',explanation='',interesting_fact='50';


INSERT INTO answer_options (question_id, correct_answer, answer_text)
VALUES ('103021214', TRUE, '70 x 50 = ?') ;

INSERT INTO answer_options (question_id, correct_answer, answer_text)
VALUES ('103021214', FALSE, '3500');

INSERT INTO answer_options (question_id, correct_answer, answer_text)
VALUES ('103021214', FALSE, '700');

INSERT INTO answer_options (question_id, correct_answer, answer_text)
VALUES ('103021214', FALSE, '5000');

INSERT INTO questions (question_id, language_id, topic_id, c_grade_id, level, question_text, explanation, interesting_fact)
VALUES ('103021215', 1, 3021, 5, 5, '1', '', '90') ON CONFLICT (question_id) DO UPDATE SET language_id = 1 ,topic_id= 3021,c_grade_id =5,level=5,question_text='1',explanation='',interesting_fact='90';


INSERT INTO answer_options (question_id, correct_answer, answer_text)
VALUES ('103021215', TRUE, '30 x 90 = ?') ;

INSERT INTO answer_options (question_id, correct_answer, answer_text)
VALUES ('103021215', FALSE, '2700');

INSERT INTO answer_options (question_id, correct_answer, answer_text)
VALUES ('103021215', FALSE, '300');

INSERT INTO answer_options (question_id, correct_answer, answer_text)
VALUES ('103021215', FALSE, '9000');

INSERT INTO questions (question_id, language_id, topic_id, c_grade_id, level, question_text, explanation, interesting_fact)
VALUES ('103021216', 1, 3021, 6, 6, '1', '', '30') ON CONFLICT (question_id) DO UPDATE SET language_id = 1 ,topic_id= 3021,c_grade_id =6,level=6,question_text='1',explanation='',interesting_fact='30';


INSERT INTO answer_options (question_id, correct_answer, answer_text)
VALUES ('103021216', TRUE, '200 x 30 = ?') ;

INSERT INTO answer_options (question_id, correct_answer, answer_text)
VALUES ('103021216', FALSE, '6000');

INSERT INTO answer_options (question_id, correct_answer, answer_text)
VALUES ('103021216', FALSE, '2000');

INSERT INTO answer_options (question_id, correct_answer, answer_text)
VALUES ('103021216', FALSE, '3000');

INSERT INTO questions (question_id, language_id, topic_id, c_grade_id, level, question_text, explanation, interesting_fact)
VALUES ('103021217', 1, 3021, 7, 7, '1', '', '400') ON CONFLICT (question_id) DO UPDATE SET language_id = 1 ,topic_id= 3021,c_grade_id =7,level=7,question_text='1',explanation='',interesting_fact='400';


INSERT INTO answer_options (question_id, correct_answer, answer_text)
VALUES ('103021217', TRUE, '50 x 400 = ?') ;

INSERT INTO answer_options (question_id, correct_answer, answer_text)
VALUES ('103021217', FALSE, '20000');

INSERT INTO answer_options (question_id, correct_answer, answer_text)
VALUES ('103021217', FALSE, '5000');

INSERT INTO answer_options (question_id, correct_answer, answer_text)
VALUES ('103021217', FALSE, '4000');

INSERT INTO questions (question_id, language_id, topic_id, c_grade_id, level, question_text, explanation, interesting_fact)
VALUES ('103021218', 1, 3021, 8, 8, '1', '', '200') ON CONFLICT (question_id) DO UPDATE SET language_id = 1 ,topic_id= 3021,c_grade_id =8,level=8,question_text='1',explanation='',interesting_fact='200';


INSERT INTO answer_options (question_id, correct_answer, answer_text)
VALUES ('103021218', TRUE, '80 x 200 = ?') ;

INSERT INTO answer_options (question_id, correct_answer, answer_text)
VALUES ('103021218', FALSE, '16000');

INSERT INTO answer_options (question_id, correct_answer, answer_text)
VALUES ('103021218', FALSE, '8000');

INSERT INTO answer_options (question_id, correct_answer, answer_text)
VALUES ('103021218', FALSE, '2000');

INSERT INTO questions (question_id, language_id, topic_id, c_grade_id, level, question_text, explanation, interesting_fact)
VALUES ('103021219', 1, 3021, 9, 9, '1', '', '100') ON CONFLICT (question_id) DO UPDATE SET language_id = 1 ,topic_id= 3021,c_grade_id =9,level=9,question_text='1',explanation='',interesting_fact='100';


INSERT INTO answer_options (question_id, correct_answer, answer_text)
VALUES ('103021219', TRUE, '90 x 100 = ?') ;

INSERT INTO answer_options (question_id, correct_answer, answer_text)
VALUES ('103021219', FALSE, '9000');

INSERT INTO answer_options (question_id, correct_answer, answer_text)
VALUES ('103021219', FALSE, '900');

INSERT INTO answer_options (question_id, correct_answer, answer_text)
VALUES ('103021219', FALSE, '1000');

INSERT INTO questions (question_id, language_id, topic_id, c_grade_id, level, question_text, explanation, interesting_fact)
VALUES ('103021220', 1, 3021, 0, 0, '1', '', '20') ON CONFLICT (question_id) DO UPDATE SET language_id = 1 ,topic_id= 3021,c_grade_id =0,level=0,question_text='1',explanation='',interesting_fact='20';


INSERT INTO answer_options (question_id, correct_answer, answer_text)
VALUES ('103021220', TRUE, '400 x 20 = ?') ;

INSERT INTO answer_options (question_id, correct_answer, answer_text)
VALUES ('103021220', FALSE, '8000');

INSERT INTO answer_options (question_id, correct_answer, answer_text)
VALUES ('103021220', FALSE, '4000');

INSERT INTO answer_options (question_id, correct_answer, answer_text)
VALUES ('103021220', FALSE, '2000');

INSERT INTO questions (question_id, language_id, topic_id, c_grade_id, level, question_text, explanation, interesting_fact)
VALUES ('103021301', 1, 3021, 1, 1, '1', '', '50') ON CONFLICT (question_id) DO UPDATE SET language_id = 1 ,topic_id= 3021,c_grade_id =1,level=1,question_text='1',explanation='',interesting_fact='50';


INSERT INTO answer_options (question_id, correct_answer, answer_text)
VALUES ('103021301', TRUE, '70 x 500 = ?') ;

INSERT INTO answer_options (question_id, correct_answer, answer_text)
VALUES ('103021301', FALSE, '35000');

INSERT INTO answer_options (question_id, correct_answer, answer_text)
VALUES ('103021301', FALSE, '7000');

INSERT INTO answer_options (question_id, correct_answer, answer_text)
VALUES ('103021301', FALSE, '5000');

INSERT INTO questions (question_id, language_id, topic_id, c_grade_id, level, question_text, explanation, interesting_fact)
VALUES ('103021302', 1, 3021, 2, 2, '1', '', '80') ON CONFLICT (question_id) DO UPDATE SET language_id = 1 ,topic_id= 3021,c_grade_id =2,level=2,question_text='1',explanation='',interesting_fact='80';


INSERT INTO answer_options (question_id, correct_answer, answer_text)
VALUES ('103021302', TRUE, '300 x 80 = ?') ;

INSERT INTO answer_options (question_id, correct_answer, answer_text)
VALUES ('103021302', FALSE, '24000');

INSERT INTO answer_options (question_id, correct_answer, answer_text)
VALUES ('103021302', FALSE, '3000');

INSERT INTO answer_options (question_id, correct_answer, answer_text)
VALUES ('103021302', FALSE, '8000');

INSERT INTO questions (question_id, language_id, topic_id, c_grade_id, level, question_text, explanation, interesting_fact)
VALUES ('103021303', 1, 3021, 3, 3, '1', '', '2000') ON CONFLICT (question_id) DO UPDATE SET language_id = 1 ,topic_id= 3021,c_grade_id =3,level=3,question_text='1',explanation='',interesting_fact='2000';


INSERT INTO answer_options (question_id, correct_answer, answer_text)
VALUES ('103021303', TRUE, '200 x 1 = ?') ;

INSERT INTO answer_options (question_id, correct_answer, answer_text)
VALUES ('103021303', FALSE, '200');

INSERT INTO answer_options (question_id, correct_answer, answer_text)
VALUES ('103021303', FALSE, '1');

INSERT INTO answer_options (question_id, correct_answer, answer_text)
VALUES ('103021303', FALSE, '201');

INSERT INTO questions (question_id, language_id, topic_id, c_grade_id, level, question_text, explanation, interesting_fact)
VALUES ('103021304', 1, 3021, 4, 4, '1', '', '4') ON CONFLICT (question_id) DO UPDATE SET language_id = 1 ,topic_id= 3021,c_grade_id =4,level=4,question_text='1',explanation='',interesting_fact='4';


INSERT INTO answer_options (question_id, correct_answer, answer_text)
VALUES ('103021304', TRUE, '0 x 40 = ?') ;

INSERT INTO answer_options (question_id, correct_answer, answer_text)
VALUES ('103021304', FALSE, '0');

INSERT INTO answer_options (question_id, correct_answer, answer_text)
VALUES ('103021304', FALSE, '40');

INSERT INTO answer_options (question_id, correct_answer, answer_text)
VALUES ('103021304', FALSE, '400');

INSERT INTO questions (question_id, language_id, topic_id, c_grade_id, level, question_text, explanation, interesting_fact)
VALUES ('103021305', 1, 3021, 5, 5, '1', '', '600') ON CONFLICT (question_id) DO UPDATE SET language_id = 1 ,topic_id= 3021,c_grade_id =5,level=5,question_text='1',explanation='',interesting_fact='600';


INSERT INTO answer_options (question_id, correct_answer, answer_text)
VALUES ('103021305', TRUE, '1 x 60 = ?') ;

INSERT INTO answer_options (question_id, correct_answer, answer_text)
VALUES ('103021305', FALSE, '60');

INSERT INTO answer_options (question_id, correct_answer, answer_text)
VALUES ('103021305', FALSE, '1');

INSERT INTO answer_options (question_id, correct_answer, answer_text)
VALUES ('103021305', FALSE, '61');

INSERT INTO questions (question_id, language_id, topic_id, c_grade_id, level, question_text, explanation, interesting_fact)
VALUES ('103021306', 1, 3021, 6, 6, '1', '', '900') ON CONFLICT (question_id) DO UPDATE SET language_id = 1 ,topic_id= 3021,c_grade_id =6,level=6,question_text='1',explanation='',interesting_fact='900';


INSERT INTO answer_options (question_id, correct_answer, answer_text)
VALUES ('103021306', TRUE, '90 x 1= ?') ;

INSERT INTO answer_options (question_id, correct_answer, answer_text)
VALUES ('103021306', FALSE, '90');

INSERT INTO answer_options (question_id, correct_answer, answer_text)
VALUES ('103021306', FALSE, '1');

INSERT INTO answer_options (question_id, correct_answer, answer_text)
VALUES ('103021306', FALSE, '91');

INSERT INTO questions (question_id, language_id, topic_id, c_grade_id, level, question_text, explanation, interesting_fact)
VALUES ('103021308', 1, 3021, 8, 8, '1', '', '800') ON CONFLICT (question_id) DO UPDATE SET language_id = 1 ,topic_id= 3021,c_grade_id =8,level=8,question_text='1',explanation='',interesting_fact='800';


INSERT INTO answer_options (question_id, correct_answer, answer_text)
VALUES ('103021308', TRUE, '1 x 80 = ?') ;

INSERT INTO answer_options (question_id, correct_answer, answer_text)
VALUES ('103021308', FALSE, '80');

INSERT INTO answer_options (question_id, correct_answer, answer_text)
VALUES ('103021308', FALSE, '1');

INSERT INTO answer_options (question_id, correct_answer, answer_text)
VALUES ('103021308', FALSE, '81');

INSERT INTO questions (question_id, language_id, topic_id, c_grade_id, level, question_text, explanation, interesting_fact)
VALUES ('103021309', 1, 3021, 9, 9, '1', '', '7') ON CONFLICT (question_id) DO UPDATE SET language_id = 1 ,topic_id= 3021,c_grade_id =9,level=9,question_text='1',explanation='',interesting_fact='7';


INSERT INTO answer_options (question_id, correct_answer, answer_text)
VALUES ('103021309', TRUE, '70 x 0= ?') ;

INSERT INTO answer_options (question_id, correct_answer, answer_text)
VALUES ('103021309', FALSE, '0');

INSERT INTO answer_options (question_id, correct_answer, answer_text)
VALUES ('103021309', FALSE, '70');

INSERT INTO answer_options (question_id, correct_answer, answer_text)
VALUES ('103021309', FALSE, '700');

INSERT INTO questions (question_id, language_id, topic_id, c_grade_id, level, question_text, explanation, interesting_fact)
VALUES ('103021310', 1, 3021, 0, 0, '1', '', '500') ON CONFLICT (question_id) DO UPDATE SET language_id = 1 ,topic_id= 3021,c_grade_id =0,level=0,question_text='1',explanation='',interesting_fact='500';


INSERT INTO answer_options (question_id, correct_answer, answer_text)
VALUES ('103021310', TRUE, '1 x 50 x 1 = ?') ;

INSERT INTO answer_options (question_id, correct_answer, answer_text)
VALUES ('103021310', FALSE, '50');

INSERT INTO answer_options (question_id, correct_answer, answer_text)
VALUES ('103021310', FALSE, '1');

INSERT INTO answer_options (question_id, correct_answer, answer_text)
VALUES ('103021310', FALSE, '51');

INSERT INTO questions (question_id, language_id, topic_id, c_grade_id, level, question_text, explanation, interesting_fact)
VALUES ('103021311', 1, 3021, 1, 1, '1', '', '100') ON CONFLICT (question_id) DO UPDATE SET language_id = 1 ,topic_id= 3021,c_grade_id =1,level=1,question_text='1',explanation='',interesting_fact='100';


INSERT INTO answer_options (question_id, correct_answer, answer_text)
VALUES ('103021311', TRUE, '? x 20 = 20') ;

INSERT INTO answer_options (question_id, correct_answer, answer_text)
VALUES ('103021311', FALSE, '1');

INSERT INTO answer_options (question_id, correct_answer, answer_text)
VALUES ('103021311', FALSE, '0');

INSERT INTO answer_options (question_id, correct_answer, answer_text)
VALUES ('103021311', FALSE, '20');

INSERT INTO questions (question_id, language_id, topic_id, c_grade_id, level, question_text, explanation, interesting_fact)
VALUES ('103021312', 1, 3021, 2, 2, '1', '', '6') ON CONFLICT (question_id) DO UPDATE SET language_id = 1 ,topic_id= 3021,c_grade_id =2,level=2,question_text='1',explanation='',interesting_fact='6';


INSERT INTO answer_options (question_id, correct_answer, answer_text)
VALUES ('103021312', TRUE, '? x 60 = 60') ;

INSERT INTO answer_options (question_id, correct_answer, answer_text)
VALUES ('103021312', FALSE, '1');

INSERT INTO answer_options (question_id, correct_answer, answer_text)
VALUES ('103021312', FALSE, '0');

INSERT INTO answer_options (question_id, correct_answer, answer_text)
VALUES ('103021312', FALSE, '60');

INSERT INTO questions (question_id, language_id, topic_id, c_grade_id, level, question_text, explanation, interesting_fact)
VALUES ('103021313', 1, 3021, 3, 3, '1', '', '100') ON CONFLICT (question_id) DO UPDATE SET language_id = 1 ,topic_id= 3021,c_grade_id =3,level=3,question_text='1',explanation='',interesting_fact='100';


INSERT INTO answer_options (question_id, correct_answer, answer_text)
VALUES ('103021313', TRUE, '30 x ? = 30') ;

INSERT INTO answer_options (question_id, correct_answer, answer_text)
VALUES ('103021313', FALSE, '1');

INSERT INTO answer_options (question_id, correct_answer, answer_text)
VALUES ('103021313', FALSE, '0');

INSERT INTO answer_options (question_id, correct_answer, answer_text)
VALUES ('103021313', FALSE, '30');

INSERT INTO questions (question_id, language_id, topic_id, c_grade_id, level, question_text, explanation, interesting_fact)
VALUES ('103021314', 1, 3021, 4, 4, '1', '', '100') ON CONFLICT (question_id) DO UPDATE SET language_id = 1 ,topic_id= 3021,c_grade_id =4,level=4,question_text='1',explanation='',interesting_fact='100';


INSERT INTO answer_options (question_id, correct_answer, answer_text)
VALUES ('103021314', TRUE, '0 x? = 0') ;

INSERT INTO answer_options (question_id, correct_answer, answer_text)
VALUES ('103021314', FALSE, 'כל כמה שרשום לעיל');

INSERT INTO answer_options (question_id, correct_answer, answer_text)
VALUES ('103021314', FALSE, '1');

INSERT INTO answer_options (question_id, correct_answer, answer_text)
VALUES ('103021314', FALSE, '10');

INSERT INTO questions (question_id, language_id, topic_id, c_grade_id, level, question_text, explanation, interesting_fact)
VALUES ('103021315', 1, 3021, 5, 5, '1', '', '800') ON CONFLICT (question_id) DO UPDATE SET language_id = 1 ,topic_id= 3021,c_grade_id =5,level=5,question_text='1',explanation='',interesting_fact='800';


INSERT INTO answer_options (question_id, correct_answer, answer_text)
VALUES ('103021315', TRUE, '? x 80 = 0') ;

INSERT INTO answer_options (question_id, correct_answer, answer_text)
VALUES ('103021315', FALSE, '0');

INSERT INTO answer_options (question_id, correct_answer, answer_text)
VALUES ('103021315', FALSE, '1');

INSERT INTO answer_options (question_id, correct_answer, answer_text)
VALUES ('103021315', FALSE, '8');

INSERT INTO questions (question_id, language_id, topic_id, c_grade_id, level, question_text, explanation, interesting_fact)
VALUES ('103021316', 1, 3021, 6, 6, '1', '', '100') ON CONFLICT (question_id) DO UPDATE SET language_id = 1 ,topic_id= 3021,c_grade_id =6,level=6,question_text='1',explanation='',interesting_fact='100';


INSERT INTO answer_options (question_id, correct_answer, answer_text)
VALUES ('103021316', TRUE, '? x 42 = 420') ;

INSERT INTO answer_options (question_id, correct_answer, answer_text)
VALUES ('103021316', FALSE, '10');

INSERT INTO answer_options (question_id, correct_answer, answer_text)
VALUES ('103021316', FALSE, '4');

INSERT INTO answer_options (question_id, correct_answer, answer_text)
VALUES ('103021316', FALSE, '42');

INSERT INTO questions (question_id, language_id, topic_id, c_grade_id, level, question_text, explanation, interesting_fact)
VALUES ('103021317', 1, 3021, 7, 7, '1', '', '20') ON CONFLICT (question_id) DO UPDATE SET language_id = 1 ,topic_id= 3021,c_grade_id =7,level=7,question_text='1',explanation='',interesting_fact='20';


INSERT INTO answer_options (question_id, correct_answer, answer_text)
VALUES ('103021317', TRUE, '12 x ? = 120') ;

INSERT INTO answer_options (question_id, correct_answer, answer_text)
VALUES ('103021317', FALSE, '10');

INSERT INTO answer_options (question_id, correct_answer, answer_text)
VALUES ('103021317', FALSE, '12');

INSERT INTO answer_options (question_id, correct_answer, answer_text)
VALUES ('103021317', FALSE, '1');

INSERT INTO questions (question_id, language_id, topic_id, c_grade_id, level, question_text, explanation, interesting_fact)
VALUES ('103021318', 1, 3021, 8, 8, '1', '', '100') ON CONFLICT (question_id) DO UPDATE SET language_id = 1 ,topic_id= 3021,c_grade_id =8,level=8,question_text='1',explanation='',interesting_fact='100';


INSERT INTO answer_options (question_id, correct_answer, answer_text)
VALUES ('103021318', TRUE, '? x 25 = 100') ;

INSERT INTO answer_options (question_id, correct_answer, answer_text)
VALUES ('103021318', FALSE, '4');

INSERT INTO answer_options (question_id, correct_answer, answer_text)
VALUES ('103021318', FALSE, '25');

INSERT INTO answer_options (question_id, correct_answer, answer_text)
VALUES ('103021318', FALSE, '2');

INSERT INTO questions (question_id, language_id, topic_id, c_grade_id, level, question_text, explanation, interesting_fact)
VALUES ('103021319', 1, 3021, 9, 9, 'nan', '', '320') ON CONFLICT (question_id) DO UPDATE SET language_id = 1 ,topic_id= 3021,c_grade_id =9,level=9,question_text='nan',explanation='',interesting_fact='320';


INSERT INTO answer_options (question_id, correct_answer, answer_text)
VALUES ('103021319', TRUE, 'חנות קיבלה 10 ארגזים, שכל אחד כמהם מכיל 20 צעצועים, ועוד אצווה נפרדת של 100 צעצועים. כמה צעצועים קיבלה החנות בסך הכל?') ;

INSERT INTO answer_options (question_id, correct_answer, answer_text)
VALUES ('103021319', FALSE, '300');

INSERT INTO answer_options (question_id, correct_answer, answer_text)
VALUES ('103021319', FALSE, '200');

INSERT INTO answer_options (question_id, correct_answer, answer_text)
VALUES ('103021319', FALSE, '220');

INSERT INTO questions (question_id, language_id, topic_id, c_grade_id, level, question_text, explanation, interesting_fact)
VALUES ('103021320', 1, 3021, 0, 0, '1', '', '80') ON CONFLICT (question_id) DO UPDATE SET language_id = 1 ,topic_id= 3021,c_grade_id =0,level=0,question_text='1',explanation='',interesting_fact='80';


INSERT INTO answer_options (question_id, correct_answer, answer_text)
VALUES ('103021320', TRUE, 'בקניון 6 חנויות מוכרות כל אחת 10 שמלות, וב-4 חנויות נוספות כל אחת מוכרות עוד 10 שמלות. כמה שמלות יש בסך הכל?') ;

INSERT INTO answer_options (question_id, correct_answer, answer_text)
VALUES ('103021320', FALSE, '100');

INSERT INTO answer_options (question_id, correct_answer, answer_text)
VALUES ('103021320', FALSE, '110');

INSERT INTO answer_options (question_id, correct_answer, answer_text)
VALUES ('103021320', FALSE, '90');

INSERT INTO questions (question_id, language_id, topic_id, c_grade_id, level, question_text, explanation, interesting_fact)
VALUES ('103022101', 1, 3022, 1, 1, '1', '', '220') ON CONFLICT (question_id) DO UPDATE SET language_id = 1 ,topic_id= 3022,c_grade_id =1,level=1,question_text='1',explanation='',interesting_fact='220';


INSERT INTO answer_options (question_id, correct_answer, answer_text)
VALUES ('103022101', TRUE, 'בחנות הפרחים הכינו זר בודד של 40 פרחי בולבוס, ושבעה דליים בכל אחד כמהם היו 30 פרחים. כמה פרחים היו בכל הדליים ביחד?') ;

INSERT INTO answer_options (question_id, correct_answer, answer_text)
VALUES ('103022101', FALSE, '250');

INSERT INTO answer_options (question_id, correct_answer, answer_text)
VALUES ('103022101', FALSE, '210');

INSERT INTO answer_options (question_id, correct_answer, answer_text)
VALUES ('103022101', FALSE, '270');

INSERT INTO questions (question_id, language_id, topic_id, c_grade_id, level, question_text, explanation, interesting_fact)
VALUES ('103022102', 1, 3022, 2, 2, '1', '', '205') ON CONFLICT (question_id) DO UPDATE SET language_id = 1 ,topic_id= 3022,c_grade_id =2,level=2,question_text='1',explanation='',interesting_fact='205';


INSERT INTO answer_options (question_id, correct_answer, answer_text)
VALUES ('103022102', TRUE, 'בבית ספר היו 8 כיתות כל אחת 25 תלמידים, ובספרייה הייתה קבוצה נוספת של 10 תלמידים. כמה תלמידים היו בסך הכל?') ;

INSERT INTO answer_options (question_id, correct_answer, answer_text)
VALUES ('103022102', FALSE, '210');

INSERT INTO answer_options (question_id, correct_answer, answer_text)
VALUES ('103022102', FALSE, '200');

INSERT INTO answer_options (question_id, correct_answer, answer_text)
VALUES ('103022102', FALSE, '220');

INSERT INTO questions (question_id, language_id, topic_id, c_grade_id, level, question_text, explanation, interesting_fact)
VALUES ('103022103', 1, 3022, 3, 3, '1', '', '185') ON CONFLICT (question_id) DO UPDATE SET language_id = 1 ,topic_id= 3022,c_grade_id =3,level=3,question_text='1',explanation='',interesting_fact='185';


INSERT INTO answer_options (question_id, correct_answer, answer_text)
VALUES ('103022103', TRUE, 'במאפייה, ב-10 מגשים כל אחד היו 15 מאפים, ובתצוגה היו עוד 50 מאפים. כמה מאפים היו בסך הכל?') ;

INSERT INTO answer_options (question_id, correct_answer, answer_text)
VALUES ('103022103', FALSE, '200');

INSERT INTO answer_options (question_id, correct_answer, answer_text)
VALUES ('103022103', FALSE, '150');

INSERT INTO answer_options (question_id, correct_answer, answer_text)
VALUES ('103022103', FALSE, '165');

INSERT INTO questions (question_id, language_id, topic_id, c_grade_id, level, question_text, explanation, interesting_fact)
VALUES ('103022104', 1, 3022, 4, 4, '1', '', '230') ON CONFLICT (question_id) DO UPDATE SET language_id = 1 ,topic_id= 3022,c_grade_id =4,level=4,question_text='1',explanation='',interesting_fact='230';


INSERT INTO answer_options (question_id, correct_answer, answer_text)
VALUES ('103022104', TRUE, 'בגן חיות, 5 כלובים הכילו כל אחד 40 ציפורים, ובנוסף, 20 ציפורים עפו מסביב. כמה ציפורים היו בסך הכל?') ;

INSERT INTO answer_options (question_id, correct_answer, answer_text)
VALUES ('103022104', FALSE, '220');

INSERT INTO answer_options (question_id, correct_answer, answer_text)
VALUES ('103022104', FALSE, '200');

INSERT INTO answer_options (question_id, correct_answer, answer_text)
VALUES ('103022104', FALSE, '210');

INSERT INTO questions (question_id, language_id, topic_id, c_grade_id, level, question_text, explanation, interesting_fact)
VALUES ('103022105', 1, 3022, 5, 5, '1', '', '130') ON CONFLICT (question_id) DO UPDATE SET language_id = 1 ,topic_id= 3022,c_grade_id =5,level=5,question_text='1',explanation='',interesting_fact='130';


INSERT INTO answer_options (question_id, correct_answer, answer_text)
VALUES ('103022105', TRUE, 'בגינה, ל-6 עציצים כל אחד היו 10 פרחים, ול-3 סבכות לכל אחד 25 גפנים. כמה צמחים היו בסך הכל?') ;

INSERT INTO answer_options (question_id, correct_answer, answer_text)
VALUES ('103022105', FALSE, '135');

INSERT INTO answer_options (question_id, correct_answer, answer_text)
VALUES ('103022105', FALSE, '125');

INSERT INTO answer_options (question_id, correct_answer, answer_text)
VALUES ('103022105', FALSE, '140');

INSERT INTO questions (question_id, language_id, topic_id, c_grade_id, level, question_text, explanation, interesting_fact)
VALUES ('103022106', 1, 3022, 6, 6, '1', '', '90') ON CONFLICT (question_id) DO UPDATE SET language_id = 1 ,topic_id= 3022,c_grade_id =6,level=6,question_text='1',explanation='',interesting_fact='90';


INSERT INTO answer_options (question_id, correct_answer, answer_text)
VALUES ('103022106', TRUE, 'בתחנה, 7 אוטובוסים הובילו כל אחד 10 נוסעים, ו-2 חשמליות הובילו כל אחד 40 נוסעים. כמה נוסעים היו בסך הכל?') ;

INSERT INTO answer_options (question_id, correct_answer, answer_text)
VALUES ('103022106', FALSE, '110');

INSERT INTO answer_options (question_id, correct_answer, answer_text)
VALUES ('103022106', FALSE, '100');

INSERT INTO answer_options (question_id, correct_answer, answer_text)
VALUES ('103022106', FALSE, '120');

INSERT INTO questions (question_id, language_id, topic_id, c_grade_id, level, question_text, explanation, interesting_fact)
VALUES ('103022107', 1, 3022, 7, 7, '1', '', '180') ON CONFLICT (question_id) DO UPDATE SET language_id = 1 ,topic_id= 3022,c_grade_id =7,level=7,question_text='1',explanation='',interesting_fact='180';


INSERT INTO answer_options (question_id, correct_answer, answer_text)
VALUES ('103022107', TRUE, 'בקפיטריה, 8 מגשים כל אחד מכילים 10 כריכים, וב-4 צידניות בכל אחד 30 משקאות. כמה פריטים היו בסך הכל?') ;

INSERT INTO answer_options (question_id, correct_answer, answer_text)
VALUES ('103022107', FALSE, '200');

INSERT INTO answer_options (question_id, correct_answer, answer_text)
VALUES ('103022107', FALSE, '210');

INSERT INTO answer_options (question_id, correct_answer, answer_text)
VALUES ('103022107', FALSE, '190');

INSERT INTO questions (question_id, language_id, topic_id, c_grade_id, level, question_text, explanation, interesting_fact)
VALUES ('103022109', 1, 3022, 9, 9, 'nan', '', '210') ON CONFLICT (question_id) DO UPDATE SET language_id = 1 ,topic_id= 3022,c_grade_id =9,level=9,question_text='nan',explanation='',interesting_fact='210';


INSERT INTO answer_options (question_id, correct_answer, answer_text)
VALUES ('103022109', TRUE, 'בקונצרט, ב-7 במות כל אחת היו 10 מבצעים, וב-4 אוהלים לכל אחת 40 משתתפים. כמה אנשים היו בסך הכל?') ;

INSERT INTO answer_options (question_id, correct_answer, answer_text)
VALUES ('103022109', FALSE, '230');

INSERT INTO answer_options (question_id, correct_answer, answer_text)
VALUES ('103022109', FALSE, '240');

INSERT INTO answer_options (question_id, correct_answer, answer_text)
VALUES ('103022109', FALSE, '220');

INSERT INTO questions (question_id, language_id, topic_id, c_grade_id, level, question_text, explanation, interesting_fact)
VALUES ('103022110', 1, 3022, 0, 0, '1', '', '170') ON CONFLICT (question_id) DO UPDATE SET language_id = 1 ,topic_id= 3022,c_grade_id =0,level=0,question_text='1',explanation='',interesting_fact='170';


INSERT INTO answer_options (question_id, correct_answer, answer_text)
VALUES ('103022110', TRUE, 'בסדנה, 6 שולחנות כל אחד עם 10 כלים, ו-5 מגירות כל אחד הכילו 28 חלקים. כמה פריטים היו בסך הכל?') ;

INSERT INTO answer_options (question_id, correct_answer, answer_text)
VALUES ('103022110', FALSE, '190');

INSERT INTO answer_options (question_id, correct_answer, answer_text)
VALUES ('103022110', FALSE, '200');

INSERT INTO answer_options (question_id, correct_answer, answer_text)
VALUES ('103022110', FALSE, '180');

INSERT INTO questions (question_id, language_id, topic_id, c_grade_id, level, question_text, explanation, interesting_fact)
VALUES ('103022111', 1, 3022, 1, 1, '1', '', '240') ON CONFLICT (question_id) DO UPDATE SET language_id = 1 ,topic_id= 3022,c_grade_id =1,level=1,question_text='1',explanation='',interesting_fact='240';


INSERT INTO answer_options (question_id, correct_answer, answer_text)
VALUES ('103022111', TRUE, 'באירוע ספורט, 8 מסלולים בכל אחד היו 10 רצים, וב-3 מגרשים בכל אחד 60 שחקנים. כמה ספורטאים היו בסך הכל?') ;

INSERT INTO answer_options (question_id, correct_answer, answer_text)
VALUES ('103022111', FALSE, '260');

INSERT INTO answer_options (question_id, correct_answer, answer_text)
VALUES ('103022111', FALSE, '250');

INSERT INTO answer_options (question_id, correct_answer, answer_text)
VALUES ('103022111', FALSE, '270');

INSERT INTO questions (question_id, language_id, topic_id, c_grade_id, level, question_text, explanation, interesting_fact)
VALUES ('103022112', 1, 3022, 2, 2, '1', '', '130') ON CONFLICT (question_id) DO UPDATE SET language_id = 1 ,topic_id= 3022,c_grade_id =2,level=2,question_text='1',explanation='',interesting_fact='130';


INSERT INTO answer_options (question_id, correct_answer, answer_text)
VALUES ('103022112', TRUE, 'בתיאטרון, ב-9 שורות כל אחת היו 10 מושבים, וב-2 מרפסות כל אחת 45 מושבים. כמה מושבים היו בסך הכל?') ;

INSERT INTO answer_options (question_id, correct_answer, answer_text)
VALUES ('103022112', FALSE, '150');

INSERT INTO answer_options (question_id, correct_answer, answer_text)
VALUES ('103022112', FALSE, '140');

INSERT INTO answer_options (question_id, correct_answer, answer_text)
VALUES ('103022112', FALSE, '160');

INSERT INTO questions (question_id, language_id, topic_id, c_grade_id, level, question_text, explanation, interesting_fact)
VALUES ('103022113', 1, 3022, 3, 3, '1', '', '70') ON CONFLICT (question_id) DO UPDATE SET language_id = 1 ,topic_id= 3022,c_grade_id =3,level=3,question_text='1',explanation='',interesting_fact='70';


INSERT INTO answer_options (question_id, correct_answer, answer_text)
VALUES ('103022113', TRUE, 'בבית ספר יש 4 כיתות עם 10 תלמידים כל אחת ועוד 5 כיתות עם עוד קבוצה של 10 תלמידים כל אחת. כמה תלמידים יש בסך הכל?') ;

INSERT INTO answer_options (question_id, correct_answer, answer_text)
VALUES ('103022113', FALSE, '90');

INSERT INTO answer_options (question_id, correct_answer, answer_text)
VALUES ('103022113', FALSE, '80');

INSERT INTO answer_options (question_id, correct_answer, answer_text)
VALUES ('103022113', FALSE, '100');

INSERT INTO questions (question_id, language_id, topic_id, c_grade_id, level, question_text, explanation, interesting_fact)
VALUES ('103022114', 1, 3022, 4, 4, '1', '', '70') ON CONFLICT (question_id) DO UPDATE SET language_id = 1 ,topic_id= 3022,c_grade_id =4,level=4,question_text='1',explanation='',interesting_fact='70';


INSERT INTO answer_options (question_id, correct_answer, answer_text)
VALUES ('103022114', TRUE, 'בגן חיות, ב-3 כלובים בכל אחד יש 10 ציפורים, וב-6 כלובים נוספים בכל אחד יש 10 ציפורים. כמה ציפורים יש בסך הכל?') ;

INSERT INTO answer_options (question_id, correct_answer, answer_text)
VALUES ('103022114', FALSE, '90');

INSERT INTO answer_options (question_id, correct_answer, answer_text)
VALUES ('103022114', FALSE, '100');

INSERT INTO answer_options (question_id, correct_answer, answer_text)
VALUES ('103022114', FALSE, '80');

INSERT INTO questions (question_id, language_id, topic_id, c_grade_id, level, question_text, explanation, interesting_fact)
VALUES ('103022115', 1, 3022, 5, 5, '1', '', '50') ON CONFLICT (question_id) DO UPDATE SET language_id = 1 ,topic_id= 3022,c_grade_id =5,level=5,question_text='1',explanation='',interesting_fact='50';


INSERT INTO answer_options (question_id, correct_answer, answer_text)
VALUES ('103022115', TRUE, 'בחווה, 5 רפתות מכילות כל אחת 10 פרות, ו-2 רפתות נוספות כל אחת מכילות עוד 10 פרות. כמה פרות יש בסך הכל?') ;

INSERT INTO answer_options (question_id, correct_answer, answer_text)
VALUES ('103022115', FALSE, '70');

INSERT INTO answer_options (question_id, correct_answer, answer_text)
VALUES ('103022115', FALSE, '80');

INSERT INTO answer_options (question_id, correct_answer, answer_text)
VALUES ('103022115', FALSE, '60');

INSERT INTO questions (question_id, language_id, topic_id, c_grade_id, level, question_text, explanation, interesting_fact)
VALUES ('103022116', 1, 3022, 6, 6, '1', '', '80') ON CONFLICT (question_id) DO UPDATE SET language_id = 1 ,topic_id= 3022,c_grade_id =6,level=6,question_text='1',explanation='',interesting_fact='80';


INSERT INTO answer_options (question_id, correct_answer, answer_text)
VALUES ('103022116', TRUE, 'במטע, ל-7 עצים לכל אחד 10 תפוחים, ול-3 עצים נוספים לכל אחד יש עוד 10 תפוחים. כמה תפוחים יש בסך הכל?') ;

INSERT INTO answer_options (question_id, correct_answer, answer_text)
VALUES ('103022116', FALSE, '100');

INSERT INTO answer_options (question_id, correct_answer, answer_text)
VALUES ('103022116', FALSE, '110');

INSERT INTO answer_options (question_id, correct_answer, answer_text)
VALUES ('103022116', FALSE, '90');

INSERT INTO questions (question_id, language_id, topic_id, c_grade_id, level, question_text, explanation, interesting_fact)
VALUES ('103022117', 1, 3022, 7, 7, '1', '', '80') ON CONFLICT (question_id) DO UPDATE SET language_id = 1 ,topic_id= 3022,c_grade_id =7,level=7,question_text='1',explanation='',interesting_fact='80';


INSERT INTO answer_options (question_id, correct_answer, answer_text)
VALUES ('103022117', TRUE, 'במרינה, ב-2 רציפים בכל אחד יש 10 סירות, וב-8 רציפים נוספים בכל אחד יש עוד 10 סירות. כמה סירות יש בסך הכל?') ;

INSERT INTO answer_options (question_id, correct_answer, answer_text)
VALUES ('103022117', FALSE, '100');

INSERT INTO answer_options (question_id, correct_answer, answer_text)
VALUES ('103022117', FALSE, '90');

INSERT INTO answer_options (question_id, correct_answer, answer_text)
VALUES ('103022117', FALSE, '110');

INSERT INTO questions (question_id, language_id, topic_id, c_grade_id, level, question_text, explanation, interesting_fact)
VALUES ('103022118', 1, 3022, 8, 8, '1', '', '100') ON CONFLICT (question_id) DO UPDATE SET language_id = 1 ,topic_id= 3022,c_grade_id =8,level=8,question_text='1',explanation='',interesting_fact='100';


INSERT INTO answer_options (question_id, correct_answer, answer_text)
VALUES ('103022118', TRUE, 'במאפייה, 5 מדפים מציגים בכל אחד 10 מאפים, וב-4 מדפים נוספים כל אחד מציגים עוד 10 מאפים. כמה מאפים יש בסך הכל?') ;

INSERT INTO answer_options (question_id, correct_answer, answer_text)
VALUES ('103022118', FALSE, '90');

INSERT INTO answer_options (question_id, correct_answer, answer_text)
VALUES ('103022118', FALSE, '80');

INSERT INTO answer_options (question_id, correct_answer, answer_text)
VALUES ('103022118', FALSE, '70');

INSERT INTO questions (question_id, language_id, topic_id, c_grade_id, level, question_text, explanation, interesting_fact)
VALUES ('103022119', 1, 3022, 9, 9, '1', '', '70') ON CONFLICT (question_id) DO UPDATE SET language_id = 1 ,topic_id= 3022,c_grade_id =9,level=9,question_text='1',explanation='',interesting_fact='70';


INSERT INTO answer_options (question_id, correct_answer, answer_text)
VALUES ('103022119', TRUE, 'במפעל, 3 פחים כל אחד מכילים 10 חלקים, ו-6 פחים נוספים כל אחד מכילים עוד 10 חלקים. כמה חלקים יש בסך הכל?') ;

INSERT INTO answer_options (question_id, correct_answer, answer_text)
VALUES ('103022119', FALSE, '90');

INSERT INTO answer_options (question_id, correct_answer, answer_text)
VALUES ('103022119', FALSE, '80');

INSERT INTO answer_options (question_id, correct_answer, answer_text)
VALUES ('103022119', FALSE, '100');

INSERT INTO questions (question_id, language_id, topic_id, c_grade_id, level, question_text, explanation, interesting_fact)
VALUES ('103022120', 1, 3022, 0, 0, '1', '', '90') ON CONFLICT (question_id) DO UPDATE SET language_id = 1 ,topic_id= 3022,c_grade_id =0,level=0,question_text='1',explanation='',interesting_fact='90';


INSERT INTO answer_options (question_id, correct_answer, answer_text)
VALUES ('103022120', TRUE, 'בפסטיבל מוזיקה, ב-6 במות בכל אחת יש 10 להקות, וב-5 במות נוספות בכל אחת יש עוד 10 להקות. כמה להקות יש בסך הכל?') ;

INSERT INTO answer_options (question_id, correct_answer, answer_text)
VALUES ('103022120', FALSE, '110');

INSERT INTO answer_options (question_id, correct_answer, answer_text)
VALUES ('103022120', FALSE, '120');

INSERT INTO answer_options (question_id, correct_answer, answer_text)
VALUES ('103022120', FALSE, '100');

INSERT INTO questions (question_id, language_id, topic_id, c_grade_id, level, question_text, explanation, interesting_fact)
VALUES ('103022201', 1, 3022, 1, 1, '1', '', '90') ON CONFLICT (question_id) DO UPDATE SET language_id = 1 ,topic_id= 3022,c_grade_id =1,level=1,question_text='1',explanation='',interesting_fact='90';


INSERT INTO answer_options (question_id, correct_answer, answer_text)
VALUES ('103022201', TRUE, 'בתערוכה, 4 דוכנים מציגים בכל אחד 10 יצירות אמנות, וב-7 דוכנים נוספים מציגים בכל אחד עוד 10 יצירות אמנות. כמה יצירות אמנות יש בסך הכל?') ;

INSERT INTO answer_options (question_id, correct_answer, answer_text)
VALUES ('103022201', FALSE, '110');

INSERT INTO answer_options (question_id, correct_answer, answer_text)
VALUES ('103022201', FALSE, '100');

INSERT INTO answer_options (question_id, correct_answer, answer_text)
VALUES ('103022201', FALSE, '120');

INSERT INTO questions (question_id, language_id, topic_id, c_grade_id, level, question_text, explanation, interesting_fact)
VALUES ('103022202', 1, 3022, 2, 2, '1', '', '170') ON CONFLICT (question_id) DO UPDATE SET language_id = 1 ,topic_id= 3022,c_grade_id =2,level=2,question_text='1',explanation='',interesting_fact='170';


INSERT INTO answer_options (question_id, correct_answer, answer_text)
VALUES ('103022202', TRUE, 'בגן חיות, ב-3 כלובים בכל אחד יש 20 ציפורים, וב-6 כלובים נוספים בכל אחד יש 20 ציפורים. כמה ציפורים יש בסך הכל?') ;

INSERT INTO answer_options (question_id, correct_answer, answer_text)
VALUES ('103022202', FALSE, '180');

INSERT INTO answer_options (question_id, correct_answer, answer_text)
VALUES ('103022202', FALSE, '160');

INSERT INTO answer_options (question_id, correct_answer, answer_text)
VALUES ('103022202', FALSE, '190');

INSERT INTO questions (question_id, language_id, topic_id, c_grade_id, level, question_text, explanation, interesting_fact)
VALUES ('103022203', 1, 3022, 3, 3, '1', '', '260') ON CONFLICT (question_id) DO UPDATE SET language_id = 1 ,topic_id= 3022,c_grade_id =3,level=3,question_text='1',explanation='',interesting_fact='260';


INSERT INTO answer_options (question_id, correct_answer, answer_text)
VALUES ('103022203', TRUE, 'בקניון 6 חנויות מוכרות כל אחת 25 שמלות, וב-4 חנויות נוספות כל אחת מוכרות עוד 25 שמלות. כמה שמלות יש בסך הכל?') ;

INSERT INTO answer_options (question_id, correct_answer, answer_text)
VALUES ('103022203', FALSE, '250');

INSERT INTO answer_options (question_id, correct_answer, answer_text)
VALUES ('103022203', FALSE, '275');

INSERT INTO answer_options (question_id, correct_answer, answer_text)
VALUES ('103022203', FALSE, '225');

INSERT INTO questions (question_id, language_id, topic_id, c_grade_id, level, question_text, explanation, interesting_fact)
VALUES ('103022204', 1, 3022, 4, 4, '1', '', '190') ON CONFLICT (question_id) DO UPDATE SET language_id = 1 ,topic_id= 3022,c_grade_id =4,level=4,question_text='1',explanation='',interesting_fact='190';


INSERT INTO answer_options (question_id, correct_answer, answer_text)
VALUES ('103022204', TRUE, 'בחווה, 5 רפתות מכילות כל אחת 30 פרות, ו-2 רפתות נוספות כל אחת מכילות עוד 30 פרות. כמה פרות יש בסך הכל?') ;

INSERT INTO answer_options (question_id, correct_answer, answer_text)
VALUES ('103022204', FALSE, '210');

INSERT INTO answer_options (question_id, correct_answer, answer_text)
VALUES ('103022204', FALSE, '200');

INSERT INTO answer_options (question_id, correct_answer, answer_text)
VALUES ('103022204', FALSE, '220');

INSERT INTO questions (question_id, language_id, topic_id, c_grade_id, level, question_text, explanation, interesting_fact)
VALUES ('103022205', 1, 3022, 5, 5, '1', '', '116') ON CONFLICT (question_id) DO UPDATE SET language_id = 1 ,topic_id= 3022,c_grade_id =5,level=5,question_text='1',explanation='',interesting_fact='116';


INSERT INTO answer_options (question_id, correct_answer, answer_text)
VALUES ('103022205', TRUE, 'במטע, ל-7 עצים לכל אחד 12 תפוחים, ול-3 עצים נוספים לכל אחד יש עוד 12 תפוחים. כמה תפוחים יש בסך הכל?') ;

INSERT INTO answer_options (question_id, correct_answer, answer_text)
VALUES ('103022205', FALSE, '120');

INSERT INTO answer_options (question_id, correct_answer, answer_text)
VALUES ('103022205', FALSE, '132');

INSERT INTO answer_options (question_id, correct_answer, answer_text)
VALUES ('103022205', FALSE, '108');

INSERT INTO questions (question_id, language_id, topic_id, c_grade_id, level, question_text, explanation, interesting_fact)
VALUES ('103022206', 1, 3022, 6, 6, '1', '', '170') ON CONFLICT (question_id) DO UPDATE SET language_id = 1 ,topic_id= 3022,c_grade_id =6,level=6,question_text='1',explanation='',interesting_fact='170';


INSERT INTO answer_options (question_id, correct_answer, answer_text)
VALUES ('103022206', TRUE, 'במרינה, ב-2 רציפים בכל אחד יש 18 סירות, וב-8 רציפים נוספים בכל אחד יש עוד 18 סירות. כמה סירות יש בסך הכל?') ;

INSERT INTO answer_options (question_id, correct_answer, answer_text)
VALUES ('103022206', FALSE, '180');

INSERT INTO answer_options (question_id, correct_answer, answer_text)
VALUES ('103022206', FALSE, '162');

INSERT INTO answer_options (question_id, correct_answer, answer_text)
VALUES ('103022206', FALSE, '198');

INSERT INTO questions (question_id, language_id, topic_id, c_grade_id, level, question_text, explanation, interesting_fact)
VALUES ('103022207', 1, 3022, 7, 7, '1', '', '75') ON CONFLICT (question_id) DO UPDATE SET language_id = 1 ,topic_id= 3022,c_grade_id =7,level=7,question_text='1',explanation='',interesting_fact='75';


INSERT INTO answer_options (question_id, correct_answer, answer_text)
VALUES ('103022207', TRUE, 'בבית ספר יש 3 כיתות עם 10 תלמידים כל אחת ועוד 4 כיתות עם עוד קבוצה של 10 תלמידים כל אחת. כמה תלמידים יש בסך הכל?') ;

INSERT INTO answer_options (question_id, correct_answer, answer_text)
VALUES ('103022207', FALSE, '70');

INSERT INTO answer_options (question_id, correct_answer, answer_text)
VALUES ('103022207', FALSE, '80');

INSERT INTO answer_options (question_id, correct_answer, answer_text)
VALUES ('103022207', FALSE, '60');

INSERT INTO questions (question_id, language_id, topic_id, c_grade_id, level, question_text, explanation, interesting_fact)
VALUES ('103022208', 1, 3022, 8, 8, '1', '', '150') ON CONFLICT (question_id) DO UPDATE SET language_id = 1 ,topic_id= 3022,c_grade_id =8,level=8,question_text='1',explanation='',interesting_fact='150';


INSERT INTO answer_options (question_id, correct_answer, answer_text)
VALUES ('103022208', TRUE, 'בגן חיות, ב-2 כלובים בכל אחד יש 20 ציפורים, וב-5 כלובים נוספים בכל אחד יש 20 ציפורים. כמה ציפורים יש בסך הכל?') ;

INSERT INTO answer_options (question_id, correct_answer, answer_text)
VALUES ('103022208', FALSE, '140');

INSERT INTO answer_options (question_id, correct_answer, answer_text)
VALUES ('103022208', FALSE, '120');

INSERT INTO answer_options (question_id, correct_answer, answer_text)
VALUES ('103022208', FALSE, '130');

INSERT INTO questions (question_id, language_id, topic_id, c_grade_id, level, question_text, explanation, interesting_fact)
VALUES ('103022210', 1, 3022, 0, 0, '1', '', '105') ON CONFLICT (question_id) DO UPDATE SET language_id = 1 ,topic_id= 3022,c_grade_id =0,level=0,question_text='1',explanation='',interesting_fact='105';


INSERT INTO answer_options (question_id, correct_answer, answer_text)
VALUES ('103022210', TRUE, 'בחווה, 3 רפתות מכילות כל אחת 20 פרות, ו-2 רפתות נוספות כל אחת מכילות עוד 20 פרות. כמה פרות יש בסך הכל?') ;

INSERT INTO answer_options (question_id, correct_answer, answer_text)
VALUES ('103022210', FALSE, '100');

INSERT INTO answer_options (question_id, correct_answer, answer_text)
VALUES ('103022210', FALSE, '110');

INSERT INTO answer_options (question_id, correct_answer, answer_text)
VALUES ('103022210', FALSE, '90');

INSERT INTO questions (question_id, language_id, topic_id, c_grade_id, level, question_text, explanation, interesting_fact)
VALUES ('103022211', 1, 3022, 1, 1, '1', '', '85') ON CONFLICT (question_id) DO UPDATE SET language_id = 1 ,topic_id= 3022,c_grade_id =1,level=1,question_text='1',explanation='',interesting_fact='85';


INSERT INTO answer_options (question_id, correct_answer, answer_text)
VALUES ('103022211', TRUE, 'במטע, ל-5 עצים לכל אחד יש 10 תפוחים, ול-4 עצים נוספים לכל אחד יש עוד 10 תפוחים. כמה תפוחים יש בסך הכל?') ;

INSERT INTO answer_options (question_id, correct_answer, answer_text)
VALUES ('103022211', FALSE, '90');

INSERT INTO answer_options (question_id, correct_answer, answer_text)
VALUES ('103022211', FALSE, '100');

INSERT INTO answer_options (question_id, correct_answer, answer_text)
VALUES ('103022211', FALSE, '80');

INSERT INTO questions (question_id, language_id, topic_id, c_grade_id, level, question_text, explanation, interesting_fact)
VALUES ('103022212', 1, 3022, 2, 2, '1', '', '160') ON CONFLICT (question_id) DO UPDATE SET language_id = 1 ,topic_id= 3022,c_grade_id =2,level=2,question_text='1',explanation='',interesting_fact='160';


INSERT INTO answer_options (question_id, correct_answer, answer_text)
VALUES ('103022212', TRUE, 'במרינה, ב-2 רציפים בכל אחד יש 30 סירות, וב-3 רציפים נוספים בכל אחד יש עוד 30 סירות. כמה סירות יש בסך הכל?') ;

INSERT INTO answer_options (question_id, correct_answer, answer_text)
VALUES ('103022212', FALSE, '150');

INSERT INTO answer_options (question_id, correct_answer, answer_text)
VALUES ('103022212', FALSE, '140');

INSERT INTO answer_options (question_id, correct_answer, answer_text)
VALUES ('103022212', FALSE, '130');

INSERT INTO questions (question_id, language_id, topic_id, c_grade_id, level, question_text, explanation, interesting_fact)
VALUES ('103022213', 1, 3022, 3, 3, '1', '', '55') ON CONFLICT (question_id) DO UPDATE SET language_id = 1 ,topic_id= 3022,c_grade_id =3,level=3,question_text='1',explanation='',interesting_fact='55';


INSERT INTO answer_options (question_id, correct_answer, answer_text)
VALUES ('103022213', TRUE, 'במאפייה 3 מדפים מציגים בכל אחד 10 מאפים, וב-2 מדפים נוספים כל אחד מציגים עוד 10 מאפים. כמה מאפים יש בסך הכל?') ;

INSERT INTO answer_options (question_id, correct_answer, answer_text)
VALUES ('103022213', FALSE, '50');

INSERT INTO answer_options (question_id, correct_answer, answer_text)
VALUES ('103022213', FALSE, '60');

INSERT INTO answer_options (question_id, correct_answer, answer_text)
VALUES ('103022213', FALSE, '40');

INSERT INTO questions (question_id, language_id, topic_id, c_grade_id, level, question_text, explanation, interesting_fact)
VALUES ('103022214', 1, 3022, 4, 4, '1', '', '190') ON CONFLICT (question_id) DO UPDATE SET language_id = 1 ,topic_id= 3022,c_grade_id =4,level=4,question_text='1',explanation='',interesting_fact='190';


INSERT INTO answer_options (question_id, correct_answer, answer_text)
VALUES ('103022214', TRUE, 'במפעל, 4 פחים כל אחד מכילים 20 חלקים, ו-5 פחים נוספים כל אחד מכילים עוד 20 חלקים. כמה חלקים יש בסך הכל?') ;

INSERT INTO answer_options (question_id, correct_answer, answer_text)
VALUES ('103022214', FALSE, '180');

INSERT INTO answer_options (question_id, correct_answer, answer_text)
VALUES ('103022214', FALSE, '200');

INSERT INTO answer_options (question_id, correct_answer, answer_text)
VALUES ('103022214', FALSE, '160');

INSERT INTO questions (question_id, language_id, topic_id, c_grade_id, level, question_text, explanation, interesting_fact)
VALUES ('103022215', 1, 3022, 5, 5, '1', '', '105') ON CONFLICT (question_id) DO UPDATE SET language_id = 1 ,topic_id= 3022,c_grade_id =5,level=5,question_text='1',explanation='',interesting_fact='105';


INSERT INTO answer_options (question_id, correct_answer, answer_text)
VALUES ('103022215', TRUE, 'בפסטיבל מוזיקה, ב-6 במות בכל אחת יש 10 להקות, וב-4 במות נוספות בכל אחת יש עוד 10 להקות. כמה להקות יש בסך הכל?') ;

INSERT INTO answer_options (question_id, correct_answer, answer_text)
VALUES ('103022215', FALSE, '100');

INSERT INTO answer_options (question_id, correct_answer, answer_text)
VALUES ('103022215', FALSE, '110');

INSERT INTO answer_options (question_id, correct_answer, answer_text)
VALUES ('103022215', FALSE, '90');

INSERT INTO questions (question_id, language_id, topic_id, c_grade_id, level, question_text, explanation, interesting_fact)
VALUES ('103022216', 1, 3022, 6, 6, '1', '', '160') ON CONFLICT (question_id) DO UPDATE SET language_id = 1 ,topic_id= 3022,c_grade_id =6,level=6,question_text='1',explanation='',interesting_fact='160';


INSERT INTO answer_options (question_id, correct_answer, answer_text)
VALUES ('103022216', TRUE, 'בתערוכה, 3 דוכנים מציגים בכל אחד 30 יצירות אמנות, וב-2 דוכנים נוספים מציגים בכל אחד עוד 30 יצירות אמנות. כמה יצירות אמנות יש בסך הכל?') ;

INSERT INTO answer_options (question_id, correct_answer, answer_text)
VALUES ('103022216', FALSE, '150');

INSERT INTO answer_options (question_id, correct_answer, answer_text)
VALUES ('103022216', FALSE, '140');

INSERT INTO answer_options (question_id, correct_answer, answer_text)
VALUES ('103022216', FALSE, '130');

INSERT INTO questions (question_id, language_id, topic_id, c_grade_id, level, question_text, explanation, interesting_fact)
VALUES ('103022217', 1, 3022, 7, 7, '1', '', '9') ON CONFLICT (question_id) DO UPDATE SET language_id = 1 ,topic_id= 3022,c_grade_id =7,level=7,question_text='1',explanation='',interesting_fact='9';


INSERT INTO answer_options (question_id, correct_answer, answer_text)
VALUES ('103022217', TRUE, 'בפארק יש 60 ציפורים. אם הם יושבים באותה מידה על 4 עצים באזור אחד ו-2 עצים באזור אחר, כמה ציפורים יושבות על כל עץ?') ;

INSERT INTO answer_options (question_id, correct_answer, answer_text)
VALUES ('103022217', FALSE, '10');

INSERT INTO answer_options (question_id, correct_answer, answer_text)
VALUES ('103022217', FALSE, '12');

INSERT INTO answer_options (question_id, correct_answer, answer_text)
VALUES ('103022217', FALSE, '8');

INSERT INTO questions (question_id, language_id, topic_id, c_grade_id, level, question_text, explanation, interesting_fact)
VALUES ('103022218', 1, 3022, 8, 8, '1', '', '14') ON CONFLICT (question_id) DO UPDATE SET language_id = 1 ,topic_id= 3022,c_grade_id =8,level=8,question_text='1',explanation='',interesting_fact='14';


INSERT INTO answer_options (question_id, correct_answer, answer_text)
VALUES ('103022218', TRUE, 'בחנות ספרים יש 120 ספרים. אם הם יוצבו באופן שווה על 6 מדפים במדור הבדיוני ו-4 מדפים במדור העיון, כמה ספרים יכיל כל מדף?') ;

INSERT INTO answer_options (question_id, correct_answer, answer_text)
VALUES ('103022218', FALSE, '12');

INSERT INTO answer_options (question_id, correct_answer, answer_text)
VALUES ('103022218', FALSE, '15');

INSERT INTO answer_options (question_id, correct_answer, answer_text)
VALUES ('103022218', FALSE, '10');

INSERT INTO questions (question_id, language_id, topic_id, c_grade_id, level, question_text, explanation, interesting_fact)
VALUES ('103022219', 1, 3022, 9, 9, '1', '', '2') ON CONFLICT (question_id) DO UPDATE SET language_id = 1 ,topic_id= 3022,c_grade_id =9,level=9,question_text='1',explanation='',interesting_fact='2';


INSERT INTO answer_options (question_id, correct_answer, answer_text)
VALUES ('103022219', TRUE, 'לחקלאי יש 30 תפוחים. אם הוא רוצה לחלק אותם באופן שווה בין 4 סלים ברפת שלו ו-2 סלים בביתו, כמה תפוחים תכיל כל סל?') ;

INSERT INTO answer_options (question_id, correct_answer, answer_text)
VALUES ('103022219', FALSE, '5');

INSERT INTO answer_options (question_id, correct_answer, answer_text)
VALUES ('103022219', FALSE, '6');

INSERT INTO answer_options (question_id, correct_answer, answer_text)
VALUES ('103022219', FALSE, '4');

INSERT INTO questions (question_id, language_id, topic_id, c_grade_id, level, question_text, explanation, interesting_fact)
VALUES ('103022220', 1, 3022, 0, 0, '1', '', '22') ON CONFLICT (question_id) DO UPDATE SET language_id = 1 ,topic_id= 3022,c_grade_id =0,level=0,question_text='1',explanation='',interesting_fact='22';


INSERT INTO answer_options (question_id, correct_answer, answer_text)
VALUES ('103022220', TRUE, 'במפעל יש לארוז 180 בקבוקים באופן שווה ל-6 קופסאות למשלוח מקומי ו-3 קופסאות למשלוח בינלאומי. כמה בקבוקים תכיל כל קופסה?') ;

INSERT INTO answer_options (question_id, correct_answer, answer_text)
VALUES ('103022220', FALSE, '20');

INSERT INTO answer_options (question_id, correct_answer, answer_text)
VALUES ('103022220', FALSE, '25');

INSERT INTO answer_options (question_id, correct_answer, answer_text)
VALUES ('103022220', FALSE, '18');

INSERT INTO questions (question_id, language_id, topic_id, c_grade_id, level, question_text, explanation, interesting_fact)
VALUES ('103023101', 1, 3023, 1, 1, '1', '', '50') ON CONFLICT (question_id) DO UPDATE SET language_id = 1 ,topic_id= 3023,c_grade_id =1,level=1,question_text='1',explanation='',interesting_fact='50';


INSERT INTO answer_options (question_id, correct_answer, answer_text)
VALUES ('103023101', TRUE, 'כמה זה 3x20?') ;

INSERT INTO answer_options (question_id, correct_answer, answer_text)
VALUES ('103023101', FALSE, '60');

INSERT INTO answer_options (question_id, correct_answer, answer_text)
VALUES ('103023101', FALSE, '40');

INSERT INTO answer_options (question_id, correct_answer, answer_text)
VALUES ('103023101', FALSE, '80');

INSERT INTO questions (question_id, language_id, topic_id, c_grade_id, level, question_text, explanation, interesting_fact)
VALUES ('103023102', 1, 3023, 2, 2, '1', '', '240') ON CONFLICT (question_id) DO UPDATE SET language_id = 1 ,topic_id= 3023,c_grade_id =2,level=2,question_text='1',explanation='',interesting_fact='240';


INSERT INTO answer_options (question_id, correct_answer, answer_text)
VALUES ('103023102', TRUE, 'כמה זה 7 פעמים 30?') ;

INSERT INTO answer_options (question_id, correct_answer, answer_text)
VALUES ('103023102', FALSE, '210');

INSERT INTO answer_options (question_id, correct_answer, answer_text)
VALUES ('103023102', FALSE, '220');

INSERT INTO answer_options (question_id, correct_answer, answer_text)
VALUES ('103023102', FALSE, '200');

INSERT INTO questions (question_id, language_id, topic_id, c_grade_id, level, question_text, explanation, interesting_fact)
VALUES ('103023103', 1, 3023, 3, 3, '1', '', '240') ON CONFLICT (question_id) DO UPDATE SET language_id = 1 ,topic_id= 3023,c_grade_id =3,level=3,question_text='1',explanation='',interesting_fact='240';


INSERT INTO answer_options (question_id, correct_answer, answer_text)
VALUES ('103023103', TRUE, 'כמה זה 4x50?') ;

INSERT INTO answer_options (question_id, correct_answer, answer_text)
VALUES ('103023103', FALSE, '200');

INSERT INTO answer_options (question_id, correct_answer, answer_text)
VALUES ('103023103', FALSE, '250');

INSERT INTO answer_options (question_id, correct_answer, answer_text)
VALUES ('103023103', FALSE, '220');

INSERT INTO questions (question_id, language_id, topic_id, c_grade_id, level, question_text, explanation, interesting_fact)
VALUES ('103023104', 1, 3023, 4, 4, '1', '', '280') ON CONFLICT (question_id) DO UPDATE SET language_id = 1 ,topic_id= 3023,c_grade_id =4,level=4,question_text='1',explanation='',interesting_fact='280';


INSERT INTO answer_options (question_id, correct_answer, answer_text)
VALUES ('103023104', TRUE, 'כמה זה 6 פעמים 40?') ;

INSERT INTO answer_options (question_id, correct_answer, answer_text)
VALUES ('103023104', FALSE, '240');

INSERT INTO answer_options (question_id, correct_answer, answer_text)
VALUES ('103023104', FALSE, '220');

INSERT INTO answer_options (question_id, correct_answer, answer_text)
VALUES ('103023104', FALSE, '260');

INSERT INTO questions (question_id, language_id, topic_id, c_grade_id, level, question_text, explanation, interesting_fact)
VALUES ('103023105', 1, 3023, 5, 5, '1', '', '70') ON CONFLICT (question_id) DO UPDATE SET language_id = 1 ,topic_id= 3023,c_grade_id =5,level=5,question_text='1',explanation='',interesting_fact='70';


INSERT INTO answer_options (question_id, correct_answer, answer_text)
VALUES ('103023105', TRUE, 'כמה זה 9 פעמים 10?') ;

INSERT INTO answer_options (question_id, correct_answer, answer_text)
VALUES ('103023105', FALSE, '90');

INSERT INTO answer_options (question_id, correct_answer, answer_text)
VALUES ('103023105', FALSE, '80');

INSERT INTO answer_options (question_id, correct_answer, answer_text)
VALUES ('103023105', FALSE, '100');

INSERT INTO questions (question_id, language_id, topic_id, c_grade_id, level, question_text, explanation, interesting_fact)
VALUES ('103023106', 1, 3023, 6, 6, '1', '', '94') ON CONFLICT (question_id) DO UPDATE SET language_id = 1 ,topic_id= 3023,c_grade_id =6,level=6,question_text='1',explanation='',interesting_fact='94';


INSERT INTO answer_options (question_id, correct_answer, answer_text)
VALUES ('103023106', TRUE, 'כמה זה 7 כפול 12?') ;

INSERT INTO answer_options (question_id, correct_answer, answer_text)
VALUES ('103023106', FALSE, '84');

INSERT INTO answer_options (question_id, correct_answer, answer_text)
VALUES ('103023106', FALSE, '82');

INSERT INTO answer_options (question_id, correct_answer, answer_text)
VALUES ('103023106', FALSE, '80');

INSERT INTO questions (question_id, language_id, topic_id, c_grade_id, level, question_text, explanation, interesting_fact)
VALUES ('103023107', 1, 3023, 7, 7, '1', '', '80') ON CONFLICT (question_id) DO UPDATE SET language_id = 1 ,topic_id= 3023,c_grade_id =7,level=7,question_text='1',explanation='',interesting_fact='80';


INSERT INTO answer_options (question_id, correct_answer, answer_text)
VALUES ('103023107', TRUE, 'סל מכיל 8 תפוחים. אם יש 11 סלים, כמה תפוחים יש בסך הכל?') ;

INSERT INTO answer_options (question_id, correct_answer, answer_text)
VALUES ('103023107', FALSE, '88');

INSERT INTO answer_options (question_id, correct_answer, answer_text)
VALUES ('103023107', FALSE, '86');

INSERT INTO answer_options (question_id, correct_answer, answer_text)
VALUES ('103023107', FALSE, '90');

INSERT INTO questions (question_id, language_id, topic_id, c_grade_id, level, question_text, explanation, interesting_fact)
VALUES ('103023108', 1, 3023, 8, 8, '1', '', '70') ON CONFLICT (question_id) DO UPDATE SET language_id = 1 ,topic_id= 3023,c_grade_id =8,level=8,question_text='1',explanation='',interesting_fact='70';


INSERT INTO answer_options (question_id, correct_answer, answer_text)
VALUES ('103023108', TRUE, 'חשב: 5 × 13') ;

INSERT INTO answer_options (question_id, correct_answer, answer_text)
VALUES ('103023108', FALSE, '65');

INSERT INTO answer_options (question_id, correct_answer, answer_text)
VALUES ('103023108', FALSE, '60');

INSERT INTO answer_options (question_id, correct_answer, answer_text)
VALUES ('103023108', FALSE, '55');

INSERT INTO questions (question_id, language_id, topic_id, c_grade_id, level, question_text, explanation, interesting_fact)
VALUES ('103023109', 1, 3023, 9, 9, '1', '', '140') ON CONFLICT (question_id) DO UPDATE SET language_id = 1 ,topic_id= 3023,c_grade_id =9,level=9,question_text='1',explanation='',interesting_fact='140';


INSERT INTO answer_options (question_id, correct_answer, answer_text)
VALUES ('103023109', TRUE, 'יש 9 עפרונות בחבילה. אם אתה קונה 14 חבילות, כמה עפרונות יש לך?') ;

INSERT INTO answer_options (question_id, correct_answer, answer_text)
VALUES ('103023109', FALSE, '126');

INSERT INTO answer_options (question_id, correct_answer, answer_text)
VALUES ('103023109', FALSE, '120');

INSERT INTO answer_options (question_id, correct_answer, answer_text)
VALUES ('103023109', FALSE, '130');

INSERT INTO questions (question_id, language_id, topic_id, c_grade_id, level, question_text, explanation, interesting_fact)
VALUES ('103023111', 1, 3023, 1, 1, '1', '', '115') ON CONFLICT (question_id) DO UPDATE SET language_id = 1 ,topic_id= 3023,c_grade_id =1,level=1,question_text='1',explanation='',interesting_fact='115';


INSERT INTO answer_options (question_id, correct_answer, answer_text)
VALUES ('103023111', TRUE, 'קופסה מכילה 9 שוקולדים. אם יש לך 12 קופסאות, כמה שוקולדים יש לך?') ;

INSERT INTO answer_options (question_id, correct_answer, answer_text)
VALUES ('103023111', FALSE, '108');

INSERT INTO answer_options (question_id, correct_answer, answer_text)
VALUES ('103023111', FALSE, '100');

INSERT INTO answer_options (question_id, correct_answer, answer_text)
VALUES ('103023111', FALSE, '110');

INSERT INTO questions (question_id, language_id, topic_id, c_grade_id, level, question_text, explanation, interesting_fact)
VALUES ('103023112', 1, 3023, 2, 2, '1', '', '85') ON CONFLICT (question_id) DO UPDATE SET language_id = 1 ,topic_id= 3023,c_grade_id =2,level=2,question_text='1',explanation='',interesting_fact='85';


INSERT INTO answer_options (question_id, correct_answer, answer_text)
VALUES ('103023112', TRUE, 'כמה זה 7 כפול 13?') ;

INSERT INTO answer_options (question_id, correct_answer, answer_text)
VALUES ('103023112', FALSE, '91');

INSERT INTO answer_options (question_id, correct_answer, answer_text)
VALUES ('103023112', FALSE, '90');

INSERT INTO answer_options (question_id, correct_answer, answer_text)
VALUES ('103023112', FALSE, '92');

INSERT INTO questions (question_id, language_id, topic_id, c_grade_id, level, question_text, explanation, interesting_fact)
VALUES ('103023113', 1, 3023, 3, 3, '1', '', '115') ON CONFLICT (question_id) DO UPDATE SET language_id = 1 ,topic_id= 3023,c_grade_id =3,level=3,question_text='1',explanation='',interesting_fact='115';


INSERT INTO answer_options (question_id, correct_answer, answer_text)
VALUES ('103023113', TRUE, 'ישנם 8 חדרים במלון. בכל חדר יש 14 כיסאות. כמה כסאות יש בסך הכל?') ;

INSERT INTO answer_options (question_id, correct_answer, answer_text)
VALUES ('103023113', FALSE, '112');

INSERT INTO answer_options (question_id, correct_answer, answer_text)
VALUES ('103023113', FALSE, '120');

INSERT INTO answer_options (question_id, correct_answer, answer_text)
VALUES ('103023113', FALSE, '110');

INSERT INTO questions (question_id, language_id, topic_id, c_grade_id, level, question_text, explanation, interesting_fact)
VALUES ('103023114', 1, 3023, 4, 4, '1', '', '52') ON CONFLICT (question_id) DO UPDATE SET language_id = 1 ,topic_id= 3023,c_grade_id =4,level=4,question_text='1',explanation='',interesting_fact='52';


INSERT INTO answer_options (question_id, correct_answer, answer_text)
VALUES ('103023114', TRUE, 'מצא את המוצר: 4 × 12') ;

INSERT INTO answer_options (question_id, correct_answer, answer_text)
VALUES ('103023114', FALSE, '48');

INSERT INTO answer_options (question_id, correct_answer, answer_text)
VALUES ('103023114', FALSE, '45');

INSERT INTO answer_options (question_id, correct_answer, answer_text)
VALUES ('103023114', FALSE, '50');

INSERT INTO questions (question_id, language_id, topic_id, c_grade_id, level, question_text, explanation, interesting_fact)
VALUES ('103023115', 1, 3023, 5, 5, '1', '', '72') ON CONFLICT (question_id) DO UPDATE SET language_id = 1 ,topic_id= 3023,c_grade_id =5,level=5,question_text='1',explanation='',interesting_fact='72';


INSERT INTO answer_options (question_id, correct_answer, answer_text)
VALUES ('103023115', TRUE, 'בקופסה יש 5 צעצועים. אם יש 15 קופסאות, כמה צעצועים יש בסך הכל?') ;

INSERT INTO answer_options (question_id, correct_answer, answer_text)
VALUES ('103023115', FALSE, '75');

INSERT INTO answer_options (question_id, correct_answer, answer_text)
VALUES ('103023115', FALSE, '70');

INSERT INTO answer_options (question_id, correct_answer, answer_text)
VALUES ('103023115', FALSE, '80');

INSERT INTO questions (question_id, language_id, topic_id, c_grade_id, level, question_text, explanation, interesting_fact)
VALUES ('103023116', 1, 3023, 6, 6, '1', '', '95') ON CONFLICT (question_id) DO UPDATE SET language_id = 1 ,topic_id= 3023,c_grade_id =6,level=6,question_text='1',explanation='',interesting_fact='95';


INSERT INTO answer_options (question_id, correct_answer, answer_text)
VALUES ('103023116', TRUE, 'כמה זה 9 כפול 11?') ;

INSERT INTO answer_options (question_id, correct_answer, answer_text)
VALUES ('103023116', FALSE, '99');

INSERT INTO answer_options (question_id, correct_answer, answer_text)
VALUES ('103023116', FALSE, '90');

INSERT INTO answer_options (question_id, correct_answer, answer_text)
VALUES ('103023116', FALSE, '100');

INSERT INTO questions (question_id, language_id, topic_id, c_grade_id, level, question_text, explanation, interesting_fact)
VALUES ('103023117', 1, 3023, 7, 7, '1', '', '72') ON CONFLICT (question_id) DO UPDATE SET language_id = 1 ,topic_id= 3023,c_grade_id =7,level=7,question_text='1',explanation='',interesting_fact='72';


INSERT INTO answer_options (question_id, correct_answer, answer_text)
VALUES ('103023117', TRUE, 'בארגז יש 6 בקבוקים. אם יש 13 ארגזים, כמה בקבוקים יש בסך הכל?') ;

INSERT INTO answer_options (question_id, correct_answer, answer_text)
VALUES ('103023117', FALSE, '78');

INSERT INTO answer_options (question_id, correct_answer, answer_text)
VALUES ('103023117', FALSE, '75');

INSERT INTO answer_options (question_id, correct_answer, answer_text)
VALUES ('103023117', FALSE, '80');

INSERT INTO questions (question_id, language_id, topic_id, c_grade_id, level, question_text, explanation, interesting_fact)
VALUES ('103023118', 1, 3023, 8, 8, '1', '', '48') ON CONFLICT (question_id) DO UPDATE SET language_id = 1 ,topic_id= 3023,c_grade_id =8,level=8,question_text='1',explanation='',interesting_fact='48';


INSERT INTO answer_options (question_id, correct_answer, answer_text)
VALUES ('103023118', TRUE, 'חשב: 3 × 15') ;

INSERT INTO answer_options (question_id, correct_answer, answer_text)
VALUES ('103023118', FALSE, '45');

INSERT INTO answer_options (question_id, correct_answer, answer_text)
VALUES ('103023118', FALSE, '40');

INSERT INTO answer_options (question_id, correct_answer, answer_text)
VALUES ('103023118', FALSE, '50');

INSERT INTO questions (question_id, language_id, topic_id, c_grade_id, level, question_text, explanation, interesting_fact)
VALUES ('103023119', 1, 3023, 9, 9, '1', '', '115') ON CONFLICT (question_id) DO UPDATE SET language_id = 1 ,topic_id= 3023,c_grade_id =9,level=9,question_text='1',explanation='',interesting_fact='115';


INSERT INTO answer_options (question_id, correct_answer, answer_text)
VALUES ('103023119', TRUE, 'אם שקית אחת מכילה 8 סוכריות ואתה קונה 14 שקיות, כמה סוכריות יש לך?') ;

INSERT INTO answer_options (question_id, correct_answer, answer_text)
VALUES ('103023119', FALSE, '112');

INSERT INTO answer_options (question_id, correct_answer, answer_text)
VALUES ('103023119', FALSE, '120');

INSERT INTO answer_options (question_id, correct_answer, answer_text)
VALUES ('103023119', FALSE, '110');

INSERT INTO questions (question_id, language_id, topic_id, c_grade_id, level, question_text, explanation, interesting_fact)
VALUES ('103023120', 1, 3023, 0, 0, '1', '', '80') ON CONFLICT (question_id) DO UPDATE SET language_id = 1 ,topic_id= 3023,c_grade_id =0,level=0,question_text='1',explanation='',interesting_fact='80';


INSERT INTO answer_options (question_id, correct_answer, answer_text)
VALUES ('103023120', TRUE, 'הכפל: 7 × 10') ;

INSERT INTO answer_options (question_id, correct_answer, answer_text)
VALUES ('103023120', FALSE, '70');

INSERT INTO answer_options (question_id, correct_answer, answer_text)
VALUES ('103023120', FALSE, '65');

INSERT INTO answer_options (question_id, correct_answer, answer_text)
VALUES ('103023120', FALSE, '75');

INSERT INTO questions (question_id, language_id, topic_id, c_grade_id, level, question_text, explanation, interesting_fact)
VALUES ('103023201', 1, 3023, 1, 1, '1', '', '50') ON CONFLICT (question_id) DO UPDATE SET language_id = 1 ,topic_id= 3023,c_grade_id =1,level=1,question_text='1',explanation='',interesting_fact='50';


INSERT INTO answer_options (question_id, correct_answer, answer_text)
VALUES ('103023201', TRUE, 'כמה זה 5 כפול 12?') ;

INSERT INTO answer_options (question_id, correct_answer, answer_text)
VALUES ('103023201', FALSE, '60');

INSERT INTO answer_options (question_id, correct_answer, answer_text)
VALUES ('103023201', FALSE, '55');

INSERT INTO answer_options (question_id, correct_answer, answer_text)
VALUES ('103023201', FALSE, '65');

INSERT INTO questions (question_id, language_id, topic_id, c_grade_id, level, question_text, explanation, interesting_fact)
VALUES ('103023202', 1, 3023, 2, 2, '1', '', '125') ON CONFLICT (question_id) DO UPDATE SET language_id = 1 ,topic_id= 3023,c_grade_id =2,level=2,question_text='1',explanation='',interesting_fact='125';


INSERT INTO answer_options (question_id, correct_answer, answer_text)
VALUES ('103023202', TRUE, 'יש 9 תלמידים בקבוצה. אם יש 15 קבוצות, כמה תלמידים יש בסך הכל?') ;

INSERT INTO answer_options (question_id, correct_answer, answer_text)
VALUES ('103023202', FALSE, '135');

INSERT INTO answer_options (question_id, correct_answer, answer_text)
VALUES ('103023202', FALSE, '130');

INSERT INTO answer_options (question_id, correct_answer, answer_text)
VALUES ('103023202', FALSE, '140');

INSERT INTO questions (question_id, language_id, topic_id, c_grade_id, level, question_text, explanation, interesting_fact)
VALUES ('103023203', 1, 3023, 3, 3, '1', '', '82') ON CONFLICT (question_id) DO UPDATE SET language_id = 1 ,topic_id= 3023,c_grade_id =3,level=3,question_text='1',explanation='',interesting_fact='82';


INSERT INTO answer_options (question_id, correct_answer, answer_text)
VALUES ('103023203', TRUE, 'חשב: 6 × 14') ;

INSERT INTO answer_options (question_id, correct_answer, answer_text)
VALUES ('103023203', FALSE, '84');

INSERT INTO answer_options (question_id, correct_answer, answer_text)
VALUES ('103023203', FALSE, '80');

INSERT INTO answer_options (question_id, correct_answer, answer_text)
VALUES ('103023203', FALSE, '90');

INSERT INTO questions (question_id, language_id, topic_id, c_grade_id, level, question_text, explanation, interesting_fact)
VALUES ('103023204', 1, 3023, 4, 4, '1', '', '42') ON CONFLICT (question_id) DO UPDATE SET language_id = 1 ,topic_id= 3023,c_grade_id =4,level=4,question_text='1',explanation='',interesting_fact='42';


INSERT INTO answer_options (question_id, correct_answer, answer_text)
VALUES ('103023204', TRUE, 'קופסה מכילה 4 עוגיות. אם יש לך 11 קופסאות, כמה עוגיות יש לך?') ;

INSERT INTO answer_options (question_id, correct_answer, answer_text)
VALUES ('103023204', FALSE, '44');

INSERT INTO answer_options (question_id, correct_answer, answer_text)
VALUES ('103023204', FALSE, '40');

INSERT INTO answer_options (question_id, correct_answer, answer_text)
VALUES ('103023204', FALSE, '45');

INSERT INTO questions (question_id, language_id, topic_id, c_grade_id, level, question_text, explanation, interesting_fact)
VALUES ('103023205', 1, 3023, 5, 5, '1', '', '90') ON CONFLICT (question_id) DO UPDATE SET language_id = 1 ,topic_id= 3023,c_grade_id =5,level=5,question_text='1',explanation='',interesting_fact='90';


INSERT INTO answer_options (question_id, correct_answer, answer_text)
VALUES ('103023205', TRUE, 'כמה זה 8 כפול 10?') ;

INSERT INTO answer_options (question_id, correct_answer, answer_text)
VALUES ('103023205', FALSE, '80');

INSERT INTO answer_options (question_id, correct_answer, answer_text)
VALUES ('103023205', FALSE, '85');

INSERT INTO answer_options (question_id, correct_answer, answer_text)
VALUES ('103023205', FALSE, '75');

INSERT INTO questions (question_id, language_id, topic_id, c_grade_id, level, question_text, explanation, interesting_fact)
VALUES ('103023206', 1, 3023, 6, 6, '1', '', '38') ON CONFLICT (question_id) DO UPDATE SET language_id = 1 ,topic_id= 3023,c_grade_id =6,level=6,question_text='1',explanation='',interesting_fact='38';


INSERT INTO answer_options (question_id, correct_answer, answer_text)
VALUES ('103023206', TRUE, 'הכפל: 3 × 13') ;

INSERT INTO answer_options (question_id, correct_answer, answer_text)
VALUES ('103023206', FALSE, '39');

INSERT INTO answer_options (question_id, correct_answer, answer_text)
VALUES ('103023206', FALSE, '35');

INSERT INTO answer_options (question_id, correct_answer, answer_text)
VALUES ('103023206', FALSE, '40');

INSERT INTO questions (question_id, language_id, topic_id, c_grade_id, level, question_text, explanation, interesting_fact)
VALUES ('103023207', 1, 3023, 7, 7, '1', '', '68') ON CONFLICT (question_id) DO UPDATE SET language_id = 1 ,topic_id= 3023,c_grade_id =7,level=7,question_text='1',explanation='',interesting_fact='68';


INSERT INTO answer_options (question_id, correct_answer, answer_text)
VALUES ('103023207', TRUE, 'בקרטון יש 6 ביצים. אם יש לך 12 קרטונים, כמה ביצים יש לך?') ;

INSERT INTO answer_options (question_id, correct_answer, answer_text)
VALUES ('103023207', FALSE, '72');

INSERT INTO answer_options (question_id, correct_answer, answer_text)
VALUES ('103023207', FALSE, '70');

INSERT INTO answer_options (question_id, correct_answer, answer_text)
VALUES ('103023207', FALSE, '75');

INSERT INTO questions (question_id, language_id, topic_id, c_grade_id, level, question_text, explanation, interesting_fact)
VALUES ('103023208', 1, 3023, 8, 8, '1', '', '54') ON CONFLICT (question_id) DO UPDATE SET language_id = 1 ,topic_id= 3023,c_grade_id =8,level=8,question_text='1',explanation='',interesting_fact='54';


INSERT INTO answer_options (question_id, correct_answer, answer_text)
VALUES ('103023208', TRUE, 'מצא את התוצר: 4 × 14') ;

INSERT INTO answer_options (question_id, correct_answer, answer_text)
VALUES ('103023208', FALSE, '56');

INSERT INTO answer_options (question_id, correct_answer, answer_text)
VALUES ('103023208', FALSE, '50');

INSERT INTO answer_options (question_id, correct_answer, answer_text)
VALUES ('103023208', FALSE, '60');

INSERT INTO questions (question_id, language_id, topic_id, c_grade_id, level, question_text, explanation, interesting_fact)
VALUES ('103023209', 1, 3023, 9, 9, '1', '', '60') ON CONFLICT (question_id) DO UPDATE SET language_id = 1 ,topic_id= 3023,c_grade_id =9,level=9,question_text='1',explanation='',interesting_fact='60';


INSERT INTO answer_options (question_id, correct_answer, answer_text)
VALUES ('103023209', TRUE, 'כמה זה 5 כפול 10?') ;

INSERT INTO answer_options (question_id, correct_answer, answer_text)
VALUES ('103023209', FALSE, '50');

INSERT INTO answer_options (question_id, correct_answer, answer_text)
VALUES ('103023209', FALSE, '55');

INSERT INTO answer_options (question_id, correct_answer, answer_text)
VALUES ('103023209', FALSE, '45');

INSERT INTO questions (question_id, language_id, topic_id, c_grade_id, level, question_text, explanation, interesting_fact)
VALUES ('103023210', 1, 3023, 0, 0, '1', '', '95') ON CONFLICT (question_id) DO UPDATE SET language_id = 1 ,topic_id= 3023,c_grade_id =0,level=0,question_text='1',explanation='',interesting_fact='95';


INSERT INTO answer_options (question_id, correct_answer, answer_text)
VALUES ('103023210', TRUE, 'יש 7 ספרים על מדף. אם יש לך 15 מדפים, כמה ספרים יש בסך הכל?') ;

INSERT INTO answer_options (question_id, correct_answer, answer_text)
VALUES ('103023210', FALSE, '105');

INSERT INTO answer_options (question_id, correct_answer, answer_text)
VALUES ('103023210', FALSE, '100');

INSERT INTO answer_options (question_id, correct_answer, answer_text)
VALUES ('103023210', FALSE, '110');

INSERT INTO questions (question_id, language_id, topic_id, c_grade_id, level, question_text, explanation, interesting_fact)
VALUES ('103023212', 1, 3023, 2, 2, '1', '', '13') ON CONFLICT (question_id) DO UPDATE SET language_id = 1 ,topic_id= 3023,c_grade_id =2,level=2,question_text='1',explanation='',interesting_fact='13';


INSERT INTO answer_options (question_id, correct_answer, answer_text)
VALUES ('103023212', TRUE, '7 x ____ = 7 x 10 + 7 x 5') ;

INSERT INTO answer_options (question_id, correct_answer, answer_text)
VALUES ('103023212', FALSE, '15');

INSERT INTO answer_options (question_id, correct_answer, answer_text)
VALUES ('103023212', FALSE, '14');

INSERT INTO answer_options (question_id, correct_answer, answer_text)
VALUES ('103023212', FALSE, '16');

INSERT INTO questions (question_id, language_id, topic_id, c_grade_id, level, question_text, explanation, interesting_fact)
VALUES ('103023213', 1, 3023, 3, 3, '1', '', '4') ON CONFLICT (question_id) DO UPDATE SET language_id = 1 ,topic_id= 3023,c_grade_id =3,level=3,question_text='1',explanation='',interesting_fact='4';


INSERT INTO answer_options (question_id, correct_answer, answer_text)
VALUES ('103023213', TRUE, '6 x 12 = 6 x 10 + 6 x ____') ;

INSERT INTO answer_options (question_id, correct_answer, answer_text)
VALUES ('103023213', FALSE, '2');

INSERT INTO answer_options (question_id, correct_answer, answer_text)
VALUES ('103023213', FALSE, '3');

INSERT INTO answer_options (question_id, correct_answer, answer_text)
VALUES ('103023213', FALSE, '1');

INSERT INTO questions (question_id, language_id, topic_id, c_grade_id, level, question_text, explanation, interesting_fact)
VALUES ('103023214', 1, 3023, 4, 4, '1', '', '5') ON CONFLICT (question_id) DO UPDATE SET language_id = 1 ,topic_id= 3023,c_grade_id =4,level=4,question_text='1',explanation='',interesting_fact='5';


INSERT INTO answer_options (question_id, correct_answer, answer_text)
VALUES ('103023214', TRUE, '9 x 13 = 9 x 10 + 9 x ____') ;

INSERT INTO answer_options (question_id, correct_answer, answer_text)
VALUES ('103023214', FALSE, '3');

INSERT INTO answer_options (question_id, correct_answer, answer_text)
VALUES ('103023214', FALSE, '4');

INSERT INTO answer_options (question_id, correct_answer, answer_text)
VALUES ('103023214', FALSE, '2');

INSERT INTO questions (question_id, language_id, topic_id, c_grade_id, level, question_text, explanation, interesting_fact)
VALUES ('103023215', 1, 3023, 5, 5, '1', '', '8') ON CONFLICT (question_id) DO UPDATE SET language_id = 1 ,topic_id= 3023,c_grade_id =5,level=5,question_text='1',explanation='',interesting_fact='8';


INSERT INTO answer_options (question_id, correct_answer, answer_text)
VALUES ('103023215', TRUE, '5 x 11 = 5 x ____ + 5 x 1') ;

INSERT INTO answer_options (question_id, correct_answer, answer_text)
VALUES ('103023215', FALSE, '10');

INSERT INTO answer_options (question_id, correct_answer, answer_text)
VALUES ('103023215', FALSE, '9');

INSERT INTO answer_options (question_id, correct_answer, answer_text)
VALUES ('103023215', FALSE, '11');

INSERT INTO questions (question_id, language_id, topic_id, c_grade_id, level, question_text, explanation, interesting_fact)
VALUES ('103023216', 1, 3023, 6, 6, '1', '', '8') ON CONFLICT (question_id) DO UPDATE SET language_id = 1 ,topic_id= 3023,c_grade_id =6,level=6,question_text='1',explanation='',interesting_fact='8';


INSERT INTO answer_options (question_id, correct_answer, answer_text)
VALUES ('103023216', TRUE, '8 x 12 = 8 x ____ + 8 x 2') ;

INSERT INTO answer_options (question_id, correct_answer, answer_text)
VALUES ('103023216', FALSE, '10');

INSERT INTO answer_options (question_id, correct_answer, answer_text)
VALUES ('103023216', FALSE, '9');

INSERT INTO answer_options (question_id, correct_answer, answer_text)
VALUES ('103023216', FALSE, '11');

INSERT INTO questions (question_id, language_id, topic_id, c_grade_id, level, question_text, explanation, interesting_fact)
VALUES ('103023217', 1, 3023, 7, 7, '1', '', '5') ON CONFLICT (question_id) DO UPDATE SET language_id = 1 ,topic_id= 3023,c_grade_id =7,level=7,question_text='1',explanation='',interesting_fact='5';


INSERT INTO answer_options (question_id, correct_answer, answer_text)
VALUES ('103023217', TRUE, '3 x 14 = ____ x 10 + 3 x 4') ;

INSERT INTO answer_options (question_id, correct_answer, answer_text)
VALUES ('103023217', FALSE, '3');

INSERT INTO answer_options (question_id, correct_answer, answer_text)
VALUES ('103023217', FALSE, '4');

INSERT INTO answer_options (question_id, correct_answer, answer_text)
VALUES ('103023217', FALSE, '2');

INSERT INTO questions (question_id, language_id, topic_id, c_grade_id, level, question_text, explanation, interesting_fact)
VALUES ('103023218', 1, 3023, 8, 8, '1', '', '7') ON CONFLICT (question_id) DO UPDATE SET language_id = 1 ,topic_id= 3023,c_grade_id =8,level=8,question_text='1',explanation='',interesting_fact='7';


INSERT INTO answer_options (question_id, correct_answer, answer_text)
VALUES ('103023218', TRUE, '9 x 15 = ____ x 10 + 9 x 5') ;

INSERT INTO answer_options (question_id, correct_answer, answer_text)
VALUES ('103023218', FALSE, '9');

INSERT INTO answer_options (question_id, correct_answer, answer_text)
VALUES ('103023218', FALSE, '8');

INSERT INTO answer_options (question_id, correct_answer, answer_text)
VALUES ('103023218', FALSE, '10');

INSERT INTO questions (question_id, language_id, topic_id, c_grade_id, level, question_text, explanation, interesting_fact)
VALUES ('103023219', 1, 3023, 9, 9, '1', '', '9') ON CONFLICT (question_id) DO UPDATE SET language_id = 1 ,topic_id= 3023,c_grade_id =9,level=9,question_text='1',explanation='',interesting_fact='9';


INSERT INTO answer_options (question_id, correct_answer, answer_text)
VALUES ('103023219', TRUE, '7 x 18 = ____ x 10 + ____ x 8') ;

INSERT INTO answer_options (question_id, correct_answer, answer_text)
VALUES ('103023219', FALSE, '7');

INSERT INTO answer_options (question_id, correct_answer, answer_text)
VALUES ('103023219', FALSE, '6');

INSERT INTO answer_options (question_id, correct_answer, answer_text)
VALUES ('103023219', FALSE, '8');

INSERT INTO questions (question_id, language_id, topic_id, c_grade_id, level, question_text, explanation, interesting_fact)
VALUES ('103023220', 1, 3023, 0, 0, '1', '', '6') ON CONFLICT (question_id) DO UPDATE SET language_id = 1 ,topic_id= 3023,c_grade_id =0,level=0,question_text='1',explanation='',interesting_fact='6';


INSERT INTO answer_options (question_id, correct_answer, answer_text)
VALUES ('103023220', TRUE, '4 x 19 = ____ x 10 + ____ x 9') ;

INSERT INTO answer_options (question_id, correct_answer, answer_text)
VALUES ('103023220', FALSE, '4');

INSERT INTO answer_options (question_id, correct_answer, answer_text)
VALUES ('103023220', FALSE, '3');

INSERT INTO answer_options (question_id, correct_answer, answer_text)
VALUES ('103023220', FALSE, '5');

INSERT INTO questions (question_id, language_id, topic_id, c_grade_id, level, question_text, explanation, interesting_fact)
VALUES ('103023301', 1, 3023, 1, 1, '1', '', '14') ON CONFLICT (question_id) DO UPDATE SET language_id = 1 ,topic_id= 3023,c_grade_id =1,level=1,question_text='1',explanation='',interesting_fact='14';


INSERT INTO answer_options (question_id, correct_answer, answer_text)
VALUES ('103023301', TRUE, '5 x ____ = 5 x 10 + 5 x 6') ;

INSERT INTO answer_options (question_id, correct_answer, answer_text)
VALUES ('103023301', FALSE, '16');

INSERT INTO answer_options (question_id, correct_answer, answer_text)
VALUES ('103023301', FALSE, '15');

INSERT INTO answer_options (question_id, correct_answer, answer_text)
VALUES ('103023301', FALSE, '17');

INSERT INTO questions (question_id, language_id, topic_id, c_grade_id, level, question_text, explanation, interesting_fact)
VALUES ('103023302', 1, 3023, 2, 2, '1', '', '16') ON CONFLICT (question_id) DO UPDATE SET language_id = 1 ,topic_id= 3023,c_grade_id =2,level=2,question_text='1',explanation='',interesting_fact='16';


INSERT INTO answer_options (question_id, correct_answer, answer_text)
VALUES ('103023302', TRUE, '8 x ____ = 8 x 10 + 8 x 8') ;

INSERT INTO answer_options (question_id, correct_answer, answer_text)
VALUES ('103023302', FALSE, '18');

INSERT INTO answer_options (question_id, correct_answer, answer_text)
VALUES ('103023302', FALSE, '17');

INSERT INTO answer_options (question_id, correct_answer, answer_text)
VALUES ('103023302', FALSE, '19');

INSERT INTO questions (question_id, language_id, topic_id, c_grade_id, level, question_text, explanation, interesting_fact)
VALUES ('103023303', 1, 3023, 3, 3, '1', '', '8') ON CONFLICT (question_id) DO UPDATE SET language_id = 1 ,topic_id= 3023,c_grade_id =3,level=3,question_text='1',explanation='',interesting_fact='8';


INSERT INTO answer_options (question_id, correct_answer, answer_text)
VALUES ('103023303', TRUE, '7 x 16 = 7 x 10 + 7 x ____') ;

INSERT INTO answer_options (question_id, correct_answer, answer_text)
VALUES ('103023303', FALSE, '6');

INSERT INTO answer_options (question_id, correct_answer, answer_text)
VALUES ('103023303', FALSE, '5');

INSERT INTO answer_options (question_id, correct_answer, answer_text)
VALUES ('103023303', FALSE, '7');

INSERT INTO questions (question_id, language_id, topic_id, c_grade_id, level, question_text, explanation, interesting_fact)
VALUES ('103023304', 1, 3023, 4, 4, '1', '', '15') ON CONFLICT (question_id) DO UPDATE SET language_id = 1 ,topic_id= 3023,c_grade_id =4,level=4,question_text='1',explanation='',interesting_fact='15';


INSERT INTO answer_options (question_id, correct_answer, answer_text)
VALUES ('103023304', TRUE, '9 x ____ = 9 x 10 + 9 x 7') ;

INSERT INTO answer_options (question_id, correct_answer, answer_text)
VALUES ('103023304', FALSE, '17');

INSERT INTO answer_options (question_id, correct_answer, answer_text)
VALUES ('103023304', FALSE, '16');

INSERT INTO answer_options (question_id, correct_answer, answer_text)
VALUES ('103023304', FALSE, '18');

INSERT INTO questions (question_id, language_id, topic_id, c_grade_id, level, question_text, explanation, interesting_fact)
VALUES ('103023305', 1, 3023, 5, 5, '1', '', '12') ON CONFLICT (question_id) DO UPDATE SET language_id = 1 ,topic_id= 3023,c_grade_id =5,level=5,question_text='1',explanation='',interesting_fact='12';


INSERT INTO answer_options (question_id, correct_answer, answer_text)
VALUES ('103023305', TRUE, '6 x 19 = 6 x ____ + 6 x 9') ;

INSERT INTO answer_options (question_id, correct_answer, answer_text)
VALUES ('103023305', FALSE, '10');

INSERT INTO answer_options (question_id, correct_answer, answer_text)
VALUES ('103023305', FALSE, '9');

INSERT INTO answer_options (question_id, correct_answer, answer_text)
VALUES ('103023305', FALSE, '11');

INSERT INTO questions (question_id, language_id, topic_id, c_grade_id, level, question_text, explanation, interesting_fact)
VALUES ('103023306', 1, 3023, 6, 6, '1', '', '7') ON CONFLICT (question_id) DO UPDATE SET language_id = 1 ,topic_id= 3023,c_grade_id =6,level=6,question_text='1',explanation='',interesting_fact='7';


INSERT INTO answer_options (question_id, correct_answer, answer_text)
VALUES ('103023306', TRUE, '5 x 17 = ____ x 10 + 5 x 7') ;

INSERT INTO answer_options (question_id, correct_answer, answer_text)
VALUES ('103023306', FALSE, '5');

INSERT INTO answer_options (question_id, correct_answer, answer_text)
VALUES ('103023306', FALSE, '4');

INSERT INTO answer_options (question_id, correct_answer, answer_text)
VALUES ('103023306', FALSE, '6');

INSERT INTO questions (question_id, language_id, topic_id, c_grade_id, level, question_text, explanation, interesting_fact)
VALUES ('103023307', 1, 3023, 7, 7, '1', '', '12') ON CONFLICT (question_id) DO UPDATE SET language_id = 1 ,topic_id= 3023,c_grade_id =7,level=7,question_text='1',explanation='',interesting_fact='12';


INSERT INTO answer_options (question_id, correct_answer, answer_text)
VALUES ('103023307', TRUE, '8 x 13 = 8 x ____ + 8 x 3') ;

INSERT INTO answer_options (question_id, correct_answer, answer_text)
VALUES ('103023307', FALSE, '10');

INSERT INTO answer_options (question_id, correct_answer, answer_text)
VALUES ('103023307', FALSE, '9');

INSERT INTO answer_options (question_id, correct_answer, answer_text)
VALUES ('103023307', FALSE, '11');

INSERT INTO questions (question_id, language_id, topic_id, c_grade_id, level, question_text, explanation, interesting_fact)
VALUES ('103023308', 1, 3023, 8, 8, '1', '', '17') ON CONFLICT (question_id) DO UPDATE SET language_id = 1 ,topic_id= 3023,c_grade_id =8,level=8,question_text='1',explanation='',interesting_fact='17';


INSERT INTO answer_options (question_id, correct_answer, answer_text)
VALUES ('103023308', TRUE, '4 x ____ = 4 x 10 + 4 x 9') ;

INSERT INTO answer_options (question_id, correct_answer, answer_text)
VALUES ('103023308', FALSE, '19');

INSERT INTO answer_options (question_id, correct_answer, answer_text)
VALUES ('103023308', FALSE, '18');

INSERT INTO answer_options (question_id, correct_answer, answer_text)
VALUES ('103023308', FALSE, '20');

INSERT INTO questions (question_id, language_id, topic_id, c_grade_id, level, question_text, explanation, interesting_fact)
VALUES ('103023309', 1, 3023, 9, 9, '1', '', '12') ON CONFLICT (question_id) DO UPDATE SET language_id = 1 ,topic_id= 3023,c_grade_id =9,level=9,question_text='1',explanation='',interesting_fact='12';


INSERT INTO answer_options (question_id, correct_answer, answer_text)
VALUES ('103023309', TRUE, '7 x 14 = 7 x ____ + 7 x 4') ;

INSERT INTO answer_options (question_id, correct_answer, answer_text)
VALUES ('103023309', FALSE, '10');

INSERT INTO answer_options (question_id, correct_answer, answer_text)
VALUES ('103023309', FALSE, '9');

INSERT INTO answer_options (question_id, correct_answer, answer_text)
VALUES ('103023309', FALSE, '11');

INSERT INTO questions (question_id, language_id, topic_id, c_grade_id, level, question_text, explanation, interesting_fact)
VALUES ('103023310', 1, 3023, 0, 0, '1', '', '13') ON CONFLICT (question_id) DO UPDATE SET language_id = 1 ,topic_id= 3023,c_grade_id =0,level=0,question_text='1',explanation='',interesting_fact='13';


INSERT INTO answer_options (question_id, correct_answer, answer_text)
VALUES ('103023310', TRUE, '6 x ____ = 6 x 10 + 6 x 5') ;

INSERT INTO answer_options (question_id, correct_answer, answer_text)
VALUES ('103023310', FALSE, '15');

INSERT INTO answer_options (question_id, correct_answer, answer_text)
VALUES ('103023310', FALSE, '14');

INSERT INTO answer_options (question_id, correct_answer, answer_text)
VALUES ('103023310', FALSE, '16');

INSERT INTO questions (question_id, language_id, topic_id, c_grade_id, level, question_text, explanation, interesting_fact)
VALUES ('103023311', 1, 3023, 1, 1, '1', '', '17') ON CONFLICT (question_id) DO UPDATE SET language_id = 1 ,topic_id= 3023,c_grade_id =1,level=1,question_text='1',explanation='',interesting_fact='17';


INSERT INTO answer_options (question_id, correct_answer, answer_text)
VALUES ('103023311', TRUE, '4 x ____ = 4 x 10 + 4 x 8') ;

INSERT INTO answer_options (question_id, correct_answer, answer_text)
VALUES ('103023311', FALSE, '18');

INSERT INTO answer_options (question_id, correct_answer, answer_text)
VALUES ('103023311', FALSE, '19');

INSERT INTO answer_options (question_id, correct_answer, answer_text)
VALUES ('103023311', FALSE, '20');

INSERT INTO questions (question_id, language_id, topic_id, c_grade_id, level, question_text, explanation, interesting_fact)
VALUES ('103023313', 1, 3023, 3, 3, '1', '', '12') ON CONFLICT (question_id) DO UPDATE SET language_id = 1 ,topic_id= 3023,c_grade_id =3,level=3,question_text='1',explanation='',interesting_fact='12';


INSERT INTO answer_options (question_id, correct_answer, answer_text)
VALUES ('103023313', TRUE, '6 x 18 = 6 x ____ + 6 x 8') ;

INSERT INTO answer_options (question_id, correct_answer, answer_text)
VALUES ('103023313', FALSE, '10');

INSERT INTO answer_options (question_id, correct_answer, answer_text)
VALUES ('103023313', FALSE, '11');

INSERT INTO answer_options (question_id, correct_answer, answer_text)
VALUES ('103023313', FALSE, '9');

INSERT INTO questions (question_id, language_id, topic_id, c_grade_id, level, question_text, explanation, interesting_fact)
VALUES ('103023314', 1, 3023, 4, 4, '1', '', '17') ON CONFLICT (question_id) DO UPDATE SET language_id = 1 ,topic_id= 3023,c_grade_id =4,level=4,question_text='1',explanation='',interesting_fact='17';


INSERT INTO answer_options (question_id, correct_answer, answer_text)
VALUES ('103023314', TRUE, '8 x ____ = 8 x 10 + 8 x 5') ;

INSERT INTO answer_options (question_id, correct_answer, answer_text)
VALUES ('103023314', FALSE, '15');

INSERT INTO answer_options (question_id, correct_answer, answer_text)
VALUES ('103023314', FALSE, '16');

INSERT INTO answer_options (question_id, correct_answer, answer_text)
VALUES ('103023314', FALSE, '14');

INSERT INTO questions (question_id, language_id, topic_id, c_grade_id, level, question_text, explanation, interesting_fact)
VALUES ('103023315', 1, 3023, 5, 5, '1', '', '17') ON CONFLICT (question_id) DO UPDATE SET language_id = 1 ,topic_id= 3023,c_grade_id =5,level=5,question_text='1',explanation='',interesting_fact='17';


INSERT INTO answer_options (question_id, correct_answer, answer_text)
VALUES ('103023315', TRUE, '5 x ____ = 5 x 10 + 5 x 9') ;

INSERT INTO answer_options (question_id, correct_answer, answer_text)
VALUES ('103023315', FALSE, '19');

INSERT INTO answer_options (question_id, correct_answer, answer_text)
VALUES ('103023315', FALSE, '18');

INSERT INTO answer_options (question_id, correct_answer, answer_text)
VALUES ('103023315', FALSE, '20');

INSERT INTO questions (question_id, language_id, topic_id, c_grade_id, level, question_text, explanation, interesting_fact)
VALUES ('103023316', 1, 3023, 6, 6, '1', '', '19') ON CONFLICT (question_id) DO UPDATE SET language_id = 1 ,topic_id= 3023,c_grade_id =6,level=6,question_text='1',explanation='',interesting_fact='19';


INSERT INTO answer_options (question_id, correct_answer, answer_text)
VALUES ('103023316', TRUE, 'x ____ = 7 x 10 + 7 x 7') ;

INSERT INTO answer_options (question_id, correct_answer, answer_text)
VALUES ('103023316', FALSE, '17');

INSERT INTO answer_options (question_id, correct_answer, answer_text)
VALUES ('103023316', FALSE, '18');

INSERT INTO answer_options (question_id, correct_answer, answer_text)
VALUES ('103023316', FALSE, '16');

INSERT INTO questions (question_id, language_id, topic_id, c_grade_id, level, question_text, explanation, interesting_fact)
VALUES ('103023317', 1, 3023, 7, 7, '1', '', '12') ON CONFLICT (question_id) DO UPDATE SET language_id = 1 ,topic_id= 3023,c_grade_id =7,level=7,question_text='1',explanation='',interesting_fact='12';


INSERT INTO answer_options (question_id, correct_answer, answer_text)
VALUES ('103023317', TRUE, '3 x 13 = 3 x ____ + 3 x 3') ;

INSERT INTO answer_options (question_id, correct_answer, answer_text)
VALUES ('103023317', FALSE, '10');

INSERT INTO answer_options (question_id, correct_answer, answer_text)
VALUES ('103023317', FALSE, '11');

INSERT INTO answer_options (question_id, correct_answer, answer_text)
VALUES ('103023317', FALSE, '9');

INSERT INTO questions (question_id, language_id, topic_id, c_grade_id, level, question_text, explanation, interesting_fact)
VALUES ('103023318', 1, 3023, 8, 8, '1', '', '12') ON CONFLICT (question_id) DO UPDATE SET language_id = 1 ,topic_id= 3023,c_grade_id =8,level=8,question_text='1',explanation='',interesting_fact='12';


INSERT INTO answer_options (question_id, correct_answer, answer_text)
VALUES ('103023318', TRUE, '6 x 16 = 6 x ____ + 6 x 6') ;

INSERT INTO answer_options (question_id, correct_answer, answer_text)
VALUES ('103023318', FALSE, '10');

INSERT INTO answer_options (question_id, correct_answer, answer_text)
VALUES ('103023318', FALSE, '11');

INSERT INTO answer_options (question_id, correct_answer, answer_text)
VALUES ('103023318', FALSE, '9');

INSERT INTO questions (question_id, language_id, topic_id, c_grade_id, level, question_text, explanation, interesting_fact)
VALUES ('103023319', 1, 3023, 9, 9, '1', '', '12') ON CONFLICT (question_id) DO UPDATE SET language_id = 1 ,topic_id= 3023,c_grade_id =9,level=9,question_text='1',explanation='',interesting_fact='12';


INSERT INTO answer_options (question_id, correct_answer, answer_text)
VALUES ('103023319', TRUE, '4 x 15 = 4 x ____ + 4 x 5') ;

INSERT INTO answer_options (question_id, correct_answer, answer_text)
VALUES ('103023319', FALSE, '10');

INSERT INTO answer_options (question_id, correct_answer, answer_text)
VALUES ('103023319', FALSE, '11');

INSERT INTO answer_options (question_id, correct_answer, answer_text)
VALUES ('103023319', FALSE, '9');

INSERT INTO questions (question_id, language_id, topic_id, c_grade_id, level, question_text, explanation, interesting_fact)
VALUES ('103023320', 1, 3023, 0, 0, '1', '', '12') ON CONFLICT (question_id) DO UPDATE SET language_id = 1 ,topic_id= 3023,c_grade_id =0,level=0,question_text='1',explanation='',interesting_fact='12';


INSERT INTO answer_options (question_id, correct_answer, answer_text)
VALUES ('103023320', TRUE, '7 x ____ = 7 x 10 + 7 x 4') ;

INSERT INTO answer_options (question_id, correct_answer, answer_text)
VALUES ('103023320', FALSE, '14');

INSERT INTO answer_options (question_id, correct_answer, answer_text)
VALUES ('103023320', FALSE, '13');

INSERT INTO answer_options (question_id, correct_answer, answer_text)
VALUES ('103023320', FALSE, '15');

INSERT INTO questions (question_id, language_id, topic_id, c_grade_id, level, question_text, explanation, interesting_fact)
VALUES ('103023401', 1, 3023, 1, 1, '1', '', '11') ON CONFLICT (question_id) DO UPDATE SET language_id = 1 ,topic_id= 3023,c_grade_id =1,level=1,question_text='1',explanation='',interesting_fact='11';


INSERT INTO answer_options (question_id, correct_answer, answer_text)
VALUES ('103023401', TRUE, '9 x ____ = 9 x 10 + 9 x 3') ;

INSERT INTO answer_options (question_id, correct_answer, answer_text)
VALUES ('103023401', FALSE, '13');

INSERT INTO answer_options (question_id, correct_answer, answer_text)
VALUES ('103023401', FALSE, '12');

INSERT INTO answer_options (question_id, correct_answer, answer_text)
VALUES ('103023401', FALSE, '14');

INSERT INTO questions (question_id, language_id, topic_id, c_grade_id, level, question_text, explanation, interesting_fact)
VALUES ('103023402', 1, 3023, 2, 2, '1', '', '13') ON CONFLICT (question_id) DO UPDATE SET language_id = 1 ,topic_id= 3023,c_grade_id =2,level=2,question_text='1',explanation='',interesting_fact='13';


INSERT INTO answer_options (question_id, correct_answer, answer_text)
VALUES ('103023402', TRUE, '5 x ____ = 5 x 10 + 5 x 5') ;

INSERT INTO answer_options (question_id, correct_answer, answer_text)
VALUES ('103023402', FALSE, '15');

INSERT INTO answer_options (question_id, correct_answer, answer_text)
VALUES ('103023402', FALSE, '14');

INSERT INTO answer_options (question_id, correct_answer, answer_text)
VALUES ('103023402', FALSE, '16');

INSERT INTO questions (question_id, language_id, topic_id, c_grade_id, level, question_text, explanation, interesting_fact)
VALUES ('103023403', 1, 3023, 3, 3, '1', '', '10') ON CONFLICT (question_id) DO UPDATE SET language_id = 1 ,topic_id= 3023,c_grade_id =3,level=3,question_text='1',explanation='',interesting_fact='10';


INSERT INTO answer_options (question_id, correct_answer, answer_text)
VALUES ('103023403', TRUE, '7 x ____ = 7 x 10 + 7 x 2') ;

INSERT INTO answer_options (question_id, correct_answer, answer_text)
VALUES ('103023403', FALSE, '12');

INSERT INTO answer_options (question_id, correct_answer, answer_text)
VALUES ('103023403', FALSE, '11');

INSERT INTO answer_options (question_id, correct_answer, answer_text)
VALUES ('103023403', FALSE, '13');

INSERT INTO questions (question_id, language_id, topic_id, c_grade_id, level, question_text, explanation, interesting_fact)
VALUES ('103023404', 1, 3023, 4, 4, '1', '', '18') ON CONFLICT (question_id) DO UPDATE SET language_id = 1 ,topic_id= 3023,c_grade_id =4,level=4,question_text='1',explanation='',interesting_fact='18';


INSERT INTO answer_options (question_id, correct_answer, answer_text)
VALUES ('103023404', TRUE, '6 x ____ = 6 x 10 + 6 x 6') ;

INSERT INTO answer_options (question_id, correct_answer, answer_text)
VALUES ('103023404', FALSE, '16');

INSERT INTO answer_options (question_id, correct_answer, answer_text)
VALUES ('103023404', FALSE, '17');

INSERT INTO answer_options (question_id, correct_answer, answer_text)
VALUES ('103023404', FALSE, '15');

INSERT INTO questions (question_id, language_id, topic_id, c_grade_id, level, question_text, explanation, interesting_fact)
VALUES ('103023405', 1, 3023, 5, 5, '1', '', '12') ON CONFLICT (question_id) DO UPDATE SET language_id = 1 ,topic_id= 3023,c_grade_id =5,level=5,question_text='1',explanation='',interesting_fact='12';


INSERT INTO answer_options (question_id, correct_answer, answer_text)
VALUES ('103023405', TRUE, '4 x 14 = 4 x ____ + 4 x 4') ;

INSERT INTO answer_options (question_id, correct_answer, answer_text)
VALUES ('103023405', FALSE, '10');

INSERT INTO answer_options (question_id, correct_answer, answer_text)
VALUES ('103023405', FALSE, '11');

INSERT INTO answer_options (question_id, correct_answer, answer_text)
VALUES ('103023405', FALSE, '9');

INSERT INTO questions (question_id, language_id, topic_id, c_grade_id, level, question_text, explanation, interesting_fact)
VALUES ('103023406', 1, 3023, 6, 6, '1', '', '16') ON CONFLICT (question_id) DO UPDATE SET language_id = 1 ,topic_id= 3023,c_grade_id =6,level=6,question_text='1',explanation='',interesting_fact='16';


INSERT INTO answer_options (question_id, correct_answer, answer_text)
VALUES ('103023406', TRUE, '5 x ____ = 5 x 10 + 5 x 8') ;

INSERT INTO answer_options (question_id, correct_answer, answer_text)
VALUES ('103023406', FALSE, '18');

INSERT INTO answer_options (question_id, correct_answer, answer_text)
VALUES ('103023406', FALSE, '17');

INSERT INTO answer_options (question_id, correct_answer, answer_text)
VALUES ('103023406', FALSE, '19');

INSERT INTO questions (question_id, language_id, topic_id, c_grade_id, level, question_text, explanation, interesting_fact)
VALUES ('103023407', 1, 3023, 7, 7, '1', '', '8') ON CONFLICT (question_id) DO UPDATE SET language_id = 1 ,topic_id= 3023,c_grade_id =7,level=7,question_text='1',explanation='',interesting_fact='8';


INSERT INTO answer_options (question_id, correct_answer, answer_text)
VALUES ('103023407', TRUE, '9 x 12 = 9 x ____ + 9 x 2') ;

INSERT INTO answer_options (question_id, correct_answer, answer_text)
VALUES ('103023407', FALSE, '10');

INSERT INTO answer_options (question_id, correct_answer, answer_text)
VALUES ('103023407', FALSE, '11');

INSERT INTO answer_options (question_id, correct_answer, answer_text)
VALUES ('103023407', FALSE, '9');

INSERT INTO questions (question_id, language_id, topic_id, c_grade_id, level, question_text, explanation, interesting_fact)
VALUES ('103023408', 1, 3023, 8, 8, '1', '', '17') ON CONFLICT (question_id) DO UPDATE SET language_id = 1 ,topic_id= 3023,c_grade_id =8,level=8,question_text='1',explanation='',interesting_fact='17';


INSERT INTO answer_options (question_id, correct_answer, answer_text)
VALUES ('103023408', TRUE, '7 x ____ = 7 x 10 + 7 x 9') ;

INSERT INTO answer_options (question_id, correct_answer, answer_text)
VALUES ('103023408', FALSE, '19');

INSERT INTO answer_options (question_id, correct_answer, answer_text)
VALUES ('103023408', FALSE, '18');

INSERT INTO answer_options (question_id, correct_answer, answer_text)
VALUES ('103023408', FALSE, '20');

INSERT INTO questions (question_id, language_id, topic_id, c_grade_id, level, question_text, explanation, interesting_fact)
VALUES ('103023409', 1, 3023, 9, 9, '1', '', '8') ON CONFLICT (question_id) DO UPDATE SET language_id = 1 ,topic_id= 3023,c_grade_id =9,level=9,question_text='1',explanation='',interesting_fact='8';


INSERT INTO answer_options (question_id, correct_answer, answer_text)
VALUES ('103023409', TRUE, '6 x 17 = 6 x ____ + 6 x 7') ;

INSERT INTO answer_options (question_id, correct_answer, answer_text)
VALUES ('103023409', FALSE, '10');

INSERT INTO answer_options (question_id, correct_answer, answer_text)
VALUES ('103023409', FALSE, '11');

INSERT INTO answer_options (question_id, correct_answer, answer_text)
VALUES ('103023409', FALSE, '9');

INSERT INTO questions (question_id, language_id, topic_id, c_grade_id, level, question_text, explanation, interesting_fact)
VALUES ('103023410', 1, 3023, 0, 0, '1', '', '8') ON CONFLICT (question_id) DO UPDATE SET language_id = 1 ,topic_id= 3023,c_grade_id =0,level=0,question_text='1',explanation='',interesting_fact='8';


INSERT INTO answer_options (question_id, correct_answer, answer_text)
VALUES ('103023410', TRUE, '8 x 13 = 8 x ____ + 8 x 3') ;

INSERT INTO answer_options (question_id, correct_answer, answer_text)
VALUES ('103023410', FALSE, '10');

INSERT INTO answer_options (question_id, correct_answer, answer_text)
VALUES ('103023410', FALSE, '11');

INSERT INTO answer_options (question_id, correct_answer, answer_text)
VALUES ('103023410', FALSE, '9');

INSERT INTO questions (question_id, language_id, topic_id, c_grade_id, level, question_text, explanation, interesting_fact)
VALUES ('103023411', 1, 3023, 1, 1, '1', '', '9') ON CONFLICT (question_id) DO UPDATE SET language_id = 1 ,topic_id= 3023,c_grade_id =1,level=1,question_text='1',explanation='',interesting_fact='9';


INSERT INTO answer_options (question_id, correct_answer, answer_text)
VALUES ('103023411', TRUE, '____ x 12 = ____ x 10 + ____ x 2') ;

INSERT INTO answer_options (question_id, correct_answer, answer_text)
VALUES ('103023411', FALSE, 'כל כמה שרשום לעיל');

INSERT INTO answer_options (question_id, correct_answer, answer_text)
VALUES ('103023411', FALSE, '7');

INSERT INTO answer_options (question_id, correct_answer, answer_text)
VALUES ('103023411', FALSE, '8');

INSERT INTO questions (question_id, language_id, topic_id, c_grade_id, level, question_text, explanation, interesting_fact)
VALUES ('103023412', 1, 3023, 2, 2, '1', '', '2') ON CONFLICT (question_id) DO UPDATE SET language_id = 1 ,topic_id= 3023,c_grade_id =2,level=2,question_text='1',explanation='',interesting_fact='2';


INSERT INTO answer_options (question_id, correct_answer, answer_text)
VALUES ('103023412', TRUE, '____ x 13 = ____ x 10 + ____ x 3') ;

INSERT INTO answer_options (question_id, correct_answer, answer_text)
VALUES ('103023412', FALSE, 'כל כמה שרשום לעיל');

INSERT INTO answer_options (question_id, correct_answer, answer_text)
VALUES ('103023412', FALSE, '4');

INSERT INTO answer_options (question_id, correct_answer, answer_text)
VALUES ('103023412', FALSE, '3');

INSERT INTO questions (question_id, language_id, topic_id, c_grade_id, level, question_text, explanation, interesting_fact)
VALUES ('103023414', 1, 3023, 4, 4, '1', '', '3') ON CONFLICT (question_id) DO UPDATE SET language_id = 1 ,topic_id= 3023,c_grade_id =4,level=4,question_text='1',explanation='',interesting_fact='3';


INSERT INTO answer_options (question_id, correct_answer, answer_text)
VALUES ('103023414', TRUE, '____ x 11 = ____ x 10 + ____ x 1') ;

INSERT INTO answer_options (question_id, correct_answer, answer_text)
VALUES ('103023414', FALSE, 'כל כמה שרשום לעיל');

INSERT INTO answer_options (question_id, correct_answer, answer_text)
VALUES ('103023414', FALSE, '9');

INSERT INTO answer_options (question_id, correct_answer, answer_text)
VALUES ('103023414', FALSE, '8');

INSERT INTO questions (question_id, language_id, topic_id, c_grade_id, level, question_text, explanation, interesting_fact)
VALUES ('103023415', 1, 3023, 5, 5, '1', '', '9') ON CONFLICT (question_id) DO UPDATE SET language_id = 1 ,topic_id= 3023,c_grade_id =5,level=5,question_text='1',explanation='',interesting_fact='9';


INSERT INTO answer_options (question_id, correct_answer, answer_text)
VALUES ('103023415', TRUE, '____ x 16 = ____ x 10 + ____ x 6') ;

INSERT INTO answer_options (question_id, correct_answer, answer_text)
VALUES ('103023415', FALSE, 'כל כמה שרשום לעיל');

INSERT INTO answer_options (question_id, correct_answer, answer_text)
VALUES ('103023415', FALSE, '3');

INSERT INTO answer_options (question_id, correct_answer, answer_text)
VALUES ('103023415', FALSE, '8');

INSERT INTO questions (question_id, language_id, topic_id, c_grade_id, level, question_text, explanation, interesting_fact)
VALUES ('103023416', 1, 3023, 6, 6, '1', '', '5') ON CONFLICT (question_id) DO UPDATE SET language_id = 1 ,topic_id= 3023,c_grade_id =6,level=6,question_text='1',explanation='',interesting_fact='5';


INSERT INTO answer_options (question_id, correct_answer, answer_text)
VALUES ('103023416', TRUE, '5 x 17 = 5 x 10 + 5 x ____') ;

INSERT INTO answer_options (question_id, correct_answer, answer_text)
VALUES ('103023416', FALSE, '7');

INSERT INTO answer_options (question_id, correct_answer, answer_text)
VALUES ('103023416', FALSE, '8');

INSERT INTO answer_options (question_id, correct_answer, answer_text)
VALUES ('103023416', FALSE, '6');

INSERT INTO questions (question_id, language_id, topic_id, c_grade_id, level, question_text, explanation, interesting_fact)
VALUES ('103023417', 1, 3023, 7, 7, '1', '', '6') ON CONFLICT (question_id) DO UPDATE SET language_id = 1 ,topic_id= 3023,c_grade_id =7,level=7,question_text='1',explanation='',interesting_fact='6';


INSERT INTO answer_options (question_id, correct_answer, answer_text)
VALUES ('103023417', TRUE, '4 x 18 = 4 x 10 + 4 x ____') ;

INSERT INTO answer_options (question_id, correct_answer, answer_text)
VALUES ('103023417', FALSE, '8');

INSERT INTO answer_options (question_id, correct_answer, answer_text)
VALUES ('103023417', FALSE, '7');

INSERT INTO answer_options (question_id, correct_answer, answer_text)
VALUES ('103023417', FALSE, '9');

INSERT INTO questions (question_id, language_id, topic_id, c_grade_id, level, question_text, explanation, interesting_fact)
VALUES ('103023418', 1, 3023, 8, 8, '1', '', '5') ON CONFLICT (question_id) DO UPDATE SET language_id = 1 ,topic_id= 3023,c_grade_id =8,level=8,question_text='1',explanation='',interesting_fact='5';


INSERT INTO answer_options (question_id, correct_answer, answer_text)
VALUES ('103023418', TRUE, '7 x 13 = 7 x 10 + 7 x ____') ;

INSERT INTO answer_options (question_id, correct_answer, answer_text)
VALUES ('103023418', FALSE, '3');

INSERT INTO answer_options (question_id, correct_answer, answer_text)
VALUES ('103023418', FALSE, '2');

INSERT INTO answer_options (question_id, correct_answer, answer_text)
VALUES ('103023418', FALSE, '4');

INSERT INTO questions (question_id, language_id, topic_id, c_grade_id, level, question_text, explanation, interesting_fact)
VALUES ('103023419', 1, 3023, 9, 9, '1', '', '2') ON CONFLICT (question_id) DO UPDATE SET language_id = 1 ,topic_id= 3023,c_grade_id =9,level=9,question_text='1',explanation='',interesting_fact='2';


INSERT INTO answer_options (question_id, correct_answer, answer_text)
VALUES ('103023419', TRUE, '9 x 14 = 9 x 10 + 9 x ____') ;

INSERT INTO answer_options (question_id, correct_answer, answer_text)
VALUES ('103023419', FALSE, '4');

INSERT INTO answer_options (question_id, correct_answer, answer_text)
VALUES ('103023419', FALSE, '5');

INSERT INTO answer_options (question_id, correct_answer, answer_text)
VALUES ('103023419', FALSE, '3');

INSERT INTO questions (question_id, language_id, topic_id, c_grade_id, level, question_text, explanation, interesting_fact)
VALUES ('103023420', 1, 3023, 0, 0, '1', '', '7') ON CONFLICT (question_id) DO UPDATE SET language_id = 1 ,topic_id= 3023,c_grade_id =0,level=0,question_text='1',explanation='',interesting_fact='7';


INSERT INTO answer_options (question_id, correct_answer, answer_text)
VALUES ('103023420', TRUE, '8 x 15 = 8 x 10 + 8 x ____') ;

INSERT INTO answer_options (question_id, correct_answer, answer_text)
VALUES ('103023420', FALSE, '5');

INSERT INTO answer_options (question_id, correct_answer, answer_text)
VALUES ('103023420', FALSE, '6');

INSERT INTO answer_options (question_id, correct_answer, answer_text)
VALUES ('103023420', FALSE, '4');

INSERT INTO questions (question_id, language_id, topic_id, c_grade_id, level, question_text, explanation, interesting_fact)
VALUES ('103024101', 1, 3024, 1, 1, '1', '', '300') ON CONFLICT (question_id) DO UPDATE SET language_id = 1 ,topic_id= 3024,c_grade_id =1,level=1,question_text='1',explanation='',interesting_fact='300';


INSERT INTO answer_options (question_id, correct_answer, answer_text)
VALUES ('103024101', TRUE, 'כמה זה 3x300?') ;

INSERT INTO answer_options (question_id, correct_answer, answer_text)
VALUES ('103024101', FALSE, '900');

INSERT INTO answer_options (question_id, correct_answer, answer_text)
VALUES ('103024101', FALSE, '600');

INSERT INTO answer_options (question_id, correct_answer, answer_text)
VALUES ('103024101', FALSE, '1200');

INSERT INTO questions (question_id, language_id, topic_id, c_grade_id, level, question_text, explanation, interesting_fact)
VALUES ('103024102', 1, 3024, 2, 2, '1', '', '1000') ON CONFLICT (question_id) DO UPDATE SET language_id = 1 ,topic_id= 3024,c_grade_id =2,level=2,question_text='1',explanation='',interesting_fact='1000';


INSERT INTO answer_options (question_id, correct_answer, answer_text)
VALUES ('103024102', TRUE, 'כמה זה 6X200?') ;

INSERT INTO answer_options (question_id, correct_answer, answer_text)
VALUES ('103024102', FALSE, '1200');

INSERT INTO answer_options (question_id, correct_answer, answer_text)
VALUES ('103024102', FALSE, '800');

INSERT INTO answer_options (question_id, correct_answer, answer_text)
VALUES ('103024102', FALSE, '1400');

INSERT INTO questions (question_id, language_id, topic_id, c_grade_id, level, question_text, explanation, interesting_fact)
VALUES ('103024103', 1, 3024, 3, 3, '1', '', '900') ON CONFLICT (question_id) DO UPDATE SET language_id = 1 ,topic_id= 3024,c_grade_id =3,level=3,question_text='1',explanation='',interesting_fact='900';


INSERT INTO answer_options (question_id, correct_answer, answer_text)
VALUES ('103024103', TRUE, 'כמה זה 7X100?') ;

INSERT INTO answer_options (question_id, correct_answer, answer_text)
VALUES ('103024103', FALSE, '700');

INSERT INTO answer_options (question_id, correct_answer, answer_text)
VALUES ('103024103', FALSE, '500');

INSERT INTO answer_options (question_id, correct_answer, answer_text)
VALUES ('103024103', FALSE, '800');

INSERT INTO questions (question_id, language_id, topic_id, c_grade_id, level, question_text, explanation, interesting_fact)
VALUES ('103024104', 1, 3024, 4, 4, '1', '', '2800') ON CONFLICT (question_id) DO UPDATE SET language_id = 1 ,topic_id= 3024,c_grade_id =4,level=4,question_text='1',explanation='',interesting_fact='2800';


INSERT INTO answer_options (question_id, correct_answer, answer_text)
VALUES ('103024104', TRUE, 'כמה זה 8X400?') ;

INSERT INTO answer_options (question_id, correct_answer, answer_text)
VALUES ('103024104', FALSE, '3200');

INSERT INTO answer_options (question_id, correct_answer, answer_text)
VALUES ('103024104', FALSE, '2400');

INSERT INTO answer_options (question_id, correct_answer, answer_text)
VALUES ('103024104', FALSE, '3500');

INSERT INTO questions (question_id, language_id, topic_id, c_grade_id, level, question_text, explanation, interesting_fact)
VALUES ('103024105', 1, 3024, 5, 5, '1', '', '1800') ON CONFLICT (question_id) DO UPDATE SET language_id = 1 ,topic_id= 3024,c_grade_id =5,level=5,question_text='1',explanation='',interesting_fact='1800';


INSERT INTO answer_options (question_id, correct_answer, answer_text)
VALUES ('103024105', TRUE, 'כמה זה 4x500?') ;

INSERT INTO answer_options (question_id, correct_answer, answer_text)
VALUES ('103024105', FALSE, '2000');

INSERT INTO answer_options (question_id, correct_answer, answer_text)
VALUES ('103024105', FALSE, '1500');

INSERT INTO answer_options (question_id, correct_answer, answer_text)
VALUES ('103024105', FALSE, '2200');

INSERT INTO questions (question_id, language_id, topic_id, c_grade_id, level, question_text, explanation, interesting_fact)
VALUES ('103024106', 1, 3024, 6, 6, '1', '', '425') ON CONFLICT (question_id) DO UPDATE SET language_id = 1 ,topic_id= 3024,c_grade_id =6,level=6,question_text='1',explanation='',interesting_fact='425';


INSERT INTO answer_options (question_id, correct_answer, answer_text)
VALUES ('103024106', TRUE, 'כמה זה 4X105?') ;

INSERT INTO answer_options (question_id, correct_answer, answer_text)
VALUES ('103024106', FALSE, '420');

INSERT INTO answer_options (question_id, correct_answer, answer_text)
VALUES ('103024106', FALSE, '415');

INSERT INTO answer_options (question_id, correct_answer, answer_text)
VALUES ('103024106', FALSE, '410');

INSERT INTO questions (question_id, language_id, topic_id, c_grade_id, level, question_text, explanation, interesting_fact)
VALUES ('103024107', 1, 3024, 7, 7, '1', '', '620') ON CONFLICT (question_id) DO UPDATE SET language_id = 1 ,topic_id= 3024,c_grade_id =7,level=7,question_text='1',explanation='',interesting_fact='620';


INSERT INTO answer_options (question_id, correct_answer, answer_text)
VALUES ('103024107', TRUE, 'טום קנה 6 חבילות סוכריות. בכל חבילה יש 102 סוכריות. כמה ממתקים קנה טום בסך הכל?') ;

INSERT INTO answer_options (question_id, correct_answer, answer_text)
VALUES ('103024107', FALSE, '612');

INSERT INTO answer_options (question_id, correct_answer, answer_text)
VALUES ('103024107', FALSE, '610');

INSERT INTO answer_options (question_id, correct_answer, answer_text)
VALUES ('103024107', FALSE, '600');

INSERT INTO questions (question_id, language_id, topic_id, c_grade_id, level, question_text, explanation, interesting_fact)
VALUES ('103024108', 1, 3024, 8, 8, '1', '', '314') ON CONFLICT (question_id) DO UPDATE SET language_id = 1 ,topic_id= 3024,c_grade_id =8,level=8,question_text='1',explanation='',interesting_fact='314';


INSERT INTO answer_options (question_id, correct_answer, answer_text)
VALUES ('103024108', TRUE, 'כמה זה 3x104?') ;

INSERT INTO answer_options (question_id, correct_answer, answer_text)
VALUES ('103024108', FALSE, '312');

INSERT INTO answer_options (question_id, correct_answer, answer_text)
VALUES ('103024108', FALSE, '310');

INSERT INTO answer_options (question_id, correct_answer, answer_text)
VALUES ('103024108', FALSE, '320');

INSERT INTO questions (question_id, language_id, topic_id, c_grade_id, level, question_text, explanation, interesting_fact)
VALUES ('103024109', 1, 3024, 9, 9, '1', '', '505') ON CONFLICT (question_id) DO UPDATE SET language_id = 1 ,topic_id= 3024,c_grade_id =9,level=9,question_text='1',explanation='',interesting_fact='505';


INSERT INTO answer_options (question_id, correct_answer, answer_text)
VALUES ('103024109', TRUE, 'לחקלאי יש 5 סלסלות תפוחים. כל סל מכיל 103 תפוחים. כמה תפוחים יש לו בסך הכל?') ;

INSERT INTO answer_options (question_id, correct_answer, answer_text)
VALUES ('103024109', FALSE, '515');

INSERT INTO answer_options (question_id, correct_answer, answer_text)
VALUES ('103024109', FALSE, '510');

INSERT INTO answer_options (question_id, correct_answer, answer_text)
VALUES ('103024109', FALSE, '520');

INSERT INTO questions (question_id, language_id, topic_id, c_grade_id, level, question_text, explanation, interesting_fact)
VALUES ('103024110', 1, 3024, 0, 0, '1', '', '720') ON CONFLICT (question_id) DO UPDATE SET language_id = 1 ,topic_id= 3024,c_grade_id =0,level=0,question_text='1',explanation='',interesting_fact='720';


INSERT INTO answer_options (question_id, correct_answer, answer_text)
VALUES ('103024110', TRUE, 'כמה זה 7X101?') ;

INSERT INTO answer_options (question_id, correct_answer, answer_text)
VALUES ('103024110', FALSE, '707');

INSERT INTO answer_options (question_id, correct_answer, answer_text)
VALUES ('103024110', FALSE, '700');

INSERT INTO answer_options (question_id, correct_answer, answer_text)
VALUES ('103024110', FALSE, '710');

INSERT INTO questions (question_id, language_id, topic_id, c_grade_id, level, question_text, explanation, interesting_fact)
VALUES ('103024111', 1, 3024, 1, 1, '1', '', '220') ON CONFLICT (question_id) DO UPDATE SET language_id = 1 ,topic_id= 3024,c_grade_id =1,level=1,question_text='1',explanation='',interesting_fact='220';


INSERT INTO answer_options (question_id, correct_answer, answer_text)
VALUES ('103024111', TRUE, 'כמה זה 2X108?') ;

INSERT INTO answer_options (question_id, correct_answer, answer_text)
VALUES ('103024111', FALSE, '216');

INSERT INTO answer_options (question_id, correct_answer, answer_text)
VALUES ('103024111', FALSE, '210');

INSERT INTO answer_options (question_id, correct_answer, answer_text)
VALUES ('103024111', FALSE, '206');

INSERT INTO questions (question_id, language_id, topic_id, c_grade_id, level, question_text, explanation, interesting_fact)
VALUES ('103024112', 1, 3024, 2, 2, '1', '', '916') ON CONFLICT (question_id) DO UPDATE SET language_id = 1 ,topic_id= 3024,c_grade_id =2,level=2,question_text='1',explanation='',interesting_fact='916';


INSERT INTO answer_options (question_id, correct_answer, answer_text)
VALUES ('103024112', TRUE, 'בבית ספר, 9 כיתות בנות 100 תלמידים כל אחת ובכיתה אחת יש 6 תלמידים נוספים. כמה תלמידים יש בסך הכל?') ;

INSERT INTO answer_options (question_id, correct_answer, answer_text)
VALUES ('103024112', FALSE, '906');

INSERT INTO answer_options (question_id, correct_answer, answer_text)
VALUES ('103024112', FALSE, '900');

INSERT INTO answer_options (question_id, correct_answer, answer_text)
VALUES ('103024112', FALSE, '910');

INSERT INTO questions (question_id, language_id, topic_id, c_grade_id, level, question_text, explanation, interesting_fact)
VALUES ('103024113', 1, 3024, 3, 3, '1', '', '860') ON CONFLICT (question_id) DO UPDATE SET language_id = 1 ,topic_id= 3024,c_grade_id =3,level=3,question_text='1',explanation='',interesting_fact='860';


INSERT INTO answer_options (question_id, correct_answer, answer_text)
VALUES ('103024113', TRUE, 'כמה זה 8X109?') ;

INSERT INTO answer_options (question_id, correct_answer, answer_text)
VALUES ('103024113', FALSE, '872');

INSERT INTO answer_options (question_id, correct_answer, answer_text)
VALUES ('103024113', FALSE, '880');

INSERT INTO answer_options (question_id, correct_answer, answer_text)
VALUES ('103024113', FALSE, '870');

INSERT INTO questions (question_id, language_id, topic_id, c_grade_id, level, question_text, explanation, interesting_fact)
VALUES ('103024115', 1, 3024, 5, 5, '1', '', '525') ON CONFLICT (question_id) DO UPDATE SET language_id = 1 ,topic_id= 3024,c_grade_id =5,level=5,question_text='1',explanation='',interesting_fact='525';


INSERT INTO answer_options (question_id, correct_answer, answer_text)
VALUES ('103024115', TRUE, 'כל קופסה מכילה 132 עפרונות. אם ליסה קנתה 4 קופסאות, כמה עפרונות יש לה?') ;

INSERT INTO answer_options (question_id, correct_answer, answer_text)
VALUES ('103024115', FALSE, '528');

INSERT INTO answer_options (question_id, correct_answer, answer_text)
VALUES ('103024115', FALSE, '520');

INSERT INTO answer_options (question_id, correct_answer, answer_text)
VALUES ('103024115', FALSE, '530');

INSERT INTO questions (question_id, language_id, topic_id, c_grade_id, level, question_text, explanation, interesting_fact)
VALUES ('103024116', 1, 3024, 6, 6, '1', '', '690') ON CONFLICT (question_id) DO UPDATE SET language_id = 1 ,topic_id= 3024,c_grade_id =6,level=6,question_text='1',explanation='',interesting_fact='690';


INSERT INTO answer_options (question_id, correct_answer, answer_text)
VALUES ('103024116', TRUE, 'כמה זה 6X114?') ;

INSERT INTO answer_options (question_id, correct_answer, answer_text)
VALUES ('103024116', FALSE, '684');

INSERT INTO answer_options (question_id, correct_answer, answer_text)
VALUES ('103024116', FALSE, '670');

INSERT INTO answer_options (question_id, correct_answer, answer_text)
VALUES ('103024116', FALSE, '680');

INSERT INTO questions (question_id, language_id, topic_id, c_grade_id, level, question_text, explanation, interesting_fact)
VALUES ('103024117', 1, 3024, 7, 7, '1', '', '585') ON CONFLICT (question_id) DO UPDATE SET language_id = 1 ,topic_id= 3024,c_grade_id =7,level=7,question_text='1',explanation='',interesting_fact='585';


INSERT INTO answer_options (question_id, correct_answer, answer_text)
VALUES ('103024117', TRUE, 'בפארק, 5 עצים נושאים 119 פירות כל אחד. כמה פירות יש בסך הכל?') ;

INSERT INTO answer_options (question_id, correct_answer, answer_text)
VALUES ('103024117', FALSE, '595');

INSERT INTO answer_options (question_id, correct_answer, answer_text)
VALUES ('103024117', FALSE, '590');

INSERT INTO answer_options (question_id, correct_answer, answer_text)
VALUES ('103024117', FALSE, '600');

INSERT INTO questions (question_id, language_id, topic_id, c_grade_id, level, question_text, explanation, interesting_fact)
VALUES ('103024118', 1, 3024, 8, 8, '1', '', '288') ON CONFLICT (question_id) DO UPDATE SET language_id = 1 ,topic_id= 3024,c_grade_id =8,level=8,question_text='1',explanation='',interesting_fact='288';


INSERT INTO answer_options (question_id, correct_answer, answer_text)
VALUES ('103024118', TRUE, 'כמה זה 2X146?') ;

INSERT INTO answer_options (question_id, correct_answer, answer_text)
VALUES ('103024118', FALSE, '292');

INSERT INTO answer_options (question_id, correct_answer, answer_text)
VALUES ('103024118', FALSE, '290');

INSERT INTO answer_options (question_id, correct_answer, answer_text)
VALUES ('103024118', FALSE, '300');

INSERT INTO questions (question_id, language_id, topic_id, c_grade_id, level, question_text, explanation, interesting_fact)
VALUES ('103024119', 1, 3024, 9, 9, '1', '', '1010') ON CONFLICT (question_id) DO UPDATE SET language_id = 1 ,topic_id= 3024,c_grade_id =9,level=9,question_text='1',explanation='',interesting_fact='1010';


INSERT INTO answer_options (question_id, correct_answer, answer_text)
VALUES ('103024119', TRUE, 'אם קופסה מכילה 113 סוכריות וג`ני קונה 9 קופסאות, כמה סוכריות יש לה?') ;

INSERT INTO answer_options (question_id, correct_answer, answer_text)
VALUES ('103024119', FALSE, '1017');

INSERT INTO answer_options (question_id, correct_answer, answer_text)
VALUES ('103024119', FALSE, '1000');

INSERT INTO answer_options (question_id, correct_answer, answer_text)
VALUES ('103024119', FALSE, '1020');

INSERT INTO questions (question_id, language_id, topic_id, c_grade_id, level, question_text, explanation, interesting_fact)
VALUES ('103024120', 1, 3024, 0, 0, '1', '', '740') ON CONFLICT (question_id) DO UPDATE SET language_id = 1 ,topic_id= 3024,c_grade_id =0,level=0,question_text='1',explanation='',interesting_fact='740';


INSERT INTO answer_options (question_id, correct_answer, answer_text)
VALUES ('103024120', TRUE, 'כמה זה 4X188?') ;

INSERT INTO answer_options (question_id, correct_answer, answer_text)
VALUES ('103024120', FALSE, '752');

INSERT INTO answer_options (question_id, correct_answer, answer_text)
VALUES ('103024120', FALSE, '750');

INSERT INTO answer_options (question_id, correct_answer, answer_text)
VALUES ('103024120', FALSE, '760');

INSERT INTO questions (question_id, language_id, topic_id, c_grade_id, level, question_text, explanation, interesting_fact)
VALUES ('103024201', 1, 3024, 1, 1, '1', '', '138') ON CONFLICT (question_id) DO UPDATE SET language_id = 1 ,topic_id= 3024,c_grade_id =1,level=1,question_text='1',explanation='',interesting_fact='138';


INSERT INTO answer_options (question_id, correct_answer, answer_text)
VALUES ('103024201', TRUE, '5 x ____ = 5 x 100 + 5 x 30 + 5 x 7') ;

INSERT INTO answer_options (question_id, correct_answer, answer_text)
VALUES ('103024201', FALSE, '137');

INSERT INTO answer_options (question_id, correct_answer, answer_text)
VALUES ('103024201', FALSE, '140');

INSERT INTO answer_options (question_id, correct_answer, answer_text)
VALUES ('103024201', FALSE, '135');

INSERT INTO questions (question_id, language_id, topic_id, c_grade_id, level, question_text, explanation, interesting_fact)
VALUES ('103024202', 1, 3024, 2, 2, '1', '', '158') ON CONFLICT (question_id) DO UPDATE SET language_id = 1 ,topic_id= 3024,c_grade_id =2,level=2,question_text='1',explanation='',interesting_fact='158';


INSERT INTO answer_options (question_id, correct_answer, answer_text)
VALUES ('103024202', TRUE, '5 x ____ = 5 x 100 + 5 x 50 + 5 x 9') ;

INSERT INTO answer_options (question_id, correct_answer, answer_text)
VALUES ('103024202', FALSE, '159');

INSERT INTO answer_options (question_id, correct_answer, answer_text)
VALUES ('103024202', FALSE, '160');

INSERT INTO answer_options (question_id, correct_answer, answer_text)
VALUES ('103024202', FALSE, '161');

INSERT INTO questions (question_id, language_id, topic_id, c_grade_id, level, question_text, explanation, interesting_fact)
VALUES ('103024203', 1, 3024, 3, 3, '1', '', '170') ON CONFLICT (question_id) DO UPDATE SET language_id = 1 ,topic_id= 3024,c_grade_id =3,level=3,question_text='1',explanation='',interesting_fact='170';


INSERT INTO answer_options (question_id, correct_answer, answer_text)
VALUES ('103024203', TRUE, '5 x ____ = 5 x 100 + 5 x 60 + 5 x 6') ;

INSERT INTO answer_options (question_id, correct_answer, answer_text)
VALUES ('103024203', FALSE, '166');

INSERT INTO answer_options (question_id, correct_answer, answer_text)
VALUES ('103024203', FALSE, '160');

INSERT INTO answer_options (question_id, correct_answer, answer_text)
VALUES ('103024203', FALSE, '165');

INSERT INTO questions (question_id, language_id, topic_id, c_grade_id, level, question_text, explanation, interesting_fact)
VALUES ('103024204', 1, 3024, 4, 4, '1', '', '126') ON CONFLICT (question_id) DO UPDATE SET language_id = 1 ,topic_id= 3024,c_grade_id =4,level=4,question_text='1',explanation='',interesting_fact='126';


INSERT INTO answer_options (question_id, correct_answer, answer_text)
VALUES ('103024204', TRUE, '5 x ____ = 5 x 100 + 5 x 20 + 5 x 4') ;

INSERT INTO answer_options (question_id, correct_answer, answer_text)
VALUES ('103024204', FALSE, '124');

INSERT INTO answer_options (question_id, correct_answer, answer_text)
VALUES ('103024204', FALSE, '120');

INSERT INTO answer_options (question_id, correct_answer, answer_text)
VALUES ('103024204', FALSE, '125');

INSERT INTO questions (question_id, language_id, topic_id, c_grade_id, level, question_text, explanation, interesting_fact)
VALUES ('103024205', 1, 3024, 5, 5, '1', '', '50') ON CONFLICT (question_id) DO UPDATE SET language_id = 1 ,topic_id= 3024,c_grade_id =5,level=5,question_text='1',explanation='',interesting_fact='50';


INSERT INTO answer_options (question_id, correct_answer, answer_text)
VALUES ('103024205', TRUE, '6 x 143 = 6 x 100 + 6 x ____ + 6 x 3') ;

INSERT INTO answer_options (question_id, correct_answer, answer_text)
VALUES ('103024205', FALSE, '40');

INSERT INTO answer_options (question_id, correct_answer, answer_text)
VALUES ('103024205', FALSE, '30');

INSERT INTO answer_options (question_id, correct_answer, answer_text)
VALUES ('103024205', FALSE, '20');

INSERT INTO questions (question_id, language_id, topic_id, c_grade_id, level, question_text, explanation, interesting_fact)
VALUES ('103024206', 1, 3024, 6, 6, '1', '', '40') ON CONFLICT (question_id) DO UPDATE SET language_id = 1 ,topic_id= 3024,c_grade_id =6,level=6,question_text='1',explanation='',interesting_fact='40';


INSERT INTO answer_options (question_id, correct_answer, answer_text)
VALUES ('103024206', TRUE, '6 x 126 = 6 x 100 + 6 x ____ + 6 x 6') ;

INSERT INTO answer_options (question_id, correct_answer, answer_text)
VALUES ('103024206', FALSE, '20');

INSERT INTO answer_options (question_id, correct_answer, answer_text)
VALUES ('103024206', FALSE, '30');

INSERT INTO answer_options (question_id, correct_answer, answer_text)
VALUES ('103024206', FALSE, '10');

INSERT INTO questions (question_id, language_id, topic_id, c_grade_id, level, question_text, explanation, interesting_fact)
VALUES ('103024207', 1, 3024, 7, 7, '1', '', '10') ON CONFLICT (question_id) DO UPDATE SET language_id = 1 ,topic_id= 3024,c_grade_id =7,level=7,question_text='1',explanation='',interesting_fact='10';


INSERT INTO answer_options (question_id, correct_answer, answer_text)
VALUES ('103024207', TRUE, '6 x 139 = 6 x 100 + 6 x ____ + 6 x 9') ;

INSERT INTO answer_options (question_id, correct_answer, answer_text)
VALUES ('103024207', FALSE, '30');

INSERT INTO answer_options (question_id, correct_answer, answer_text)
VALUES ('103024207', FALSE, '20');

INSERT INTO answer_options (question_id, correct_answer, answer_text)
VALUES ('103024207', FALSE, '40');

INSERT INTO questions (question_id, language_id, topic_id, c_grade_id, level, question_text, explanation, interesting_fact)
VALUES ('103024208', 1, 3024, 8, 8, '1', '', '300') ON CONFLICT (question_id) DO UPDATE SET language_id = 1 ,topic_id= 3024,c_grade_id =8,level=8,question_text='1',explanation='',interesting_fact='300';


INSERT INTO answer_options (question_id, correct_answer, answer_text)
VALUES ('103024208', TRUE, '6 x 134 = 6 x 100 + 6 x ____ + 6 x 4') ;

INSERT INTO answer_options (question_id, correct_answer, answer_text)
VALUES ('103024208', FALSE, '30');

INSERT INTO answer_options (question_id, correct_answer, answer_text)
VALUES ('103024208', FALSE, '40');

INSERT INTO answer_options (question_id, correct_answer, answer_text)
VALUES ('103024208', FALSE, '20');

INSERT INTO questions (question_id, language_id, topic_id, c_grade_id, level, question_text, explanation, interesting_fact)
VALUES ('103024209', 1, 3024, 9, 9, '1', '', '200') ON CONFLICT (question_id) DO UPDATE SET language_id = 1 ,topic_id= 3024,c_grade_id =9,level=9,question_text='1',explanation='',interesting_fact='200';


INSERT INTO answer_options (question_id, correct_answer, answer_text)
VALUES ('103024209', TRUE, '6 x 125 = 6 x 100 + 6 x ____ + 6 x 5') ;

INSERT INTO answer_options (question_id, correct_answer, answer_text)
VALUES ('103024209', FALSE, '20');

INSERT INTO answer_options (question_id, correct_answer, answer_text)
VALUES ('103024209', FALSE, '10');

INSERT INTO answer_options (question_id, correct_answer, answer_text)
VALUES ('103024209', FALSE, '30');

INSERT INTO questions (question_id, language_id, topic_id, c_grade_id, level, question_text, explanation, interesting_fact)
VALUES ('103024210', 1, 3024, 0, 0, '1', '', '100') ON CONFLICT (question_id) DO UPDATE SET language_id = 1 ,topic_id= 3024,c_grade_id =0,level=0,question_text='1',explanation='',interesting_fact='100';


INSERT INTO answer_options (question_id, correct_answer, answer_text)
VALUES ('103024210', TRUE, '3 x 381 = 3 x ____ + 3 x 80 + 3 x 1') ;

INSERT INTO answer_options (question_id, correct_answer, answer_text)
VALUES ('103024210', FALSE, '300');

INSERT INTO answer_options (question_id, correct_answer, answer_text)
VALUES ('103024210', FALSE, '200');

INSERT INTO answer_options (question_id, correct_answer, answer_text)
VALUES ('103024210', FALSE, '400');

INSERT INTO questions (question_id, language_id, topic_id, c_grade_id, level, question_text, explanation, interesting_fact)
VALUES ('103024211', 1, 3024, 1, 1, '1', '', '400') ON CONFLICT (question_id) DO UPDATE SET language_id = 1 ,topic_id= 3024,c_grade_id =1,level=1,question_text='1',explanation='',interesting_fact='400';


INSERT INTO answer_options (question_id, correct_answer, answer_text)
VALUES ('103024211', TRUE, '3 x 541 = 3 x ____ + 3 x 40 + 3 x 1') ;

INSERT INTO answer_options (question_id, correct_answer, answer_text)
VALUES ('103024211', FALSE, '500');

INSERT INTO answer_options (question_id, correct_answer, answer_text)
VALUES ('103024211', FALSE, '50');

INSERT INTO answer_options (question_id, correct_answer, answer_text)
VALUES ('103024211', FALSE, '100');

INSERT INTO questions (question_id, language_id, topic_id, c_grade_id, level, question_text, explanation, interesting_fact)
VALUES ('103024212', 1, 3024, 2, 2, '1', '', '400') ON CONFLICT (question_id) DO UPDATE SET language_id = 1 ,topic_id= 3024,c_grade_id =2,level=2,question_text='1',explanation='',interesting_fact='400';


INSERT INTO answer_options (question_id, correct_answer, answer_text)
VALUES ('103024212', TRUE, '3 x 321 = 3 x ____ + 3 x 20 + 3 x 1') ;

INSERT INTO answer_options (question_id, correct_answer, answer_text)
VALUES ('103024212', FALSE, '300');

INSERT INTO answer_options (question_id, correct_answer, answer_text)
VALUES ('103024212', FALSE, '30');

INSERT INTO answer_options (question_id, correct_answer, answer_text)
VALUES ('103024212', FALSE, '100');

INSERT INTO questions (question_id, language_id, topic_id, c_grade_id, level, question_text, explanation, interesting_fact)
VALUES ('103024213', 1, 3024, 3, 3, '1', '', '200') ON CONFLICT (question_id) DO UPDATE SET language_id = 1 ,topic_id= 3024,c_grade_id =3,level=3,question_text='1',explanation='',interesting_fact='200';


INSERT INTO answer_options (question_id, correct_answer, answer_text)
VALUES ('103024213', TRUE, '3 x 391 = 3 x ____ + 3 x 90 + 3 x 1') ;

INSERT INTO answer_options (question_id, correct_answer, answer_text)
VALUES ('103024213', FALSE, '300');

INSERT INTO answer_options (question_id, correct_answer, answer_text)
VALUES ('103024213', FALSE, '900');

INSERT INTO answer_options (question_id, correct_answer, answer_text)
VALUES ('103024213', FALSE, '100');

INSERT INTO questions (question_id, language_id, topic_id, c_grade_id, level, question_text, explanation, interesting_fact)
VALUES ('103024214', 1, 3024, 4, 4, '1', '', '100') ON CONFLICT (question_id) DO UPDATE SET language_id = 1 ,topic_id= 3024,c_grade_id =4,level=4,question_text='1',explanation='',interesting_fact='100';


INSERT INTO answer_options (question_id, correct_answer, answer_text)
VALUES ('103024214', TRUE, '3 x 761 = 3 x ____ + 3 x 60 + 3 x 1') ;

INSERT INTO answer_options (question_id, correct_answer, answer_text)
VALUES ('103024214', FALSE, '700');

INSERT INTO answer_options (question_id, correct_answer, answer_text)
VALUES ('103024214', FALSE, '600');

INSERT INTO answer_options (question_id, correct_answer, answer_text)
VALUES ('103024214', FALSE, '400');

INSERT INTO questions (question_id, language_id, topic_id, c_grade_id, level, question_text, explanation, interesting_fact)
VALUES ('103024216', 1, 3024, 6, 6, '1', '', '3450') ON CONFLICT (question_id) DO UPDATE SET language_id = 1 ,topic_id= 3024,c_grade_id =6,level=6,question_text='1',explanation='',interesting_fact='3450';


INSERT INTO answer_options (question_id, correct_answer, answer_text)
VALUES ('103024216', TRUE, 'ג`נה קוראת 4 ספרים, כל אחד בן 856 עמודים. כמה עמודים קראה ג`נה בסך הכל?') ;

INSERT INTO answer_options (question_id, correct_answer, answer_text)
VALUES ('103024216', FALSE, '3424');

INSERT INTO answer_options (question_id, correct_answer, answer_text)
VALUES ('103024216', FALSE, '3500');

INSERT INTO answer_options (question_id, correct_answer, answer_text)
VALUES ('103024216', FALSE, '3400');

INSERT INTO questions (question_id, language_id, topic_id, c_grade_id, level, question_text, explanation, interesting_fact)
VALUES ('103024217', 1, 3024, 7, 7, '1', '', '4560') ON CONFLICT (question_id) DO UPDATE SET language_id = 1 ,topic_id= 3024,c_grade_id =7,level=7,question_text='1',explanation='',interesting_fact='4560';


INSERT INTO answer_options (question_id, correct_answer, answer_text)
VALUES ('103024217', TRUE, 'כמה זה 7X654?') ;

INSERT INTO answer_options (question_id, correct_answer, answer_text)
VALUES ('103024217', FALSE, '4578');

INSERT INTO answer_options (question_id, correct_answer, answer_text)
VALUES ('103024217', FALSE, '4600');

INSERT INTO answer_options (question_id, correct_answer, answer_text)
VALUES ('103024217', FALSE, '4500');

INSERT INTO questions (question_id, language_id, topic_id, c_grade_id, level, question_text, explanation, interesting_fact)
VALUES ('103024218', 1, 3024, 8, 8, '1', '', '6350') ON CONFLICT (question_id) DO UPDATE SET language_id = 1 ,topic_id= 3024,c_grade_id =8,level=8,question_text='1',explanation='',interesting_fact='6350';


INSERT INTO answer_options (question_id, correct_answer, answer_text)
VALUES ('103024218', TRUE, 'במטע, 8 עצים מייצרים 789 תפוחים כל אחד. כמה תפוחים יש בסך הכל?') ;

INSERT INTO answer_options (question_id, correct_answer, answer_text)
VALUES ('103024218', FALSE, '6312');

INSERT INTO answer_options (question_id, correct_answer, answer_text)
VALUES ('103024218', FALSE, '6300');

INSERT INTO answer_options (question_id, correct_answer, answer_text)
VALUES ('103024218', FALSE, '6400');

INSERT INTO questions (question_id, language_id, topic_id, c_grade_id, level, question_text, explanation, interesting_fact)
VALUES ('103024219', 1, 3024, 9, 9, '1', '', '5400') ON CONFLICT (question_id) DO UPDATE SET language_id = 1 ,topic_id= 3024,c_grade_id =9,level=9,question_text='1',explanation='',interesting_fact='5400';


INSERT INTO answer_options (question_id, correct_answer, answer_text)
VALUES ('103024219', TRUE, 'כמה זה 5X900?') ;

INSERT INTO answer_options (question_id, correct_answer, answer_text)
VALUES ('103024219', FALSE, '4500');

INSERT INTO answer_options (question_id, correct_answer, answer_text)
VALUES ('103024219', FALSE, '4550');

INSERT INTO answer_options (question_id, correct_answer, answer_text)
VALUES ('103024219', FALSE, '4600');

INSERT INTO questions (question_id, language_id, topic_id, c_grade_id, level, question_text, explanation, interesting_fact)
VALUES ('103024220', 1, 3024, 0, 0, '1', '', '6850') ON CONFLICT (question_id) DO UPDATE SET language_id = 1 ,topic_id= 3024,c_grade_id =0,level=0,question_text='1',explanation='',interesting_fact='6850';


INSERT INTO answer_options (question_id, correct_answer, answer_text)
VALUES ('103024220', TRUE, 'במפעל, 9 מכונות מייצרות 700 גאדג`טים כל אחת ביום. כמה גאדג`טים מיוצרים בסך הכל?') ;

INSERT INTO answer_options (question_id, correct_answer, answer_text)
VALUES ('103024220', FALSE, '6300');

INSERT INTO answer_options (question_id, correct_answer, answer_text)
VALUES ('103024220', FALSE, '6800');

INSERT INTO answer_options (question_id, correct_answer, answer_text)
VALUES ('103024220', FALSE, '6900');

INSERT INTO questions (question_id, language_id, topic_id, c_grade_id, level, question_text, explanation, interesting_fact)
VALUES ('103024301', 1, 3024, 1, 1, '1', '', '3700') ON CONFLICT (question_id) DO UPDATE SET language_id = 1 ,topic_id= 3024,c_grade_id =1,level=1,question_text='1',explanation='',interesting_fact='3700';


INSERT INTO answer_options (question_id, correct_answer, answer_text)
VALUES ('103024301', TRUE, 'כמה זה 4X865?') ;

INSERT INTO answer_options (question_id, correct_answer, answer_text)
VALUES ('103024301', FALSE, '3460');

INSERT INTO answer_options (question_id, correct_answer, answer_text)
VALUES ('103024301', FALSE, '3400');

INSERT INTO answer_options (question_id, correct_answer, answer_text)
VALUES ('103024301', FALSE, '3500');

INSERT INTO questions (question_id, language_id, topic_id, c_grade_id, level, question_text, explanation, interesting_fact)
VALUES ('103024302', 1, 3024, 2, 2, '1', '', '240') ON CONFLICT (question_id) DO UPDATE SET language_id = 1 ,topic_id= 3024,c_grade_id =2,level=2,question_text='1',explanation='',interesting_fact='240';


INSERT INTO answer_options (question_id, correct_answer, answer_text)
VALUES ('103024302', TRUE, '5 x ____ = 5 x 200 + 5 x 40 + 5 x 5') ;

INSERT INTO answer_options (question_id, correct_answer, answer_text)
VALUES ('103024302', FALSE, '245');

INSERT INTO answer_options (question_id, correct_answer, answer_text)
VALUES ('103024302', FALSE, '144');

INSERT INTO answer_options (question_id, correct_answer, answer_text)
VALUES ('103024302', FALSE, '146');

INSERT INTO questions (question_id, language_id, topic_id, c_grade_id, level, question_text, explanation, interesting_fact)
VALUES ('103024303', 1, 3024, 3, 3, '1', '', '480') ON CONFLICT (question_id) DO UPDATE SET language_id = 1 ,topic_id= 3024,c_grade_id =3,level=3,question_text='1',explanation='',interesting_fact='480';


INSERT INTO answer_options (question_id, correct_answer, answer_text)
VALUES ('103024303', TRUE, '5 x ____ = 5 x 400 + 5 x 80 + 5 x 2') ;

INSERT INTO answer_options (question_id, correct_answer, answer_text)
VALUES ('103024303', FALSE, '482');

INSERT INTO answer_options (question_id, correct_answer, answer_text)
VALUES ('103024303', FALSE, '180');

INSERT INTO answer_options (question_id, correct_answer, answer_text)
VALUES ('103024303', FALSE, '183');

INSERT INTO questions (question_id, language_id, topic_id, c_grade_id, level, question_text, explanation, interesting_fact)
VALUES ('103024304', 1, 3024, 4, 4, '1', '', '160') ON CONFLICT (question_id) DO UPDATE SET language_id = 1 ,topic_id= 3024,c_grade_id =4,level=4,question_text='1',explanation='',interesting_fact='160';


INSERT INTO answer_options (question_id, correct_answer, answer_text)
VALUES ('103024304', TRUE, '5 x ____ = 5 x 600 + 5 x 10 + 5 x 6') ;

INSERT INTO answer_options (question_id, correct_answer, answer_text)
VALUES ('103024304', FALSE, '616');

INSERT INTO answer_options (question_id, correct_answer, answer_text)
VALUES ('103024304', FALSE, '610');

INSERT INTO answer_options (question_id, correct_answer, answer_text)
VALUES ('103024304', FALSE, '16');

INSERT INTO questions (question_id, language_id, topic_id, c_grade_id, level, question_text, explanation, interesting_fact)
VALUES ('103024305', 1, 3024, 5, 5, '1', '', '844') ON CONFLICT (question_id) DO UPDATE SET language_id = 1 ,topic_id= 3024,c_grade_id =5,level=5,question_text='1',explanation='',interesting_fact='844';


INSERT INTO answer_options (question_id, correct_answer, answer_text)
VALUES ('103024305', TRUE, '5 x ____ = 5 x 800 + 5 x 90 + 5 x 4') ;

INSERT INTO answer_options (question_id, correct_answer, answer_text)
VALUES ('103024305', FALSE, '894');

INSERT INTO answer_options (question_id, correct_answer, answer_text)
VALUES ('103024305', FALSE, '90');

INSERT INTO answer_options (question_id, correct_answer, answer_text)
VALUES ('103024305', FALSE, '40');

INSERT INTO questions (question_id, language_id, topic_id, c_grade_id, level, question_text, explanation, interesting_fact)
VALUES ('103024306', 1, 3024, 6, 6, '1', '', '35') ON CONFLICT (question_id) DO UPDATE SET language_id = 1 ,topic_id= 3024,c_grade_id =6,level=6,question_text='1',explanation='',interesting_fact='35';


INSERT INTO answer_options (question_id, correct_answer, answer_text)
VALUES ('103024306', TRUE, '6 x 133 = 6 x 100 + 6 x ____ + 6 x 3') ;

INSERT INTO answer_options (question_id, correct_answer, answer_text)
VALUES ('103024306', FALSE, '30');

INSERT INTO answer_options (question_id, correct_answer, answer_text)
VALUES ('103024306', FALSE, '20');

INSERT INTO answer_options (question_id, correct_answer, answer_text)
VALUES ('103024306', FALSE, '40');

INSERT INTO questions (question_id, language_id, topic_id, c_grade_id, level, question_text, explanation, interesting_fact)
VALUES ('103024307', 1, 3024, 7, 7, '1', '', '45') ON CONFLICT (question_id) DO UPDATE SET language_id = 1 ,topic_id= 3024,c_grade_id =7,level=7,question_text='1',explanation='',interesting_fact='45';


INSERT INTO answer_options (question_id, correct_answer, answer_text)
VALUES ('103024307', TRUE, '6 x 543 = 6 x 100 + 6 x ____ + 6 x 3') ;

INSERT INTO answer_options (question_id, correct_answer, answer_text)
VALUES ('103024307', FALSE, '40');

INSERT INTO answer_options (question_id, correct_answer, answer_text)
VALUES ('103024307', FALSE, '50');

INSERT INTO answer_options (question_id, correct_answer, answer_text)
VALUES ('103024307', FALSE, '30');

INSERT INTO questions (question_id, language_id, topic_id, c_grade_id, level, question_text, explanation, interesting_fact)
VALUES ('103024308', 1, 3024, 8, 8, '1', '', '55') ON CONFLICT (question_id) DO UPDATE SET language_id = 1 ,topic_id= 3024,c_grade_id =8,level=8,question_text='1',explanation='',interesting_fact='55';


INSERT INTO answer_options (question_id, correct_answer, answer_text)
VALUES ('103024308', TRUE, 'x 753 = 6 x 100 + 6 x ____ + 6 x 3') ;

INSERT INTO answer_options (question_id, correct_answer, answer_text)
VALUES ('103024308', FALSE, '50');

INSERT INTO answer_options (question_id, correct_answer, answer_text)
VALUES ('103024308', FALSE, '60');

INSERT INTO answer_options (question_id, correct_answer, answer_text)
VALUES ('103024308', FALSE, '40');

INSERT INTO questions (question_id, language_id, topic_id, c_grade_id, level, question_text, explanation, interesting_fact)
VALUES ('103024309', 1, 3024, 9, 9, '1', '', '65') ON CONFLICT (question_id) DO UPDATE SET language_id = 1 ,topic_id= 3024,c_grade_id =9,level=9,question_text='1',explanation='',interesting_fact='65';


INSERT INTO answer_options (question_id, correct_answer, answer_text)
VALUES ('103024309', TRUE, '6 x 963 = 6 x 100 + 6 x ____ + 6 x 3') ;

INSERT INTO answer_options (question_id, correct_answer, answer_text)
VALUES ('103024309', FALSE, '60');

INSERT INTO answer_options (question_id, correct_answer, answer_text)
VALUES ('103024309', FALSE, '70');

INSERT INTO answer_options (question_id, correct_answer, answer_text)
VALUES ('103024309', FALSE, '50');

INSERT INTO questions (question_id, language_id, topic_id, c_grade_id, level, question_text, explanation, interesting_fact)
VALUES ('103024310', 1, 3024, 0, 0, '1', '', '75') ON CONFLICT (question_id) DO UPDATE SET language_id = 1 ,topic_id= 3024,c_grade_id =0,level=0,question_text='1',explanation='',interesting_fact='75';


INSERT INTO answer_options (question_id, correct_answer, answer_text)
VALUES ('103024310', TRUE, '6 x 173 = 6 x 100 + 6 x ____ + 6 x 3') ;

INSERT INTO answer_options (question_id, correct_answer, answer_text)
VALUES ('103024310', FALSE, '70');

INSERT INTO answer_options (question_id, correct_answer, answer_text)
VALUES ('103024310', FALSE, '80');

INSERT INTO answer_options (question_id, correct_answer, answer_text)
VALUES ('103024310', FALSE, '60');

INSERT INTO questions (question_id, language_id, topic_id, c_grade_id, level, question_text, explanation, interesting_fact)
VALUES ('103024311', 1, 3024, 1, 1, '1', '', '350') ON CONFLICT (question_id) DO UPDATE SET language_id = 1 ,topic_id= 3024,c_grade_id =1,level=1,question_text='1',explanation='',interesting_fact='350';


INSERT INTO answer_options (question_id, correct_answer, answer_text)
VALUES ('103024311', TRUE, '3 x 531 = 3 x ____ + 3 x 30 + 3 x 1') ;

INSERT INTO answer_options (question_id, correct_answer, answer_text)
VALUES ('103024311', FALSE, '500');

INSERT INTO answer_options (question_id, correct_answer, answer_text)
VALUES ('103024311', FALSE, '300');

INSERT INTO answer_options (question_id, correct_answer, answer_text)
VALUES ('103024311', FALSE, '400');

INSERT INTO questions (question_id, language_id, topic_id, c_grade_id, level, question_text, explanation, interesting_fact)
VALUES ('103024312', 1, 3024, 2, 2, '1', '', '640') ON CONFLICT (question_id) DO UPDATE SET language_id = 1 ,topic_id= 3024,c_grade_id =2,level=2,question_text='1',explanation='',interesting_fact='640';


INSERT INTO answer_options (question_id, correct_answer, answer_text)
VALUES ('103024312', TRUE, '3 x 641 = 3 x ____ + 3 x 40 + 3 x 1') ;

INSERT INTO answer_options (question_id, correct_answer, answer_text)
VALUES ('103024312', FALSE, '600');

INSERT INTO answer_options (question_id, correct_answer, answer_text)
VALUES ('103024312', FALSE, '200');

INSERT INTO answer_options (question_id, correct_answer, answer_text)
VALUES ('103024312', FALSE, '60');

INSERT INTO questions (question_id, language_id, topic_id, c_grade_id, level, question_text, explanation, interesting_fact)
VALUES ('103024313', 1, 3024, 3, 3, '1', '', '750') ON CONFLICT (question_id) DO UPDATE SET language_id = 1 ,topic_id= 3024,c_grade_id =3,level=3,question_text='1',explanation='',interesting_fact='750';


INSERT INTO answer_options (question_id, correct_answer, answer_text)
VALUES ('103024313', TRUE, '3 x 751 = 3 x ____ + 3 x 50 + 3 x 1') ;

INSERT INTO answer_options (question_id, correct_answer, answer_text)
VALUES ('103024313', FALSE, '700');

INSERT INTO answer_options (question_id, correct_answer, answer_text)
VALUES ('103024313', FALSE, '500');

INSERT INTO answer_options (question_id, correct_answer, answer_text)
VALUES ('103024313', FALSE, '50');

INSERT INTO questions (question_id, language_id, topic_id, c_grade_id, level, question_text, explanation, interesting_fact)
VALUES ('103024314', 1, 3024, 4, 4, '1', '', '860') ON CONFLICT (question_id) DO UPDATE SET language_id = 1 ,topic_id= 3024,c_grade_id =4,level=4,question_text='1',explanation='',interesting_fact='860';


INSERT INTO answer_options (question_id, correct_answer, answer_text)
VALUES ('103024314', TRUE, '3 x 861 = 3 x ____ + 3 x 60 + 3 x 1') ;

INSERT INTO answer_options (question_id, correct_answer, answer_text)
VALUES ('103024314', FALSE, '800');

INSERT INTO answer_options (question_id, correct_answer, answer_text)
VALUES ('103024314', FALSE, '200');

INSERT INTO answer_options (question_id, correct_answer, answer_text)
VALUES ('103024314', FALSE, '400');

INSERT INTO questions (question_id, language_id, topic_id, c_grade_id, level, question_text, explanation, interesting_fact)
VALUES ('103024315', 1, 3024, 5, 5, '1', '', '371') ON CONFLICT (question_id) DO UPDATE SET language_id = 1 ,topic_id= 3024,c_grade_id =5,level=5,question_text='1',explanation='',interesting_fact='371';


INSERT INTO answer_options (question_id, correct_answer, answer_text)
VALUES ('103024315', TRUE, '3 x 371 = 3 x ____ + 3 x 70 + 3 x 1') ;

INSERT INTO answer_options (question_id, correct_answer, answer_text)
VALUES ('103024315', FALSE, '300');

INSERT INTO answer_options (question_id, correct_answer, answer_text)
VALUES ('103024315', FALSE, '400');

INSERT INTO answer_options (question_id, correct_answer, answer_text)
VALUES ('103024315', FALSE, '200');

INSERT INTO questions (question_id, language_id, topic_id, c_grade_id, level, question_text, explanation, interesting_fact)
VALUES ('103024317', 1, 3024, 7, 7, '1', '', '700') ON CONFLICT (question_id) DO UPDATE SET language_id = 1 ,topic_id= 3024,c_grade_id =7,level=7,question_text='1',explanation='',interesting_fact='700';


INSERT INTO answer_options (question_id, correct_answer, answer_text)
VALUES ('103024317', TRUE, '7 x 563 = ____ x 500 + ____ x 60 + ____ x 3') ;

INSERT INTO answer_options (question_id, correct_answer, answer_text)
VALUES ('103024317', FALSE, '7');

INSERT INTO answer_options (question_id, correct_answer, answer_text)
VALUES ('103024317', FALSE, '6');

INSERT INTO answer_options (question_id, correct_answer, answer_text)
VALUES ('103024317', FALSE, '3');

INSERT INTO questions (question_id, language_id, topic_id, c_grade_id, level, question_text, explanation, interesting_fact)
VALUES ('103024318', 1, 3024, 8, 8, '1', '', '600') ON CONFLICT (question_id) DO UPDATE SET language_id = 1 ,topic_id= 3024,c_grade_id =8,level=8,question_text='1',explanation='',interesting_fact='600';


INSERT INTO answer_options (question_id, correct_answer, answer_text)
VALUES ('103024318', TRUE, '6 x 873 = ____ x 800 + ____ x 70 + ____ x 3') ;

INSERT INTO answer_options (question_id, correct_answer, answer_text)
VALUES ('103024318', FALSE, '6');

INSERT INTO answer_options (question_id, correct_answer, answer_text)
VALUES ('103024318', FALSE, '7');

INSERT INTO answer_options (question_id, correct_answer, answer_text)
VALUES ('103024318', FALSE, '80');

INSERT INTO questions (question_id, language_id, topic_id, c_grade_id, level, question_text, explanation, interesting_fact)
VALUES ('103024319', 1, 3024, 9, 9, '1', '', '80') ON CONFLICT (question_id) DO UPDATE SET language_id = 1 ,topic_id= 3024,c_grade_id =9,level=9,question_text='1',explanation='',interesting_fact='80';


INSERT INTO answer_options (question_id, correct_answer, answer_text)
VALUES ('103024319', TRUE, '5 x 983 = ____ x 900 + ____ x 80 + ____ x 3') ;

INSERT INTO answer_options (question_id, correct_answer, answer_text)
VALUES ('103024319', FALSE, '5');

INSERT INTO answer_options (question_id, correct_answer, answer_text)
VALUES ('103024319', FALSE, '98');

INSERT INTO answer_options (question_id, correct_answer, answer_text)
VALUES ('103024319', FALSE, '3');

INSERT INTO questions (question_id, language_id, topic_id, c_grade_id, level, question_text, explanation, interesting_fact)
VALUES ('103024320', 1, 3024, 0, 0, '1', '', '200') ON CONFLICT (question_id) DO UPDATE SET language_id = 1 ,topic_id= 3024,c_grade_id =0,level=0,question_text='1',explanation='',interesting_fact='200';


INSERT INTO answer_options (question_id, correct_answer, answer_text)
VALUES ('103024320', TRUE, '4 x 293 = ____ x 200 + ____ x 90 + ____ x 3') ;

INSERT INTO answer_options (question_id, correct_answer, answer_text)
VALUES ('103024320', FALSE, '4');

INSERT INTO answer_options (question_id, correct_answer, answer_text)
VALUES ('103024320', FALSE, '9');

INSERT INTO answer_options (question_id, correct_answer, answer_text)
VALUES ('103024320', FALSE, '2');

INSERT INTO questions (question_id, language_id, topic_id, c_grade_id, level, question_text, explanation, interesting_fact)
VALUES ('103025101', 1, 3025, 1, 1, '1', '', '450') ON CONFLICT (question_id) DO UPDATE SET language_id = 1 ,topic_id= 3025,c_grade_id =1,level=1,question_text='1',explanation='',interesting_fact='450';


INSERT INTO answer_options (question_id, correct_answer, answer_text)
VALUES ('103025101', TRUE, '47 x 10 = ?') ;

INSERT INTO answer_options (question_id, correct_answer, answer_text)
VALUES ('103025101', FALSE, '470');

INSERT INTO answer_options (question_id, correct_answer, answer_text)
VALUES ('103025101', FALSE, '460');

INSERT INTO answer_options (question_id, correct_answer, answer_text)
VALUES ('103025101', FALSE, '480');

INSERT INTO questions (question_id, language_id, topic_id, c_grade_id, level, question_text, explanation, interesting_fact)
VALUES ('103025102', 1, 3025, 2, 2, '1', '', '600') ON CONFLICT (question_id) DO UPDATE SET language_id = 1 ,topic_id= 3025,c_grade_id =2,level=2,question_text='1',explanation='',interesting_fact='600';


INSERT INTO answer_options (question_id, correct_answer, answer_text)
VALUES ('103025102', TRUE, 'כמה זה 20 כפול 20?') ;

INSERT INTO answer_options (question_id, correct_answer, answer_text)
VALUES ('103025102', FALSE, '400');

INSERT INTO answer_options (question_id, correct_answer, answer_text)
VALUES ('103025102', FALSE, '200');

INSERT INTO answer_options (question_id, correct_answer, answer_text)
VALUES ('103025102', FALSE, '800');

INSERT INTO questions (question_id, language_id, topic_id, c_grade_id, level, question_text, explanation, interesting_fact)
VALUES ('103025103', 1, 3025, 3, 3, '1', '', '500') ON CONFLICT (question_id) DO UPDATE SET language_id = 1 ,topic_id= 3025,c_grade_id =3,level=3,question_text='1',explanation='',interesting_fact='500';


INSERT INTO answer_options (question_id, correct_answer, answer_text)
VALUES ('103025103', TRUE, 'כמה זה 30 כפול 20?') ;

INSERT INTO answer_options (question_id, correct_answer, answer_text)
VALUES ('103025103', FALSE, '600');

INSERT INTO answer_options (question_id, correct_answer, answer_text)
VALUES ('103025103', FALSE, '400');

INSERT INTO answer_options (question_id, correct_answer, answer_text)
VALUES ('103025103', FALSE, '800');

INSERT INTO questions (question_id, language_id, topic_id, c_grade_id, level, question_text, explanation, interesting_fact)
VALUES ('103025104', 1, 3025, 4, 4, 'nan', '', '1800') ON CONFLICT (question_id) DO UPDATE SET language_id = 1 ,topic_id= 3025,c_grade_id =4,level=4,question_text='nan',explanation='',interesting_fact='1800';


INSERT INTO answer_options (question_id, correct_answer, answer_text)
VALUES ('103025104', TRUE, 'כמה זה 40 כפול 50?') ;

INSERT INTO answer_options (question_id, correct_answer, answer_text)
VALUES ('103025104', FALSE, '2000');

INSERT INTO answer_options (question_id, correct_answer, answer_text)
VALUES ('103025104', FALSE, '1000');

INSERT INTO answer_options (question_id, correct_answer, answer_text)
VALUES ('103025104', FALSE, '2200');

INSERT INTO questions (question_id, language_id, topic_id, c_grade_id, level, question_text, explanation, interesting_fact)
VALUES ('103025105', 1, 3025, 5, 5, '1', '', '1400') ON CONFLICT (question_id) DO UPDATE SET language_id = 1 ,topic_id= 3025,c_grade_id =5,level=5,question_text='1',explanation='',interesting_fact='1400';


INSERT INTO answer_options (question_id, correct_answer, answer_text)
VALUES ('103025105', TRUE, 'כמה זה 50 כפול 30?') ;

INSERT INTO answer_options (question_id, correct_answer, answer_text)
VALUES ('103025105', FALSE, '1500');

INSERT INTO answer_options (question_id, correct_answer, answer_text)
VALUES ('103025105', FALSE, '1300');

INSERT INTO answer_options (question_id, correct_answer, answer_text)
VALUES ('103025105', FALSE, '1700');

INSERT INTO questions (question_id, language_id, topic_id, c_grade_id, level, question_text, explanation, interesting_fact)
VALUES ('103025106', 1, 3025, 6, 6, '1', '', '2800') ON CONFLICT (question_id) DO UPDATE SET language_id = 1 ,topic_id= 3025,c_grade_id =6,level=6,question_text='1',explanation='',interesting_fact='2800';


INSERT INTO answer_options (question_id, correct_answer, answer_text)
VALUES ('103025106', TRUE, 'כמה זה 60 כפול 40?') ;

INSERT INTO answer_options (question_id, correct_answer, answer_text)
VALUES ('103025106', FALSE, '2400');

INSERT INTO answer_options (question_id, correct_answer, answer_text)
VALUES ('103025106', FALSE, '2200');

INSERT INTO answer_options (question_id, correct_answer, answer_text)
VALUES ('103025106', FALSE, '2600');

INSERT INTO questions (question_id, language_id, topic_id, c_grade_id, level, question_text, explanation, interesting_fact)
VALUES ('103025107', 1, 3025, 7, 7, '1', '', '900') ON CONFLICT (question_id) DO UPDATE SET language_id = 1 ,topic_id= 3025,c_grade_id =7,level=7,question_text='1',explanation='',interesting_fact='900';


INSERT INTO answer_options (question_id, correct_answer, answer_text)
VALUES ('103025107', TRUE, 'כמה זה 70 כפול 10?') ;

INSERT INTO answer_options (question_id, correct_answer, answer_text)
VALUES ('103025107', FALSE, '700');

INSERT INTO answer_options (question_id, correct_answer, answer_text)
VALUES ('103025107', FALSE, '600');

INSERT INTO answer_options (question_id, correct_answer, answer_text)
VALUES ('103025107', FALSE, '800');

INSERT INTO questions (question_id, language_id, topic_id, c_grade_id, level, question_text, explanation, interesting_fact)
VALUES ('103025108', 1, 3025, 8, 8, '1', '', '1900') ON CONFLICT (question_id) DO UPDATE SET language_id = 1 ,topic_id= 3025,c_grade_id =8,level=8,question_text='1',explanation='',interesting_fact='1900';


INSERT INTO answer_options (question_id, correct_answer, answer_text)
VALUES ('103025108', TRUE, 'כמה זה 30 כפול 70?') ;

INSERT INTO answer_options (question_id, correct_answer, answer_text)
VALUES ('103025108', FALSE, '2100');

INSERT INTO answer_options (question_id, correct_answer, answer_text)
VALUES ('103025108', FALSE, '2000');

INSERT INTO answer_options (question_id, correct_answer, answer_text)
VALUES ('103025108', FALSE, '2300');

INSERT INTO questions (question_id, language_id, topic_id, c_grade_id, level, question_text, explanation, interesting_fact)
VALUES ('103025109', 1, 3025, 9, 9, '1', '', '15') ON CONFLICT (question_id) DO UPDATE SET language_id = 1 ,topic_id= 3025,c_grade_id =9,level=9,question_text='1',explanation='',interesting_fact='15';


INSERT INTO answer_options (question_id, correct_answer, answer_text)
VALUES ('103025109', TRUE, '20 x ____ = 2 x 10 x 16') ;

INSERT INTO answer_options (question_id, correct_answer, answer_text)
VALUES ('103025109', FALSE, '16');

INSERT INTO answer_options (question_id, correct_answer, answer_text)
VALUES ('103025109', FALSE, '14');

INSERT INTO answer_options (question_id, correct_answer, answer_text)
VALUES ('103025109', FALSE, '18');

INSERT INTO questions (question_id, language_id, topic_id, c_grade_id, level, question_text, explanation, interesting_fact)
VALUES ('103025110', 1, 3025, 0, 0, '1', '', '10') ON CONFLICT (question_id) DO UPDATE SET language_id = 1 ,topic_id= 3025,c_grade_id =0,level=0,question_text='1',explanation='',interesting_fact='10';


INSERT INTO answer_options (question_id, correct_answer, answer_text)
VALUES ('103025110', TRUE, '30 x ____ = 3 x 10 x 12') ;

INSERT INTO answer_options (question_id, correct_answer, answer_text)
VALUES ('103025110', FALSE, '12');

INSERT INTO answer_options (question_id, correct_answer, answer_text)
VALUES ('103025110', FALSE, '13');

INSERT INTO answer_options (question_id, correct_answer, answer_text)
VALUES ('103025110', FALSE, '11');

INSERT INTO questions (question_id, language_id, topic_id, c_grade_id, level, question_text, explanation, interesting_fact)
VALUES ('103025111', 1, 3025, 1, 1, '1', '', '11') ON CONFLICT (question_id) DO UPDATE SET language_id = 1 ,topic_id= 3025,c_grade_id =1,level=1,question_text='1',explanation='',interesting_fact='11';


INSERT INTO answer_options (question_id, correct_answer, answer_text)
VALUES ('103025111', TRUE, '40 x ____ = 4 x 10 x 13') ;

INSERT INTO answer_options (question_id, correct_answer, answer_text)
VALUES ('103025111', FALSE, '13');

INSERT INTO answer_options (question_id, correct_answer, answer_text)
VALUES ('103025111', FALSE, '14');

INSERT INTO answer_options (question_id, correct_answer, answer_text)
VALUES ('103025111', FALSE, '12');

INSERT INTO questions (question_id, language_id, topic_id, c_grade_id, level, question_text, explanation, interesting_fact)
VALUES ('103025112', 1, 3025, 2, 2, '1', '', '12') ON CONFLICT (question_id) DO UPDATE SET language_id = 1 ,topic_id= 3025,c_grade_id =2,level=2,question_text='1',explanation='',interesting_fact='12';


INSERT INTO answer_options (question_id, correct_answer, answer_text)
VALUES ('103025112', TRUE, '50 x ____ = 5 x 10 x 14') ;

INSERT INTO answer_options (question_id, correct_answer, answer_text)
VALUES ('103025112', FALSE, '14');

INSERT INTO answer_options (question_id, correct_answer, answer_text)
VALUES ('103025112', FALSE, '15');

INSERT INTO answer_options (question_id, correct_answer, answer_text)
VALUES ('103025112', FALSE, '13');

INSERT INTO questions (question_id, language_id, topic_id, c_grade_id, level, question_text, explanation, interesting_fact)
VALUES ('103025113', 1, 3025, 3, 3, '1', '', '230') ON CONFLICT (question_id) DO UPDATE SET language_id = 1 ,topic_id= 3025,c_grade_id =3,level=3,question_text='1',explanation='',interesting_fact='230';


INSERT INTO answer_options (question_id, correct_answer, answer_text)
VALUES ('103025113', TRUE, 'כמה זה 20X12?') ;

INSERT INTO answer_options (question_id, correct_answer, answer_text)
VALUES ('103025113', FALSE, '240');

INSERT INTO answer_options (question_id, correct_answer, answer_text)
VALUES ('103025113', FALSE, '220');

INSERT INTO answer_options (question_id, correct_answer, answer_text)
VALUES ('103025113', FALSE, '260');

INSERT INTO questions (question_id, language_id, topic_id, c_grade_id, level, question_text, explanation, interesting_fact)
VALUES ('103025114', 1, 3025, 4, 4, '1', '', '420') ON CONFLICT (question_id) DO UPDATE SET language_id = 1 ,topic_id= 3025,c_grade_id =4,level=4,question_text='1',explanation='',interesting_fact='420';


INSERT INTO answer_options (question_id, correct_answer, answer_text)
VALUES ('103025114', TRUE, 'כמה זה 30X15?') ;

INSERT INTO answer_options (question_id, correct_answer, answer_text)
VALUES ('103025114', FALSE, '450');

INSERT INTO answer_options (question_id, correct_answer, answer_text)
VALUES ('103025114', FALSE, '430');

INSERT INTO answer_options (question_id, correct_answer, answer_text)
VALUES ('103025114', FALSE, '460');

INSERT INTO questions (question_id, language_id, topic_id, c_grade_id, level, question_text, explanation, interesting_fact)
VALUES ('103025115', 1, 3025, 5, 5, '1', '', '500') ON CONFLICT (question_id) DO UPDATE SET language_id = 1 ,topic_id= 3025,c_grade_id =5,level=5,question_text='1',explanation='',interesting_fact='500';


INSERT INTO answer_options (question_id, correct_answer, answer_text)
VALUES ('103025115', TRUE, 'כמה זה 40X13?') ;

INSERT INTO answer_options (question_id, correct_answer, answer_text)
VALUES ('103025115', FALSE, '520');

INSERT INTO answer_options (question_id, correct_answer, answer_text)
VALUES ('103025115', FALSE, '510');

INSERT INTO answer_options (question_id, correct_answer, answer_text)
VALUES ('103025115', FALSE, '530');

INSERT INTO questions (question_id, language_id, topic_id, c_grade_id, level, question_text, explanation, interesting_fact)
VALUES ('103025116', 1, 3025, 6, 6, '1', '', '510') ON CONFLICT (question_id) DO UPDATE SET language_id = 1 ,topic_id= 3025,c_grade_id =6,level=6,question_text='1',explanation='',interesting_fact='510';


INSERT INTO answer_options (question_id, correct_answer, answer_text)
VALUES ('103025116', TRUE, 'כמה זה 50X11?') ;

INSERT INTO answer_options (question_id, correct_answer, answer_text)
VALUES ('103025116', FALSE, '550');

INSERT INTO answer_options (question_id, correct_answer, answer_text)
VALUES ('103025116', FALSE, '530');

INSERT INTO answer_options (question_id, correct_answer, answer_text)
VALUES ('103025116', FALSE, '560');

INSERT INTO questions (question_id, language_id, topic_id, c_grade_id, level, question_text, explanation, interesting_fact)
VALUES ('103025118', 1, 3025, 8, 8, '1', '', '820') ON CONFLICT (question_id) DO UPDATE SET language_id = 1 ,topic_id= 3025,c_grade_id =8,level=8,question_text='1',explanation='',interesting_fact='820';


INSERT INTO answer_options (question_id, correct_answer, answer_text)
VALUES ('103025118', TRUE, 'כמה זה 70X12?') ;

INSERT INTO answer_options (question_id, correct_answer, answer_text)
VALUES ('103025118', FALSE, '840');

INSERT INTO answer_options (question_id, correct_answer, answer_text)
VALUES ('103025118', FALSE, '810');

INSERT INTO answer_options (question_id, correct_answer, answer_text)
VALUES ('103025118', FALSE, '860');

INSERT INTO questions (question_id, language_id, topic_id, c_grade_id, level, question_text, explanation, interesting_fact)
VALUES ('103025119', 1, 3025, 9, 9, '1', '', '1000') ON CONFLICT (question_id) DO UPDATE SET language_id = 1 ,topic_id= 3025,c_grade_id =9,level=9,question_text='1',explanation='',interesting_fact='1000';


INSERT INTO answer_options (question_id, correct_answer, answer_text)
VALUES ('103025119', TRUE, 'כמה זה 80X13?') ;

INSERT INTO answer_options (question_id, correct_answer, answer_text)
VALUES ('103025119', FALSE, '1040');

INSERT INTO answer_options (question_id, correct_answer, answer_text)
VALUES ('103025119', FALSE, '1020');

INSERT INTO answer_options (question_id, correct_answer, answer_text)
VALUES ('103025119', FALSE, '1060');

INSERT INTO questions (question_id, language_id, topic_id, c_grade_id, level, question_text, explanation, interesting_fact)
VALUES ('103025120', 1, 3025, 0, 0, '1', '', '1320') ON CONFLICT (question_id) DO UPDATE SET language_id = 1 ,topic_id= 3025,c_grade_id =0,level=0,question_text='1',explanation='',interesting_fact='1320';


INSERT INTO answer_options (question_id, correct_answer, answer_text)
VALUES ('103025120', TRUE, 'כמה זה 90X15?') ;

INSERT INTO answer_options (question_id, correct_answer, answer_text)
VALUES ('103025120', FALSE, '1350');

INSERT INTO answer_options (question_id, correct_answer, answer_text)
VALUES ('103025120', FALSE, '1300');

INSERT INTO answer_options (question_id, correct_answer, answer_text)
VALUES ('103025120', FALSE, '1380');

INSERT INTO questions (question_id, language_id, topic_id, c_grade_id, level, question_text, explanation, interesting_fact)
VALUES ('103025201', 1, 3025, 1, 1, '1', '', '300') ON CONFLICT (question_id) DO UPDATE SET language_id = 1 ,topic_id= 3025,c_grade_id =1,level=1,question_text='1',explanation='',interesting_fact='300';


INSERT INTO answer_options (question_id, correct_answer, answer_text)
VALUES ('103025201', TRUE, 'כמה זה 20X16?') ;

INSERT INTO answer_options (question_id, correct_answer, answer_text)
VALUES ('103025201', FALSE, '320');

INSERT INTO answer_options (question_id, correct_answer, answer_text)
VALUES ('103025201', FALSE, '310');

INSERT INTO answer_options (question_id, correct_answer, answer_text)
VALUES ('103025201', FALSE, '330');

INSERT INTO questions (question_id, language_id, topic_id, c_grade_id, level, question_text, explanation, interesting_fact)
VALUES ('103025202', 1, 3025, 2, 2, '1', '', '400') ON CONFLICT (question_id) DO UPDATE SET language_id = 1 ,topic_id= 3025,c_grade_id =2,level=2,question_text='1',explanation='',interesting_fact='400';


INSERT INTO answer_options (question_id, correct_answer, answer_text)
VALUES ('103025202', TRUE, 'כמה זה 30X14?') ;

INSERT INTO answer_options (question_id, correct_answer, answer_text)
VALUES ('103025202', FALSE, '420');

INSERT INTO answer_options (question_id, correct_answer, answer_text)
VALUES ('103025202', FALSE, '410');

INSERT INTO answer_options (question_id, correct_answer, answer_text)
VALUES ('103025202', FALSE, '430');

INSERT INTO questions (question_id, language_id, topic_id, c_grade_id, level, question_text, explanation, interesting_fact)
VALUES ('103025203', 1, 3025, 3, 3, '1', '', '650') ON CONFLICT (question_id) DO UPDATE SET language_id = 1 ,topic_id= 3025,c_grade_id =3,level=3,question_text='1',explanation='',interesting_fact='650';


INSERT INTO answer_options (question_id, correct_answer, answer_text)
VALUES ('103025203', TRUE, 'בבית ספר, כל כיתה מונה 20 תלמידים. אם יש 30 כיתות, כמה תלמידים יש בסך הכל?') ;

INSERT INTO answer_options (question_id, correct_answer, answer_text)
VALUES ('103025203', FALSE, '600');

INSERT INTO answer_options (question_id, correct_answer, answer_text)
VALUES ('103025203', FALSE, '500');

INSERT INTO answer_options (question_id, correct_answer, answer_text)
VALUES ('103025203', FALSE, '700');

INSERT INTO questions (question_id, language_id, topic_id, c_grade_id, level, question_text, explanation, interesting_fact)
VALUES ('103025204', 1, 3025, 4, 4, '1', '', '1900') ON CONFLICT (question_id) DO UPDATE SET language_id = 1 ,topic_id= 3025,c_grade_id =4,level=4,question_text='1',explanation='',interesting_fact='1900';


INSERT INTO answer_options (question_id, correct_answer, answer_text)
VALUES ('103025204', TRUE, 'מפעל מייצר 40 כיסאות בכל שעה. תוך 50 שעות, כמה כסאות הוא ייצר?') ;

INSERT INTO answer_options (question_id, correct_answer, answer_text)
VALUES ('103025204', FALSE, '2000');

INSERT INTO answer_options (question_id, correct_answer, answer_text)
VALUES ('103025204', FALSE, '1800');

INSERT INTO answer_options (question_id, correct_answer, answer_text)
VALUES ('103025204', FALSE, '2200');

INSERT INTO questions (question_id, language_id, topic_id, c_grade_id, level, question_text, explanation, interesting_fact)
VALUES ('103025205', 1, 3025, 5, 5, '1', '', '2200') ON CONFLICT (question_id) DO UPDATE SET language_id = 1 ,topic_id= 3025,c_grade_id =5,level=5,question_text='1',explanation='',interesting_fact='2200';


INSERT INTO answer_options (question_id, correct_answer, answer_text)
VALUES ('103025205', TRUE, 'כל קופסה מכילה 60 צעצועים. אם חנות תזמין 40 ארגזים, כמה צעצועים הם יקבלו?') ;

INSERT INTO answer_options (question_id, correct_answer, answer_text)
VALUES ('103025205', FALSE, '2400');

INSERT INTO answer_options (question_id, correct_answer, answer_text)
VALUES ('103025205', FALSE, '2300');

INSERT INTO answer_options (question_id, correct_answer, answer_text)
VALUES ('103025205', FALSE, '2500');

INSERT INTO questions (question_id, language_id, topic_id, c_grade_id, level, question_text, explanation, interesting_fact)
VALUES ('103025206', 1, 3025, 6, 6, '1', '', '1200') ON CONFLICT (question_id) DO UPDATE SET language_id = 1 ,topic_id= 3025,c_grade_id =6,level=6,question_text='1',explanation='',interesting_fact='1200';


INSERT INTO answer_options (question_id, correct_answer, answer_text)
VALUES ('103025206', TRUE, 'בחניון כל שורה יכולה להכיל 70 מכוניות. אם יש 20 שורות, כמה מכוניות אפשר להחנות?') ;

INSERT INTO answer_options (question_id, correct_answer, answer_text)
VALUES ('103025206', FALSE, '1400');

INSERT INTO answer_options (question_id, correct_answer, answer_text)
VALUES ('103025206', FALSE, '1300');

INSERT INTO answer_options (question_id, correct_answer, answer_text)
VALUES ('103025206', FALSE, '1500');

INSERT INTO questions (question_id, language_id, topic_id, c_grade_id, level, question_text, explanation, interesting_fact)
VALUES ('103025207', 1, 3025, 7, 7, '1', '', '2800') ON CONFLICT (question_id) DO UPDATE SET language_id = 1 ,topic_id= 3025,c_grade_id =7,level=7,question_text='1',explanation='',interesting_fact='2800';


INSERT INTO answer_options (question_id, correct_answer, answer_text)
VALUES ('103025207', TRUE, 'בספרייה, כל מדף יכול להכיל 50 ספרים. אם יש 60 מדפים, כמה ספרים יכולה הספרייה לאחסן?') ;

INSERT INTO answer_options (question_id, correct_answer, answer_text)
VALUES ('103025207', FALSE, '3000');

INSERT INTO answer_options (question_id, correct_answer, answer_text)
VALUES ('103025207', FALSE, '2900');

INSERT INTO answer_options (question_id, correct_answer, answer_text)
VALUES ('103025207', FALSE, '3100');

INSERT INTO questions (question_id, language_id, topic_id, c_grade_id, level, question_text, explanation, interesting_fact)
VALUES ('103025208', 1, 3025, 8, 8, '1', '', '1000') ON CONFLICT (question_id) DO UPDATE SET language_id = 1 ,topic_id= 3025,c_grade_id =8,level=8,question_text='1',explanation='',interesting_fact='1000';


INSERT INTO answer_options (question_id, correct_answer, answer_text)
VALUES ('103025208', TRUE, 'כל קרטון יכול לאחסן 30 בקבוקים. אם מפעל מייצר 40 קרטונים, כמה בקבוקים הם צריכים?') ;

INSERT INTO answer_options (question_id, correct_answer, answer_text)
VALUES ('103025208', FALSE, '1200');

INSERT INTO answer_options (question_id, correct_answer, answer_text)
VALUES ('103025208', FALSE, '1100');

INSERT INTO answer_options (question_id, correct_answer, answer_text)
VALUES ('103025208', FALSE, '1300');

INSERT INTO questions (question_id, language_id, topic_id, c_grade_id, level, question_text, explanation, interesting_fact)
VALUES ('103025209', 1, 3025, 9, 9, '1', '', '850') ON CONFLICT (question_id) DO UPDATE SET language_id = 1 ,topic_id= 3025,c_grade_id =9,level=9,question_text='1',explanation='',interesting_fact='850';


INSERT INTO answer_options (question_id, correct_answer, answer_text)
VALUES ('103025209', TRUE, 'בחווה יש 90 פרות בכל רפת. אם יש 10 רפתות, כמה פרות יש בסך הכל?') ;

INSERT INTO answer_options (question_id, correct_answer, answer_text)
VALUES ('103025209', FALSE, '900');

INSERT INTO answer_options (question_id, correct_answer, answer_text)
VALUES ('103025209', FALSE, '800');

INSERT INTO answer_options (question_id, correct_answer, answer_text)
VALUES ('103025209', FALSE, '1000');

INSERT INTO questions (question_id, language_id, topic_id, c_grade_id, level, question_text, explanation, interesting_fact)
VALUES ('103025210', 1, 3025, 0, 0, '1', '', '420') ON CONFLICT (question_id) DO UPDATE SET language_id = 1 ,topic_id= 3025,c_grade_id =0,level=0,question_text='1',explanation='',interesting_fact='420';


INSERT INTO answer_options (question_id, correct_answer, answer_text)
VALUES ('103025210', TRUE, 'בחנות ממתקים כל שקית מכילה 30 סוכריות. אם ילד קונה 15 שקיות, כמה ממתקים יהיו לו?') ;

INSERT INTO answer_options (question_id, correct_answer, answer_text)
VALUES ('103025210', FALSE, '450');

INSERT INTO answer_options (question_id, correct_answer, answer_text)
VALUES ('103025210', FALSE, '400');

INSERT INTO answer_options (question_id, correct_answer, answer_text)
VALUES ('103025210', FALSE, '480');

INSERT INTO questions (question_id, language_id, topic_id, c_grade_id, level, question_text, explanation, interesting_fact)
VALUES ('103025211', 1, 3025, 1, 1, '1', '', '530') ON CONFLICT (question_id) DO UPDATE SET language_id = 1 ,topic_id= 3025,c_grade_id =1,level=1,question_text='1',explanation='',interesting_fact='530';


INSERT INTO answer_options (question_id, correct_answer, answer_text)
VALUES ('103025211', TRUE, 'בחנות ספרים יש 50 ספרים בכל עריכמה. אם ספרן מייצר 11 ערימות, כמה ספרים יש בסך הכל?') ;

INSERT INTO answer_options (question_id, correct_answer, answer_text)
VALUES ('103025211', FALSE, '550');

INSERT INTO answer_options (question_id, correct_answer, answer_text)
VALUES ('103025211', FALSE, '560');

INSERT INTO answer_options (question_id, correct_answer, answer_text)
VALUES ('103025211', FALSE, '540');

INSERT INTO questions (question_id, language_id, topic_id, c_grade_id, level, question_text, explanation, interesting_fact)
VALUES ('103025212', 1, 3025, 2, 2, '1', '', '820') ON CONFLICT (question_id) DO UPDATE SET language_id = 1 ,topic_id= 3025,c_grade_id =2,level=2,question_text='1',explanation='',interesting_fact='820';


INSERT INTO answer_options (question_id, correct_answer, answer_text)
VALUES ('103025212', TRUE, 'בית ספר מספק 70 עפרונות לכל כיתה. אם הם חילקו ל-12 כיתות, כמה עפרונות הם חילקו?') ;

INSERT INTO answer_options (question_id, correct_answer, answer_text)
VALUES ('103025212', FALSE, '840');

INSERT INTO answer_options (question_id, correct_answer, answer_text)
VALUES ('103025212', FALSE, '850');

INSERT INTO answer_options (question_id, correct_answer, answer_text)
VALUES ('103025212', FALSE, '830');

INSERT INTO questions (question_id, language_id, topic_id, c_grade_id, level, question_text, explanation, interesting_fact)
VALUES ('103025213', 1, 3025, 3, 3, '1', '', '970') ON CONFLICT (question_id) DO UPDATE SET language_id = 1 ,topic_id= 3025,c_grade_id =3,level=3,question_text='1',explanation='',interesting_fact='970';


INSERT INTO answer_options (question_id, correct_answer, answer_text)
VALUES ('103025213', TRUE, 'בגן יש 90 פרחים בכל חלק. אם גנן מסדר 11 חלקים, כמה פרחים יש בסך הכל?') ;

INSERT INTO answer_options (question_id, correct_answer, answer_text)
VALUES ('103025213', FALSE, '990');

INSERT INTO answer_options (question_id, correct_answer, answer_text)
VALUES ('103025213', FALSE, '980');

INSERT INTO answer_options (question_id, correct_answer, answer_text)
VALUES ('103025213', FALSE, '1000');

INSERT INTO questions (question_id, language_id, topic_id, c_grade_id, level, question_text, explanation, interesting_fact)
VALUES ('103025214', 1, 3025, 4, 4, '1', '', '240') ON CONFLICT (question_id) DO UPDATE SET language_id = 1 ,topic_id= 3025,c_grade_id =4,level=4,question_text='1',explanation='',interesting_fact='240';


INSERT INTO answer_options (question_id, correct_answer, answer_text)
VALUES ('103025214', TRUE, 'בחנות צעצועים יש חבילות של 20 צעצועים כל אחד. אם לקוח קונה 13 חבילות, כמה צעצועים הוא רכש?') ;

INSERT INTO answer_options (question_id, correct_answer, answer_text)
VALUES ('103025214', FALSE, '260');

INSERT INTO answer_options (question_id, correct_answer, answer_text)
VALUES ('103025214', FALSE, '250');

INSERT INTO answer_options (question_id, correct_answer, answer_text)
VALUES ('103025214', FALSE, '270');

INSERT INTO questions (question_id, language_id, topic_id, c_grade_id, level, question_text, explanation, interesting_fact)
VALUES ('103025215', 1, 3025, 5, 5, '1', '', '310') ON CONFLICT (question_id) DO UPDATE SET language_id = 1 ,topic_id= 3025,c_grade_id =5,level=5,question_text='1',explanation='',interesting_fact='310';


INSERT INTO answer_options (question_id, correct_answer, answer_text)
VALUES ('103025215', TRUE, '20x15 = ?') ;

INSERT INTO answer_options (question_id, correct_answer, answer_text)
VALUES ('103025215', FALSE, '300');

INSERT INTO answer_options (question_id, correct_answer, answer_text)
VALUES ('103025215', FALSE, '320');

INSERT INTO answer_options (question_id, correct_answer, answer_text)
VALUES ('103025215', FALSE, '290');

INSERT INTO questions (question_id, language_id, topic_id, c_grade_id, level, question_text, explanation, interesting_fact)
VALUES ('103025216', 1, 3025, 6, 6, '1', '', '6') ON CONFLICT (question_id) DO UPDATE SET language_id = 1 ,topic_id= 3025,c_grade_id =6,level=6,question_text='1',explanation='',interesting_fact='6';


INSERT INTO answer_options (question_id, correct_answer, answer_text)
VALUES ('103025216', TRUE, '30x14 = 30x10 + 30x____') ;

INSERT INTO answer_options (question_id, correct_answer, answer_text)
VALUES ('103025216', FALSE, '4');

INSERT INTO answer_options (question_id, correct_answer, answer_text)
VALUES ('103025216', FALSE, '5');

INSERT INTO answer_options (question_id, correct_answer, answer_text)
VALUES ('103025216', FALSE, '3');

INSERT INTO questions (question_id, language_id, topic_id, c_grade_id, level, question_text, explanation, interesting_fact)
VALUES ('103025217', 1, 3025, 7, 7, '1', '', '23') ON CONFLICT (question_id) DO UPDATE SET language_id = 1 ,topic_id= 3025,c_grade_id =7,level=7,question_text='1',explanation='',interesting_fact='23';


INSERT INTO answer_options (question_id, correct_answer, answer_text)
VALUES ('103025217', TRUE, '40x21 = (4x____ )x10') ;

INSERT INTO answer_options (question_id, correct_answer, answer_text)
VALUES ('103025217', FALSE, '21');

INSERT INTO answer_options (question_id, correct_answer, answer_text)
VALUES ('103025217', FALSE, '22');

INSERT INTO answer_options (question_id, correct_answer, answer_text)
VALUES ('103025217', FALSE, '20');

INSERT INTO questions (question_id, language_id, topic_id, c_grade_id, level, question_text, explanation, interesting_fact)
VALUES ('103025218', 1, 3025, 8, 8, '1', '', '660') ON CONFLICT (question_id) DO UPDATE SET language_id = 1 ,topic_id= 3025,c_grade_id =8,level=8,question_text='1',explanation='',interesting_fact='660';


INSERT INTO answer_options (question_id, correct_answer, answer_text)
VALUES ('103025218', TRUE, '50x13 =') ;

INSERT INTO answer_options (question_id, correct_answer, answer_text)
VALUES ('103025218', FALSE, '650');

INSERT INTO answer_options (question_id, correct_answer, answer_text)
VALUES ('103025218', FALSE, '630');

INSERT INTO answer_options (question_id, correct_answer, answer_text)
VALUES ('103025218', FALSE, '670');

INSERT INTO questions (question_id, language_id, topic_id, c_grade_id, level, question_text, explanation, interesting_fact)
VALUES ('103025219', 1, 3025, 9, 9, '1', '', '6') ON CONFLICT (question_id) DO UPDATE SET language_id = 1 ,topic_id= 3025,c_grade_id =9,level=9,question_text='1',explanation='',interesting_fact='6';


INSERT INTO answer_options (question_id, correct_answer, answer_text)
VALUES ('103025219', TRUE, '60x14 = 60x10 + 60x____') ;

INSERT INTO answer_options (question_id, correct_answer, answer_text)
VALUES ('103025219', FALSE, '4');

INSERT INTO answer_options (question_id, correct_answer, answer_text)
VALUES ('103025219', FALSE, '5');

INSERT INTO answer_options (question_id, correct_answer, answer_text)
VALUES ('103025219', FALSE, '3');

INSERT INTO questions (question_id, language_id, topic_id, c_grade_id, level, question_text, explanation, interesting_fact)
VALUES ('103025220', 1, 3025, 0, 0, '1', '', '300') ON CONFLICT (question_id) DO UPDATE SET language_id = 1 ,topic_id= 3025,c_grade_id =0,level=0,question_text='1',explanation='',interesting_fact='300';


INSERT INTO answer_options (question_id, correct_answer, answer_text)
VALUES ('103025220', TRUE, '20x16 = ?') ;

INSERT INTO answer_options (question_id, correct_answer, answer_text)
VALUES ('103025220', FALSE, '320');

INSERT INTO answer_options (question_id, correct_answer, answer_text)
VALUES ('103025220', FALSE, '340');

INSERT INTO answer_options (question_id, correct_answer, answer_text)
VALUES ('103025220', FALSE, '310');

INSERT INTO questions (question_id, language_id, topic_id, c_grade_id, level, question_text, explanation, interesting_fact)
VALUES ('103025301', 1, 3025, 1, 1, '1', '', '24') ON CONFLICT (question_id) DO UPDATE SET language_id = 1 ,topic_id= 3025,c_grade_id =1,level=1,question_text='1',explanation='',interesting_fact='24';


INSERT INTO answer_options (question_id, correct_answer, answer_text)
VALUES ('103025301', TRUE, '40x22 = (4x____ )x10') ;

INSERT INTO answer_options (question_id, correct_answer, answer_text)
VALUES ('103025301', FALSE, '22');

INSERT INTO answer_options (question_id, correct_answer, answer_text)
VALUES ('103025301', FALSE, '23');

INSERT INTO answer_options (question_id, correct_answer, answer_text)
VALUES ('103025301', FALSE, '21');

INSERT INTO questions (question_id, language_id, topic_id, c_grade_id, level, question_text, explanation, interesting_fact)
VALUES ('103025302', 1, 3025, 2, 2, '1', '', '4') ON CONFLICT (question_id) DO UPDATE SET language_id = 1 ,topic_id= 3025,c_grade_id =2,level=2,question_text='1',explanation='',interesting_fact='4';


INSERT INTO answer_options (question_id, correct_answer, answer_text)
VALUES ('103025302', TRUE, '50x12 = 50x10 + 50x____') ;

INSERT INTO answer_options (question_id, correct_answer, answer_text)
VALUES ('103025302', FALSE, '2');

INSERT INTO answer_options (question_id, correct_answer, answer_text)
VALUES ('103025302', FALSE, '3');

INSERT INTO answer_options (question_id, correct_answer, answer_text)
VALUES ('103025302', FALSE, '1');

INSERT INTO questions (question_id, language_id, topic_id, c_grade_id, level, question_text, explanation, interesting_fact)
VALUES ('103025303', 1, 3025, 3, 3, '1', '', '320') ON CONFLICT (question_id) DO UPDATE SET language_id = 1 ,topic_id= 3025,c_grade_id =3,level=3,question_text='1',explanation='',interesting_fact='320';


INSERT INTO answer_options (question_id, correct_answer, answer_text)
VALUES ('103025303', TRUE, '30x11 =') ;

INSERT INTO answer_options (question_id, correct_answer, answer_text)
VALUES ('103025303', FALSE, '330');

INSERT INTO answer_options (question_id, correct_answer, answer_text)
VALUES ('103025303', FALSE, '310');

INSERT INTO answer_options (question_id, correct_answer, answer_text)
VALUES ('103025303', FALSE, '350');

INSERT INTO questions (question_id, language_id, topic_id, c_grade_id, level, question_text, explanation, interesting_fact)
VALUES ('103025304', 1, 3025, 4, 4, '1', '', '19') ON CONFLICT (question_id) DO UPDATE SET language_id = 1 ,topic_id= 3025,c_grade_id =4,level=4,question_text='1',explanation='',interesting_fact='19';


INSERT INTO answer_options (question_id, correct_answer, answer_text)
VALUES ('103025304', TRUE, '70x17 = (7x____ )x10') ;

INSERT INTO answer_options (question_id, correct_answer, answer_text)
VALUES ('103025304', FALSE, '17');

INSERT INTO answer_options (question_id, correct_answer, answer_text)
VALUES ('103025304', FALSE, '18');

INSERT INTO answer_options (question_id, correct_answer, answer_text)
VALUES ('103025304', FALSE, '16');

INSERT INTO questions (question_id, language_id, topic_id, c_grade_id, level, question_text, explanation, interesting_fact)
VALUES ('103025305', 1, 3025, 5, 5, '1', '', '12') ON CONFLICT (question_id) DO UPDATE SET language_id = 1 ,topic_id= 3025,c_grade_id =5,level=5,question_text='1',explanation='',interesting_fact='12';


INSERT INTO answer_options (question_id, correct_answer, answer_text)
VALUES ('103025305', TRUE, '30x15 = 30x____ + 30x5') ;

INSERT INTO answer_options (question_id, correct_answer, answer_text)
VALUES ('103025305', FALSE, '10');

INSERT INTO answer_options (question_id, correct_answer, answer_text)
VALUES ('103025305', FALSE, '11');

INSERT INTO answer_options (question_id, correct_answer, answer_text)
VALUES ('103025305', FALSE, '9');

INSERT INTO questions (question_id, language_id, topic_id, c_grade_id, level, question_text, explanation, interesting_fact)
VALUES ('103025306', 1, 3025, 6, 6, '1', '', '12') ON CONFLICT (question_id) DO UPDATE SET language_id = 1 ,topic_id= 3025,c_grade_id =6,level=6,question_text='1',explanation='',interesting_fact='12';


INSERT INTO answer_options (question_id, correct_answer, answer_text)
VALUES ('103025306', TRUE, '20x13 = 20x____ + 20x3') ;

INSERT INTO answer_options (question_id, correct_answer, answer_text)
VALUES ('103025306', FALSE, '10');

INSERT INTO answer_options (question_id, correct_answer, answer_text)
VALUES ('103025306', FALSE, '11');

INSERT INTO answer_options (question_id, correct_answer, answer_text)
VALUES ('103025306', FALSE, '9');

INSERT INTO questions (question_id, language_id, topic_id, c_grade_id, level, question_text, explanation, interesting_fact)
VALUES ('103025307', 1, 3025, 7, 7, '1', '', '8') ON CONFLICT (question_id) DO UPDATE SET language_id = 1 ,topic_id= 3025,c_grade_id =7,level=7,question_text='1',explanation='',interesting_fact='8';


INSERT INTO answer_options (question_id, correct_answer, answer_text)
VALUES ('103025307', TRUE, '40x12 = 40x____ + 40x2') ;

INSERT INTO answer_options (question_id, correct_answer, answer_text)
VALUES ('103025307', FALSE, '10');

INSERT INTO answer_options (question_id, correct_answer, answer_text)
VALUES ('103025307', FALSE, '11');

INSERT INTO answer_options (question_id, correct_answer, answer_text)
VALUES ('103025307', FALSE, '9');

INSERT INTO questions (question_id, language_id, topic_id, c_grade_id, level, question_text, explanation, interesting_fact)
VALUES ('103025308', 1, 3025, 8, 8, '1', '', '8') ON CONFLICT (question_id) DO UPDATE SET language_id = 1 ,topic_id= 3025,c_grade_id =8,level=8,question_text='1',explanation='',interesting_fact='8';


INSERT INTO answer_options (question_id, correct_answer, answer_text)
VALUES ('103025308', TRUE, '50x11 = 50x____ + 50x1') ;

INSERT INTO answer_options (question_id, correct_answer, answer_text)
VALUES ('103025308', FALSE, '10');

INSERT INTO answer_options (question_id, correct_answer, answer_text)
VALUES ('103025308', FALSE, '9');

INSERT INTO answer_options (question_id, correct_answer, answer_text)
VALUES ('103025308', FALSE, '11');

INSERT INTO questions (question_id, language_id, topic_id, c_grade_id, level, question_text, explanation, interesting_fact)
VALUES ('103025309', 1, 3025, 9, 9, '1', '', '12') ON CONFLICT (question_id) DO UPDATE SET language_id = 1 ,topic_id= 3025,c_grade_id =9,level=9,question_text='1',explanation='',interesting_fact='12';


INSERT INTO answer_options (question_id, correct_answer, answer_text)
VALUES ('103025309', TRUE, '60x14 = 60x____ + 60x4') ;

INSERT INTO answer_options (question_id, correct_answer, answer_text)
VALUES ('103025309', FALSE, '10');

INSERT INTO answer_options (question_id, correct_answer, answer_text)
VALUES ('103025309', FALSE, '11');

INSERT INTO answer_options (question_id, correct_answer, answer_text)
VALUES ('103025309', FALSE, '9');

INSERT INTO questions (question_id, language_id, topic_id, c_grade_id, level, question_text, explanation, interesting_fact)
VALUES ('103025310', 1, 3025, 0, 0, '1', '', '8') ON CONFLICT (question_id) DO UPDATE SET language_id = 1 ,topic_id= 3025,c_grade_id =0,level=0,question_text='1',explanation='',interesting_fact='8';


INSERT INTO answer_options (question_id, correct_answer, answer_text)
VALUES ('103025310', TRUE, '70x12 = 70x____ + 70x2') ;

INSERT INTO answer_options (question_id, correct_answer, answer_text)
VALUES ('103025310', FALSE, '10');

INSERT INTO answer_options (question_id, correct_answer, answer_text)
VALUES ('103025310', FALSE, '11');

INSERT INTO answer_options (question_id, correct_answer, answer_text)
VALUES ('103025310', FALSE, '9');

INSERT INTO questions (question_id, language_id, topic_id, c_grade_id, level, question_text, explanation, interesting_fact)
VALUES ('103025311', 1, 3025, 1, 1, '1', '', '99') ON CONFLICT (question_id) DO UPDATE SET language_id = 1 ,topic_id= 3025,c_grade_id =1,level=1,question_text='1',explanation='',interesting_fact='99';


INSERT INTO answer_options (question_id, correct_answer, answer_text)
VALUES ('103025311', TRUE, '20x____ = 2x10x98') ;

INSERT INTO answer_options (question_id, correct_answer, answer_text)
VALUES ('103025311', FALSE, '98');

INSERT INTO answer_options (question_id, correct_answer, answer_text)
VALUES ('103025311', FALSE, '96');

INSERT INTO answer_options (question_id, correct_answer, answer_text)
VALUES ('103025311', FALSE, '97');

INSERT INTO questions (question_id, language_id, topic_id, c_grade_id, level, question_text, explanation, interesting_fact)
VALUES ('103025312', 1, 3025, 2, 2, '1', '', '96') ON CONFLICT (question_id) DO UPDATE SET language_id = 1 ,topic_id= 3025,c_grade_id =2,level=2,question_text='1',explanation='',interesting_fact='96';


INSERT INTO answer_options (question_id, correct_answer, answer_text)
VALUES ('103025312', TRUE, '30x____ = 3x10x95') ;

INSERT INTO answer_options (question_id, correct_answer, answer_text)
VALUES ('103025312', FALSE, '95');

INSERT INTO answer_options (question_id, correct_answer, answer_text)
VALUES ('103025312', FALSE, '93');

INSERT INTO answer_options (question_id, correct_answer, answer_text)
VALUES ('103025312', FALSE, '94');

INSERT INTO questions (question_id, language_id, topic_id, c_grade_id, level, question_text, explanation, interesting_fact)
VALUES ('103025313', 1, 3025, 3, 3, '1', '', '90') ON CONFLICT (question_id) DO UPDATE SET language_id = 1 ,topic_id= 3025,c_grade_id =3,level=3,question_text='1',explanation='',interesting_fact='90';


INSERT INTO answer_options (question_id, correct_answer, answer_text)
VALUES ('103025313', TRUE, '40x____ = 4x10x89') ;

INSERT INTO answer_options (question_id, correct_answer, answer_text)
VALUES ('103025313', FALSE, '89');

INSERT INTO answer_options (question_id, correct_answer, answer_text)
VALUES ('103025313', FALSE, '88');

INSERT INTO answer_options (question_id, correct_answer, answer_text)
VALUES ('103025313', FALSE, '87');

INSERT INTO questions (question_id, language_id, topic_id, c_grade_id, level, question_text, explanation, interesting_fact)
VALUES ('103025314', 1, 3025, 4, 4, '1', '', '84') ON CONFLICT (question_id) DO UPDATE SET language_id = 1 ,topic_id= 3025,c_grade_id =4,level=4,question_text='1',explanation='',interesting_fact='84';


INSERT INTO answer_options (question_id, correct_answer, answer_text)
VALUES ('103025314', TRUE, '50x____ = 5x10x86') ;

INSERT INTO answer_options (question_id, correct_answer, answer_text)
VALUES ('103025314', FALSE, '86');

INSERT INTO answer_options (question_id, correct_answer, answer_text)
VALUES ('103025314', FALSE, '85');

INSERT INTO answer_options (question_id, correct_answer, answer_text)
VALUES ('103025314', FALSE, '87');

INSERT INTO questions (question_id, language_id, topic_id, c_grade_id, level, question_text, explanation, interesting_fact)
VALUES ('103025315', 1, 3025, 5, 5, '1', '', '94') ON CONFLICT (question_id) DO UPDATE SET language_id = 1 ,topic_id= 3025,c_grade_id =5,level=5,question_text='1',explanation='',interesting_fact='94';


INSERT INTO answer_options (question_id, correct_answer, answer_text)
VALUES ('103025315', TRUE, '30x92 = 30x____ + 30x2') ;

INSERT INTO answer_options (question_id, correct_answer, answer_text)
VALUES ('103025315', FALSE, '90');

INSERT INTO answer_options (question_id, correct_answer, answer_text)
VALUES ('103025315', FALSE, '91');

INSERT INTO answer_options (question_id, correct_answer, answer_text)
VALUES ('103025315', FALSE, '93');

INSERT INTO questions (question_id, language_id, topic_id, c_grade_id, level, question_text, explanation, interesting_fact)
VALUES ('103025316', 1, 3025, 6, 6, '1', '', '92') ON CONFLICT (question_id) DO UPDATE SET language_id = 1 ,topic_id= 3025,c_grade_id =6,level=6,question_text='1',explanation='',interesting_fact='92';


INSERT INTO answer_options (question_id, correct_answer, answer_text)
VALUES ('103025316', TRUE, '20x97 = 20x____ + 20x7') ;

INSERT INTO answer_options (question_id, correct_answer, answer_text)
VALUES ('103025316', FALSE, '90');

INSERT INTO answer_options (question_id, correct_answer, answer_text)
VALUES ('103025316', FALSE, '91');

INSERT INTO answer_options (question_id, correct_answer, answer_text)
VALUES ('103025316', FALSE, '93');

INSERT INTO questions (question_id, language_id, topic_id, c_grade_id, level, question_text, explanation, interesting_fact)
VALUES ('103025317', 1, 3025, 7, 7, '1', '', '83') ON CONFLICT (question_id) DO UPDATE SET language_id = 1 ,topic_id= 3025,c_grade_id =7,level=7,question_text='1',explanation='',interesting_fact='83';


INSERT INTO answer_options (question_id, correct_answer, answer_text)
VALUES ('103025317', TRUE, '40x88 = 40x____ + 40x8') ;

INSERT INTO answer_options (question_id, correct_answer, answer_text)
VALUES ('103025317', FALSE, '80');

INSERT INTO answer_options (question_id, correct_answer, answer_text)
VALUES ('103025317', FALSE, '81');

INSERT INTO answer_options (question_id, correct_answer, answer_text)
VALUES ('103025317', FALSE, '82');

INSERT INTO questions (question_id, language_id, topic_id, c_grade_id, level, question_text, explanation, interesting_fact)
VALUES ('103025318', 1, 3025, 8, 8, '1', '', '87') ON CONFLICT (question_id) DO UPDATE SET language_id = 1 ,topic_id= 3025,c_grade_id =8,level=8,question_text='1',explanation='',interesting_fact='87';


INSERT INTO answer_options (question_id, correct_answer, answer_text)
VALUES ('103025318', TRUE, '50x91 = 50x____ + 50x1') ;

INSERT INTO answer_options (question_id, correct_answer, answer_text)
VALUES ('103025318', FALSE, '90');

INSERT INTO answer_options (question_id, correct_answer, answer_text)
VALUES ('103025318', FALSE, '89');

INSERT INTO answer_options (question_id, correct_answer, answer_text)
VALUES ('103025318', FALSE, '88');

INSERT INTO questions (question_id, language_id, topic_id, c_grade_id, level, question_text, explanation, interesting_fact)
VALUES ('103025319', 1, 3025, 9, 9, '1', '', '92') ON CONFLICT (question_id) DO UPDATE SET language_id = 1 ,topic_id= 3025,c_grade_id =9,level=9,question_text='1',explanation='',interesting_fact='92';


INSERT INTO answer_options (question_id, correct_answer, answer_text)
VALUES ('103025319', TRUE, '60x99 = 60x____ + 60x9') ;

INSERT INTO answer_options (question_id, correct_answer, answer_text)
VALUES ('103025319', FALSE, '90');

INSERT INTO answer_options (question_id, correct_answer, answer_text)
VALUES ('103025319', FALSE, '91');

INSERT INTO answer_options (question_id, correct_answer, answer_text)
VALUES ('103025319', FALSE, '93');

INSERT INTO questions (question_id, language_id, topic_id, c_grade_id, level, question_text, explanation, interesting_fact)
VALUES ('103025320', 1, 3025, 0, 0, '1', '', '87') ON CONFLICT (question_id) DO UPDATE SET language_id = 1 ,topic_id= 3025,c_grade_id =0,level=0,question_text='1',explanation='',interesting_fact='87';


INSERT INTO answer_options (question_id, correct_answer, answer_text)
VALUES ('103025320', TRUE, '70x96 = 70x____ + 70x6') ;

INSERT INTO answer_options (question_id, correct_answer, answer_text)
VALUES ('103025320', FALSE, '90');

INSERT INTO answer_options (question_id, correct_answer, answer_text)
VALUES ('103025320', FALSE, '89');

INSERT INTO answer_options (question_id, correct_answer, answer_text)
VALUES ('103025320', FALSE, '88');

INSERT INTO questions (question_id, language_id, topic_id, c_grade_id, level, question_text, explanation, interesting_fact)
VALUES ('103026101', 1, 3026, 1, 1, '1', '', '17') ON CONFLICT (question_id) DO UPDATE SET language_id = 1 ,topic_id= 3026,c_grade_id =1,level=1,question_text='1',explanation='',interesting_fact='17';


INSERT INTO answer_options (question_id, correct_answer, answer_text)
VALUES ('103026101', TRUE, '200x____ = 2x100x16') ;

INSERT INTO answer_options (question_id, correct_answer, answer_text)
VALUES ('103026101', FALSE, '16');

INSERT INTO answer_options (question_id, correct_answer, answer_text)
VALUES ('103026101', FALSE, '15');

INSERT INTO answer_options (question_id, correct_answer, answer_text)
VALUES ('103026101', FALSE, '14');

INSERT INTO questions (question_id, language_id, topic_id, c_grade_id, level, question_text, explanation, interesting_fact)
VALUES ('103026102', 1, 3026, 2, 2, '1', '', '11') ON CONFLICT (question_id) DO UPDATE SET language_id = 1 ,topic_id= 3026,c_grade_id =2,level=2,question_text='1',explanation='',interesting_fact='11';


INSERT INTO answer_options (question_id, correct_answer, answer_text)
VALUES ('103026102', TRUE, '300x____ = 3x100x12') ;

INSERT INTO answer_options (question_id, correct_answer, answer_text)
VALUES ('103026102', FALSE, '12');

INSERT INTO answer_options (question_id, correct_answer, answer_text)
VALUES ('103026102', FALSE, '13');

INSERT INTO answer_options (question_id, correct_answer, answer_text)
VALUES ('103026102', FALSE, '14');

INSERT INTO questions (question_id, language_id, topic_id, c_grade_id, level, question_text, explanation, interesting_fact)
VALUES ('103026103', 1, 3026, 3, 3, '1', '', '13') ON CONFLICT (question_id) DO UPDATE SET language_id = 1 ,topic_id= 3026,c_grade_id =3,level=3,question_text='1',explanation='',interesting_fact='13';


INSERT INTO answer_options (question_id, correct_answer, answer_text)
VALUES ('103026103', TRUE, '700x____ = 7x100x12') ;

INSERT INTO answer_options (question_id, correct_answer, answer_text)
VALUES ('103026103', FALSE, '12');

INSERT INTO answer_options (question_id, correct_answer, answer_text)
VALUES ('103026103', FALSE, '11');

INSERT INTO answer_options (question_id, correct_answer, answer_text)
VALUES ('103026103', FALSE, '10');

INSERT INTO questions (question_id, language_id, topic_id, c_grade_id, level, question_text, explanation, interesting_fact)
VALUES ('103026104', 1, 3026, 4, 4, '1', '', '13') ON CONFLICT (question_id) DO UPDATE SET language_id = 1 ,topic_id= 3026,c_grade_id =4,level=4,question_text='1',explanation='',interesting_fact='13';


INSERT INTO answer_options (question_id, correct_answer, answer_text)
VALUES ('103026104', TRUE, '800x____ = 8x100x15') ;

INSERT INTO answer_options (question_id, correct_answer, answer_text)
VALUES ('103026104', FALSE, '15');

INSERT INTO answer_options (question_id, correct_answer, answer_text)
VALUES ('103026104', FALSE, '14');

INSERT INTO answer_options (question_id, correct_answer, answer_text)
VALUES ('103026104', FALSE, '16');

INSERT INTO questions (question_id, language_id, topic_id, c_grade_id, level, question_text, explanation, interesting_fact)
VALUES ('103026105', 1, 3026, 5, 5, '1', '', '15') ON CONFLICT (question_id) DO UPDATE SET language_id = 1 ,topic_id= 3026,c_grade_id =5,level=5,question_text='1',explanation='',interesting_fact='15';


INSERT INTO answer_options (question_id, correct_answer, answer_text)
VALUES ('103026105', TRUE, '900x____ = 9x100x14') ;

INSERT INTO answer_options (question_id, correct_answer, answer_text)
VALUES ('103026105', FALSE, '14');

INSERT INTO answer_options (question_id, correct_answer, answer_text)
VALUES ('103026105', FALSE, '13');

INSERT INTO answer_options (question_id, correct_answer, answer_text)
VALUES ('103026105', FALSE, '12');

INSERT INTO questions (question_id, language_id, topic_id, c_grade_id, level, question_text, explanation, interesting_fact)
VALUES ('103026106', 1, 3026, 6, 6, '1', '', '8') ON CONFLICT (question_id) DO UPDATE SET language_id = 1 ,topic_id= 3026,c_grade_id =6,level=6,question_text='1',explanation='',interesting_fact='8';


INSERT INTO answer_options (question_id, correct_answer, answer_text)
VALUES ('103026106', TRUE, '300x19 = 300x____ + 300x9') ;

INSERT INTO answer_options (question_id, correct_answer, answer_text)
VALUES ('103026106', FALSE, '10');

INSERT INTO answer_options (question_id, correct_answer, answer_text)
VALUES ('103026106', FALSE, '11');

INSERT INTO answer_options (question_id, correct_answer, answer_text)
VALUES ('103026106', FALSE, '9');

INSERT INTO questions (question_id, language_id, topic_id, c_grade_id, level, question_text, explanation, interesting_fact)
VALUES ('103026107', 1, 3026, 7, 7, '1', '', '12') ON CONFLICT (question_id) DO UPDATE SET language_id = 1 ,topic_id= 3026,c_grade_id =7,level=7,question_text='1',explanation='',interesting_fact='12';


INSERT INTO answer_options (question_id, correct_answer, answer_text)
VALUES ('103026107', TRUE, '200x18 = 200x____ + 200x8') ;

INSERT INTO answer_options (question_id, correct_answer, answer_text)
VALUES ('103026107', FALSE, '10');

INSERT INTO answer_options (question_id, correct_answer, answer_text)
VALUES ('103026107', FALSE, '11');

INSERT INTO answer_options (question_id, correct_answer, answer_text)
VALUES ('103026107', FALSE, '9');

INSERT INTO questions (question_id, language_id, topic_id, c_grade_id, level, question_text, explanation, interesting_fact)
VALUES ('103026108', 1, 3026, 8, 8, '1', '', '9') ON CONFLICT (question_id) DO UPDATE SET language_id = 1 ,topic_id= 3026,c_grade_id =8,level=8,question_text='1',explanation='',interesting_fact='9';


INSERT INTO answer_options (question_id, correct_answer, answer_text)
VALUES ('103026108', TRUE, '400x13 = 400x____ + 400x3') ;

INSERT INTO answer_options (question_id, correct_answer, answer_text)
VALUES ('103026108', FALSE, '10');

INSERT INTO answer_options (question_id, correct_answer, answer_text)
VALUES ('103026108', FALSE, '11');

INSERT INTO answer_options (question_id, correct_answer, answer_text)
VALUES ('103026108', FALSE, '12');

INSERT INTO questions (question_id, language_id, topic_id, c_grade_id, level, question_text, explanation, interesting_fact)
VALUES ('103026109', 1, 3026, 9, 9, '1', '', '8') ON CONFLICT (question_id) DO UPDATE SET language_id = 1 ,topic_id= 3026,c_grade_id =9,level=9,question_text='1',explanation='',interesting_fact='8';


INSERT INTO answer_options (question_id, correct_answer, answer_text)
VALUES ('103026109', TRUE, '500x12 = 500x____ + 500x2') ;

INSERT INTO answer_options (question_id, correct_answer, answer_text)
VALUES ('103026109', FALSE, '10');

INSERT INTO answer_options (question_id, correct_answer, answer_text)
VALUES ('103026109', FALSE, '11');

INSERT INTO answer_options (question_id, correct_answer, answer_text)
VALUES ('103026109', FALSE, '9');

INSERT INTO questions (question_id, language_id, topic_id, c_grade_id, level, question_text, explanation, interesting_fact)
VALUES ('103026110', 1, 3026, 0, 0, '1', '', '8') ON CONFLICT (question_id) DO UPDATE SET language_id = 1 ,topic_id= 3026,c_grade_id =0,level=0,question_text='1',explanation='',interesting_fact='8';


INSERT INTO answer_options (question_id, correct_answer, answer_text)
VALUES ('103026110', TRUE, '600x17 = 600x____ + 600x7') ;

INSERT INTO answer_options (question_id, correct_answer, answer_text)
VALUES ('103026110', FALSE, '10');

INSERT INTO answer_options (question_id, correct_answer, answer_text)
VALUES ('103026110', FALSE, '11');

INSERT INTO answer_options (question_id, correct_answer, answer_text)
VALUES ('103026110', FALSE, '9');

INSERT INTO questions (question_id, language_id, topic_id, c_grade_id, level, question_text, explanation, interesting_fact)
VALUES ('103026111', 1, 3026, 1, 1, '1', '', '12') ON CONFLICT (question_id) DO UPDATE SET language_id = 1 ,topic_id= 3026,c_grade_id =1,level=1,question_text='1',explanation='',interesting_fact='12';


INSERT INTO answer_options (question_id, correct_answer, answer_text)
VALUES ('103026111', TRUE, '700x15 = 700x____ + 700x5') ;

INSERT INTO answer_options (question_id, correct_answer, answer_text)
VALUES ('103026111', FALSE, '10');

INSERT INTO answer_options (question_id, correct_answer, answer_text)
VALUES ('103026111', FALSE, '11');

INSERT INTO answer_options (question_id, correct_answer, answer_text)
VALUES ('103026111', FALSE, '9');

INSERT INTO questions (question_id, language_id, topic_id, c_grade_id, level, question_text, explanation, interesting_fact)
VALUES ('103026112', 1, 3026, 2, 2, '1', '', '8') ON CONFLICT (question_id) DO UPDATE SET language_id = 1 ,topic_id= 3026,c_grade_id =2,level=2,question_text='1',explanation='',interesting_fact='8';


INSERT INTO answer_options (question_id, correct_answer, answer_text)
VALUES ('103026112', TRUE, '18x253 = ____x200 + ____x50 + ____x3') ;

INSERT INTO answer_options (question_id, correct_answer, answer_text)
VALUES ('103026112', FALSE, '18');

INSERT INTO answer_options (question_id, correct_answer, answer_text)
VALUES ('103026112', FALSE, '15');

INSERT INTO answer_options (question_id, correct_answer, answer_text)
VALUES ('103026112', FALSE, '19');

INSERT INTO questions (question_id, language_id, topic_id, c_grade_id, level, question_text, explanation, interesting_fact)
VALUES ('103026113', 1, 3026, 3, 3, '1', '', '200') ON CONFLICT (question_id) DO UPDATE SET language_id = 1 ,topic_id= 3026,c_grade_id =3,level=3,question_text='1',explanation='',interesting_fact='200';


INSERT INTO answer_options (question_id, correct_answer, answer_text)
VALUES ('103026113', TRUE, '25x273 = ____x200 + ____x70 + ____x3') ;

INSERT INTO answer_options (question_id, correct_answer, answer_text)
VALUES ('103026113', FALSE, '25');

INSERT INTO answer_options (question_id, correct_answer, answer_text)
VALUES ('103026113', FALSE, '20');

INSERT INTO answer_options (question_id, correct_answer, answer_text)
VALUES ('103026113', FALSE, '5');

INSERT INTO questions (question_id, language_id, topic_id, c_grade_id, level, question_text, explanation, interesting_fact)
VALUES ('103026114', 1, 3026, 4, 4, '1', '', '80') ON CONFLICT (question_id) DO UPDATE SET language_id = 1 ,topic_id= 3026,c_grade_id =4,level=4,question_text='1',explanation='',interesting_fact='80';


INSERT INTO answer_options (question_id, correct_answer, answer_text)
VALUES ('103026114', TRUE, '33x283 = ____x200 + ____x80 + ____x3') ;

INSERT INTO answer_options (question_id, correct_answer, answer_text)
VALUES ('103026114', FALSE, '33');

INSERT INTO answer_options (question_id, correct_answer, answer_text)
VALUES ('103026114', FALSE, '3');

INSERT INTO answer_options (question_id, correct_answer, answer_text)
VALUES ('103026114', FALSE, '283');

INSERT INTO questions (question_id, language_id, topic_id, c_grade_id, level, question_text, explanation, interesting_fact)
VALUES ('103026115', 1, 3026, 5, 5, '1', '', '300') ON CONFLICT (question_id) DO UPDATE SET language_id = 1 ,topic_id= 3026,c_grade_id =5,level=5,question_text='1',explanation='',interesting_fact='300';


INSERT INTO answer_options (question_id, correct_answer, answer_text)
VALUES ('103026115', TRUE, '10x363 = ____x300 + ____x60 + ____x3') ;

INSERT INTO answer_options (question_id, correct_answer, answer_text)
VALUES ('103026115', FALSE, '10');

INSERT INTO answer_options (question_id, correct_answer, answer_text)
VALUES ('103026115', FALSE, '3');

INSERT INTO answer_options (question_id, correct_answer, answer_text)
VALUES ('103026115', FALSE, '363');

INSERT INTO questions (question_id, language_id, topic_id, c_grade_id, level, question_text, explanation, interesting_fact)
VALUES ('103026116', 1, 3026, 6, 6, '1', '', '3') ON CONFLICT (question_id) DO UPDATE SET language_id = 1 ,topic_id= 3026,c_grade_id =6,level=6,question_text='1',explanation='',interesting_fact='3';


INSERT INTO answer_options (question_id, correct_answer, answer_text)
VALUES ('103026116', TRUE, '59x743 = ____x700 + ____x40 + ____x3') ;

INSERT INTO answer_options (question_id, correct_answer, answer_text)
VALUES ('103026116', FALSE, '59');

INSERT INTO answer_options (question_id, correct_answer, answer_text)
VALUES ('103026116', FALSE, '7');

INSERT INTO answer_options (question_id, correct_answer, answer_text)
VALUES ('103026116', FALSE, '4');

INSERT INTO questions (question_id, language_id, topic_id, c_grade_id, level, question_text, explanation, interesting_fact)
VALUES ('103026117', 1, 3026, 7, 7, '1', '', '200') ON CONFLICT (question_id) DO UPDATE SET language_id = 1 ,topic_id= 3026,c_grade_id =7,level=7,question_text='1',explanation='',interesting_fact='200';


INSERT INTO answer_options (question_id, correct_answer, answer_text)
VALUES ('103026117', TRUE, 'אם יש 40 תלמידים בכל שורה, ויש 100 שורות באודיטוריום, כמה תלמידים יש בסך הכל?') ;

INSERT INTO answer_options (question_id, correct_answer, answer_text)
VALUES ('103026117', FALSE, '4000');

INSERT INTO answer_options (question_id, correct_answer, answer_text)
VALUES ('103026117', FALSE, '40');

INSERT INTO answer_options (question_id, correct_answer, answer_text)
VALUES ('103026117', FALSE, '1000');

INSERT INTO questions (question_id, language_id, topic_id, c_grade_id, level, question_text, explanation, interesting_fact)
VALUES ('103026118', 1, 3026, 8, 8, '1', '', '240') ON CONFLICT (question_id) DO UPDATE SET language_id = 1 ,topic_id= 3026,c_grade_id =8,level=8,question_text='1',explanation='',interesting_fact='240';


INSERT INTO answer_options (question_id, correct_answer, answer_text)
VALUES ('103026118', TRUE, 'כל קרטון מכיל 12 בקבוקי מיץ. אם יש 100 קרטונים, כמה בקבוקי מיץ יש?') ;

INSERT INTO answer_options (question_id, correct_answer, answer_text)
VALUES ('103026118', FALSE, '1200');

INSERT INTO answer_options (question_id, correct_answer, answer_text)
VALUES ('103026118', FALSE, '120');

INSERT INTO answer_options (question_id, correct_answer, answer_text)
VALUES ('103026118', FALSE, '10000');

INSERT INTO questions (question_id, language_id, topic_id, c_grade_id, level, question_text, explanation, interesting_fact)
VALUES ('103026119', 1, 3026, 9, 9, '1', '', '150') ON CONFLICT (question_id) DO UPDATE SET language_id = 1 ,topic_id= 3026,c_grade_id =9,level=9,question_text='1',explanation='',interesting_fact='150';


INSERT INTO answer_options (question_id, correct_answer, answer_text)
VALUES ('103026119', TRUE, 'יש 30 סוכריות בכל חבילה, ויש לך 100 חבילות. כמה סוכריות יש לך בסך הכל?') ;

INSERT INTO answer_options (question_id, correct_answer, answer_text)
VALUES ('103026119', FALSE, '3000');

INSERT INTO answer_options (question_id, correct_answer, answer_text)
VALUES ('103026119', FALSE, '30');

INSERT INTO answer_options (question_id, correct_answer, answer_text)
VALUES ('103026119', FALSE, '1000');

INSERT INTO questions (question_id, language_id, topic_id, c_grade_id, level, question_text, explanation, interesting_fact)
VALUES ('103026120', 1, 3026, 0, 0, '1', '', '100') ON CONFLICT (question_id) DO UPDATE SET language_id = 1 ,topic_id= 3026,c_grade_id =0,level=0,question_text='1',explanation='',interesting_fact='100';


INSERT INTO answer_options (question_id, correct_answer, answer_text)
VALUES ('103026120', TRUE, 'כל מדף ספרים מכיל 10 ספרים, ובספרייה יש 100 מדפי ספרים. כמה ספרים יש שם?') ;

INSERT INTO answer_options (question_id, correct_answer, answer_text)
VALUES ('103026120', FALSE, '1000');

INSERT INTO answer_options (question_id, correct_answer, answer_text)
VALUES ('103026120', FALSE, '10000');

INSERT INTO answer_options (question_id, correct_answer, answer_text)
VALUES ('103026120', FALSE, '10');

INSERT INTO questions (question_id, language_id, topic_id, c_grade_id, level, question_text, explanation, interesting_fact)
VALUES ('103027101', 1, 3027, 1, 1, '1', '', '25') ON CONFLICT (question_id) DO UPDATE SET language_id = 1 ,topic_id= 3027,c_grade_id =1,level=1,question_text='1',explanation='',interesting_fact='25';


INSERT INTO answer_options (question_id, correct_answer, answer_text)
VALUES ('103027101', TRUE, '400x23 = (4x____ )x100') ;

INSERT INTO answer_options (question_id, correct_answer, answer_text)
VALUES ('103027101', FALSE, '23');

INSERT INTO answer_options (question_id, correct_answer, answer_text)
VALUES ('103027101', FALSE, '22');

INSERT INTO answer_options (question_id, correct_answer, answer_text)
VALUES ('103027101', FALSE, '24');

INSERT INTO questions (question_id, language_id, topic_id, c_grade_id, level, question_text, explanation, interesting_fact)
VALUES ('103027102', 1, 3027, 2, 2, '1', '', '23') ON CONFLICT (question_id) DO UPDATE SET language_id = 1 ,topic_id= 3027,c_grade_id =2,level=2,question_text='1',explanation='',interesting_fact='23';


INSERT INTO answer_options (question_id, correct_answer, answer_text)
VALUES ('103027102', TRUE, '500x21 = (5x____ )x100') ;

INSERT INTO answer_options (question_id, correct_answer, answer_text)
VALUES ('103027102', FALSE, '21');

INSERT INTO answer_options (question_id, correct_answer, answer_text)
VALUES ('103027102', FALSE, '22');

INSERT INTO answer_options (question_id, correct_answer, answer_text)
VALUES ('103027102', FALSE, '20');

INSERT INTO questions (question_id, language_id, topic_id, c_grade_id, level, question_text, explanation, interesting_fact)
VALUES ('103027103', 1, 3027, 3, 3, '1', '', '25') ON CONFLICT (question_id) DO UPDATE SET language_id = 1 ,topic_id= 3027,c_grade_id =3,level=3,question_text='1',explanation='',interesting_fact='25';


INSERT INTO answer_options (question_id, correct_answer, answer_text)
VALUES ('103027103', TRUE, '700x24 = (7x____ )x100') ;

INSERT INTO answer_options (question_id, correct_answer, answer_text)
VALUES ('103027103', FALSE, '24');

INSERT INTO answer_options (question_id, correct_answer, answer_text)
VALUES ('103027103', FALSE, '23');

INSERT INTO answer_options (question_id, correct_answer, answer_text)
VALUES ('103027103', FALSE, '22');

INSERT INTO questions (question_id, language_id, topic_id, c_grade_id, level, question_text, explanation, interesting_fact)
VALUES ('103027104', 1, 3027, 4, 4, '1', '', '21') ON CONFLICT (question_id) DO UPDATE SET language_id = 1 ,topic_id= 3027,c_grade_id =4,level=4,question_text='1',explanation='',interesting_fact='21';


INSERT INTO answer_options (question_id, correct_answer, answer_text)
VALUES ('103027104', TRUE, '800x19 = (8x____ )x100') ;

INSERT INTO answer_options (question_id, correct_answer, answer_text)
VALUES ('103027104', FALSE, '19');

INSERT INTO answer_options (question_id, correct_answer, answer_text)
VALUES ('103027104', FALSE, '18');

INSERT INTO answer_options (question_id, correct_answer, answer_text)
VALUES ('103027104', FALSE, '20');

INSERT INTO questions (question_id, language_id, topic_id, c_grade_id, level, question_text, explanation, interesting_fact)
VALUES ('103027105', 1, 3027, 5, 5, '1', '', '8') ON CONFLICT (question_id) DO UPDATE SET language_id = 1 ,topic_id= 3027,c_grade_id =5,level=5,question_text='1',explanation='',interesting_fact='8';


INSERT INTO answer_options (question_id, correct_answer, answer_text)
VALUES ('103027105', TRUE, '300x15 = 300x____ + 300x5') ;

INSERT INTO answer_options (question_id, correct_answer, answer_text)
VALUES ('103027105', FALSE, '10');

INSERT INTO answer_options (question_id, correct_answer, answer_text)
VALUES ('103027105', FALSE, '9');

INSERT INTO answer_options (question_id, correct_answer, answer_text)
VALUES ('103027105', FALSE, '11');

INSERT INTO questions (question_id, language_id, topic_id, c_grade_id, level, question_text, explanation, interesting_fact)
VALUES ('103027106', 1, 3027, 6, 6, '1', '', '12') ON CONFLICT (question_id) DO UPDATE SET language_id = 1 ,topic_id= 3027,c_grade_id =6,level=6,question_text='1',explanation='',interesting_fact='12';


INSERT INTO answer_options (question_id, correct_answer, answer_text)
VALUES ('103027106', TRUE, '200x18 = 200x____ + 200x8') ;

INSERT INTO answer_options (question_id, correct_answer, answer_text)
VALUES ('103027106', FALSE, '10');

INSERT INTO answer_options (question_id, correct_answer, answer_text)
VALUES ('103027106', FALSE, '11');

INSERT INTO answer_options (question_id, correct_answer, answer_text)
VALUES ('103027106', FALSE, '9');

INSERT INTO questions (question_id, language_id, topic_id, c_grade_id, level, question_text, explanation, interesting_fact)
VALUES ('103027107', 1, 3027, 7, 7, '1', '', '210') ON CONFLICT (question_id) DO UPDATE SET language_id = 1 ,topic_id= 3027,c_grade_id =7,level=7,question_text='1',explanation='',interesting_fact='210';


INSERT INTO answer_options (question_id, correct_answer, answer_text)
VALUES ('103027107', TRUE, '____x530 = 23x53x10') ;

INSERT INTO answer_options (question_id, correct_answer, answer_text)
VALUES ('103027107', FALSE, '23');

INSERT INTO answer_options (question_id, correct_answer, answer_text)
VALUES ('103027107', FALSE, '53');

INSERT INTO answer_options (question_id, correct_answer, answer_text)
VALUES ('103027107', FALSE, '500');

INSERT INTO questions (question_id, language_id, topic_id, c_grade_id, level, question_text, explanation, interesting_fact)
VALUES ('103027108', 1, 3027, 8, 8, '1', '', '450') ON CONFLICT (question_id) DO UPDATE SET language_id = 1 ,topic_id= 3027,c_grade_id =8,level=8,question_text='1',explanation='',interesting_fact='450';


INSERT INTO answer_options (question_id, correct_answer, answer_text)
VALUES ('103027108', TRUE, '____x470 = 47x47x10') ;

INSERT INTO answer_options (question_id, correct_answer, answer_text)
VALUES ('103027108', FALSE, '47');

INSERT INTO answer_options (question_id, correct_answer, answer_text)
VALUES ('103027108', FALSE, '470');

INSERT INTO answer_options (question_id, correct_answer, answer_text)
VALUES ('103027108', FALSE, '10');

INSERT INTO questions (question_id, language_id, topic_id, c_grade_id, level, question_text, explanation, interesting_fact)
VALUES ('103027109', 1, 3027, 9, 9, '1', '', '10') ON CONFLICT (question_id) DO UPDATE SET language_id = 1 ,topic_id= 3027,c_grade_id =9,level=9,question_text='1',explanation='',interesting_fact='10';


INSERT INTO answer_options (question_id, correct_answer, answer_text)
VALUES ('103027109', TRUE, '____x610 = 63x61x10') ;

INSERT INTO answer_options (question_id, correct_answer, answer_text)
VALUES ('103027109', FALSE, '63');

INSERT INTO answer_options (question_id, correct_answer, answer_text)
VALUES ('103027109', FALSE, '630');

INSERT INTO answer_options (question_id, correct_answer, answer_text)
VALUES ('103027109', FALSE, '600');

INSERT INTO questions (question_id, language_id, topic_id, c_grade_id, level, question_text, explanation, interesting_fact)
VALUES ('103027110', 1, 3027, 0, 0, '1', '', '50') ON CONFLICT (question_id) DO UPDATE SET language_id = 1 ,topic_id= 3027,c_grade_id =0,level=0,question_text='1',explanation='',interesting_fact='50';


INSERT INTO answer_options (question_id, correct_answer, answer_text)
VALUES ('103027110', TRUE, '50x____ = 50x120 + 50x8') ;

INSERT INTO answer_options (question_id, correct_answer, answer_text)
VALUES ('103027110', FALSE, '128');

INSERT INTO answer_options (question_id, correct_answer, answer_text)
VALUES ('103027110', FALSE, '120');

INSERT INTO answer_options (question_id, correct_answer, answer_text)
VALUES ('103027110', FALSE, '10');

INSERT INTO questions (question_id, language_id, topic_id, c_grade_id, level, question_text, explanation, interesting_fact)
VALUES ('103027111', 1, 3027, 1, 1, '1', '', '37') ON CONFLICT (question_id) DO UPDATE SET language_id = 1 ,topic_id= 3027,c_grade_id =1,level=1,question_text='1',explanation='',interesting_fact='37';


INSERT INTO answer_options (question_id, correct_answer, answer_text)
VALUES ('103027111', TRUE, '20x____ = 20x130 + 20x7') ;

INSERT INTO answer_options (question_id, correct_answer, answer_text)
VALUES ('103027111', FALSE, '137');

INSERT INTO answer_options (question_id, correct_answer, answer_text)
VALUES ('103027111', FALSE, '7');

INSERT INTO answer_options (question_id, correct_answer, answer_text)
VALUES ('103027111', FALSE, '30');

INSERT INTO questions (question_id, language_id, topic_id, c_grade_id, level, question_text, explanation, interesting_fact)
VALUES ('103027112', 1, 3027, 2, 2, '1', '', '9') ON CONFLICT (question_id) DO UPDATE SET language_id = 1 ,topic_id= 3027,c_grade_id =2,level=2,question_text='1',explanation='',interesting_fact='9';


INSERT INTO answer_options (question_id, correct_answer, answer_text)
VALUES ('103027112', TRUE, '30x____ = 30x110 + 30x9') ;

INSERT INTO answer_options (question_id, correct_answer, answer_text)
VALUES ('103027112', FALSE, '119');

INSERT INTO answer_options (question_id, correct_answer, answer_text)
VALUES ('103027112', FALSE, '109');

INSERT INTO answer_options (question_id, correct_answer, answer_text)
VALUES ('103027112', FALSE, '100');

INSERT INTO questions (question_id, language_id, topic_id, c_grade_id, level, question_text, explanation, interesting_fact)
VALUES ('103027113', 1, 3027, 3, 3, '1', '', '100') ON CONFLICT (question_id) DO UPDATE SET language_id = 1 ,topic_id= 3027,c_grade_id =3,level=3,question_text='1',explanation='',interesting_fact='100';


INSERT INTO answer_options (question_id, correct_answer, answer_text)
VALUES ('103027113', TRUE, '70x____ = 70x140 + 70x6') ;

INSERT INTO answer_options (question_id, correct_answer, answer_text)
VALUES ('103027113', FALSE, '146');

INSERT INTO answer_options (question_id, correct_answer, answer_text)
VALUES ('103027113', FALSE, '14');

INSERT INTO answer_options (question_id, correct_answer, answer_text)
VALUES ('103027113', FALSE, '6');

INSERT INTO questions (question_id, language_id, topic_id, c_grade_id, level, question_text, explanation, interesting_fact)
VALUES ('103027114', 1, 3027, 4, 4, '1', '', '21') ON CONFLICT (question_id) DO UPDATE SET language_id = 1 ,topic_id= 3027,c_grade_id =4,level=4,question_text='1',explanation='',interesting_fact='21';


INSERT INTO answer_options (question_id, correct_answer, answer_text)
VALUES ('103027114', TRUE, '60x220 = (6x____ )x100') ;

INSERT INTO answer_options (question_id, correct_answer, answer_text)
VALUES ('103027114', FALSE, '22');

INSERT INTO answer_options (question_id, correct_answer, answer_text)
VALUES ('103027114', FALSE, '20');

INSERT INTO answer_options (question_id, correct_answer, answer_text)
VALUES ('103027114', FALSE, '200');

INSERT INTO questions (question_id, language_id, topic_id, c_grade_id, level, question_text, explanation, interesting_fact)
VALUES ('103027115', 1, 3027, 5, 5, '1', '', '23') ON CONFLICT (question_id) DO UPDATE SET language_id = 1 ,topic_id= 3027,c_grade_id =5,level=5,question_text='1',explanation='',interesting_fact='23';


INSERT INTO answer_options (question_id, correct_answer, answer_text)
VALUES ('103027115', TRUE, '80x250 = (8x____ )x100') ;

INSERT INTO answer_options (question_id, correct_answer, answer_text)
VALUES ('103027115', FALSE, '25');

INSERT INTO answer_options (question_id, correct_answer, answer_text)
VALUES ('103027115', FALSE, '20');

INSERT INTO answer_options (question_id, correct_answer, answer_text)
VALUES ('103027115', FALSE, '200');

INSERT INTO questions (question_id, language_id, topic_id, c_grade_id, level, question_text, explanation, interesting_fact)
VALUES ('103027116', 1, 3027, 6, 6, '1', '', '200') ON CONFLICT (question_id) DO UPDATE SET language_id = 1 ,topic_id= 3027,c_grade_id =6,level=6,question_text='1',explanation='',interesting_fact='200';


INSERT INTO answer_options (question_id, correct_answer, answer_text)
VALUES ('103027116', TRUE, '90x210 = (9x____ )x100') ;

INSERT INTO answer_options (question_id, correct_answer, answer_text)
VALUES ('103027116', FALSE, '21');

INSERT INTO answer_options (question_id, correct_answer, answer_text)
VALUES ('103027116', FALSE, '20');

INSERT INTO answer_options (question_id, correct_answer, answer_text)
VALUES ('103027116', FALSE, '220');

INSERT INTO questions (question_id, language_id, topic_id, c_grade_id, level, question_text, explanation, interesting_fact)
VALUES ('103027117', 1, 3027, 7, 7, '1', '', '250') ON CONFLICT (question_id) DO UPDATE SET language_id = 1 ,topic_id= 3027,c_grade_id =7,level=7,question_text='1',explanation='',interesting_fact='250';


INSERT INTO answer_options (question_id, correct_answer, answer_text)
VALUES ('103027117', TRUE, '____x540 = 27x54x10') ;

INSERT INTO answer_options (question_id, correct_answer, answer_text)
VALUES ('103027117', FALSE, '27');

INSERT INTO answer_options (question_id, correct_answer, answer_text)
VALUES ('103027117', FALSE, '270');

INSERT INTO answer_options (question_id, correct_answer, answer_text)
VALUES ('103027117', FALSE, '280');

INSERT INTO questions (question_id, language_id, topic_id, c_grade_id, level, question_text, explanation, interesting_fact)
VALUES ('103027118', 1, 3027, 8, 8, '1', '', '200') ON CONFLICT (question_id) DO UPDATE SET language_id = 1 ,topic_id= 3027,c_grade_id =8,level=8,question_text='1',explanation='',interesting_fact='200';


INSERT INTO answer_options (question_id, correct_answer, answer_text)
VALUES ('103027118', TRUE, '____x580 = 29x58x10') ;

INSERT INTO answer_options (question_id, correct_answer, answer_text)
VALUES ('103027118', FALSE, '29');

INSERT INTO answer_options (question_id, correct_answer, answer_text)
VALUES ('103027118', FALSE, '580');

INSERT INTO answer_options (question_id, correct_answer, answer_text)
VALUES ('103027118', FALSE, '290');

INSERT INTO questions (question_id, language_id, topic_id, c_grade_id, level, question_text, explanation, interesting_fact)
VALUES ('103027119', 1, 3027, 9, 9, '1', '', '10') ON CONFLICT (question_id) DO UPDATE SET language_id = 1 ,topic_id= 3027,c_grade_id =9,level=9,question_text='1',explanation='',interesting_fact='10';


INSERT INTO answer_options (question_id, correct_answer, answer_text)
VALUES ('103027119', TRUE, '____x630 = 31x63x10') ;

INSERT INTO answer_options (question_id, correct_answer, answer_text)
VALUES ('103027119', FALSE, '31');

INSERT INTO answer_options (question_id, correct_answer, answer_text)
VALUES ('103027119', FALSE, '30');

INSERT INTO answer_options (question_id, correct_answer, answer_text)
VALUES ('103027119', FALSE, '300');

INSERT INTO questions (question_id, language_id, topic_id, c_grade_id, level, question_text, explanation, interesting_fact)
VALUES ('103027120', 1, 3027, 0, 0, '1', '', '150') ON CONFLICT (question_id) DO UPDATE SET language_id = 1 ,topic_id= 3027,c_grade_id =0,level=0,question_text='1',explanation='',interesting_fact='150';


INSERT INTO answer_options (question_id, correct_answer, answer_text)
VALUES ('103027120', TRUE, '10x____ = 10x150 + 10x8') ;

INSERT INTO answer_options (question_id, correct_answer, answer_text)
VALUES ('103027120', FALSE, '158');

INSERT INTO answer_options (question_id, correct_answer, answer_text)
VALUES ('103027120', FALSE, '100');

INSERT INTO answer_options (question_id, correct_answer, answer_text)
VALUES ('103027120', FALSE, '58');

INSERT INTO questions (question_id, language_id, topic_id, c_grade_id, level, question_text, explanation, interesting_fact)
VALUES ('103027201', 1, 3027, 1, 1, '1', '', '160') ON CONFLICT (question_id) DO UPDATE SET language_id = 1 ,topic_id= 3027,c_grade_id =1,level=1,question_text='1',explanation='',interesting_fact='160';


INSERT INTO answer_options (question_id, correct_answer, answer_text)
VALUES ('103027201', TRUE, '40x____ = 40x160 + 40x7') ;

INSERT INTO answer_options (question_id, correct_answer, answer_text)
VALUES ('103027201', FALSE, '167');

INSERT INTO answer_options (question_id, correct_answer, answer_text)
VALUES ('103027201', FALSE, '40');

INSERT INTO answer_options (question_id, correct_answer, answer_text)
VALUES ('103027201', FALSE, '7');

INSERT INTO questions (question_id, language_id, topic_id, c_grade_id, level, question_text, explanation, interesting_fact)
VALUES ('103027202', 1, 3027, 2, 2, '1', '', '170') ON CONFLICT (question_id) DO UPDATE SET language_id = 1 ,topic_id= 3027,c_grade_id =2,level=2,question_text='1',explanation='',interesting_fact='170';


INSERT INTO answer_options (question_id, correct_answer, answer_text)
VALUES ('103027202', TRUE, '50x____ = 50x170 + 50x9') ;

INSERT INTO answer_options (question_id, correct_answer, answer_text)
VALUES ('103027202', FALSE, '179');

INSERT INTO answer_options (question_id, correct_answer, answer_text)
VALUES ('103027202', FALSE, '9');

INSERT INTO answer_options (question_id, correct_answer, answer_text)
VALUES ('103027202', FALSE, '17');

INSERT INTO questions (question_id, language_id, topic_id, c_grade_id, level, question_text, explanation, interesting_fact)
VALUES ('103027203', 1, 3027, 3, 3, '1', '', '21') ON CONFLICT (question_id) DO UPDATE SET language_id = 1 ,topic_id= 3027,c_grade_id =3,level=3,question_text='1',explanation='',interesting_fact='21';


INSERT INTO answer_options (question_id, correct_answer, answer_text)
VALUES ('103027203', TRUE, '100x230 = (10x____ )x100') ;

INSERT INTO answer_options (question_id, correct_answer, answer_text)
VALUES ('103027203', FALSE, '23');

INSERT INTO answer_options (question_id, correct_answer, answer_text)
VALUES ('103027203', FALSE, '10');

INSERT INTO answer_options (question_id, correct_answer, answer_text)
VALUES ('103027203', FALSE, '20');

INSERT INTO questions (question_id, language_id, topic_id, c_grade_id, level, question_text, explanation, interesting_fact)
VALUES ('103027204', 1, 3027, 4, 4, '1', '', '22') ON CONFLICT (question_id) DO UPDATE SET language_id = 1 ,topic_id= 3027,c_grade_id =4,level=4,question_text='1',explanation='',interesting_fact='22';


INSERT INTO answer_options (question_id, correct_answer, answer_text)
VALUES ('103027204', TRUE, '110x240 = (11x____ )x100') ;

INSERT INTO answer_options (question_id, correct_answer, answer_text)
VALUES ('103027204', FALSE, '24');

INSERT INTO answer_options (question_id, correct_answer, answer_text)
VALUES ('103027204', FALSE, '10');

INSERT INTO answer_options (question_id, correct_answer, answer_text)
VALUES ('103027204', FALSE, '20');

INSERT INTO questions (question_id, language_id, topic_id, c_grade_id, level, question_text, explanation, interesting_fact)
VALUES ('103027205', 1, 3027, 5, 5, '1', '', '19') ON CONFLICT (question_id) DO UPDATE SET language_id = 1 ,topic_id= 3027,c_grade_id =5,level=5,question_text='1',explanation='',interesting_fact='19';


INSERT INTO answer_options (question_id, correct_answer, answer_text)
VALUES ('103027205', TRUE, '120x210 = (12x____ )x100') ;

INSERT INTO answer_options (question_id, correct_answer, answer_text)
VALUES ('103027205', FALSE, '21');

INSERT INTO answer_options (question_id, correct_answer, answer_text)
VALUES ('103027205', FALSE, '10');

INSERT INTO answer_options (question_id, correct_answer, answer_text)
VALUES ('103027205', FALSE, '20');

INSERT INTO questions (question_id, language_id, topic_id, c_grade_id, level, question_text, explanation, interesting_fact)
VALUES ('103027206', 1, 3027, 6, 6, '1', '', '260') ON CONFLICT (question_id) DO UPDATE SET language_id = 1 ,topic_id= 3027,c_grade_id =6,level=6,question_text='1',explanation='',interesting_fact='260';


INSERT INTO answer_options (question_id, correct_answer, answer_text)
VALUES ('103027206', TRUE, '____x560 = 28x56x10') ;

INSERT INTO answer_options (question_id, correct_answer, answer_text)
VALUES ('103027206', FALSE, '28');

INSERT INTO answer_options (question_id, correct_answer, answer_text)
VALUES ('103027206', FALSE, '56');

INSERT INTO answer_options (question_id, correct_answer, answer_text)
VALUES ('103027206', FALSE, '280');

INSERT INTO questions (question_id, language_id, topic_id, c_grade_id, level, question_text, explanation, interesting_fact)
VALUES ('103027207', 1, 3027, 7, 7, '1', '', '270') ON CONFLICT (question_id) DO UPDATE SET language_id = 1 ,topic_id= 3027,c_grade_id =7,level=7,question_text='1',explanation='',interesting_fact='270';


INSERT INTO answer_options (question_id, correct_answer, answer_text)
VALUES ('103027207', TRUE, '____x570 = 29x57x10') ;

INSERT INTO answer_options (question_id, correct_answer, answer_text)
VALUES ('103027207', FALSE, '29');

INSERT INTO answer_options (question_id, correct_answer, answer_text)
VALUES ('103027207', FALSE, '57');

INSERT INTO answer_options (question_id, correct_answer, answer_text)
VALUES ('103027207', FALSE, '290');

INSERT INTO questions (question_id, language_id, topic_id, c_grade_id, level, question_text, explanation, interesting_fact)
VALUES ('103027208', 1, 3027, 8, 8, '1', '', '290') ON CONFLICT (question_id) DO UPDATE SET language_id = 1 ,topic_id= 3027,c_grade_id =8,level=8,question_text='1',explanation='',interesting_fact='290';


INSERT INTO answer_options (question_id, correct_answer, answer_text)
VALUES ('103027208', TRUE, '____x620 = 31x62x10') ;

INSERT INTO answer_options (question_id, correct_answer, answer_text)
VALUES ('103027208', FALSE, '31');

INSERT INTO answer_options (question_id, correct_answer, answer_text)
VALUES ('103027208', FALSE, '62');

INSERT INTO answer_options (question_id, correct_answer, answer_text)
VALUES ('103027208', FALSE, '310');

INSERT INTO questions (question_id, language_id, topic_id, c_grade_id, level, question_text, explanation, interesting_fact)
VALUES ('103027209', 1, 3027, 9, 9, '1', '', '186') ON CONFLICT (question_id) DO UPDATE SET language_id = 1 ,topic_id= 3027,c_grade_id =9,level=9,question_text='1',explanation='',interesting_fact='186';


INSERT INTO answer_options (question_id, correct_answer, answer_text)
VALUES ('103027209', TRUE, '20x____ = 20x180 + 20x8') ;

INSERT INTO answer_options (question_id, correct_answer, answer_text)
VALUES ('103027209', FALSE, '188');

INSERT INTO answer_options (question_id, correct_answer, answer_text)
VALUES ('103027209', FALSE, '20');

INSERT INTO answer_options (question_id, correct_answer, answer_text)
VALUES ('103027209', FALSE, '180');

INSERT INTO questions (question_id, language_id, topic_id, c_grade_id, level, question_text, explanation, interesting_fact)
VALUES ('103027210', 1, 3027, 0, 0, '1', '', '195') ON CONFLICT (question_id) DO UPDATE SET language_id = 1 ,topic_id= 3027,c_grade_id =0,level=0,question_text='1',explanation='',interesting_fact='195';


INSERT INTO answer_options (question_id, correct_answer, answer_text)
VALUES ('103027210', TRUE, '30x____ = 30x190 + 30x7') ;

INSERT INTO answer_options (question_id, correct_answer, answer_text)
VALUES ('103027210', FALSE, '197');

INSERT INTO answer_options (question_id, correct_answer, answer_text)
VALUES ('103027210', FALSE, '30');

INSERT INTO answer_options (question_id, correct_answer, answer_text)
VALUES ('103027210', FALSE, '190');

INSERT INTO questions (question_id, language_id, topic_id, c_grade_id, level, question_text, explanation, interesting_fact)
VALUES ('103027211', 1, 3027, 1, 1, '1', '', '207') ON CONFLICT (question_id) DO UPDATE SET language_id = 1 ,topic_id= 3027,c_grade_id =1,level=1,question_text='1',explanation='',interesting_fact='207';


INSERT INTO answer_options (question_id, correct_answer, answer_text)
VALUES ('103027211', TRUE, '40x____ = 40x200 + 40x9') ;

INSERT INTO answer_options (question_id, correct_answer, answer_text)
VALUES ('103027211', FALSE, '209');

INSERT INTO answer_options (question_id, correct_answer, answer_text)
VALUES ('103027211', FALSE, '40');

INSERT INTO answer_options (question_id, correct_answer, answer_text)
VALUES ('103027211', FALSE, '200');

INSERT INTO questions (question_id, language_id, topic_id, c_grade_id, level, question_text, explanation, interesting_fact)
VALUES ('103027212', 1, 3027, 2, 2, '1', '', '20') ON CONFLICT (question_id) DO UPDATE SET language_id = 1 ,topic_id= 3027,c_grade_id =2,level=2,question_text='1',explanation='',interesting_fact='20';


INSERT INTO answer_options (question_id, correct_answer, answer_text)
VALUES ('103027212', TRUE, '60x220 = (6x____ )x100') ;

INSERT INTO answer_options (question_id, correct_answer, answer_text)
VALUES ('103027212', FALSE, '22');

INSERT INTO answer_options (question_id, correct_answer, answer_text)
VALUES ('103027212', FALSE, '21');

INSERT INTO answer_options (question_id, correct_answer, answer_text)
VALUES ('103027212', FALSE, '23');

INSERT INTO questions (question_id, language_id, topic_id, c_grade_id, level, question_text, explanation, interesting_fact)
VALUES ('103027213', 1, 3027, 3, 3, '1', '', '30 ו-5') ON CONFLICT (question_id) DO UPDATE SET language_id = 1 ,topic_id= 3027,c_grade_id =3,level=3,question_text='1',explanation='',interesting_fact='30 ו-5';


INSERT INTO answer_options (question_id, correct_answer, answer_text)
VALUES ('103027213', TRUE, '900x35 = 900x____ + 900x____') ;

INSERT INTO answer_options (question_id, correct_answer, answer_text)
VALUES ('103027213', FALSE, 'כל כמה שרשום לעיל');

INSERT INTO answer_options (question_id, correct_answer, answer_text)
VALUES ('103027213', FALSE, '20 ו-15');

INSERT INTO answer_options (question_id, correct_answer, answer_text)
VALUES ('103027213', FALSE, '33 ו-2');

INSERT INTO questions (question_id, language_id, topic_id, c_grade_id, level, question_text, explanation, interesting_fact)
VALUES ('103027214', 1, 3027, 4, 4, '1', '', '20') ON CONFLICT (question_id) DO UPDATE SET language_id = 1 ,topic_id= 3027,c_grade_id =4,level=4,question_text='1',explanation='',interesting_fact='20';


INSERT INTO answer_options (question_id, correct_answer, answer_text)
VALUES ('103027214', TRUE, '60x110 = (6x____ )x100') ;

INSERT INTO answer_options (question_id, correct_answer, answer_text)
VALUES ('103027214', FALSE, '11');

INSERT INTO answer_options (question_id, correct_answer, answer_text)
VALUES ('103027214', FALSE, '6');

INSERT INTO answer_options (question_id, correct_answer, answer_text)
VALUES ('103027214', FALSE, '1');

INSERT INTO questions (question_id, language_id, topic_id, c_grade_id, level, question_text, explanation, interesting_fact)
VALUES ('103027215', 1, 3027, 5, 5, '1', '', '30 ו-5') ON CONFLICT (question_id) DO UPDATE SET language_id = 1 ,topic_id= 3027,c_grade_id =5,level=5,question_text='1',explanation='',interesting_fact='30 ו-5';


INSERT INTO answer_options (question_id, correct_answer, answer_text)
VALUES ('103027215', TRUE, '550x35 = 550x____ + 550x____') ;

INSERT INTO answer_options (question_id, correct_answer, answer_text)
VALUES ('103027215', FALSE, 'כל כמה שרשום לעיל');

INSERT INTO answer_options (question_id, correct_answer, answer_text)
VALUES ('103027215', FALSE, '20 ו-15');

INSERT INTO answer_options (question_id, correct_answer, answer_text)
VALUES ('103027215', FALSE, '33 ו-2');

INSERT INTO questions (question_id, language_id, topic_id, c_grade_id, level, question_text, explanation, interesting_fact)
VALUES ('103027216', 1, 3027, 6, 6, '1', '', '20') ON CONFLICT (question_id) DO UPDATE SET language_id = 1 ,topic_id= 3027,c_grade_id =6,level=6,question_text='1',explanation='',interesting_fact='20';


INSERT INTO answer_options (question_id, correct_answer, answer_text)
VALUES ('103027216', TRUE, '20x220 = (2x____ )x100') ;

INSERT INTO answer_options (question_id, correct_answer, answer_text)
VALUES ('103027216', FALSE, '22');

INSERT INTO answer_options (question_id, correct_answer, answer_text)
VALUES ('103027216', FALSE, '21');

INSERT INTO answer_options (question_id, correct_answer, answer_text)
VALUES ('103027216', FALSE, '23');

INSERT INTO questions (question_id, language_id, topic_id, c_grade_id, level, question_text, explanation, interesting_fact)
VALUES ('103027217', 1, 3027, 7, 7, '1', '', '30 ו-5') ON CONFLICT (question_id) DO UPDATE SET language_id = 1 ,topic_id= 3027,c_grade_id =7,level=7,question_text='1',explanation='',interesting_fact='30 ו-5';


INSERT INTO answer_options (question_id, correct_answer, answer_text)
VALUES ('103027217', TRUE, '600x35 = 600x____ + 600x____') ;

INSERT INTO answer_options (question_id, correct_answer, answer_text)
VALUES ('103027217', FALSE, 'כל כמה שרשום לעיל');

INSERT INTO answer_options (question_id, correct_answer, answer_text)
VALUES ('103027217', FALSE, '20 ו-15');

INSERT INTO answer_options (question_id, correct_answer, answer_text)
VALUES ('103027217', FALSE, '33 ו-2');

INSERT INTO questions (question_id, language_id, topic_id, c_grade_id, level, question_text, explanation, interesting_fact)
VALUES ('103027218', 1, 3027, 8, 8, '1', '', '20') ON CONFLICT (question_id) DO UPDATE SET language_id = 1 ,topic_id= 3027,c_grade_id =8,level=8,question_text='1',explanation='',interesting_fact='20';


INSERT INTO answer_options (question_id, correct_answer, answer_text)
VALUES ('103027218', TRUE, '10x220 = (1x____ )x100') ;

INSERT INTO answer_options (question_id, correct_answer, answer_text)
VALUES ('103027218', FALSE, '22');

INSERT INTO answer_options (question_id, correct_answer, answer_text)
VALUES ('103027218', FALSE, '21');

INSERT INTO answer_options (question_id, correct_answer, answer_text)
VALUES ('103027218', FALSE, '23');

INSERT INTO questions (question_id, language_id, topic_id, c_grade_id, level, question_text, explanation, interesting_fact)
VALUES ('103027219', 1, 3027, 9, 9, '1', '', '14 ו-1') ON CONFLICT (question_id) DO UPDATE SET language_id = 1 ,topic_id= 3027,c_grade_id =9,level=9,question_text='1',explanation='',interesting_fact='14 ו-1';


INSERT INTO answer_options (question_id, correct_answer, answer_text)
VALUES ('103027219', TRUE, '900x15 = 900x____ + 900x____') ;

INSERT INTO answer_options (question_id, correct_answer, answer_text)
VALUES ('103027219', FALSE, 'כל כמה שרשום לעיל');

INSERT INTO answer_options (question_id, correct_answer, answer_text)
VALUES ('103027219', FALSE, '10 ו-5');

INSERT INTO answer_options (question_id, correct_answer, answer_text)
VALUES ('103027219', FALSE, '13 ו-2');

INSERT INTO questions (question_id, language_id, topic_id, c_grade_id, level, question_text, explanation, interesting_fact)
VALUES ('103027220', 1, 3027, 0, 0, '1', '', '30 ו-5') ON CONFLICT (question_id) DO UPDATE SET language_id = 1 ,topic_id= 3027,c_grade_id =0,level=0,question_text='1',explanation='',interesting_fact='30 ו-5';


INSERT INTO answer_options (question_id, correct_answer, answer_text)
VALUES ('103027220', TRUE, '900x10 = 900x____ + 900x____') ;

INSERT INTO answer_options (question_id, correct_answer, answer_text)
VALUES ('103027220', FALSE, '3 ו-7');

INSERT INTO answer_options (question_id, correct_answer, answer_text)
VALUES ('103027220', FALSE, 'כל כמה שרשום לעיל');

INSERT INTO answer_options (question_id, correct_answer, answer_text)
VALUES ('103027220', FALSE, '33 ו-2');

INSERT INTO questions (question_id, language_id, topic_id, c_grade_id, level, question_text, explanation, interesting_fact)
VALUES ('103028101', 1, 3028, 1, 1, '1', '', '6') ON CONFLICT (question_id) DO UPDATE SET language_id = 1 ,topic_id= 3028,c_grade_id =1,level=1,question_text='1',explanation='',interesting_fact='6';


INSERT INTO answer_options (question_id, correct_answer, answer_text)
VALUES ('103028101', TRUE, '40:5 = ?') ;

INSERT INTO answer_options (question_id, correct_answer, answer_text)
VALUES ('103028101', FALSE, '8');

INSERT INTO answer_options (question_id, correct_answer, answer_text)
VALUES ('103028101', FALSE, '7');

INSERT INTO answer_options (question_id, correct_answer, answer_text)
VALUES ('103028101', FALSE, '9');

INSERT INTO questions (question_id, language_id, topic_id, c_grade_id, level, question_text, explanation, interesting_fact)
VALUES ('103028102', 1, 3028, 2, 2, '1', '', '8') ON CONFLICT (question_id) DO UPDATE SET language_id = 1 ,topic_id= 3028,c_grade_id =2,level=2,question_text='1',explanation='',interesting_fact='8';


INSERT INTO answer_options (question_id, correct_answer, answer_text)
VALUES ('103028102', TRUE, '60:6 = ?') ;

INSERT INTO answer_options (question_id, correct_answer, answer_text)
VALUES ('103028102', FALSE, '10');

INSERT INTO answer_options (question_id, correct_answer, answer_text)
VALUES ('103028102', FALSE, '9');

INSERT INTO answer_options (question_id, correct_answer, answer_text)
VALUES ('103028102', FALSE, '11');

INSERT INTO questions (question_id, language_id, topic_id, c_grade_id, level, question_text, explanation, interesting_fact)
VALUES ('103028103', 1, 3028, 3, 3, '1', '', '8') ON CONFLICT (question_id) DO UPDATE SET language_id = 1 ,topic_id= 3028,c_grade_id =3,level=3,question_text='1',explanation='',interesting_fact='8';


INSERT INTO answer_options (question_id, correct_answer, answer_text)
VALUES ('103028103', TRUE, '50:5 = ?') ;

INSERT INTO answer_options (question_id, correct_answer, answer_text)
VALUES ('103028103', FALSE, '10');

INSERT INTO answer_options (question_id, correct_answer, answer_text)
VALUES ('103028103', FALSE, '9');

INSERT INTO answer_options (question_id, correct_answer, answer_text)
VALUES ('103028103', FALSE, '11');

INSERT INTO questions (question_id, language_id, topic_id, c_grade_id, level, question_text, explanation, interesting_fact)
VALUES ('103028104', 1, 3028, 4, 4, '1', '', '8') ON CONFLICT (question_id) DO UPDATE SET language_id = 1 ,topic_id= 3028,c_grade_id =4,level=4,question_text='1',explanation='',interesting_fact='8';


INSERT INTO answer_options (question_id, correct_answer, answer_text)
VALUES ('103028104', TRUE, '70:7 = ?') ;

INSERT INTO answer_options (question_id, correct_answer, answer_text)
VALUES ('103028104', FALSE, '10');

INSERT INTO answer_options (question_id, correct_answer, answer_text)
VALUES ('103028104', FALSE, '9');

INSERT INTO answer_options (question_id, correct_answer, answer_text)
VALUES ('103028104', FALSE, '11');

INSERT INTO questions (question_id, language_id, topic_id, c_grade_id, level, question_text, explanation, interesting_fact)
VALUES ('103028105', 1, 3028, 5, 5, '1', '', '12') ON CONFLICT (question_id) DO UPDATE SET language_id = 1 ,topic_id= 3028,c_grade_id =5,level=5,question_text='1',explanation='',interesting_fact='12';


INSERT INTO answer_options (question_id, correct_answer, answer_text)
VALUES ('103028105', TRUE, '80:8 = ?') ;

INSERT INTO answer_options (question_id, correct_answer, answer_text)
VALUES ('103028105', FALSE, '10');

INSERT INTO answer_options (question_id, correct_answer, answer_text)
VALUES ('103028105', FALSE, '9');

INSERT INTO answer_options (question_id, correct_answer, answer_text)
VALUES ('103028105', FALSE, '11');

INSERT INTO questions (question_id, language_id, topic_id, c_grade_id, level, question_text, explanation, interesting_fact)
VALUES ('103028106', 1, 3028, 6, 6, '1', '', '4') ON CONFLICT (question_id) DO UPDATE SET language_id = 1 ,topic_id= 3028,c_grade_id =6,level=6,question_text='1',explanation='',interesting_fact='4';


INSERT INTO answer_options (question_id, correct_answer, answer_text)
VALUES ('103028106', TRUE, '40:___= 8') ;

INSERT INTO answer_options (question_id, correct_answer, answer_text)
VALUES ('103028106', FALSE, '5');

INSERT INTO answer_options (question_id, correct_answer, answer_text)
VALUES ('103028106', FALSE, '6');

INSERT INTO answer_options (question_id, correct_answer, answer_text)
VALUES ('103028106', FALSE, '7');

INSERT INTO questions (question_id, language_id, topic_id, c_grade_id, level, question_text, explanation, interesting_fact)
VALUES ('103028107', 1, 3028, 7, 7, '1', '', '8') ON CONFLICT (question_id) DO UPDATE SET language_id = 1 ,topic_id= 3028,c_grade_id =7,level=7,question_text='1',explanation='',interesting_fact='8';


INSERT INTO answer_options (question_id, correct_answer, answer_text)
VALUES ('103028107', TRUE, '100:___ = 10') ;

INSERT INTO answer_options (question_id, correct_answer, answer_text)
VALUES ('103028107', FALSE, '10');

INSERT INTO answer_options (question_id, correct_answer, answer_text)
VALUES ('103028107', FALSE, '9');

INSERT INTO answer_options (question_id, correct_answer, answer_text)
VALUES ('103028107', FALSE, '11');

INSERT INTO questions (question_id, language_id, topic_id, c_grade_id, level, question_text, explanation, interesting_fact)
VALUES ('103028108', 1, 3028, 8, 8, '1', '', '7') ON CONFLICT (question_id) DO UPDATE SET language_id = 1 ,topic_id= 3028,c_grade_id =8,level=8,question_text='1',explanation='',interesting_fact='7';


INSERT INTO answer_options (question_id, correct_answer, answer_text)
VALUES ('103028108', TRUE, '80:___ = 8') ;

INSERT INTO answer_options (question_id, correct_answer, answer_text)
VALUES ('103028108', FALSE, '10');

INSERT INTO answer_options (question_id, correct_answer, answer_text)
VALUES ('103028108', FALSE, '9');

INSERT INTO answer_options (question_id, correct_answer, answer_text)
VALUES ('103028108', FALSE, '11');

INSERT INTO questions (question_id, language_id, topic_id, c_grade_id, level, question_text, explanation, interesting_fact)
VALUES ('103028109', 1, 3028, 9, 9, '1', '', '20') ON CONFLICT (question_id) DO UPDATE SET language_id = 1 ,topic_id= 3028,c_grade_id =9,level=9,question_text='1',explanation='',interesting_fact='20';


INSERT INTO answer_options (question_id, correct_answer, answer_text)
VALUES ('103028109', TRUE, '____:4 = 10') ;

INSERT INTO answer_options (question_id, correct_answer, answer_text)
VALUES ('103028109', FALSE, '40');

INSERT INTO answer_options (question_id, correct_answer, answer_text)
VALUES ('103028109', FALSE, '50');

INSERT INTO answer_options (question_id, correct_answer, answer_text)
VALUES ('103028109', FALSE, '30');

INSERT INTO questions (question_id, language_id, topic_id, c_grade_id, level, question_text, explanation, interesting_fact)
VALUES ('103028110', 1, 3028, 0, 0, '1', '', '40') ON CONFLICT (question_id) DO UPDATE SET language_id = 1 ,topic_id= 3028,c_grade_id =0,level=0,question_text='1',explanation='',interesting_fact='40';


INSERT INTO answer_options (question_id, correct_answer, answer_text)
VALUES ('103028110', TRUE, '____:3 = 20') ;

INSERT INTO answer_options (question_id, correct_answer, answer_text)
VALUES ('103028110', FALSE, '60');

INSERT INTO answer_options (question_id, correct_answer, answer_text)
VALUES ('103028110', FALSE, '50');

INSERT INTO answer_options (question_id, correct_answer, answer_text)
VALUES ('103028110', FALSE, '70');

INSERT INTO questions (question_id, language_id, topic_id, c_grade_id, level, question_text, explanation, interesting_fact)
VALUES ('103028111', 1, 3028, 1, 1, '1', '', '55') ON CONFLICT (question_id) DO UPDATE SET language_id = 1 ,topic_id= 3028,c_grade_id =1,level=1,question_text='1',explanation='',interesting_fact='55';


INSERT INTO answer_options (question_id, correct_answer, answer_text)
VALUES ('103028111', TRUE, '____:5 = 12') ;

INSERT INTO answer_options (question_id, correct_answer, answer_text)
VALUES ('103028111', FALSE, '60');

INSERT INTO answer_options (question_id, correct_answer, answer_text)
VALUES ('103028111', FALSE, '50');

INSERT INTO answer_options (question_id, correct_answer, answer_text)
VALUES ('103028111', FALSE, '70');

INSERT INTO questions (question_id, language_id, topic_id, c_grade_id, level, question_text, explanation, interesting_fact)
VALUES ('103028112', 1, 3028, 2, 2, '1', '', '95') ON CONFLICT (question_id) DO UPDATE SET language_id = 1 ,topic_id= 3028,c_grade_id =2,level=2,question_text='1',explanation='',interesting_fact='95';


INSERT INTO answer_options (question_id, correct_answer, answer_text)
VALUES ('103028112', TRUE, '____:6 = 15') ;

INSERT INTO answer_options (question_id, correct_answer, answer_text)
VALUES ('103028112', FALSE, '90');

INSERT INTO answer_options (question_id, correct_answer, answer_text)
VALUES ('103028112', FALSE, '80');

INSERT INTO answer_options (question_id, correct_answer, answer_text)
VALUES ('103028112', FALSE, '85');

INSERT INTO questions (question_id, language_id, topic_id, c_grade_id, level, question_text, explanation, interesting_fact)
VALUES ('103028113', 1, 3028, 3, 3, '1', '', '65') ON CONFLICT (question_id) DO UPDATE SET language_id = 1 ,topic_id= 3028,c_grade_id =3,level=3,question_text='1',explanation='',interesting_fact='65';


INSERT INTO answer_options (question_id, correct_answer, answer_text)
VALUES ('103028113', TRUE, '____:7 = 9') ;

INSERT INTO answer_options (question_id, correct_answer, answer_text)
VALUES ('103028113', FALSE, '63');

INSERT INTO answer_options (question_id, correct_answer, answer_text)
VALUES ('103028113', FALSE, '70');

INSERT INTO answer_options (question_id, correct_answer, answer_text)
VALUES ('103028113', FALSE, '64');

INSERT INTO questions (question_id, language_id, topic_id, c_grade_id, level, question_text, explanation, interesting_fact)
VALUES ('103028114', 1, 3028, 4, 4, '1', '', '4') ON CONFLICT (question_id) DO UPDATE SET language_id = 1 ,topic_id= 3028,c_grade_id =4,level=4,question_text='1',explanation='',interesting_fact='4';


INSERT INTO answer_options (question_id, correct_answer, answer_text)
VALUES ('103028114', TRUE, '36:6 = ?') ;

INSERT INTO answer_options (question_id, correct_answer, answer_text)
VALUES ('103028114', FALSE, '6');

INSERT INTO answer_options (question_id, correct_answer, answer_text)
VALUES ('103028114', FALSE, '5');

INSERT INTO answer_options (question_id, correct_answer, answer_text)
VALUES ('103028114', FALSE, '7');

INSERT INTO questions (question_id, language_id, topic_id, c_grade_id, level, question_text, explanation, interesting_fact)
VALUES ('103028115', 1, 3028, 5, 5, '1', '', '8') ON CONFLICT (question_id) DO UPDATE SET language_id = 1 ,topic_id= 3028,c_grade_id =5,level=5,question_text='1',explanation='',interesting_fact='8';


INSERT INTO answer_options (question_id, correct_answer, answer_text)
VALUES ('103028115', TRUE, '42:7 = ?') ;

INSERT INTO answer_options (question_id, correct_answer, answer_text)
VALUES ('103028115', FALSE, '6');

INSERT INTO answer_options (question_id, correct_answer, answer_text)
VALUES ('103028115', FALSE, '5');

INSERT INTO answer_options (question_id, correct_answer, answer_text)
VALUES ('103028115', FALSE, '7');

INSERT INTO questions (question_id, language_id, topic_id, c_grade_id, level, question_text, explanation, interesting_fact)
VALUES ('103028116', 1, 3028, 6, 6, '1', '', '7') ON CONFLICT (question_id) DO UPDATE SET language_id = 1 ,topic_id= 3028,c_grade_id =6,level=6,question_text='1',explanation='',interesting_fact='7';


INSERT INTO answer_options (question_id, correct_answer, answer_text)
VALUES ('103028116', TRUE, '45:9 = ?') ;

INSERT INTO answer_options (question_id, correct_answer, answer_text)
VALUES ('103028116', FALSE, '5');

INSERT INTO answer_options (question_id, correct_answer, answer_text)
VALUES ('103028116', FALSE, '4');

INSERT INTO answer_options (question_id, correct_answer, answer_text)
VALUES ('103028116', FALSE, '6');

INSERT INTO questions (question_id, language_id, topic_id, c_grade_id, level, question_text, explanation, interesting_fact)
VALUES ('103028117', 1, 3028, 7, 7, '1', '', '8') ON CONFLICT (question_id) DO UPDATE SET language_id = 1 ,topic_id= 3028,c_grade_id =7,level=7,question_text='1',explanation='',interesting_fact='8';


INSERT INTO answer_options (question_id, correct_answer, answer_text)
VALUES ('103028117', TRUE, '54:9 = ?') ;

INSERT INTO answer_options (question_id, correct_answer, answer_text)
VALUES ('103028117', FALSE, '6');

INSERT INTO answer_options (question_id, correct_answer, answer_text)
VALUES ('103028117', FALSE, '5');

INSERT INTO answer_options (question_id, correct_answer, answer_text)
VALUES ('103028117', FALSE, '7');

INSERT INTO questions (question_id, language_id, topic_id, c_grade_id, level, question_text, explanation, interesting_fact)
VALUES ('103028118', 1, 3028, 8, 8, '1', '', '6') ON CONFLICT (question_id) DO UPDATE SET language_id = 1 ,topic_id= 3028,c_grade_id =8,level=8,question_text='1',explanation='',interesting_fact='6';


INSERT INTO answer_options (question_id, correct_answer, answer_text)
VALUES ('103028118', TRUE, '72:___ = 9') ;

INSERT INTO answer_options (question_id, correct_answer, answer_text)
VALUES ('103028118', FALSE, '8');

INSERT INTO answer_options (question_id, correct_answer, answer_text)
VALUES ('103028118', FALSE, '7');

INSERT INTO answer_options (question_id, correct_answer, answer_text)
VALUES ('103028118', FALSE, '10');

INSERT INTO questions (question_id, language_id, topic_id, c_grade_id, level, question_text, explanation, interesting_fact)
VALUES ('103028119', 1, 3028, 9, 9, '1', '', '5') ON CONFLICT (question_id) DO UPDATE SET language_id = 1 ,topic_id= 3028,c_grade_id =9,level=9,question_text='1',explanation='',interesting_fact='5';


INSERT INTO answer_options (question_id, correct_answer, answer_text)
VALUES ('103028119', TRUE, '49:___ = 7') ;

INSERT INTO answer_options (question_id, correct_answer, answer_text)
VALUES ('103028119', FALSE, '7');

INSERT INTO answer_options (question_id, correct_answer, answer_text)
VALUES ('103028119', FALSE, '6');

INSERT INTO answer_options (question_id, correct_answer, answer_text)
VALUES ('103028119', FALSE, '8');

INSERT INTO questions (question_id, language_id, topic_id, c_grade_id, level, question_text, explanation, interesting_fact)
VALUES ('103028120', 1, 3028, 0, 0, '1', '', '9') ON CONFLICT (question_id) DO UPDATE SET language_id = 1 ,topic_id= 3028,c_grade_id =0,level=0,question_text='1',explanation='',interesting_fact='9';


INSERT INTO answer_options (question_id, correct_answer, answer_text)
VALUES ('103028120', TRUE, '35:___ = 5') ;

INSERT INTO answer_options (question_id, correct_answer, answer_text)
VALUES ('103028120', FALSE, '7');

INSERT INTO answer_options (question_id, correct_answer, answer_text)
VALUES ('103028120', FALSE, '6');

INSERT INTO answer_options (question_id, correct_answer, answer_text)
VALUES ('103028120', FALSE, '8');

INSERT INTO questions (question_id, language_id, topic_id, c_grade_id, level, question_text, explanation, interesting_fact)
VALUES ('103028201', 1, 3028, 1, 1, '1', '', '6') ON CONFLICT (question_id) DO UPDATE SET language_id = 1 ,topic_id= 3028,c_grade_id =1,level=1,question_text='1',explanation='',interesting_fact='6';


INSERT INTO answer_options (question_id, correct_answer, answer_text)
VALUES ('103028201', TRUE, '64 : ___ = 8') ;

INSERT INTO answer_options (question_id, correct_answer, answer_text)
VALUES ('103028201', FALSE, '8');

INSERT INTO answer_options (question_id, correct_answer, answer_text)
VALUES ('103028201', FALSE, '7');

INSERT INTO answer_options (question_id, correct_answer, answer_text)
VALUES ('103028201', FALSE, '9');

INSERT INTO questions (question_id, language_id, topic_id, c_grade_id, level, question_text, explanation, interesting_fact)
VALUES ('103028202', 1, 3028, 2, 2, '1', '', '70') ON CONFLICT (question_id) DO UPDATE SET language_id = 1 ,topic_id= 3028,c_grade_id =2,level=2,question_text='1',explanation='',interesting_fact='70';


INSERT INTO answer_options (question_id, correct_answer, answer_text)
VALUES ('103028202', TRUE, '____ : 7 = 9') ;

INSERT INTO answer_options (question_id, correct_answer, answer_text)
VALUES ('103028202', FALSE, '63');

INSERT INTO answer_options (question_id, correct_answer, answer_text)
VALUES ('103028202', FALSE, '56');

INSERT INTO answer_options (question_id, correct_answer, answer_text)
VALUES ('103028202', FALSE, '49');

INSERT INTO questions (question_id, language_id, topic_id, c_grade_id, level, question_text, explanation, interesting_fact)
VALUES ('103028203', 1, 3028, 3, 3, '1', '', '48') ON CONFLICT (question_id) DO UPDATE SET language_id = 1 ,topic_id= 3028,c_grade_id =3,level=3,question_text='1',explanation='',interesting_fact='48';


INSERT INTO answer_options (question_id, correct_answer, answer_text)
VALUES ('103028203', TRUE, '____ : 6 = 6') ;

INSERT INTO answer_options (question_id, correct_answer, answer_text)
VALUES ('103028203', FALSE, '36');

INSERT INTO answer_options (question_id, correct_answer, answer_text)
VALUES ('103028203', FALSE, '30');

INSERT INTO answer_options (question_id, correct_answer, answer_text)
VALUES ('103028203', FALSE, '42');

INSERT INTO questions (question_id, language_id, topic_id, c_grade_id, level, question_text, explanation, interesting_fact)
VALUES ('103028204', 1, 3028, 4, 4, '1', '', '25') ON CONFLICT (question_id) DO UPDATE SET language_id = 1 ,topic_id= 3028,c_grade_id =4,level=4,question_text='1',explanation='',interesting_fact='25';


INSERT INTO answer_options (question_id, correct_answer, answer_text)
VALUES ('103028204', TRUE, '____ : 5 = 7') ;

INSERT INTO answer_options (question_id, correct_answer, answer_text)
VALUES ('103028204', FALSE, '35');

INSERT INTO answer_options (question_id, correct_answer, answer_text)
VALUES ('103028204', FALSE, '40');

INSERT INTO answer_options (question_id, correct_answer, answer_text)
VALUES ('103028204', FALSE, '30');

INSERT INTO questions (question_id, language_id, topic_id, c_grade_id, level, question_text, explanation, interesting_fact)
VALUES ('103028205', 1, 3028, 5, 5, '1', '', '54') ON CONFLICT (question_id) DO UPDATE SET language_id = 1 ,topic_id= 3028,c_grade_id =5,level=5,question_text='1',explanation='',interesting_fact='54';


INSERT INTO answer_options (question_id, correct_answer, answer_text)
VALUES ('103028205', TRUE, '____ : 9 = 8') ;

INSERT INTO answer_options (question_id, correct_answer, answer_text)
VALUES ('103028205', FALSE, '72');

INSERT INTO answer_options (question_id, correct_answer, answer_text)
VALUES ('103028205', FALSE, '81');

INSERT INTO answer_options (question_id, correct_answer, answer_text)
VALUES ('103028205', FALSE, '63');

INSERT INTO questions (question_id, language_id, topic_id, c_grade_id, level, question_text, explanation, interesting_fact)
VALUES ('103028206', 1, 3028, 6, 6, '1', '', '3') ON CONFLICT (question_id) DO UPDATE SET language_id = 1 ,topic_id= 3028,c_grade_id =6,level=6,question_text='1',explanation='',interesting_fact='3';


INSERT INTO answer_options (question_id, correct_answer, answer_text)
VALUES ('103028206', TRUE, '65 : 5 = 50 : ____ + 15 : 5') ;

INSERT INTO answer_options (question_id, correct_answer, answer_text)
VALUES ('103028206', FALSE, '5');

INSERT INTO answer_options (question_id, correct_answer, answer_text)
VALUES ('103028206', FALSE, '4');

INSERT INTO answer_options (question_id, correct_answer, answer_text)
VALUES ('103028206', FALSE, '6');

INSERT INTO questions (question_id, language_id, topic_id, c_grade_id, level, question_text, explanation, interesting_fact)
VALUES ('103028207', 1, 3028, 7, 7, '1', '', '3') ON CONFLICT (question_id) DO UPDATE SET language_id = 1 ,topic_id= 3028,c_grade_id =7,level=7,question_text='1',explanation='',interesting_fact='3';


INSERT INTO answer_options (question_id, correct_answer, answer_text)
VALUES ('103028207', TRUE, '35 : 5 = 30 : ____ + 5 : 5') ;

INSERT INTO answer_options (question_id, correct_answer, answer_text)
VALUES ('103028207', FALSE, '5');

INSERT INTO answer_options (question_id, correct_answer, answer_text)
VALUES ('103028207', FALSE, '4');

INSERT INTO answer_options (question_id, correct_answer, answer_text)
VALUES ('103028207', FALSE, '6');

INSERT INTO questions (question_id, language_id, topic_id, c_grade_id, level, question_text, explanation, interesting_fact)
VALUES ('103028208', 1, 3028, 8, 8, '1', '', '8') ON CONFLICT (question_id) DO UPDATE SET language_id = 1 ,topic_id= 3028,c_grade_id =8,level=8,question_text='1',explanation='',interesting_fact='8';


INSERT INTO answer_options (question_id, correct_answer, answer_text)
VALUES ('103028208', TRUE, '77 : 7 = 70 : ____ + 7 : 7') ;

INSERT INTO answer_options (question_id, correct_answer, answer_text)
VALUES ('103028208', FALSE, '7');

INSERT INTO answer_options (question_id, correct_answer, answer_text)
VALUES ('103028208', FALSE, '5');

INSERT INTO answer_options (question_id, correct_answer, answer_text)
VALUES ('103028208', FALSE, '6');

INSERT INTO questions (question_id, language_id, topic_id, c_grade_id, level, question_text, explanation, interesting_fact)
VALUES ('103028209', 1, 3028, 9, 9, '1', '', '6') ON CONFLICT (question_id) DO UPDATE SET language_id = 1 ,topic_id= 3028,c_grade_id =9,level=9,question_text='1',explanation='',interesting_fact='6';


INSERT INTO answer_options (question_id, correct_answer, answer_text)
VALUES ('103028209', TRUE, '48 : ____ = 40 : 4 + 8 : 4') ;

INSERT INTO answer_options (question_id, correct_answer, answer_text)
VALUES ('103028209', FALSE, '4');

INSERT INTO answer_options (question_id, correct_answer, answer_text)
VALUES ('103028209', FALSE, '5');

INSERT INTO answer_options (question_id, correct_answer, answer_text)
VALUES ('103028209', FALSE, '3');

INSERT INTO questions (question_id, language_id, topic_id, c_grade_id, level, question_text, explanation, interesting_fact)
VALUES ('103028210', 1, 3028, 0, 0, '1', '', '10') ON CONFLICT (question_id) DO UPDATE SET language_id = 1 ,topic_id= 3028,c_grade_id =0,level=0,question_text='1',explanation='',interesting_fact='10';


INSERT INTO answer_options (question_id, correct_answer, answer_text)
VALUES ('103028210', TRUE, '99 : ____ = 90 : 9 + 9 : 9') ;

INSERT INTO answer_options (question_id, correct_answer, answer_text)
VALUES ('103028210', FALSE, '9');

INSERT INTO answer_options (question_id, correct_answer, answer_text)
VALUES ('103028210', FALSE, '7');

INSERT INTO answer_options (question_id, correct_answer, answer_text)
VALUES ('103028210', FALSE, '8');

INSERT INTO questions (question_id, language_id, topic_id, c_grade_id, level, question_text, explanation, interesting_fact)
VALUES ('103028211', 1, 3028, 1, 1, '1', '', '13') ON CONFLICT (question_id) DO UPDATE SET language_id = 1 ,topic_id= 3028,c_grade_id =1,level=1,question_text='1',explanation='',interesting_fact='13';


INSERT INTO answer_options (question_id, correct_answer, answer_text)
VALUES ('103028211', TRUE, '84 : 7 = 70 : 7 + 14 : 7 = ____') ;

INSERT INTO answer_options (question_id, correct_answer, answer_text)
VALUES ('103028211', FALSE, '12');

INSERT INTO answer_options (question_id, correct_answer, answer_text)
VALUES ('103028211', FALSE, '10');

INSERT INTO answer_options (question_id, correct_answer, answer_text)
VALUES ('103028211', FALSE, '11');

INSERT INTO questions (question_id, language_id, topic_id, c_grade_id, level, question_text, explanation, interesting_fact)
VALUES ('103028212', 1, 3028, 2, 2, '1', '', '13') ON CONFLICT (question_id) DO UPDATE SET language_id = 1 ,topic_id= 3028,c_grade_id =2,level=2,question_text='1',explanation='',interesting_fact='13';


INSERT INTO answer_options (question_id, correct_answer, answer_text)
VALUES ('103028212', TRUE, '96 : 8 = 80 : 8 + 16 : 8 = ____') ;

INSERT INTO answer_options (question_id, correct_answer, answer_text)
VALUES ('103028212', FALSE, '12');

INSERT INTO answer_options (question_id, correct_answer, answer_text)
VALUES ('103028212', FALSE, '10');

INSERT INTO answer_options (question_id, correct_answer, answer_text)
VALUES ('103028212', FALSE, '14');

INSERT INTO questions (question_id, language_id, topic_id, c_grade_id, level, question_text, explanation, interesting_fact)
VALUES ('103028213', 1, 3028, 3, 3, '1', '', '10') ON CONFLICT (question_id) DO UPDATE SET language_id = 1 ,topic_id= 3028,c_grade_id =3,level=3,question_text='1',explanation='',interesting_fact='10';


INSERT INTO answer_options (question_id, correct_answer, answer_text)
VALUES ('103028213', TRUE, '72 : 6 = 60 : 6 + 12 : 6 = ____') ;

INSERT INTO answer_options (question_id, correct_answer, answer_text)
VALUES ('103028213', FALSE, '12');

INSERT INTO answer_options (question_id, correct_answer, answer_text)
VALUES ('103028213', FALSE, '11');

INSERT INTO answer_options (question_id, correct_answer, answer_text)
VALUES ('103028213', FALSE, '13');

INSERT INTO questions (question_id, language_id, topic_id, c_grade_id, level, question_text, explanation, interesting_fact)
VALUES ('103028214', 1, 3028, 4, 4, '1', '', '5') ON CONFLICT (question_id) DO UPDATE SET language_id = 1 ,topic_id= 3028,c_grade_id =4,level=4,question_text='1',explanation='',interesting_fact='5';


INSERT INTO answer_options (question_id, correct_answer, answer_text)
VALUES ('103028214', TRUE, '80 : 40 = ?') ;

INSERT INTO answer_options (question_id, correct_answer, answer_text)
VALUES ('103028214', FALSE, '2');

INSERT INTO answer_options (question_id, correct_answer, answer_text)
VALUES ('103028214', FALSE, '3');

INSERT INTO answer_options (question_id, correct_answer, answer_text)
VALUES ('103028214', FALSE, '4');

INSERT INTO questions (question_id, language_id, topic_id, c_grade_id, level, question_text, explanation, interesting_fact)
VALUES ('103028215', 1, 3028, 5, 5, '1', '', '5') ON CONFLICT (question_id) DO UPDATE SET language_id = 1 ,topic_id= 3028,c_grade_id =5,level=5,question_text='1',explanation='',interesting_fact='5';


INSERT INTO answer_options (question_id, correct_answer, answer_text)
VALUES ('103028215', TRUE, '60 :20 = ?') ;

INSERT INTO answer_options (question_id, correct_answer, answer_text)
VALUES ('103028215', FALSE, '3');

INSERT INTO answer_options (question_id, correct_answer, answer_text)
VALUES ('103028215', FALSE, '2');

INSERT INTO answer_options (question_id, correct_answer, answer_text)
VALUES ('103028215', FALSE, '4');

INSERT INTO questions (question_id, language_id, topic_id, c_grade_id, level, question_text, explanation, interesting_fact)
VALUES ('103028216', 1, 3028, 6, 6, '1', '', '5') ON CONFLICT (question_id) DO UPDATE SET language_id = 1 ,topic_id= 3028,c_grade_id =6,level=6,question_text='1',explanation='',interesting_fact='5';


INSERT INTO answer_options (question_id, correct_answer, answer_text)
VALUES ('103028216', TRUE, '90 : 30 = ?') ;

INSERT INTO answer_options (question_id, correct_answer, answer_text)
VALUES ('103028216', FALSE, '3');

INSERT INTO answer_options (question_id, correct_answer, answer_text)
VALUES ('103028216', FALSE, '2');

INSERT INTO answer_options (question_id, correct_answer, answer_text)
VALUES ('103028216', FALSE, '4');

INSERT INTO questions (question_id, language_id, topic_id, c_grade_id, level, question_text, explanation, interesting_fact)
VALUES ('103028217', 1, 3028, 7, 7, '1', '', '6') ON CONFLICT (question_id) DO UPDATE SET language_id = 1 ,topic_id= 3028,c_grade_id =7,level=7,question_text='1',explanation='',interesting_fact='6';


INSERT INTO answer_options (question_id, correct_answer, answer_text)
VALUES ('103028217', TRUE, '100 : 25 = ?') ;

INSERT INTO answer_options (question_id, correct_answer, answer_text)
VALUES ('103028217', FALSE, '4');

INSERT INTO answer_options (question_id, correct_answer, answer_text)
VALUES ('103028217', FALSE, '3');

INSERT INTO answer_options (question_id, correct_answer, answer_text)
VALUES ('103028217', FALSE, '5');

INSERT INTO questions (question_id, language_id, topic_id, c_grade_id, level, question_text, explanation, interesting_fact)
VALUES ('103028218', 1, 3028, 8, 8, '1', '', '7') ON CONFLICT (question_id) DO UPDATE SET language_id = 1 ,topic_id= 3028,c_grade_id =8,level=8,question_text='1',explanation='',interesting_fact='7';


INSERT INTO answer_options (question_id, correct_answer, answer_text)
VALUES ('103028218', TRUE, '45 : ___ = 5') ;

INSERT INTO answer_options (question_id, correct_answer, answer_text)
VALUES ('103028218', FALSE, '9');

INSERT INTO answer_options (question_id, correct_answer, answer_text)
VALUES ('103028218', FALSE, '8');

INSERT INTO answer_options (question_id, correct_answer, answer_text)
VALUES ('103028218', FALSE, '10');

INSERT INTO questions (question_id, language_id, topic_id, c_grade_id, level, question_text, explanation, interesting_fact)
VALUES ('103028219', 1, 3028, 9, 9, '1', '', '9') ON CONFLICT (question_id) DO UPDATE SET language_id = 1 ,topic_id= 3028,c_grade_id =9,level=9,question_text='1',explanation='',interesting_fact='9';


INSERT INTO answer_options (question_id, correct_answer, answer_text)
VALUES ('103028219', TRUE, '64 : ___ = 8') ;

INSERT INTO answer_options (question_id, correct_answer, answer_text)
VALUES ('103028219', FALSE, '8');

INSERT INTO answer_options (question_id, correct_answer, answer_text)
VALUES ('103028219', FALSE, '7');

INSERT INTO answer_options (question_id, correct_answer, answer_text)
VALUES ('103028219', FALSE, '6');

INSERT INTO questions (question_id, language_id, topic_id, c_grade_id, level, question_text, explanation, interesting_fact)
VALUES ('103028220', 1, 3028, 0, 0, '1', '', '9') ON CONFLICT (question_id) DO UPDATE SET language_id = 1 ,topic_id= 3028,c_grade_id =0,level=0,question_text='1',explanation='',interesting_fact='9';


INSERT INTO answer_options (question_id, correct_answer, answer_text)
VALUES ('103028220', TRUE, '56 : ___ = 8') ;

INSERT INTO answer_options (question_id, correct_answer, answer_text)
VALUES ('103028220', FALSE, '7');

INSERT INTO answer_options (question_id, correct_answer, answer_text)
VALUES ('103028220', FALSE, '6');

INSERT INTO answer_options (question_id, correct_answer, answer_text)
VALUES ('103028220', FALSE, '5');

INSERT INTO questions (question_id, language_id, topic_id, c_grade_id, level, question_text, explanation, interesting_fact)
VALUES ('103028301', 1, 3028, 1, 1, '1', '', '15') ON CONFLICT (question_id) DO UPDATE SET language_id = 1 ,topic_id= 3028,c_grade_id =1,level=1,question_text='1',explanation='',interesting_fact='15';


INSERT INTO answer_options (question_id, correct_answer, answer_text)
VALUES ('103028301', TRUE, '100 : ___ = 5') ;

INSERT INTO answer_options (question_id, correct_answer, answer_text)
VALUES ('103028301', FALSE, '20');

INSERT INTO answer_options (question_id, correct_answer, answer_text)
VALUES ('103028301', FALSE, '10');

INSERT INTO answer_options (question_id, correct_answer, answer_text)
VALUES ('103028301', FALSE, '25');

INSERT INTO questions (question_id, language_id, topic_id, c_grade_id, level, question_text, explanation, interesting_fact)
VALUES ('103028302', 1, 3028, 2, 2, '1', '', '72') ON CONFLICT (question_id) DO UPDATE SET language_id = 1 ,topic_id= 3028,c_grade_id =2,level=2,question_text='1',explanation='',interesting_fact='72';


INSERT INTO answer_options (question_id, correct_answer, answer_text)
VALUES ('103028302', TRUE, '____ : 8 = 7') ;

INSERT INTO answer_options (question_id, correct_answer, answer_text)
VALUES ('103028302', FALSE, '56');

INSERT INTO answer_options (question_id, correct_answer, answer_text)
VALUES ('103028302', FALSE, '64');

INSERT INTO answer_options (question_id, correct_answer, answer_text)
VALUES ('103028302', FALSE, '48');

INSERT INTO questions (question_id, language_id, topic_id, c_grade_id, level, question_text, explanation, interesting_fact)
VALUES ('103028303', 1, 3028, 3, 3, '1', '', '60') ON CONFLICT (question_id) DO UPDATE SET language_id = 1 ,topic_id= 3028,c_grade_id =3,level=3,question_text='1',explanation='',interesting_fact='60';


INSERT INTO answer_options (question_id, correct_answer, answer_text)
VALUES ('103028303', TRUE, '____ : 5 = 10') ;

INSERT INTO answer_options (question_id, correct_answer, answer_text)
VALUES ('103028303', FALSE, '50');

INSERT INTO answer_options (question_id, correct_answer, answer_text)
VALUES ('103028303', FALSE, '55');

INSERT INTO answer_options (question_id, correct_answer, answer_text)
VALUES ('103028303', FALSE, '45');

INSERT INTO questions (question_id, language_id, topic_id, c_grade_id, level, question_text, explanation, interesting_fact)
VALUES ('103028304', 1, 3028, 4, 4, '1', '', '58') ON CONFLICT (question_id) DO UPDATE SET language_id = 1 ,topic_id= 3028,c_grade_id =4,level=4,question_text='1',explanation='',interesting_fact='58';


INSERT INTO answer_options (question_id, correct_answer, answer_text)
VALUES ('103028304', TRUE, '____ : 4 = 12') ;

INSERT INTO answer_options (question_id, correct_answer, answer_text)
VALUES ('103028304', FALSE, '48');

INSERT INTO answer_options (question_id, correct_answer, answer_text)
VALUES ('103028304', FALSE, '52');

INSERT INTO answer_options (question_id, correct_answer, answer_text)
VALUES ('103028304', FALSE, '44');

INSERT INTO questions (question_id, language_id, topic_id, c_grade_id, level, question_text, explanation, interesting_fact)
VALUES ('103028305', 1, 3028, 5, 5, '1', '', '80') ON CONFLICT (question_id) DO UPDATE SET language_id = 1 ,topic_id= 3028,c_grade_id =5,level=5,question_text='1',explanation='',interesting_fact='80';


INSERT INTO answer_options (question_id, correct_answer, answer_text)
VALUES ('103028305', TRUE, '____ : 6 = 15') ;

INSERT INTO answer_options (question_id, correct_answer, answer_text)
VALUES ('103028305', FALSE, '90');

INSERT INTO answer_options (question_id, correct_answer, answer_text)
VALUES ('103028305', FALSE, '84');

INSERT INTO answer_options (question_id, correct_answer, answer_text)
VALUES ('103028305', FALSE, '94');

INSERT INTO questions (question_id, language_id, topic_id, c_grade_id, level, question_text, explanation, interesting_fact)
VALUES ('103028306', 1, 3028, 6, 6, '1', '', '8') ON CONFLICT (question_id) DO UPDATE SET language_id = 1 ,topic_id= 3028,c_grade_id =6,level=6,question_text='1',explanation='',interesting_fact='8';


INSERT INTO answer_options (question_id, correct_answer, answer_text)
VALUES ('103028306', TRUE, 'בבית ספר חולקו 90 ספרים שווה בשווה בין 9 כיתות. כמה ספרים קיבלה כל כיתה?') ;

INSERT INTO answer_options (question_id, correct_answer, answer_text)
VALUES ('103028306', FALSE, '10');

INSERT INTO answer_options (question_id, correct_answer, answer_text)
VALUES ('103028306', FALSE, '9');

INSERT INTO answer_options (question_id, correct_answer, answer_text)
VALUES ('103028306', FALSE, '11');

INSERT INTO questions (question_id, language_id, topic_id, c_grade_id, level, question_text, explanation, interesting_fact)
VALUES ('103028307', 1, 3028, 7, 7, '1', '', '7') ON CONFLICT (question_id) DO UPDATE SET language_id = 1 ,topic_id= 3028,c_grade_id =7,level=7,question_text='1',explanation='',interesting_fact='7';


INSERT INTO answer_options (question_id, correct_answer, answer_text)
VALUES ('103028307', TRUE, 'מפעל ייצר 70 צעצועים ורצה לארוז אותם בארגזים של 7. כמה צעצועים יהיו בכל קופסה?') ;

INSERT INTO answer_options (question_id, correct_answer, answer_text)
VALUES ('103028307', FALSE, '10');

INSERT INTO answer_options (question_id, correct_answer, answer_text)
VALUES ('103028307', FALSE, '8');

INSERT INTO answer_options (question_id, correct_answer, answer_text)
VALUES ('103028307', FALSE, '9');

INSERT INTO questions (question_id, language_id, topic_id, c_grade_id, level, question_text, explanation, interesting_fact)
VALUES ('103028308', 1, 3028, 8, 8, '1', '', '9') ON CONFLICT (question_id) DO UPDATE SET language_id = 1 ,topic_id= 3028,c_grade_id =8,level=8,question_text='1',explanation='',interesting_fact='9';


INSERT INTO answer_options (question_id, correct_answer, answer_text)
VALUES ('103028308', TRUE, 'באירוע ספורט חולקו 48 מדליות באופן שווה בין 6 זוכים. כמה מדליות קיבל כל זוכה?') ;

INSERT INTO answer_options (question_id, correct_answer, answer_text)
VALUES ('103028308', FALSE, '8');

INSERT INTO answer_options (question_id, correct_answer, answer_text)
VALUES ('103028308', FALSE, '6');

INSERT INTO answer_options (question_id, correct_answer, answer_text)
VALUES ('103028308', FALSE, '7');

INSERT INTO questions (question_id, language_id, topic_id, c_grade_id, level, question_text, explanation, interesting_fact)
VALUES ('103028309', 1, 3028, 9, 9, '1', '', '8') ON CONFLICT (question_id) DO UPDATE SET language_id = 1 ,topic_id= 3028,c_grade_id =9,level=9,question_text='1',explanation='',interesting_fact='8';


INSERT INTO answer_options (question_id, correct_answer, answer_text)
VALUES ('103028309', TRUE, 'מפעל ייצר 35 כסאות והחליט למכור אותם בסט של 5. כמה כסאות יש בכל סט?') ;

INSERT INTO answer_options (question_id, correct_answer, answer_text)
VALUES ('103028309', FALSE, '7');

INSERT INTO answer_options (question_id, correct_answer, answer_text)
VALUES ('103028309', FALSE, '6');

INSERT INTO answer_options (question_id, correct_answer, answer_text)
VALUES ('103028309', FALSE, '5');

INSERT INTO questions (question_id, language_id, topic_id, c_grade_id, level, question_text, explanation, interesting_fact)
VALUES ('103028310', 1, 3028, 0, 0, '1', '', '3') ON CONFLICT (question_id) DO UPDATE SET language_id = 1 ,topic_id= 3028,c_grade_id =0,level=0,question_text='1',explanation='',interesting_fact='3';


INSERT INTO answer_options (question_id, correct_answer, answer_text)
VALUES ('103028310', TRUE, 'בשיעור אמנות, 45 צבעים חולקו שווה בשווה בין 9 תלמידים. כמה צבעים קיבל כל תלמיד?') ;

INSERT INTO answer_options (question_id, correct_answer, answer_text)
VALUES ('103028310', FALSE, '5');

INSERT INTO answer_options (question_id, correct_answer, answer_text)
VALUES ('103028310', FALSE, '4');

INSERT INTO answer_options (question_id, correct_answer, answer_text)
VALUES ('103028310', FALSE, '6');

INSERT INTO questions (question_id, language_id, topic_id, c_grade_id, level, question_text, explanation, interesting_fact)
VALUES ('103028311', 1, 3028, 1, 1, '1', '', '9') ON CONFLICT (question_id) DO UPDATE SET language_id = 1 ,topic_id= 3028,c_grade_id =1,level=1,question_text='1',explanation='',interesting_fact='9';


INSERT INTO answer_options (question_id, correct_answer, answer_text)
VALUES ('103028311', TRUE, 'למוכר פירות יש 56 תפוזים והוא רוצה לארוז אותם בקופסאות עם 7 תפוזים בכל אחת. כמה תפוזים יש בכל קופסה?') ;

INSERT INTO answer_options (question_id, correct_answer, answer_text)
VALUES ('103028311', FALSE, '8');

INSERT INTO answer_options (question_id, correct_answer, answer_text)
VALUES ('103028311', FALSE, '7');

INSERT INTO answer_options (question_id, correct_answer, answer_text)
VALUES ('103028311', FALSE, '6');

INSERT INTO questions (question_id, language_id, topic_id, c_grade_id, level, question_text, explanation, interesting_fact)
VALUES ('103028312', 1, 3028, 2, 2, '1', '', '4') ON CONFLICT (question_id) DO UPDATE SET language_id = 1 ,topic_id= 3028,c_grade_id =2,level=2,question_text='1',explanation='',interesting_fact='4';


INSERT INTO answer_options (question_id, correct_answer, answer_text)
VALUES ('103028312', TRUE, 'בהצגה, 36 תלבושות חולקו שווה בשווה בין 6 שחקנים. כמה תחפושות לבש כל שחקן?') ;

INSERT INTO answer_options (question_id, correct_answer, answer_text)
VALUES ('103028312', FALSE, '6');

INSERT INTO answer_options (question_id, correct_answer, answer_text)
VALUES ('103028312', FALSE, '5');

INSERT INTO answer_options (question_id, correct_answer, answer_text)
VALUES ('103028312', FALSE, '7');

INSERT INTO questions (question_id, language_id, topic_id, c_grade_id, level, question_text, explanation, interesting_fact)
VALUES ('103028313', 1, 3028, 3, 3, '1', '', '16') ON CONFLICT (question_id) DO UPDATE SET language_id = 1 ,topic_id= 3028,c_grade_id =3,level=3,question_text='1',explanation='',interesting_fact='16';


INSERT INTO answer_options (question_id, correct_answer, answer_text)
VALUES ('103028313', TRUE, '84 : 7 = 70 : 7 + ___ : 7') ;

INSERT INTO answer_options (question_id, correct_answer, answer_text)
VALUES ('103028313', FALSE, '14');

INSERT INTO answer_options (question_id, correct_answer, answer_text)
VALUES ('103028313', FALSE, '12');

INSERT INTO answer_options (question_id, correct_answer, answer_text)
VALUES ('103028313', FALSE, '10');

INSERT INTO questions (question_id, language_id, topic_id, c_grade_id, level, question_text, explanation, interesting_fact)
VALUES ('103028314', 1, 3028, 4, 4, '1', '', '18') ON CONFLICT (question_id) DO UPDATE SET language_id = 1 ,topic_id= 3028,c_grade_id =4,level=4,question_text='1',explanation='',interesting_fact='18';


INSERT INTO answer_options (question_id, correct_answer, answer_text)
VALUES ('103028314', TRUE, '96 : 8 = 80 : 8 + ___ : 8') ;

INSERT INTO answer_options (question_id, correct_answer, answer_text)
VALUES ('103028314', FALSE, '16');

INSERT INTO answer_options (question_id, correct_answer, answer_text)
VALUES ('103028314', FALSE, '14');

INSERT INTO answer_options (question_id, correct_answer, answer_text)
VALUES ('103028314', FALSE, '12');

INSERT INTO questions (question_id, language_id, topic_id, c_grade_id, level, question_text, explanation, interesting_fact)
VALUES ('103028315', 1, 3028, 5, 5, '1', '', '54') ON CONFLICT (question_id) DO UPDATE SET language_id = 1 ,topic_id= 3028,c_grade_id =5,level=5,question_text='1',explanation='',interesting_fact='54';


INSERT INTO answer_options (question_id, correct_answer, answer_text)
VALUES ('103028315', TRUE, '____ : 7 = 70 : 7 + 14 : 7 = 10+2') ;

INSERT INTO answer_options (question_id, correct_answer, answer_text)
VALUES ('103028315', FALSE, '84');

INSERT INTO answer_options (question_id, correct_answer, answer_text)
VALUES ('103028315', FALSE, '74');

INSERT INTO answer_options (question_id, correct_answer, answer_text)
VALUES ('103028315', FALSE, '64');

INSERT INTO questions (question_id, language_id, topic_id, c_grade_id, level, question_text, explanation, interesting_fact)
VALUES ('103028316', 1, 3028, 6, 6, '1', '', '66') ON CONFLICT (question_id) DO UPDATE SET language_id = 1 ,topic_id= 3028,c_grade_id =6,level=6,question_text='1',explanation='',interesting_fact='66';


INSERT INTO answer_options (question_id, correct_answer, answer_text)
VALUES ('103028316', TRUE, '____ : 8 = 80 : 8 + 16 : 8 = 10+2') ;

INSERT INTO answer_options (question_id, correct_answer, answer_text)
VALUES ('103028316', FALSE, '96');

INSERT INTO answer_options (question_id, correct_answer, answer_text)
VALUES ('103028316', FALSE, '86');

INSERT INTO answer_options (question_id, correct_answer, answer_text)
VALUES ('103028316', FALSE, '76');

INSERT INTO questions (question_id, language_id, topic_id, c_grade_id, level, question_text, explanation, interesting_fact)
VALUES ('103028317', 1, 3028, 7, 7, '1', '', '52') ON CONFLICT (question_id) DO UPDATE SET language_id = 1 ,topic_id= 3028,c_grade_id =7,level=7,question_text='1',explanation='',interesting_fact='52';


INSERT INTO answer_options (question_id, correct_answer, answer_text)
VALUES ('103028317', TRUE, '____ : 6 = 60 : 6 + 12 : 6 = 10+2') ;

INSERT INTO answer_options (question_id, correct_answer, answer_text)
VALUES ('103028317', FALSE, '72');

INSERT INTO answer_options (question_id, correct_answer, answer_text)
VALUES ('103028317', FALSE, '62');

INSERT INTO answer_options (question_id, correct_answer, answer_text)
VALUES ('103028317', FALSE, '82');

INSERT INTO questions (question_id, language_id, topic_id, c_grade_id, level, question_text, explanation, interesting_fact)
VALUES ('103028318', 1, 3028, 8, 8, '1', '', '36') ON CONFLICT (question_id) DO UPDATE SET language_id = 1 ,topic_id= 3028,c_grade_id =8,level=8,question_text='1',explanation='',interesting_fact='36';


INSERT INTO answer_options (question_id, correct_answer, answer_text)
VALUES ('103028318', TRUE, '____ : 4 = 40 : 4 + 16 : 4 = 10+4') ;

INSERT INTO answer_options (question_id, correct_answer, answer_text)
VALUES ('103028318', FALSE, '56');

INSERT INTO answer_options (question_id, correct_answer, answer_text)
VALUES ('103028318', FALSE, '46');

INSERT INTO answer_options (question_id, correct_answer, answer_text)
VALUES ('103028318', FALSE, '66');

INSERT INTO questions (question_id, language_id, topic_id, c_grade_id, level, question_text, explanation, interesting_fact)
VALUES ('103028319', 1, 3028, 9, 9, '1', '', '35') ON CONFLICT (question_id) DO UPDATE SET language_id = 1 ,topic_id= 3028,c_grade_id =9,level=9,question_text='1',explanation='',interesting_fact='35';


INSERT INTO answer_options (question_id, correct_answer, answer_text)
VALUES ('103028319', TRUE, '____ : 5 = 50 : 5 + 5 : 5 = 10+1') ;

INSERT INTO answer_options (question_id, correct_answer, answer_text)
VALUES ('103028319', FALSE, '55');

INSERT INTO answer_options (question_id, correct_answer, answer_text)
VALUES ('103028319', FALSE, '45');

INSERT INTO answer_options (question_id, correct_answer, answer_text)
VALUES ('103028319', FALSE, '65');

INSERT INTO questions (question_id, language_id, topic_id, c_grade_id, level, question_text, explanation, interesting_fact)
VALUES ('103028320', 1, 3028, 0, 0, '1', '', '49') ON CONFLICT (question_id) DO UPDATE SET language_id = 1 ,topic_id= 3028,c_grade_id =0,level=0,question_text='1',explanation='',interesting_fact='49';


INSERT INTO answer_options (question_id, correct_answer, answer_text)
VALUES ('103028320', TRUE, '____ : 3 = 60 : 3 + 9 : 3 = 20+3') ;

INSERT INTO answer_options (question_id, correct_answer, answer_text)
VALUES ('103028320', FALSE, '69');

INSERT INTO answer_options (question_id, correct_answer, answer_text)
VALUES ('103028320', FALSE, '59');

INSERT INTO answer_options (question_id, correct_answer, answer_text)
VALUES ('103028320', FALSE, '79');

INSERT INTO questions (question_id, language_id, topic_id, c_grade_id, level, question_text, explanation, interesting_fact)
VALUES ('103029101', 1, 3029, 1, 1, '1', '', '3') ON CONFLICT (question_id) DO UPDATE SET language_id = 1 ,topic_id= 3029,c_grade_id =1,level=1,question_text='1',explanation='',interesting_fact='3';


INSERT INTO answer_options (question_id, correct_answer, answer_text)
VALUES ('103029101', TRUE, '11 : 5 = 2 (____)') ;

INSERT INTO answer_options (question_id, correct_answer, answer_text)
VALUES ('103029101', FALSE, '1');

INSERT INTO answer_options (question_id, correct_answer, answer_text)
VALUES ('103029101', FALSE, '0');

INSERT INTO answer_options (question_id, correct_answer, answer_text)
VALUES ('103029101', FALSE, '2');

INSERT INTO questions (question_id, language_id, topic_id, c_grade_id, level, question_text, explanation, interesting_fact)
VALUES ('103029102', 1, 3029, 2, 2, '1', '', '3') ON CONFLICT (question_id) DO UPDATE SET language_id = 1 ,topic_id= 3029,c_grade_id =2,level=2,question_text='1',explanation='',interesting_fact='3';


INSERT INTO answer_options (question_id, correct_answer, answer_text)
VALUES ('103029102', TRUE, '13 : 6 = 2 (____)') ;

INSERT INTO answer_options (question_id, correct_answer, answer_text)
VALUES ('103029102', FALSE, '1');

INSERT INTO answer_options (question_id, correct_answer, answer_text)
VALUES ('103029102', FALSE, '0');

INSERT INTO answer_options (question_id, correct_answer, answer_text)
VALUES ('103029102', FALSE, '2');

INSERT INTO questions (question_id, language_id, topic_id, c_grade_id, level, question_text, explanation, interesting_fact)
VALUES ('103029103', 1, 3029, 3, 3, '1', '', '3') ON CONFLICT (question_id) DO UPDATE SET language_id = 1 ,topic_id= 3029,c_grade_id =3,level=3,question_text='1',explanation='',interesting_fact='3';


INSERT INTO answer_options (question_id, correct_answer, answer_text)
VALUES ('103029103', TRUE, '17 : 4 = 4 (____)') ;

INSERT INTO answer_options (question_id, correct_answer, answer_text)
VALUES ('103029103', FALSE, '1');

INSERT INTO answer_options (question_id, correct_answer, answer_text)
VALUES ('103029103', FALSE, '0');

INSERT INTO answer_options (question_id, correct_answer, answer_text)
VALUES ('103029103', FALSE, '2');

INSERT INTO questions (question_id, language_id, topic_id, c_grade_id, level, question_text, explanation, interesting_fact)
VALUES ('103029104', 1, 3029, 4, 4, '1', '', '3') ON CONFLICT (question_id) DO UPDATE SET language_id = 1 ,topic_id= 3029,c_grade_id =4,level=4,question_text='1',explanation='',interesting_fact='3';


INSERT INTO answer_options (question_id, correct_answer, answer_text)
VALUES ('103029104', TRUE, '19 : 6 = 3 (____)') ;

INSERT INTO answer_options (question_id, correct_answer, answer_text)
VALUES ('103029104', FALSE, '1');

INSERT INTO answer_options (question_id, correct_answer, answer_text)
VALUES ('103029104', FALSE, '0');

INSERT INTO answer_options (question_id, correct_answer, answer_text)
VALUES ('103029104', FALSE, '2');

INSERT INTO questions (question_id, language_id, topic_id, c_grade_id, level, question_text, explanation, interesting_fact)
VALUES ('103029105', 1, 3029, 5, 5, '1', '', '0') ON CONFLICT (question_id) DO UPDATE SET language_id = 1 ,topic_id= 3029,c_grade_id =5,level=5,question_text='1',explanation='',interesting_fact='0';


INSERT INTO answer_options (question_id, correct_answer, answer_text)
VALUES ('103029105', TRUE, '23 : 5 = 4 (____)') ;

INSERT INTO answer_options (question_id, correct_answer, answer_text)
VALUES ('103029105', FALSE, '3');

INSERT INTO answer_options (question_id, correct_answer, answer_text)
VALUES ('103029105', FALSE, '2');

INSERT INTO answer_options (question_id, correct_answer, answer_text)
VALUES ('103029105', FALSE, '1');

INSERT INTO questions (question_id, language_id, topic_id, c_grade_id, level, question_text, explanation, interesting_fact)
VALUES ('103029106', 1, 3029, 6, 6, '1', '', '1') ON CONFLICT (question_id) DO UPDATE SET language_id = 1 ,topic_id= 3029,c_grade_id =6,level=6,question_text='1',explanation='',interesting_fact='1';


INSERT INTO answer_options (question_id, correct_answer, answer_text)
VALUES ('103029106', TRUE, '11 : 5 = ____ (1)') ;

INSERT INTO answer_options (question_id, correct_answer, answer_text)
VALUES ('103029106', FALSE, '2');

INSERT INTO answer_options (question_id, correct_answer, answer_text)
VALUES ('103029106', FALSE, '3');

INSERT INTO answer_options (question_id, correct_answer, answer_text)
VALUES ('103029106', FALSE, '4');

INSERT INTO questions (question_id, language_id, topic_id, c_grade_id, level, question_text, explanation, interesting_fact)
VALUES ('103029107', 1, 3029, 7, 7, '1', '', '1') ON CONFLICT (question_id) DO UPDATE SET language_id = 1 ,topic_id= 3029,c_grade_id =7,level=7,question_text='1',explanation='',interesting_fact='1';


INSERT INTO answer_options (question_id, correct_answer, answer_text)
VALUES ('103029107', TRUE, '13 : 6 = ____ (1)') ;

INSERT INTO answer_options (question_id, correct_answer, answer_text)
VALUES ('103029107', FALSE, '2');

INSERT INTO answer_options (question_id, correct_answer, answer_text)
VALUES ('103029107', FALSE, '3');

INSERT INTO answer_options (question_id, correct_answer, answer_text)
VALUES ('103029107', FALSE, '4');

INSERT INTO questions (question_id, language_id, topic_id, c_grade_id, level, question_text, explanation, interesting_fact)
VALUES ('103029108', 1, 3029, 8, 8, '1', '', '2') ON CONFLICT (question_id) DO UPDATE SET language_id = 1 ,topic_id= 3029,c_grade_id =8,level=8,question_text='1',explanation='',interesting_fact='2';


INSERT INTO answer_options (question_id, correct_answer, answer_text)
VALUES ('103029108', TRUE, '17 : 4 = ____ (1)') ;

INSERT INTO answer_options (question_id, correct_answer, answer_text)
VALUES ('103029108', FALSE, '4');

INSERT INTO answer_options (question_id, correct_answer, answer_text)
VALUES ('103029108', FALSE, '5');

INSERT INTO answer_options (question_id, correct_answer, answer_text)
VALUES ('103029108', FALSE, '3');

INSERT INTO questions (question_id, language_id, topic_id, c_grade_id, level, question_text, explanation, interesting_fact)
VALUES ('103029109', 1, 3029, 9, 9, '1', '', '5') ON CONFLICT (question_id) DO UPDATE SET language_id = 1 ,topic_id= 3029,c_grade_id =9,level=9,question_text='1',explanation='',interesting_fact='5';


INSERT INTO answer_options (question_id, correct_answer, answer_text)
VALUES ('103029109', TRUE, '19 : 6 = ____ (1)') ;

INSERT INTO answer_options (question_id, correct_answer, answer_text)
VALUES ('103029109', FALSE, '3');

INSERT INTO answer_options (question_id, correct_answer, answer_text)
VALUES ('103029109', FALSE, '2');

INSERT INTO answer_options (question_id, correct_answer, answer_text)
VALUES ('103029109', FALSE, '4');

INSERT INTO questions (question_id, language_id, topic_id, c_grade_id, level, question_text, explanation, interesting_fact)
VALUES ('103029110', 1, 3029, 0, 0, '1', '', '2') ON CONFLICT (question_id) DO UPDATE SET language_id = 1 ,topic_id= 3029,c_grade_id =0,level=0,question_text='1',explanation='',interesting_fact='2';


INSERT INTO answer_options (question_id, correct_answer, answer_text)
VALUES ('103029110', TRUE, '23 : 5 = ____ (3)') ;

INSERT INTO answer_options (question_id, correct_answer, answer_text)
VALUES ('103029110', FALSE, '4');

INSERT INTO answer_options (question_id, correct_answer, answer_text)
VALUES ('103029110', FALSE, '5');

INSERT INTO answer_options (question_id, correct_answer, answer_text)
VALUES ('103029110', FALSE, '3');

INSERT INTO questions (question_id, language_id, topic_id, c_grade_id, level, question_text, explanation, interesting_fact)
VALUES ('103029111', 1, 3029, 1, 1, '1', '', '3') ON CONFLICT (question_id) DO UPDATE SET language_id = 1 ,topic_id= 3029,c_grade_id =1,level=1,question_text='1',explanation='',interesting_fact='3';


INSERT INTO answer_options (question_id, correct_answer, answer_text)
VALUES ('103029111', TRUE, '11 : ____ = 2 (1)') ;

INSERT INTO answer_options (question_id, correct_answer, answer_text)
VALUES ('103029111', FALSE, '5');

INSERT INTO answer_options (question_id, correct_answer, answer_text)
VALUES ('103029111', FALSE, '6');

INSERT INTO answer_options (question_id, correct_answer, answer_text)
VALUES ('103029111', FALSE, '4');

INSERT INTO questions (question_id, language_id, topic_id, c_grade_id, level, question_text, explanation, interesting_fact)
VALUES ('103029112', 1, 3029, 2, 2, '1', '', '4') ON CONFLICT (question_id) DO UPDATE SET language_id = 1 ,topic_id= 3029,c_grade_id =2,level=2,question_text='1',explanation='',interesting_fact='4';


INSERT INTO answer_options (question_id, correct_answer, answer_text)
VALUES ('103029112', TRUE, '13 : ____ = 2 (1)') ;

INSERT INTO answer_options (question_id, correct_answer, answer_text)
VALUES ('103029112', FALSE, '6');

INSERT INTO answer_options (question_id, correct_answer, answer_text)
VALUES ('103029112', FALSE, '7');

INSERT INTO answer_options (question_id, correct_answer, answer_text)
VALUES ('103029112', FALSE, '5');

INSERT INTO questions (question_id, language_id, topic_id, c_grade_id, level, question_text, explanation, interesting_fact)
VALUES ('103029113', 1, 3029, 3, 3, '1', '', '2') ON CONFLICT (question_id) DO UPDATE SET language_id = 1 ,topic_id= 3029,c_grade_id =3,level=3,question_text='1',explanation='',interesting_fact='2';


INSERT INTO answer_options (question_id, correct_answer, answer_text)
VALUES ('103029113', TRUE, '17 : ____ = 4 (1)') ;

INSERT INTO answer_options (question_id, correct_answer, answer_text)
VALUES ('103029113', FALSE, '4');

INSERT INTO answer_options (question_id, correct_answer, answer_text)
VALUES ('103029113', FALSE, '5');

INSERT INTO answer_options (question_id, correct_answer, answer_text)
VALUES ('103029113', FALSE, '3');

INSERT INTO questions (question_id, language_id, topic_id, c_grade_id, level, question_text, explanation, interesting_fact)
VALUES ('103029114', 1, 3029, 4, 4, '1', '', '4') ON CONFLICT (question_id) DO UPDATE SET language_id = 1 ,topic_id= 3029,c_grade_id =4,level=4,question_text='1',explanation='',interesting_fact='4';


INSERT INTO answer_options (question_id, correct_answer, answer_text)
VALUES ('103029114', TRUE, '19 : ____ = 3 (1)') ;

INSERT INTO answer_options (question_id, correct_answer, answer_text)
VALUES ('103029114', FALSE, '6');

INSERT INTO answer_options (question_id, correct_answer, answer_text)
VALUES ('103029114', FALSE, '7');

INSERT INTO answer_options (question_id, correct_answer, answer_text)
VALUES ('103029114', FALSE, '5');

INSERT INTO questions (question_id, language_id, topic_id, c_grade_id, level, question_text, explanation, interesting_fact)
VALUES ('103029115', 1, 3029, 5, 5, '1', '', '15') ON CONFLICT (question_id) DO UPDATE SET language_id = 1 ,topic_id= 3029,c_grade_id =5,level=5,question_text='1',explanation='',interesting_fact='15';


INSERT INTO answer_options (question_id, correct_answer, answer_text)
VALUES ('103029115', TRUE, '____ : 4 = 4 (1)') ;

INSERT INTO answer_options (question_id, correct_answer, answer_text)
VALUES ('103029115', FALSE, '17');

INSERT INTO answer_options (question_id, correct_answer, answer_text)
VALUES ('103029115', FALSE, '18');

INSERT INTO answer_options (question_id, correct_answer, answer_text)
VALUES ('103029115', FALSE, '16');

INSERT INTO questions (question_id, language_id, topic_id, c_grade_id, level, question_text, explanation, interesting_fact)
VALUES ('103029116', 1, 3029, 6, 6, '1', '', '17') ON CONFLICT (question_id) DO UPDATE SET language_id = 1 ,topic_id= 3029,c_grade_id =6,level=6,question_text='1',explanation='',interesting_fact='17';


INSERT INTO answer_options (question_id, correct_answer, answer_text)
VALUES ('103029116', TRUE, '____ : 6 = 3 (1)') ;

INSERT INTO answer_options (question_id, correct_answer, answer_text)
VALUES ('103029116', FALSE, '19');

INSERT INTO answer_options (question_id, correct_answer, answer_text)
VALUES ('103029116', FALSE, '20');

INSERT INTO answer_options (question_id, correct_answer, answer_text)
VALUES ('103029116', FALSE, '18');

INSERT INTO questions (question_id, language_id, topic_id, c_grade_id, level, question_text, explanation, interesting_fact)
VALUES ('103029117', 1, 3029, 7, 7, '1', '', '21') ON CONFLICT (question_id) DO UPDATE SET language_id = 1 ,topic_id= 3029,c_grade_id =7,level=7,question_text='1',explanation='',interesting_fact='21';


INSERT INTO answer_options (question_id, correct_answer, answer_text)
VALUES ('103029117', TRUE, '____ : 5 = 4 (3)') ;

INSERT INTO answer_options (question_id, correct_answer, answer_text)
VALUES ('103029117', FALSE, '23');

INSERT INTO answer_options (question_id, correct_answer, answer_text)
VALUES ('103029117', FALSE, '24');

INSERT INTO answer_options (question_id, correct_answer, answer_text)
VALUES ('103029117', FALSE, '22');

INSERT INTO questions (question_id, language_id, topic_id, c_grade_id, level, question_text, explanation, interesting_fact)
VALUES ('103029118', 1, 3029, 8, 8, '1', '', '27') ON CONFLICT (question_id) DO UPDATE SET language_id = 1 ,topic_id= 3029,c_grade_id =8,level=8,question_text='1',explanation='',interesting_fact='27';


INSERT INTO answer_options (question_id, correct_answer, answer_text)
VALUES ('103029118', TRUE, '____ : 7 = 4 (1)') ;

INSERT INTO answer_options (question_id, correct_answer, answer_text)
VALUES ('103029118', FALSE, '29');

INSERT INTO answer_options (question_id, correct_answer, answer_text)
VALUES ('103029118', FALSE, '30');

INSERT INTO answer_options (question_id, correct_answer, answer_text)
VALUES ('103029118', FALSE, '28');

INSERT INTO questions (question_id, language_id, topic_id, c_grade_id, level, question_text, explanation, interesting_fact)
VALUES ('103029119', 1, 3029, 9, 9, '1', '', '3') ON CONFLICT (question_id) DO UPDATE SET language_id = 1 ,topic_id= 3029,c_grade_id =9,level=9,question_text='1',explanation='',interesting_fact='3';


INSERT INTO answer_options (question_id, correct_answer, answer_text)
VALUES ('103029119', TRUE, 'איזה מספר כמהמספרים הבאים לא יכול להיות שארית בתרגיל זה: 11 : 5?') ;

INSERT INTO answer_options (question_id, correct_answer, answer_text)
VALUES ('103029119', FALSE, '5');

INSERT INTO answer_options (question_id, correct_answer, answer_text)
VALUES ('103029119', FALSE, '1');

INSERT INTO answer_options (question_id, correct_answer, answer_text)
VALUES ('103029119', FALSE, '2');

INSERT INTO questions (question_id, language_id, topic_id, c_grade_id, level, question_text, explanation, interesting_fact)
VALUES ('103029120', 1, 3029, 0, 0, '1', '', '2') ON CONFLICT (question_id) DO UPDATE SET language_id = 1 ,topic_id= 3029,c_grade_id =0,level=0,question_text='1',explanation='',interesting_fact='2';


INSERT INTO answer_options (question_id, correct_answer, answer_text)
VALUES ('103029120', TRUE, 'איזה מספר כמהמספרים הבאים לא יכול להיות שארית בתרגיל זה: 14 : 6?') ;

INSERT INTO answer_options (question_id, correct_answer, answer_text)
VALUES ('103029120', FALSE, '6');

INSERT INTO answer_options (question_id, correct_answer, answer_text)
VALUES ('103029120', FALSE, '4');

INSERT INTO answer_options (question_id, correct_answer, answer_text)
VALUES ('103029120', FALSE, '3');

INSERT INTO questions (question_id, language_id, topic_id, c_grade_id, level, question_text, explanation, interesting_fact)
VALUES ('103029201', 1, 3029, 1, 1, '1', '', '6') ON CONFLICT (question_id) DO UPDATE SET language_id = 1 ,topic_id= 3029,c_grade_id =1,level=1,question_text='1',explanation='',interesting_fact='6';


INSERT INTO answer_options (question_id, correct_answer, answer_text)
VALUES ('103029201', TRUE, 'איזה מספר כמהמספרים הבאים לא יכול להיות שארית בתרגיל זה: 23 : 7?') ;

INSERT INTO answer_options (question_id, correct_answer, answer_text)
VALUES ('103029201', FALSE, '7');

INSERT INTO answer_options (question_id, correct_answer, answer_text)
VALUES ('103029201', FALSE, '1');

INSERT INTO answer_options (question_id, correct_answer, answer_text)
VALUES ('103029201', FALSE, '2');

INSERT INTO questions (question_id, language_id, topic_id, c_grade_id, level, question_text, explanation, interesting_fact)
VALUES ('103029202', 1, 3029, 2, 2, '1', '', '4') ON CONFLICT (question_id) DO UPDATE SET language_id = 1 ,topic_id= 3029,c_grade_id =2,level=2,question_text='1',explanation='',interesting_fact='4';


INSERT INTO answer_options (question_id, correct_answer, answer_text)
VALUES ('103029202', TRUE, '53 : 6 = 8 (____)') ;

INSERT INTO answer_options (question_id, correct_answer, answer_text)
VALUES ('103029202', FALSE, '5');

INSERT INTO answer_options (question_id, correct_answer, answer_text)
VALUES ('103029202', FALSE, '6');

INSERT INTO answer_options (question_id, correct_answer, answer_text)
VALUES ('103029202', FALSE, '7');

INSERT INTO questions (question_id, language_id, topic_id, c_grade_id, level, question_text, explanation, interesting_fact)
VALUES ('103029203', 1, 3029, 3, 3, '1', '', '4') ON CONFLICT (question_id) DO UPDATE SET language_id = 1 ,topic_id= 3029,c_grade_id =3,level=3,question_text='1',explanation='',interesting_fact='4';


INSERT INTO answer_options (question_id, correct_answer, answer_text)
VALUES ('103029203', TRUE, '58 : 7 = 8 (____)') ;

INSERT INTO answer_options (question_id, correct_answer, answer_text)
VALUES ('103029203', FALSE, '2');

INSERT INTO answer_options (question_id, correct_answer, answer_text)
VALUES ('103029203', FALSE, '1');

INSERT INTO answer_options (question_id, correct_answer, answer_text)
VALUES ('103029203', FALSE, '3');

INSERT INTO questions (question_id, language_id, topic_id, c_grade_id, level, question_text, explanation, interesting_fact)
VALUES ('103029204', 1, 3029, 4, 4, '1', '', '3') ON CONFLICT (question_id) DO UPDATE SET language_id = 1 ,topic_id= 3029,c_grade_id =4,level=4,question_text='1',explanation='',interesting_fact='3';


INSERT INTO answer_options (question_id, correct_answer, answer_text)
VALUES ('103029204', TRUE, '64 : 8 = 8 (____)') ;

INSERT INTO answer_options (question_id, correct_answer, answer_text)
VALUES ('103029204', FALSE, '0');

INSERT INTO answer_options (question_id, correct_answer, answer_text)
VALUES ('103029204', FALSE, '1');

INSERT INTO answer_options (question_id, correct_answer, answer_text)
VALUES ('103029204', FALSE, '2');

INSERT INTO questions (question_id, language_id, topic_id, c_grade_id, level, question_text, explanation, interesting_fact)
VALUES ('103029205', 1, 3029, 5, 5, '1', '', '5') ON CONFLICT (question_id) DO UPDATE SET language_id = 1 ,topic_id= 3029,c_grade_id =5,level=5,question_text='1',explanation='',interesting_fact='5';


INSERT INTO answer_options (question_id, correct_answer, answer_text)
VALUES ('103029205', TRUE, '68 : 8 = 8 (____)') ;

INSERT INTO answer_options (question_id, correct_answer, answer_text)
VALUES ('103029205', FALSE, '4');

INSERT INTO answer_options (question_id, correct_answer, answer_text)
VALUES ('103029205', FALSE, '3');

INSERT INTO answer_options (question_id, correct_answer, answer_text)
VALUES ('103029205', FALSE, '2');

INSERT INTO questions (question_id, language_id, topic_id, c_grade_id, level, question_text, explanation, interesting_fact)
VALUES ('103029206', 1, 3029, 6, 6, '1', '', '6') ON CONFLICT (question_id) DO UPDATE SET language_id = 1 ,topic_id= 3029,c_grade_id =6,level=6,question_text='1',explanation='',interesting_fact='6';


INSERT INTO answer_options (question_id, correct_answer, answer_text)
VALUES ('103029206', TRUE, '56 : 7 = ____ (0)') ;

INSERT INTO answer_options (question_id, correct_answer, answer_text)
VALUES ('103029206', FALSE, '8');

INSERT INTO answer_options (question_id, correct_answer, answer_text)
VALUES ('103029206', FALSE, '9');

INSERT INTO answer_options (question_id, correct_answer, answer_text)
VALUES ('103029206', FALSE, '7');

INSERT INTO questions (question_id, language_id, topic_id, c_grade_id, level, question_text, explanation, interesting_fact)
VALUES ('103029207', 1, 3029, 7, 7, '1', '', '6') ON CONFLICT (question_id) DO UPDATE SET language_id = 1 ,topic_id= 3029,c_grade_id =7,level=7,question_text='1',explanation='',interesting_fact='6';


INSERT INTO answer_options (question_id, correct_answer, answer_text)
VALUES ('103029207', TRUE, '64 : 8 = ____ (0)') ;

INSERT INTO answer_options (question_id, correct_answer, answer_text)
VALUES ('103029207', FALSE, '8');

INSERT INTO answer_options (question_id, correct_answer, answer_text)
VALUES ('103029207', FALSE, '7');

INSERT INTO answer_options (question_id, correct_answer, answer_text)
VALUES ('103029207', FALSE, '9');

INSERT INTO questions (question_id, language_id, topic_id, c_grade_id, level, question_text, explanation, interesting_fact)
VALUES ('103029208', 1, 3029, 8, 8, '1', '', '6') ON CONFLICT (question_id) DO UPDATE SET language_id = 1 ,topic_id= 3029,c_grade_id =8,level=8,question_text='1',explanation='',interesting_fact='6';


INSERT INTO answer_options (question_id, correct_answer, answer_text)
VALUES ('103029208', TRUE, '72 : 9 = ____ (0)') ;

INSERT INTO answer_options (question_id, correct_answer, answer_text)
VALUES ('103029208', FALSE, '8');

INSERT INTO answer_options (question_id, correct_answer, answer_text)
VALUES ('103029208', FALSE, '9');

INSERT INTO answer_options (question_id, correct_answer, answer_text)
VALUES ('103029208', FALSE, '7');

INSERT INTO questions (question_id, language_id, topic_id, c_grade_id, level, question_text, explanation, interesting_fact)
VALUES ('103029209', 1, 3029, 9, 9, '1', '', '5') ON CONFLICT (question_id) DO UPDATE SET language_id = 1 ,topic_id= 3029,c_grade_id =9,level=9,question_text='1',explanation='',interesting_fact='5';


INSERT INTO answer_options (question_id, correct_answer, answer_text)
VALUES ('103029209', TRUE, '53 : ____ = 8 (5)') ;

INSERT INTO answer_options (question_id, correct_answer, answer_text)
VALUES ('103029209', FALSE, '6');

INSERT INTO answer_options (question_id, correct_answer, answer_text)
VALUES ('103029209', FALSE, '7');

INSERT INTO answer_options (question_id, correct_answer, answer_text)
VALUES ('103029209', FALSE, '8');

INSERT INTO questions (question_id, language_id, topic_id, c_grade_id, level, question_text, explanation, interesting_fact)
VALUES ('103029210', 1, 3029, 0, 0, '1', '', '9') ON CONFLICT (question_id) DO UPDATE SET language_id = 1 ,topic_id= 3029,c_grade_id =0,level=0,question_text='1',explanation='',interesting_fact='9';


INSERT INTO answer_options (question_id, correct_answer, answer_text)
VALUES ('103029210', TRUE, '58 : ____ = 8 (2)') ;

INSERT INTO answer_options (question_id, correct_answer, answer_text)
VALUES ('103029210', FALSE, '7');

INSERT INTO answer_options (question_id, correct_answer, answer_text)
VALUES ('103029210', FALSE, '6');

INSERT INTO answer_options (question_id, correct_answer, answer_text)
VALUES ('103029210', FALSE, '8');

INSERT INTO questions (question_id, language_id, topic_id, c_grade_id, level, question_text, explanation, interesting_fact)
VALUES ('103029211', 1, 3029, 1, 1, '1', '', '6') ON CONFLICT (question_id) DO UPDATE SET language_id = 1 ,topic_id= 3029,c_grade_id =1,level=1,question_text='1',explanation='',interesting_fact='6';


INSERT INTO answer_options (question_id, correct_answer, answer_text)
VALUES ('103029211', TRUE, '64 : ____ = 8 (0)') ;

INSERT INTO answer_options (question_id, correct_answer, answer_text)
VALUES ('103029211', FALSE, '8');

INSERT INTO answer_options (question_id, correct_answer, answer_text)
VALUES ('103029211', FALSE, '7');

INSERT INTO answer_options (question_id, correct_answer, answer_text)
VALUES ('103029211', FALSE, '9');

INSERT INTO questions (question_id, language_id, topic_id, c_grade_id, level, question_text, explanation, interesting_fact)
VALUES ('103029212', 1, 3029, 2, 2, '1', '', '54') ON CONFLICT (question_id) DO UPDATE SET language_id = 1 ,topic_id= 3029,c_grade_id =2,level=2,question_text='1',explanation='',interesting_fact='54';


INSERT INTO answer_options (question_id, correct_answer, answer_text)
VALUES ('103029212', TRUE, '____ : 7 = 8 (0)') ;

INSERT INTO answer_options (question_id, correct_answer, answer_text)
VALUES ('103029212', FALSE, '56');

INSERT INTO answer_options (question_id, correct_answer, answer_text)
VALUES ('103029212', FALSE, '57');

INSERT INTO answer_options (question_id, correct_answer, answer_text)
VALUES ('103029212', FALSE, '55');

INSERT INTO questions (question_id, language_id, topic_id, c_grade_id, level, question_text, explanation, interesting_fact)
VALUES ('103029213', 1, 3029, 3, 3, '1', '', '62') ON CONFLICT (question_id) DO UPDATE SET language_id = 1 ,topic_id= 3029,c_grade_id =3,level=3,question_text='1',explanation='',interesting_fact='62';


INSERT INTO answer_options (question_id, correct_answer, answer_text)
VALUES ('103029213', TRUE, '____ : 8 = 8 (0)') ;

INSERT INTO answer_options (question_id, correct_answer, answer_text)
VALUES ('103029213', FALSE, '64');

INSERT INTO answer_options (question_id, correct_answer, answer_text)
VALUES ('103029213', FALSE, '63');

INSERT INTO answer_options (question_id, correct_answer, answer_text)
VALUES ('103029213', FALSE, '65');

INSERT INTO questions (question_id, language_id, topic_id, c_grade_id, level, question_text, explanation, interesting_fact)
VALUES ('103029214', 1, 3029, 4, 4, '1', '', '51') ON CONFLICT (question_id) DO UPDATE SET language_id = 1 ,topic_id= 3029,c_grade_id =4,level=4,question_text='1',explanation='',interesting_fact='51';


INSERT INTO answer_options (question_id, correct_answer, answer_text)
VALUES ('103029214', TRUE, '____ : 6 = 8 (5)') ;

INSERT INTO answer_options (question_id, correct_answer, answer_text)
VALUES ('103029214', FALSE, '53');

INSERT INTO answer_options (question_id, correct_answer, answer_text)
VALUES ('103029214', FALSE, '54');

INSERT INTO answer_options (question_id, correct_answer, answer_text)
VALUES ('103029214', FALSE, '52');

INSERT INTO questions (question_id, language_id, topic_id, c_grade_id, level, question_text, explanation, interesting_fact)
VALUES ('103029215', 1, 3029, 5, 5, '1', '', '76') ON CONFLICT (question_id) DO UPDATE SET language_id = 1 ,topic_id= 3029,c_grade_id =5,level=5,question_text='1',explanation='',interesting_fact='76';


INSERT INTO answer_options (question_id, correct_answer, answer_text)
VALUES ('103029215', TRUE, '____ : 7 = 11 (1)') ;

INSERT INTO answer_options (question_id, correct_answer, answer_text)
VALUES ('103029215', FALSE, '78');

INSERT INTO answer_options (question_id, correct_answer, answer_text)
VALUES ('103029215', FALSE, '77');

INSERT INTO answer_options (question_id, correct_answer, answer_text)
VALUES ('103029215', FALSE, '79');

INSERT INTO questions (question_id, language_id, topic_id, c_grade_id, level, question_text, explanation, interesting_fact)
VALUES ('103029216', 1, 3029, 6, 6, '1', '', '7') ON CONFLICT (question_id) DO UPDATE SET language_id = 1 ,topic_id= 3029,c_grade_id =6,level=6,question_text='1',explanation='',interesting_fact='7';


INSERT INTO answer_options (question_id, correct_answer, answer_text)
VALUES ('103029216', TRUE, 'איזה מספר מהמספרים הבאים לא יכול להיות שארית בתרגיל זה: 8 ÷ 19?') ;

INSERT INTO answer_options (question_id, correct_answer, answer_text)
VALUES ('103029216', FALSE, '8');

INSERT INTO answer_options (question_id, correct_answer, answer_text)
VALUES ('103029216', FALSE, '3');

INSERT INTO answer_options (question_id, correct_answer, answer_text)
VALUES ('103029216', FALSE, '2');

INSERT INTO questions (question_id, language_id, topic_id, c_grade_id, level, question_text, explanation, interesting_fact)
VALUES ('103029217', 1, 3029, 7, 7, '1', '', '8') ON CONFLICT (question_id) DO UPDATE SET language_id = 1 ,topic_id= 3029,c_grade_id =7,level=7,question_text='1',explanation='',interesting_fact='8';


INSERT INTO answer_options (question_id, correct_answer, answer_text)
VALUES ('103029217', TRUE, 'איזה מספר מהמספרים הבאים לא יכול להיות שארית בתרגיל זה: 9 ÷ 37?') ;

INSERT INTO answer_options (question_id, correct_answer, answer_text)
VALUES ('103029217', FALSE, '9');

INSERT INTO answer_options (question_id, correct_answer, answer_text)
VALUES ('103029217', FALSE, '1');

INSERT INTO answer_options (question_id, correct_answer, answer_text)
VALUES ('103029217', FALSE, '5');

INSERT INTO questions (question_id, language_id, topic_id, c_grade_id, level, question_text, explanation, interesting_fact)
VALUES ('103029218', 1, 3029, 8, 8, '1', '', '5') ON CONFLICT (question_id) DO UPDATE SET language_id = 1 ,topic_id= 3029,c_grade_id =8,level=8,question_text='1',explanation='',interesting_fact='5';


INSERT INTO answer_options (question_id, correct_answer, answer_text)
VALUES ('103029218', TRUE, 'איזה מספר מהמספרים הבאים לא יכול להיות שארית בתרגיל זה: 7 : 54?') ;

INSERT INTO answer_options (question_id, correct_answer, answer_text)
VALUES ('103029218', FALSE, '7');

INSERT INTO answer_options (question_id, correct_answer, answer_text)
VALUES ('103029218', FALSE, '6');

INSERT INTO answer_options (question_id, correct_answer, answer_text)
VALUES ('103029218', FALSE, '4');

INSERT INTO questions (question_id, language_id, topic_id, c_grade_id, level, question_text, explanation, interesting_fact)
VALUES ('103029219', 1, 3029, 9, 9, '1', '', '5') ON CONFLICT (question_id) DO UPDATE SET language_id = 1 ,topic_id= 3029,c_grade_id =9,level=9,question_text='1',explanation='',interesting_fact='5';


INSERT INTO answer_options (question_id, correct_answer, answer_text)
VALUES ('103029219', TRUE, 'איזה מספר מהמספרים הבאים לא יכול להיות שארית בתרגיל זה: 6 : 88?') ;

INSERT INTO answer_options (question_id, correct_answer, answer_text)
VALUES ('103029219', FALSE, '6');

INSERT INTO answer_options (question_id, correct_answer, answer_text)
VALUES ('103029219', FALSE, '4');

INSERT INTO answer_options (question_id, correct_answer, answer_text)
VALUES ('103029219', FALSE, '2');

INSERT INTO questions (question_id, language_id, topic_id, c_grade_id, level, question_text, explanation, interesting_fact)
VALUES ('103029220', 1, 3029, 0, 0, '1', '', '4') ON CONFLICT (question_id) DO UPDATE SET language_id = 1 ,topic_id= 3029,c_grade_id =0,level=0,question_text='1',explanation='',interesting_fact='4';


INSERT INTO answer_options (question_id, correct_answer, answer_text)
VALUES ('103029220', TRUE, '29 שוקולדים מחולקים בין 4 ילדים באופן שווה. כמה שוקולדים נותרו ללא חלוקה?') ;

INSERT INTO answer_options (question_id, correct_answer, answer_text)
VALUES ('103029220', FALSE, '1');

INSERT INTO answer_options (question_id, correct_answer, answer_text)
VALUES ('103029220', FALSE, '3');

INSERT INTO answer_options (question_id, correct_answer, answer_text)
VALUES ('103029220', FALSE, '2');

INSERT INTO questions (question_id, language_id, topic_id, c_grade_id, level, question_text, explanation, interesting_fact)
VALUES ('103029301', 1, 3029, 1, 1, '1', '', '5') ON CONFLICT (question_id) DO UPDATE SET language_id = 1 ,topic_id= 3029,c_grade_id =1,level=1,question_text='1',explanation='',interesting_fact='5';


INSERT INTO answer_options (question_id, correct_answer, answer_text)
VALUES ('103029301', TRUE, '39 תלמידים קובצו לקבוצות של 5 לתחרות. כמה קבוצות מלאות היו?') ;

INSERT INTO answer_options (question_id, correct_answer, answer_text)
VALUES ('103029301', FALSE, '7');

INSERT INTO answer_options (question_id, correct_answer, answer_text)
VALUES ('103029301', FALSE, '6');

INSERT INTO answer_options (question_id, correct_answer, answer_text)
VALUES ('103029301', FALSE, '8');

INSERT INTO questions (question_id, language_id, topic_id, c_grade_id, level, question_text, explanation, interesting_fact)
VALUES ('103029302', 1, 3029, 2, 2, '1', '', '4') ON CONFLICT (question_id) DO UPDATE SET language_id = 1 ,topic_id= 3029,c_grade_id =2,level=2,question_text='1',explanation='',interesting_fact='4';


INSERT INTO answer_options (question_id, correct_answer, answer_text)
VALUES ('103029302', TRUE, '53 : 6 = 8 (____)') ;

INSERT INTO answer_options (question_id, correct_answer, answer_text)
VALUES ('103029302', FALSE, '5');

INSERT INTO answer_options (question_id, correct_answer, answer_text)
VALUES ('103029302', FALSE, '6');

INSERT INTO answer_options (question_id, correct_answer, answer_text)
VALUES ('103029302', FALSE, '7');

INSERT INTO questions (question_id, language_id, topic_id, c_grade_id, level, question_text, explanation, interesting_fact)
VALUES ('103029303', 1, 3029, 3, 3, '1', '', '3') ON CONFLICT (question_id) DO UPDATE SET language_id = 1 ,topic_id= 3029,c_grade_id =3,level=3,question_text='1',explanation='',interesting_fact='3';


INSERT INTO answer_options (question_id, correct_answer, answer_text)
VALUES ('103029303', TRUE, '78 : 7 = 11 (____)') ;

INSERT INTO answer_options (question_id, correct_answer, answer_text)
VALUES ('103029303', FALSE, '1');

INSERT INTO answer_options (question_id, correct_answer, answer_text)
VALUES ('103029303', FALSE, '2');

INSERT INTO answer_options (question_id, correct_answer, answer_text)
VALUES ('103029303', FALSE, '0');

INSERT INTO questions (question_id, language_id, topic_id, c_grade_id, level, question_text, explanation, interesting_fact)
VALUES ('103029304', 1, 3029, 4, 4, '1', '', '3') ON CONFLICT (question_id) DO UPDATE SET language_id = 1 ,topic_id= 3029,c_grade_id =4,level=4,question_text='1',explanation='',interesting_fact='3';


INSERT INTO answer_options (question_id, correct_answer, answer_text)
VALUES ('103029304', TRUE, '89 : 8 = 11 (____)') ;

INSERT INTO answer_options (question_id, correct_answer, answer_text)
VALUES ('103029304', FALSE, '1');

INSERT INTO answer_options (question_id, correct_answer, answer_text)
VALUES ('103029304', FALSE, '0');

INSERT INTO answer_options (question_id, correct_answer, answer_text)
VALUES ('103029304', FALSE, '2');

INSERT INTO questions (question_id, language_id, topic_id, c_grade_id, level, question_text, explanation, interesting_fact)
VALUES ('103029305', 1, 3029, 5, 5, '1', '', '7') ON CONFLICT (question_id) DO UPDATE SET language_id = 1 ,topic_id= 3029,c_grade_id =5,level=5,question_text='1',explanation='',interesting_fact='7';


INSERT INTO answer_options (question_id, correct_answer, answer_text)
VALUES ('103029305', TRUE, '82 : 9 = ____ (1)') ;

INSERT INTO answer_options (question_id, correct_answer, answer_text)
VALUES ('103029305', FALSE, '9');

INSERT INTO answer_options (question_id, correct_answer, answer_text)
VALUES ('103029305', FALSE, '8');

INSERT INTO answer_options (question_id, correct_answer, answer_text)
VALUES ('103029305', FALSE, '10');

INSERT INTO questions (question_id, language_id, topic_id, c_grade_id, level, question_text, explanation, interesting_fact)
VALUES ('103029306', 1, 3029, 6, 6, '1', '', '9') ON CONFLICT (question_id) DO UPDATE SET language_id = 1 ,topic_id= 3029,c_grade_id =6,level=6,question_text='1',explanation='',interesting_fact='9';


INSERT INTO answer_options (question_id, correct_answer, answer_text)
VALUES ('103029306', TRUE, '89 : 8 = ____ (1)') ;

INSERT INTO answer_options (question_id, correct_answer, answer_text)
VALUES ('103029306', FALSE, '11');

INSERT INTO answer_options (question_id, correct_answer, answer_text)
VALUES ('103029306', FALSE, '10');

INSERT INTO answer_options (question_id, correct_answer, answer_text)
VALUES ('103029306', FALSE, '12');

INSERT INTO questions (question_id, language_id, topic_id, c_grade_id, level, question_text, explanation, interesting_fact)
VALUES ('103029307', 1, 3029, 7, 7, '1', '', '22') ON CONFLICT (question_id) DO UPDATE SET language_id = 1 ,topic_id= 3029,c_grade_id =7,level=7,question_text='1',explanation='',interesting_fact='22';


INSERT INTO answer_options (question_id, correct_answer, answer_text)
VALUES ('103029307', TRUE, '96 : 4 = ____ (0)') ;

INSERT INTO answer_options (question_id, correct_answer, answer_text)
VALUES ('103029307', FALSE, '24');

INSERT INTO answer_options (question_id, correct_answer, answer_text)
VALUES ('103029307', FALSE, '23');

INSERT INTO answer_options (question_id, correct_answer, answer_text)
VALUES ('103029307', FALSE, '25');

INSERT INTO questions (question_id, language_id, topic_id, c_grade_id, level, question_text, explanation, interesting_fact)
VALUES ('103029308', 1, 3029, 8, 8, '1', '', '9') ON CONFLICT (question_id) DO UPDATE SET language_id = 1 ,topic_id= 3029,c_grade_id =8,level=8,question_text='1',explanation='',interesting_fact='9';


INSERT INTO answer_options (question_id, correct_answer, answer_text)
VALUES ('103029308', TRUE, '98 : ____ = 14 (0)') ;

INSERT INTO answer_options (question_id, correct_answer, answer_text)
VALUES ('103029308', FALSE, '7');

INSERT INTO answer_options (question_id, correct_answer, answer_text)
VALUES ('103029308', FALSE, '8');

INSERT INTO answer_options (question_id, correct_answer, answer_text)
VALUES ('103029308', FALSE, '6');

INSERT INTO questions (question_id, language_id, topic_id, c_grade_id, level, question_text, explanation, interesting_fact)
VALUES ('103029309', 1, 3029, 9, 9, '1', '', '4') ON CONFLICT (question_id) DO UPDATE SET language_id = 1 ,topic_id= 3029,c_grade_id =9,level=9,question_text='1',explanation='',interesting_fact='4';


INSERT INTO answer_options (question_id, correct_answer, answer_text)
VALUES ('103029309', TRUE, '95 : ____ = 15 (5)') ;

INSERT INTO answer_options (question_id, correct_answer, answer_text)
VALUES ('103029309', FALSE, '6');

INSERT INTO answer_options (question_id, correct_answer, answer_text)
VALUES ('103029309', FALSE, '5');

INSERT INTO answer_options (question_id, correct_answer, answer_text)
VALUES ('103029309', FALSE, '7');

INSERT INTO questions (question_id, language_id, topic_id, c_grade_id, level, question_text, explanation, interesting_fact)
VALUES ('103029310', 1, 3029, 0, 0, '1', '', '7') ON CONFLICT (question_id) DO UPDATE SET language_id = 1 ,topic_id= 3029,c_grade_id =0,level=0,question_text='1',explanation='',interesting_fact='7';


INSERT INTO answer_options (question_id, correct_answer, answer_text)
VALUES ('103029310', TRUE, '82 : ____ = 9 (1)') ;

INSERT INTO answer_options (question_id, correct_answer, answer_text)
VALUES ('103029310', FALSE, '9');

INSERT INTO answer_options (question_id, correct_answer, answer_text)
VALUES ('103029310', FALSE, '10');

INSERT INTO answer_options (question_id, correct_answer, answer_text)
VALUES ('103029310', FALSE, '8');

INSERT INTO questions (question_id, language_id, topic_id, c_grade_id, level, question_text, explanation, interesting_fact)
VALUES ('103029311', 1, 3029, 1, 1, '1', '', '93') ON CONFLICT (question_id) DO UPDATE SET language_id = 1 ,topic_id= 3029,c_grade_id =1,level=1,question_text='1',explanation='',interesting_fact='93';


INSERT INTO answer_options (question_id, correct_answer, answer_text)
VALUES ('103029311', TRUE, '____ : 6 = 15 (5)') ;

INSERT INTO answer_options (question_id, correct_answer, answer_text)
VALUES ('103029311', FALSE, '95');

INSERT INTO answer_options (question_id, correct_answer, answer_text)
VALUES ('103029311', FALSE, '94');

INSERT INTO answer_options (question_id, correct_answer, answer_text)
VALUES ('103029311', FALSE, '96');

INSERT INTO questions (question_id, language_id, topic_id, c_grade_id, level, question_text, explanation, interesting_fact)
VALUES ('103029312', 1, 3029, 2, 2, '1', '', '87') ON CONFLICT (question_id) DO UPDATE SET language_id = 1 ,topic_id= 3029,c_grade_id =2,level=2,question_text='1',explanation='',interesting_fact='87';


INSERT INTO answer_options (question_id, correct_answer, answer_text)
VALUES ('103029312', TRUE, '____ : 8 = 11 (1)') ;

INSERT INTO answer_options (question_id, correct_answer, answer_text)
VALUES ('103029312', FALSE, '89');

INSERT INTO answer_options (question_id, correct_answer, answer_text)
VALUES ('103029312', FALSE, '90');

INSERT INTO answer_options (question_id, correct_answer, answer_text)
VALUES ('103029312', FALSE, '88');

INSERT INTO questions (question_id, language_id, topic_id, c_grade_id, level, question_text, explanation, interesting_fact)
VALUES ('103029313', 1, 3029, 3, 3, '1', '', '94') ON CONFLICT (question_id) DO UPDATE SET language_id = 1 ,topic_id= 3029,c_grade_id =3,level=3,question_text='1',explanation='',interesting_fact='94';


INSERT INTO answer_options (question_id, correct_answer, answer_text)
VALUES ('103029313', TRUE, '____ : 4 = 24 (0)') ;

INSERT INTO answer_options (question_id, correct_answer, answer_text)
VALUES ('103029313', FALSE, '96');

INSERT INTO answer_options (question_id, correct_answer, answer_text)
VALUES ('103029313', FALSE, '97');

INSERT INTO answer_options (question_id, correct_answer, answer_text)
VALUES ('103029313', FALSE, '95');

INSERT INTO questions (question_id, language_id, topic_id, c_grade_id, level, question_text, explanation, interesting_fact)
VALUES ('103029314', 1, 3029, 4, 4, '1', '', '95') ON CONFLICT (question_id) DO UPDATE SET language_id = 1 ,topic_id= 3029,c_grade_id =4,level=4,question_text='1',explanation='',interesting_fact='95';


INSERT INTO answer_options (question_id, correct_answer, answer_text)
VALUES ('103029314', TRUE, '____ : 5 = 19 (2)') ;

INSERT INTO answer_options (question_id, correct_answer, answer_text)
VALUES ('103029314', FALSE, '97');

INSERT INTO answer_options (question_id, correct_answer, answer_text)
VALUES ('103029314', FALSE, '98');

INSERT INTO answer_options (question_id, correct_answer, answer_text)
VALUES ('103029314', FALSE, '96');

INSERT INTO questions (question_id, language_id, topic_id, c_grade_id, level, question_text, explanation, interesting_fact)
VALUES ('103029315', 1, 3029, 5, 5, '1', '', '8') ON CONFLICT (question_id) DO UPDATE SET language_id = 1 ,topic_id= 3029,c_grade_id =5,level=5,question_text='1',explanation='',interesting_fact='8';


INSERT INTO answer_options (question_id, correct_answer, answer_text)
VALUES ('103029315', TRUE, 'איזה מספר מהבאים לא יכול להיות שארית בתרגיל: 9 : 147?') ;

INSERT INTO answer_options (question_id, correct_answer, answer_text)
VALUES ('103029315', FALSE, '9');

INSERT INTO answer_options (question_id, correct_answer, answer_text)
VALUES ('103029315', FALSE, '3');

INSERT INTO answer_options (question_id, correct_answer, answer_text)
VALUES ('103029315', FALSE, '6');

INSERT INTO questions (question_id, language_id, topic_id, c_grade_id, level, question_text, explanation, interesting_fact)
VALUES ('103029316', 1, 3029, 6, 6, '1', '', '4') ON CONFLICT (question_id) DO UPDATE SET language_id = 1 ,topic_id= 3029,c_grade_id =6,level=6,question_text='1',explanation='',interesting_fact='4';


INSERT INTO answer_options (question_id, correct_answer, answer_text)
VALUES ('103029316', TRUE, 'איזה מספר מהבאים לא יכול להיות שארית בתרגיל: 7 : 132?') ;

INSERT INTO answer_options (question_id, correct_answer, answer_text)
VALUES ('103029316', FALSE, '7');

INSERT INTO answer_options (question_id, correct_answer, answer_text)
VALUES ('103029316', FALSE, '5');

INSERT INTO answer_options (question_id, correct_answer, answer_text)
VALUES ('103029316', FALSE, '6');

INSERT INTO questions (question_id, language_id, topic_id, c_grade_id, level, question_text, explanation, interesting_fact)
VALUES ('103029317', 1, 3029, 7, 7, '1', '', '2') ON CONFLICT (question_id) DO UPDATE SET language_id = 1 ,topic_id= 3029,c_grade_id =7,level=7,question_text='1',explanation='',interesting_fact='2';


INSERT INTO answer_options (question_id, correct_answer, answer_text)
VALUES ('103029317', TRUE, 'איזה מספר מהבאים לא יכול להיות שארית בתרגיל: 8 : 199?') ;

INSERT INTO answer_options (question_id, correct_answer, answer_text)
VALUES ('103029317', FALSE, '8');

INSERT INTO answer_options (question_id, correct_answer, answer_text)
VALUES ('103029317', FALSE, '3');

INSERT INTO answer_options (question_id, correct_answer, answer_text)
VALUES ('103029317', FALSE, '7');

INSERT INTO questions (question_id, language_id, topic_id, c_grade_id, level, question_text, explanation, interesting_fact)
VALUES ('103029318', 1, 3029, 8, 8, '1', '', '5') ON CONFLICT (question_id) DO UPDATE SET language_id = 1 ,topic_id= 3029,c_grade_id =8,level=8,question_text='1',explanation='',interesting_fact='5';


INSERT INTO answer_options (question_id, correct_answer, answer_text)
VALUES ('103029318', TRUE, 'בזמן שיתוף 38 תפוחים בין 5 חברים, כמה תפוחים יישארו לא משותפים?') ;

INSERT INTO answer_options (question_id, correct_answer, answer_text)
VALUES ('103029318', FALSE, '3');

INSERT INTO answer_options (question_id, correct_answer, answer_text)
VALUES ('103029318', FALSE, '4');

INSERT INTO answer_options (question_id, correct_answer, answer_text)
VALUES ('103029318', FALSE, '2');

INSERT INTO questions (question_id, language_id, topic_id, c_grade_id, level, question_text, explanation, interesting_fact)
VALUES ('103029319', 1, 3029, 9, 9, '1', '', '8') ON CONFLICT (question_id) DO UPDATE SET language_id = 1 ,topic_id= 3029,c_grade_id =9,level=9,question_text='1',explanation='',interesting_fact='8';


INSERT INTO answer_options (question_id, correct_answer, answer_text)
VALUES ('103029319', TRUE, '44 ספרים חולקו בין 7 תלמידים באופן שווה. כמה ספרים קיבל כל תלמיד במלואו?') ;

INSERT INTO answer_options (question_id, correct_answer, answer_text)
VALUES ('103029319', FALSE, '6');

INSERT INTO answer_options (question_id, correct_answer, answer_text)
VALUES ('103029319', FALSE, '5');

INSERT INTO answer_options (question_id, correct_answer, answer_text)
VALUES ('103029319', FALSE, '7');

INSERT INTO questions (question_id, language_id, topic_id, c_grade_id, level, question_text, explanation, interesting_fact)
VALUES ('103029320', 1, 3029, 0, 0, '1', '', '9') ON CONFLICT (question_id) DO UPDATE SET language_id = 1 ,topic_id= 3029,c_grade_id =0,level=0,question_text='1',explanation='',interesting_fact='9';


INSERT INTO answer_options (question_id, correct_answer, answer_text)
VALUES ('103029320', TRUE, '33 תפוחים מחולקים בין 4 סלסלות באופן שווה. כמה סלים מלאים היו?') ;

INSERT INTO answer_options (question_id, correct_answer, answer_text)
VALUES ('103029320', FALSE, '8');

INSERT INTO answer_options (question_id, correct_answer, answer_text)
VALUES ('103029320', FALSE, '7');

INSERT INTO answer_options (question_id, correct_answer, answer_text)
VALUES ('103029320', FALSE, '6');

INSERT INTO questions (question_id, language_id, topic_id, c_grade_id, level, question_text, explanation, interesting_fact)
VALUES ('103030101', 1, 3030, 1, 1, '1', '', '26') ON CONFLICT (question_id) DO UPDATE SET language_id = 1 ,topic_id= 3030,c_grade_id =1,level=1,question_text='1',explanation='',interesting_fact='26';


INSERT INTO answer_options (question_id, correct_answer, answer_text)
VALUES ('103030101', TRUE, 'איזה מהמספרים הבאים מתחלק ב-5?') ;

INSERT INTO answer_options (question_id, correct_answer, answer_text)
VALUES ('103030101', FALSE, '40');

INSERT INTO answer_options (question_id, correct_answer, answer_text)
VALUES ('103030101', FALSE, '33');

INSERT INTO answer_options (question_id, correct_answer, answer_text)
VALUES ('103030101', FALSE, '37');

INSERT INTO questions (question_id, language_id, topic_id, c_grade_id, level, question_text, explanation, interesting_fact)
VALUES ('103030102', 1, 3030, 2, 2, '1', '', '47') ON CONFLICT (question_id) DO UPDATE SET language_id = 1 ,topic_id= 3030,c_grade_id =2,level=2,question_text='1',explanation='',interesting_fact='47';


INSERT INTO answer_options (question_id, correct_answer, answer_text)
VALUES ('103030102', TRUE, 'איזה מהמספרים הבאים מתחלק ב-5?') ;

INSERT INTO answer_options (question_id, correct_answer, answer_text)
VALUES ('103030102', FALSE, '50');

INSERT INTO answer_options (question_id, correct_answer, answer_text)
VALUES ('103030102', FALSE, '42');

INSERT INTO answer_options (question_id, correct_answer, answer_text)
VALUES ('103030102', FALSE, '39');

INSERT INTO questions (question_id, language_id, topic_id, c_grade_id, level, question_text, explanation, interesting_fact)
VALUES ('103030103', 1, 3030, 3, 3, '1', '', '62') ON CONFLICT (question_id) DO UPDATE SET language_id = 1 ,topic_id= 3030,c_grade_id =3,level=3,question_text='1',explanation='',interesting_fact='62';


INSERT INTO answer_options (question_id, correct_answer, answer_text)
VALUES ('103030103', TRUE, 'איזה מהמספרים הבאים מתחלק ב-5?') ;

INSERT INTO answer_options (question_id, correct_answer, answer_text)
VALUES ('103030103', FALSE, '65');

INSERT INTO answer_options (question_id, correct_answer, answer_text)
VALUES ('103030103', FALSE, '58');

INSERT INTO answer_options (question_id, correct_answer, answer_text)
VALUES ('103030103', FALSE, '67');

INSERT INTO questions (question_id, language_id, topic_id, c_grade_id, level, question_text, explanation, interesting_fact)
VALUES ('103030104', 1, 3030, 4, 4, '1', '', '72') ON CONFLICT (question_id) DO UPDATE SET language_id = 1 ,topic_id= 3030,c_grade_id =4,level=4,question_text='1',explanation='',interesting_fact='72';


INSERT INTO answer_options (question_id, correct_answer, answer_text)
VALUES ('103030104', TRUE, 'איזה מהמספרים הבאים מתחלק ב-5?') ;

INSERT INTO answer_options (question_id, correct_answer, answer_text)
VALUES ('103030104', FALSE, '75');

INSERT INTO answer_options (question_id, correct_answer, answer_text)
VALUES ('103030104', FALSE, '73');

INSERT INTO answer_options (question_id, correct_answer, answer_text)
VALUES ('103030104', FALSE, '79');

INSERT INTO questions (question_id, language_id, topic_id, c_grade_id, level, question_text, explanation, interesting_fact)
VALUES ('103030105', 1, 3030, 5, 5, '1', '', '89') ON CONFLICT (question_id) DO UPDATE SET language_id = 1 ,topic_id= 3030,c_grade_id =5,level=5,question_text='1',explanation='',interesting_fact='89';


INSERT INTO answer_options (question_id, correct_answer, answer_text)
VALUES ('103030105', TRUE, 'איזה מהמספרים הבאים מתחלק ב-5?') ;

INSERT INTO answer_options (question_id, correct_answer, answer_text)
VALUES ('103030105', FALSE, '95');

INSERT INTO answer_options (question_id, correct_answer, answer_text)
VALUES ('103030105', FALSE, '93');

INSERT INTO answer_options (question_id, correct_answer, answer_text)
VALUES ('103030105', FALSE, '91');

INSERT INTO questions (question_id, language_id, topic_id, c_grade_id, level, question_text, explanation, interesting_fact)
VALUES ('103030106', 1, 3030, 6, 6, '1', '', '57') ON CONFLICT (question_id) DO UPDATE SET language_id = 1 ,topic_id= 3030,c_grade_id =6,level=6,question_text='1',explanation='',interesting_fact='57';


INSERT INTO answer_options (question_id, correct_answer, answer_text)
VALUES ('103030106', TRUE, 'איזה מהמספרים הבאים מתחלק ב-10?') ;

INSERT INTO answer_options (question_id, correct_answer, answer_text)
VALUES ('103030106', FALSE, '50');

INSERT INTO answer_options (question_id, correct_answer, answer_text)
VALUES ('103030106', FALSE, '51');

INSERT INTO answer_options (question_id, correct_answer, answer_text)
VALUES ('103030106', FALSE, '53');

INSERT INTO questions (question_id, language_id, topic_id, c_grade_id, level, question_text, explanation, interesting_fact)
VALUES ('103030107', 1, 3030, 7, 7, '1', '', '77') ON CONFLICT (question_id) DO UPDATE SET language_id = 1 ,topic_id= 3030,c_grade_id =7,level=7,question_text='1',explanation='',interesting_fact='77';


INSERT INTO answer_options (question_id, correct_answer, answer_text)
VALUES ('103030107', TRUE, 'איזה מהמספרים הבאים מתחלק ב-10?') ;

INSERT INTO answer_options (question_id, correct_answer, answer_text)
VALUES ('103030107', FALSE, '70');

INSERT INTO answer_options (question_id, correct_answer, answer_text)
VALUES ('103030107', FALSE, '71');

INSERT INTO answer_options (question_id, correct_answer, answer_text)
VALUES ('103030107', FALSE, '75');

INSERT INTO questions (question_id, language_id, topic_id, c_grade_id, level, question_text, explanation, interesting_fact)
VALUES ('103030108', 1, 3030, 8, 8, '1', '', '97') ON CONFLICT (question_id) DO UPDATE SET language_id = 1 ,topic_id= 3030,c_grade_id =8,level=8,question_text='1',explanation='',interesting_fact='97';


INSERT INTO answer_options (question_id, correct_answer, answer_text)
VALUES ('103030108', TRUE, 'איזה מהמספרים הבאים מתחלק ב-10?') ;

INSERT INTO answer_options (question_id, correct_answer, answer_text)
VALUES ('103030108', FALSE, '90');

INSERT INTO answer_options (question_id, correct_answer, answer_text)
VALUES ('103030108', FALSE, '91');

INSERT INTO answer_options (question_id, correct_answer, answer_text)
VALUES ('103030108', FALSE, '95');

INSERT INTO questions (question_id, language_id, topic_id, c_grade_id, level, question_text, explanation, interesting_fact)
VALUES ('103030109', 1, 3030, 9, 9, '1', '', '27') ON CONFLICT (question_id) DO UPDATE SET language_id = 1 ,topic_id= 3030,c_grade_id =9,level=9,question_text='1',explanation='',interesting_fact='27';


INSERT INTO answer_options (question_id, correct_answer, answer_text)
VALUES ('103030109', TRUE, 'איזה מהמספרים הבאים מתחלק ב-10?') ;

INSERT INTO answer_options (question_id, correct_answer, answer_text)
VALUES ('103030109', FALSE, '20');

INSERT INTO answer_options (question_id, correct_answer, answer_text)
VALUES ('103030109', FALSE, '21');

INSERT INTO answer_options (question_id, correct_answer, answer_text)
VALUES ('103030109', FALSE, '23');

INSERT INTO questions (question_id, language_id, topic_id, c_grade_id, level, question_text, explanation, interesting_fact)
VALUES ('103030110', 1, 3030, 0, 0, '1', '', '40') ON CONFLICT (question_id) DO UPDATE SET language_id = 1 ,topic_id= 3030,c_grade_id =0,level=0,question_text='1',explanation='',interesting_fact='40';


INSERT INTO answer_options (question_id, correct_answer, answer_text)
VALUES ('103030110', TRUE, 'איזה מהמספרים הבאים אינו מתחלק ב-5?') ;

INSERT INTO answer_options (question_id, correct_answer, answer_text)
VALUES ('103030110', FALSE, '28');

INSERT INTO answer_options (question_id, correct_answer, answer_text)
VALUES ('103030110', FALSE, '30');

INSERT INTO answer_options (question_id, correct_answer, answer_text)
VALUES ('103030110', FALSE, '35');

INSERT INTO questions (question_id, language_id, topic_id, c_grade_id, level, question_text, explanation, interesting_fact)
VALUES ('103030111', 1, 3030, 1, 1, '1', '', '75') ON CONFLICT (question_id) DO UPDATE SET language_id = 1 ,topic_id= 3030,c_grade_id =1,level=1,question_text='1',explanation='',interesting_fact='75';


INSERT INTO answer_options (question_id, correct_answer, answer_text)
VALUES ('103030111', TRUE, 'איזה מהמספרים הבאים אינו מתחלק ב-5?') ;

INSERT INTO answer_options (question_id, correct_answer, answer_text)
VALUES ('103030111', FALSE, '67');

INSERT INTO answer_options (question_id, correct_answer, answer_text)
VALUES ('103030111', FALSE, '60');

INSERT INTO answer_options (question_id, correct_answer, answer_text)
VALUES ('103030111', FALSE, '65');

INSERT INTO questions (question_id, language_id, topic_id, c_grade_id, level, question_text, explanation, interesting_fact)
VALUES ('103030112', 1, 3030, 2, 2, '1', '', '50') ON CONFLICT (question_id) DO UPDATE SET language_id = 1 ,topic_id= 3030,c_grade_id =2,level=2,question_text='1',explanation='',interesting_fact='50';


INSERT INTO answer_options (question_id, correct_answer, answer_text)
VALUES ('103030112', TRUE, 'איזה מהמספרים הבאים אינו מתחלק ב-5?') ;

INSERT INTO answer_options (question_id, correct_answer, answer_text)
VALUES ('103030112', FALSE, '52');

INSERT INTO answer_options (question_id, correct_answer, answer_text)
VALUES ('103030112', FALSE, '45');

INSERT INTO answer_options (question_id, correct_answer, answer_text)
VALUES ('103030112', FALSE, '55');

INSERT INTO questions (question_id, language_id, topic_id, c_grade_id, level, question_text, explanation, interesting_fact)
VALUES ('103030113', 1, 3030, 3, 3, '1', '', '80') ON CONFLICT (question_id) DO UPDATE SET language_id = 1 ,topic_id= 3030,c_grade_id =3,level=3,question_text='1',explanation='',interesting_fact='80';


INSERT INTO answer_options (question_id, correct_answer, answer_text)
VALUES ('103030113', TRUE, 'איזה מהמספרים הבאים אינו מתחלק ב-5?') ;

INSERT INTO answer_options (question_id, correct_answer, answer_text)
VALUES ('103030113', FALSE, '72');

INSERT INTO answer_options (question_id, correct_answer, answer_text)
VALUES ('103030113', FALSE, '70');

INSERT INTO answer_options (question_id, correct_answer, answer_text)
VALUES ('103030113', FALSE, '75');

INSERT INTO questions (question_id, language_id, topic_id, c_grade_id, level, question_text, explanation, interesting_fact)
VALUES ('103030114', 1, 3030, 4, 4, '1', '', '55') ON CONFLICT (question_id) DO UPDATE SET language_id = 1 ,topic_id= 3030,c_grade_id =4,level=4,question_text='1',explanation='',interesting_fact='55';


INSERT INTO answer_options (question_id, correct_answer, answer_text)
VALUES ('103030114', TRUE, 'איזה מהמספרים הבאים אינו מתחלק ב-5?') ;

INSERT INTO answer_options (question_id, correct_answer, answer_text)
VALUES ('103030114', FALSE, '48');

INSERT INTO answer_options (question_id, correct_answer, answer_text)
VALUES ('103030114', FALSE, '45');

INSERT INTO answer_options (question_id, correct_answer, answer_text)
VALUES ('103030114', FALSE, '50');

INSERT INTO questions (question_id, language_id, topic_id, c_grade_id, level, question_text, explanation, interesting_fact)
VALUES ('103030115', 1, 3030, 5, 5, '1', '', '45') ON CONFLICT (question_id) DO UPDATE SET language_id = 1 ,topic_id= 3030,c_grade_id =5,level=5,question_text='1',explanation='',interesting_fact='45';


INSERT INTO answer_options (question_id, correct_answer, answer_text)
VALUES ('103030115', TRUE, 'איזה מהמספרים הבאים אינו מתחלק ב-5?') ;

INSERT INTO answer_options (question_id, correct_answer, answer_text)
VALUES ('103030115', FALSE, '38');

INSERT INTO answer_options (question_id, correct_answer, answer_text)
VALUES ('103030115', FALSE, '35');

INSERT INTO answer_options (question_id, correct_answer, answer_text)
VALUES ('103030115', FALSE, '40');

INSERT INTO questions (question_id, language_id, topic_id, c_grade_id, level, question_text, explanation, interesting_fact)
VALUES ('103030116', 1, 3030, 6, 6, '1', '', '70') ON CONFLICT (question_id) DO UPDATE SET language_id = 1 ,topic_id= 3030,c_grade_id =6,level=6,question_text='1',explanation='',interesting_fact='70';


INSERT INTO answer_options (question_id, correct_answer, answer_text)
VALUES ('103030116', TRUE, 'איזה מהמספרים הבאים אינו מתחלק ב-10?') ;

INSERT INTO answer_options (question_id, correct_answer, answer_text)
VALUES ('103030116', FALSE, '45');

INSERT INTO answer_options (question_id, correct_answer, answer_text)
VALUES ('103030116', FALSE, '50');

INSERT INTO answer_options (question_id, correct_answer, answer_text)
VALUES ('103030116', FALSE, '60');

INSERT INTO questions (question_id, language_id, topic_id, c_grade_id, level, question_text, explanation, interesting_fact)
VALUES ('103030117', 1, 3030, 7, 7, '1', '', '80') ON CONFLICT (question_id) DO UPDATE SET language_id = 1 ,topic_id= 3030,c_grade_id =7,level=7,question_text='1',explanation='',interesting_fact='80';


INSERT INTO answer_options (question_id, correct_answer, answer_text)
VALUES ('103030117', TRUE, 'איזה מהמספרים הבאים אינו מתחלק ב-10?') ;

INSERT INTO answer_options (question_id, correct_answer, answer_text)
VALUES ('103030117', FALSE, '65');

INSERT INTO answer_options (question_id, correct_answer, answer_text)
VALUES ('103030117', FALSE, '60');

INSERT INTO answer_options (question_id, correct_answer, answer_text)
VALUES ('103030117', FALSE, '70');

INSERT INTO questions (question_id, language_id, topic_id, c_grade_id, level, question_text, explanation, interesting_fact)
VALUES ('103030118', 1, 3030, 8, 8, '1', '', '100') ON CONFLICT (question_id) DO UPDATE SET language_id = 1 ,topic_id= 3030,c_grade_id =8,level=8,question_text='1',explanation='',interesting_fact='100';


INSERT INTO answer_options (question_id, correct_answer, answer_text)
VALUES ('103030118', TRUE, 'איזה מהמספרים הבאים אינו מתחלק ב-10?') ;

INSERT INTO answer_options (question_id, correct_answer, answer_text)
VALUES ('103030118', FALSE, '85');

INSERT INTO answer_options (question_id, correct_answer, answer_text)
VALUES ('103030118', FALSE, '80');

INSERT INTO answer_options (question_id, correct_answer, answer_text)
VALUES ('103030118', FALSE, '90');

INSERT INTO questions (question_id, language_id, topic_id, c_grade_id, level, question_text, explanation, interesting_fact)
VALUES ('103030119', 1, 3030, 9, 9, '1', '', '90') ON CONFLICT (question_id) DO UPDATE SET language_id = 1 ,topic_id= 3030,c_grade_id =9,level=9,question_text='1',explanation='',interesting_fact='90';


INSERT INTO answer_options (question_id, correct_answer, answer_text)
VALUES ('103030119', TRUE, 'איזה מהמספרים הבאים אינו מתחלק ב-10?') ;

INSERT INTO answer_options (question_id, correct_answer, answer_text)
VALUES ('103030119', FALSE, '75');

INSERT INTO answer_options (question_id, correct_answer, answer_text)
VALUES ('103030119', FALSE, '70');

INSERT INTO answer_options (question_id, correct_answer, answer_text)
VALUES ('103030119', FALSE, '80');

INSERT INTO questions (question_id, language_id, topic_id, c_grade_id, level, question_text, explanation, interesting_fact)
VALUES ('103030120', 1, 3030, 0, 0, '1', '', '263') ON CONFLICT (question_id) DO UPDATE SET language_id = 1 ,topic_id= 3030,c_grade_id =0,level=0,question_text='1',explanation='',interesting_fact='263';


INSERT INTO answer_options (question_id, correct_answer, answer_text)
VALUES ('103030120', TRUE, 'איזה מהמספרים הבאים מתחלק ב-5?') ;

INSERT INTO answer_options (question_id, correct_answer, answer_text)
VALUES ('103030120', FALSE, '230');

INSERT INTO answer_options (question_id, correct_answer, answer_text)
VALUES ('103030120', FALSE, '231');

INSERT INTO answer_options (question_id, correct_answer, answer_text)
VALUES ('103030120', FALSE, '242');

INSERT INTO questions (question_id, language_id, topic_id, c_grade_id, level, question_text, explanation, interesting_fact)
VALUES ('103030201', 1, 3030, 1, 1, '1', '', '339') ON CONFLICT (question_id) DO UPDATE SET language_id = 1 ,topic_id= 3030,c_grade_id =1,level=1,question_text='1',explanation='',interesting_fact='339';


INSERT INTO answer_options (question_id, correct_answer, answer_text)
VALUES ('103030201', TRUE, 'איזה מהמספרים הבאים מתחלק ב-5?') ;

INSERT INTO answer_options (question_id, correct_answer, answer_text)
VALUES ('103030201', FALSE, '315');

INSERT INTO answer_options (question_id, correct_answer, answer_text)
VALUES ('103030201', FALSE, '316');

INSERT INTO answer_options (question_id, correct_answer, answer_text)
VALUES ('103030201', FALSE, '328');

INSERT INTO questions (question_id, language_id, topic_id, c_grade_id, level, question_text, explanation, interesting_fact)
VALUES ('103030202', 1, 3030, 2, 2, '1', '', '555') ON CONFLICT (question_id) DO UPDATE SET language_id = 1 ,topic_id= 3030,c_grade_id =2,level=2,question_text='1',explanation='',interesting_fact='555';


INSERT INTO answer_options (question_id, correct_answer, answer_text)
VALUES ('103030202', TRUE, 'איזה מהמספרים הבאים מתחלק ב-10?') ;

INSERT INTO answer_options (question_id, correct_answer, answer_text)
VALUES ('103030202', FALSE, '540');

INSERT INTO answer_options (question_id, correct_answer, answer_text)
VALUES ('103030202', FALSE, '541');

INSERT INTO answer_options (question_id, correct_answer, answer_text)
VALUES ('103030202', FALSE, '543');

INSERT INTO questions (question_id, language_id, topic_id, c_grade_id, level, question_text, explanation, interesting_fact)
VALUES ('103030203', 1, 3030, 3, 3, '1', '', '794') ON CONFLICT (question_id) DO UPDATE SET language_id = 1 ,topic_id= 3030,c_grade_id =3,level=3,question_text='1',explanation='',interesting_fact='794';


INSERT INTO answer_options (question_id, correct_answer, answer_text)
VALUES ('103030203', TRUE, 'איזה מהמספרים הבאים מתחלק ב-10?') ;

INSERT INTO answer_options (question_id, correct_answer, answer_text)
VALUES ('103030203', FALSE, '780');

INSERT INTO answer_options (question_id, correct_answer, answer_text)
VALUES ('103030203', FALSE, '781');

INSERT INTO answer_options (question_id, correct_answer, answer_text)
VALUES ('103030203', FALSE, '783');

INSERT INTO questions (question_id, language_id, topic_id, c_grade_id, level, question_text, explanation, interesting_fact)
VALUES ('103030204', 1, 3030, 4, 4, '1', '', '155') ON CONFLICT (question_id) DO UPDATE SET language_id = 1 ,topic_id= 3030,c_grade_id =4,level=4,question_text='1',explanation='',interesting_fact='155';


INSERT INTO answer_options (question_id, correct_answer, answer_text)
VALUES ('103030204', TRUE, 'איזה מהמספרים הבאים אינו מתחלק ב-5?') ;

INSERT INTO answer_options (question_id, correct_answer, answer_text)
VALUES ('103030204', FALSE, '141');

INSERT INTO answer_options (question_id, correct_answer, answer_text)
VALUES ('103030204', FALSE, '135');

INSERT INTO answer_options (question_id, correct_answer, answer_text)
VALUES ('103030204', FALSE, '145');

INSERT INTO questions (question_id, language_id, topic_id, c_grade_id, level, question_text, explanation, interesting_fact)
VALUES ('103030205', 1, 3030, 5, 5, '1', '', '690') ON CONFLICT (question_id) DO UPDATE SET language_id = 1 ,topic_id= 3030,c_grade_id =5,level=5,question_text='1',explanation='',interesting_fact='690';


INSERT INTO answer_options (question_id, correct_answer, answer_text)
VALUES ('103030205', TRUE, 'איזה מהמספרים הבאים אינו מתחלק ב-5?') ;

INSERT INTO answer_options (question_id, correct_answer, answer_text)
VALUES ('103030205', FALSE, '672');

INSERT INTO answer_options (question_id, correct_answer, answer_text)
VALUES ('103030205', FALSE, '665');

INSERT INTO answer_options (question_id, correct_answer, answer_text)
VALUES ('103030205', FALSE, '675');

INSERT INTO questions (question_id, language_id, topic_id, c_grade_id, level, question_text, explanation, interesting_fact)
VALUES ('103030206', 1, 3030, 6, 6, '1', '', '410') ON CONFLICT (question_id) DO UPDATE SET language_id = 1 ,topic_id= 3030,c_grade_id =6,level=6,question_text='1',explanation='',interesting_fact='410';


INSERT INTO answer_options (question_id, correct_answer, answer_text)
VALUES ('103030206', TRUE, 'איזה מהמספרים הבאים אינו מתחלק ב-5?') ;

INSERT INTO answer_options (question_id, correct_answer, answer_text)
VALUES ('103030206', FALSE, '398');

INSERT INTO answer_options (question_id, correct_answer, answer_text)
VALUES ('103030206', FALSE, '385');

INSERT INTO answer_options (question_id, correct_answer, answer_text)
VALUES ('103030206', FALSE, '395');

INSERT INTO questions (question_id, language_id, topic_id, c_grade_id, level, question_text, explanation, interesting_fact)
VALUES ('103030207', 1, 3030, 7, 7, '1', '', '260') ON CONFLICT (question_id) DO UPDATE SET language_id = 1 ,topic_id= 3030,c_grade_id =7,level=7,question_text='1',explanation='',interesting_fact='260';


INSERT INTO answer_options (question_id, correct_answer, answer_text)
VALUES ('103030207', TRUE, 'איזה מהמספרים הבאים אינו מתחלק ב-10?') ;

INSERT INTO answer_options (question_id, correct_answer, answer_text)
VALUES ('103030207', FALSE, '245');

INSERT INTO answer_options (question_id, correct_answer, answer_text)
VALUES ('103030207', FALSE, '240');

INSERT INTO answer_options (question_id, correct_answer, answer_text)
VALUES ('103030207', FALSE, '250');

INSERT INTO questions (question_id, language_id, topic_id, c_grade_id, level, question_text, explanation, interesting_fact)
VALUES ('103030208', 1, 3030, 8, 8, '1', '', '780') ON CONFLICT (question_id) DO UPDATE SET language_id = 1 ,topic_id= 3030,c_grade_id =8,level=8,question_text='1',explanation='',interesting_fact='780';


INSERT INTO answer_options (question_id, correct_answer, answer_text)
VALUES ('103030208', TRUE, 'איזה מהמספרים הבאים אינו מתחלק ב-10?') ;

INSERT INTO answer_options (question_id, correct_answer, answer_text)
VALUES ('103030208', FALSE, '775');

INSERT INTO answer_options (question_id, correct_answer, answer_text)
VALUES ('103030208', FALSE, '760');

INSERT INTO answer_options (question_id, correct_answer, answer_text)
VALUES ('103030208', FALSE, '770');

INSERT INTO questions (question_id, language_id, topic_id, c_grade_id, level, question_text, explanation, interesting_fact)
VALUES ('103030209', 1, 3030, 9, 9, '1', '', '340') ON CONFLICT (question_id) DO UPDATE SET language_id = 1 ,topic_id= 3030,c_grade_id =9,level=9,question_text='1',explanation='',interesting_fact='340';


INSERT INTO answer_options (question_id, correct_answer, answer_text)
VALUES ('103030209', TRUE, 'איזה מהמספרים הבאים אינו מתחלק ב-10?') ;

INSERT INTO answer_options (question_id, correct_answer, answer_text)
VALUES ('103030209', FALSE, '325');

INSERT INTO answer_options (question_id, correct_answer, answer_text)
VALUES ('103030209', FALSE, '320');

INSERT INTO answer_options (question_id, correct_answer, answer_text)
VALUES ('103030209', FALSE, '330');

INSERT INTO questions (question_id, language_id, topic_id, c_grade_id, level, question_text, explanation, interesting_fact)
VALUES ('103030210', 1, 3030, 0, 0, '1', '', '275') ON CONFLICT (question_id) DO UPDATE SET language_id = 1 ,topic_id= 3030,c_grade_id =0,level=0,question_text='1',explanation='',interesting_fact='275';


INSERT INTO answer_options (question_id, correct_answer, answer_text)
VALUES ('103030210', TRUE, 'איזה מהמספרים הבאים מתחלק ב-5 וב-10?') ;

INSERT INTO answer_options (question_id, correct_answer, answer_text)
VALUES ('103030210', FALSE, '250');

INSERT INTO answer_options (question_id, correct_answer, answer_text)
VALUES ('103030210', FALSE, '251');

INSERT INTO answer_options (question_id, correct_answer, answer_text)
VALUES ('103030210', FALSE, '265');

INSERT INTO questions (question_id, language_id, topic_id, c_grade_id, level, question_text, explanation, interesting_fact)
VALUES ('103030211', 1, 3030, 1, 1, '1', '', '329') ON CONFLICT (question_id) DO UPDATE SET language_id = 1 ,topic_id= 3030,c_grade_id =1,level=1,question_text='1',explanation='',interesting_fact='329';


INSERT INTO answer_options (question_id, correct_answer, answer_text)
VALUES ('103030211', TRUE, 'איזה מהמספרים הבאים מתחלק ב-5 וב-10?') ;

INSERT INTO answer_options (question_id, correct_answer, answer_text)
VALUES ('103030211', FALSE, '320');

INSERT INTO answer_options (question_id, correct_answer, answer_text)
VALUES ('103030211', FALSE, '323');

INSERT INTO answer_options (question_id, correct_answer, answer_text)
VALUES ('103030211', FALSE, '324');

INSERT INTO questions (question_id, language_id, topic_id, c_grade_id, level, question_text, explanation, interesting_fact)
VALUES ('103030212', 1, 3030, 2, 2, '1', '', 'אף אחת מהתשובות אינה נכונה') ON CONFLICT (question_id) DO UPDATE SET language_id = 1 ,topic_id= 3030,c_grade_id =2,level=2,question_text='1',explanation='',interesting_fact='אף אחת מהתשובות אינה נכונה';


INSERT INTO answer_options (question_id, correct_answer, answer_text)
VALUES ('103030212', TRUE, 'מספרים שמתחלקים ב-10 מתחלקים גם ב-5') ;

INSERT INTO answer_options (question_id, correct_answer, answer_text)
VALUES ('103030212', FALSE, 'נכון');

INSERT INTO answer_options (question_id, correct_answer, answer_text)
VALUES ('103030212', FALSE, 'לא נכון');

INSERT INTO answer_options (question_id, correct_answer, answer_text)
VALUES ('103030212', FALSE, 'זה תלוי');

INSERT INTO questions (question_id, language_id, topic_id, c_grade_id, level, question_text, explanation, interesting_fact)
VALUES ('103030213', 1, 3030, 3, 3, '1', '', '426') ON CONFLICT (question_id) DO UPDATE SET language_id = 1 ,topic_id= 3030,c_grade_id =3,level=3,question_text='1',explanation='',interesting_fact='426';


INSERT INTO answer_options (question_id, correct_answer, answer_text)
VALUES ('103030213', TRUE, 'איזה מהמספרים הבאים מתחלק ב-5 וב-10?') ;

INSERT INTO answer_options (question_id, correct_answer, answer_text)
VALUES ('103030213', FALSE, '420');

INSERT INTO answer_options (question_id, correct_answer, answer_text)
VALUES ('103030213', FALSE, '421');

INSERT INTO answer_options (question_id, correct_answer, answer_text)
VALUES ('103030213', FALSE, '425');

INSERT INTO questions (question_id, language_id, topic_id, c_grade_id, level, question_text, explanation, interesting_fact)
VALUES ('103030214', 1, 3030, 4, 4, '1', '', '660') ON CONFLICT (question_id) DO UPDATE SET language_id = 1 ,topic_id= 3030,c_grade_id =4,level=4,question_text='1',explanation='',interesting_fact='660';


INSERT INTO answer_options (question_id, correct_answer, answer_text)
VALUES ('103030214', TRUE, 'איזה מהמספרים הבאים אינו מתחלק ב-5 וב-10?') ;

INSERT INTO answer_options (question_id, correct_answer, answer_text)
VALUES ('103030214', FALSE, '635');

INSERT INTO answer_options (question_id, correct_answer, answer_text)
VALUES ('103030214', FALSE, '640');

INSERT INTO answer_options (question_id, correct_answer, answer_text)
VALUES ('103030214', FALSE, '650');

INSERT INTO questions (question_id, language_id, topic_id, c_grade_id, level, question_text, explanation, interesting_fact)
VALUES ('103030215', 1, 3030, 5, 5, '1', '', '800') ON CONFLICT (question_id) DO UPDATE SET language_id = 1 ,topic_id= 3030,c_grade_id =5,level=5,question_text='1',explanation='',interesting_fact='800';


INSERT INTO answer_options (question_id, correct_answer, answer_text)
VALUES ('103030215', TRUE, 'איזה מהמספרים הבאים אינו מתחלק ב-5 וב-10?') ;

INSERT INTO answer_options (question_id, correct_answer, answer_text)
VALUES ('103030215', FALSE, '775');

INSERT INTO answer_options (question_id, correct_answer, answer_text)
VALUES ('103030215', FALSE, '780');

INSERT INTO answer_options (question_id, correct_answer, answer_text)
VALUES ('103030215', FALSE, '790');

INSERT INTO questions (question_id, language_id, topic_id, c_grade_id, level, question_text, explanation, interesting_fact)
VALUES ('103030216', 1, 3030, 6, 6, '1', '', '930') ON CONFLICT (question_id) DO UPDATE SET language_id = 1 ,topic_id= 3030,c_grade_id =6,level=6,question_text='1',explanation='',interesting_fact='930';


INSERT INTO answer_options (question_id, correct_answer, answer_text)
VALUES ('103030216', TRUE, 'איזה מהמספרים הבאים אינו מתחלק ב-5 וב-10?') ;

INSERT INTO answer_options (question_id, correct_answer, answer_text)
VALUES ('103030216', FALSE, '915');

INSERT INTO answer_options (question_id, correct_answer, answer_text)
VALUES ('103030216', FALSE, '910');

INSERT INTO answer_options (question_id, correct_answer, answer_text)
VALUES ('103030216', FALSE, '920');

INSERT INTO questions (question_id, language_id, topic_id, c_grade_id, level, question_text, explanation, interesting_fact)
VALUES ('103030217', 1, 3030, 7, 7, '1', '', 'אף אחת מהתשובות אינה נכונה') ON CONFLICT (question_id) DO UPDATE SET language_id = 1 ,topic_id= 3030,c_grade_id =7,level=7,question_text='1',explanation='',interesting_fact='אף אחת מהתשובות אינה נכונה';


INSERT INTO answer_options (question_id, correct_answer, answer_text)
VALUES ('103030217', TRUE, 'מספרים שמתחלקים ב-5 מתחלקים גם ב-10') ;

INSERT INTO answer_options (question_id, correct_answer, answer_text)
VALUES ('103030217', FALSE, 'לא נכון');

INSERT INTO answer_options (question_id, correct_answer, answer_text)
VALUES ('103030217', FALSE, 'נכון');

INSERT INTO answer_options (question_id, correct_answer, answer_text)
VALUES ('103030217', FALSE, 'זה תלוי');

INSERT INTO questions (question_id, language_id, topic_id, c_grade_id, level, question_text, explanation, interesting_fact)
VALUES ('103030218', 1, 3030, 8, 8, '1', '', 'אף אחת מהתשובות אינה נכונה') ON CONFLICT (question_id) DO UPDATE SET language_id = 1 ,topic_id= 3030,c_grade_id =8,level=8,question_text='1',explanation='',interesting_fact='אף אחת מהתשובות אינה נכונה';


INSERT INTO answer_options (question_id, correct_answer, answer_text)
VALUES ('103030218', TRUE, 'מספרים שמתחלקים ב-2 מתחלקים גם ב-10') ;

INSERT INTO answer_options (question_id, correct_answer, answer_text)
VALUES ('103030218', FALSE, 'לא נכון');

INSERT INTO answer_options (question_id, correct_answer, answer_text)
VALUES ('103030218', FALSE, 'נכון');

INSERT INTO answer_options (question_id, correct_answer, answer_text)
VALUES ('103030218', FALSE, 'זה תלוי');

INSERT INTO questions (question_id, language_id, topic_id, c_grade_id, level, question_text, explanation, interesting_fact)
VALUES ('103030219', 1, 3030, 9, 9, '1', '', 'אף אחת מהתשובות אינה נכונה') ON CONFLICT (question_id) DO UPDATE SET language_id = 1 ,topic_id= 3030,c_grade_id =9,level=9,question_text='1',explanation='',interesting_fact='אף אחת מהתשובות אינה נכונה';


INSERT INTO answer_options (question_id, correct_answer, answer_text)
VALUES ('103030219', TRUE, 'מספרים שמתחלקים ב-10 מתחלקים גם ב-2') ;

INSERT INTO answer_options (question_id, correct_answer, answer_text)
VALUES ('103030219', FALSE, 'נכון');

INSERT INTO answer_options (question_id, correct_answer, answer_text)
VALUES ('103030219', FALSE, 'לא נכון');

INSERT INTO answer_options (question_id, correct_answer, answer_text)
VALUES ('103030219', FALSE, 'זה תלוי');

INSERT INTO questions (question_id, language_id, topic_id, c_grade_id, level, question_text, explanation, interesting_fact)
VALUES ('103030220', 1, 3030, 0, 0, '1', '', 'אף אחת מהתשובות אינה נכונה') ON CONFLICT (question_id) DO UPDATE SET language_id = 1 ,topic_id= 3030,c_grade_id =0,level=0,question_text='1',explanation='',interesting_fact='אף אחת מהתשובות אינה נכונה';


INSERT INTO answer_options (question_id, correct_answer, answer_text)
VALUES ('103030220', TRUE, 'מספרים שמתחלקים ב-2 מתחלקים גם ב-5') ;

INSERT INTO answer_options (question_id, correct_answer, answer_text)
VALUES ('103030220', FALSE, 'לא נכון');

INSERT INTO answer_options (question_id, correct_answer, answer_text)
VALUES ('103030220', FALSE, 'נכון');

INSERT INTO answer_options (question_id, correct_answer, answer_text)
VALUES ('103030220', FALSE, 'זה תלוי');

INSERT INTO questions (question_id, language_id, topic_id, c_grade_id, level, question_text, explanation, interesting_fact)
VALUES ('103031101', 1, 3031, 1, 1, '1', '', '59') ON CONFLICT (question_id) DO UPDATE SET language_id = 1 ,topic_id= 3031,c_grade_id =1,level=1,question_text='1',explanation='',interesting_fact='59';


INSERT INTO answer_options (question_id, correct_answer, answer_text)
VALUES ('103031101', TRUE, 'איזה מהמספרים הדו-ספרתיים הבאים מתחלק ב-2?') ;

INSERT INTO answer_options (question_id, correct_answer, answer_text)
VALUES ('103031101', FALSE, '48');

INSERT INTO answer_options (question_id, correct_answer, answer_text)
VALUES ('103031101', FALSE, '53');

INSERT INTO answer_options (question_id, correct_answer, answer_text)
VALUES ('103031101', FALSE, '57');

INSERT INTO questions (question_id, language_id, topic_id, c_grade_id, level, question_text, explanation, interesting_fact)
VALUES ('103031102', 1, 3031, 2, 2, '1', '', '69') ON CONFLICT (question_id) DO UPDATE SET language_id = 1 ,topic_id= 3031,c_grade_id =2,level=2,question_text='1',explanation='',interesting_fact='69';


INSERT INTO answer_options (question_id, correct_answer, answer_text)
VALUES ('103031102', TRUE, 'איזה מהמספרים הדו-ספרתיים הבאים מתחלק ב-2?') ;

INSERT INTO answer_options (question_id, correct_answer, answer_text)
VALUES ('103031102', FALSE, '62');

INSERT INTO answer_options (question_id, correct_answer, answer_text)
VALUES ('103031102', FALSE, '65');

INSERT INTO answer_options (question_id, correct_answer, answer_text)
VALUES ('103031102', FALSE, '67');

INSERT INTO questions (question_id, language_id, topic_id, c_grade_id, level, question_text, explanation, interesting_fact)
VALUES ('103031103', 1, 3031, 3, 3, '1', '', '37') ON CONFLICT (question_id) DO UPDATE SET language_id = 1 ,topic_id= 3031,c_grade_id =3,level=3,question_text='1',explanation='',interesting_fact='37';


INSERT INTO answer_options (question_id, correct_answer, answer_text)
VALUES ('103031103', TRUE, 'איזה מהמספרים הדו-ספרתיים הבאים מתחלק ב-2?') ;

INSERT INTO answer_options (question_id, correct_answer, answer_text)
VALUES ('103031103', FALSE, '34');

INSERT INTO answer_options (question_id, correct_answer, answer_text)
VALUES ('103031103', FALSE, '33');

INSERT INTO answer_options (question_id, correct_answer, answer_text)
VALUES ('103031103', FALSE, '35');

INSERT INTO questions (question_id, language_id, topic_id, c_grade_id, level, question_text, explanation, interesting_fact)
VALUES ('103031104', 1, 3031, 4, 4, '1', '', '79') ON CONFLICT (question_id) DO UPDATE SET language_id = 1 ,topic_id= 3031,c_grade_id =4,level=4,question_text='1',explanation='',interesting_fact='79';


INSERT INTO answer_options (question_id, correct_answer, answer_text)
VALUES ('103031104', TRUE, 'איזה מהמספרים הדו-ספרתיים הבאים מתחלק ב-2?') ;

INSERT INTO answer_options (question_id, correct_answer, answer_text)
VALUES ('103031104', FALSE, '76');

INSERT INTO answer_options (question_id, correct_answer, answer_text)
VALUES ('103031104', FALSE, '75');

INSERT INTO answer_options (question_id, correct_answer, answer_text)
VALUES ('103031104', FALSE, '73');

INSERT INTO questions (question_id, language_id, topic_id, c_grade_id, level, question_text, explanation, interesting_fact)
VALUES ('103031105', 1, 3031, 5, 5, '1', '', '89') ON CONFLICT (question_id) DO UPDATE SET language_id = 1 ,topic_id= 3031,c_grade_id =5,level=5,question_text='1',explanation='',interesting_fact='89';


INSERT INTO answer_options (question_id, correct_answer, answer_text)
VALUES ('103031105', TRUE, 'איזה מהמספרים הדו-ספרתיים הבאים מתחלק ב-2?') ;

INSERT INTO answer_options (question_id, correct_answer, answer_text)
VALUES ('103031105', FALSE, '82');

INSERT INTO answer_options (question_id, correct_answer, answer_text)
VALUES ('103031105', FALSE, '85');

INSERT INTO answer_options (question_id, correct_answer, answer_text)
VALUES ('103031105', FALSE, '87');

INSERT INTO questions (question_id, language_id, topic_id, c_grade_id, level, question_text, explanation, interesting_fact)
VALUES ('103031106', 1, 3031, 6, 6, '1', '', '469') ON CONFLICT (question_id) DO UPDATE SET language_id = 1 ,topic_id= 3031,c_grade_id =6,level=6,question_text='1',explanation='',interesting_fact='469';


INSERT INTO answer_options (question_id, correct_answer, answer_text)
VALUES ('103031106', TRUE, 'איזה מהמספרים התלת ספרתיים הבאים מתחלק ב-2?') ;

INSERT INTO answer_options (question_id, correct_answer, answer_text)
VALUES ('103031106', FALSE, '462');

INSERT INTO answer_options (question_id, correct_answer, answer_text)
VALUES ('103031106', FALSE, '463');

INSERT INTO answer_options (question_id, correct_answer, answer_text)
VALUES ('103031106', FALSE, '465');

INSERT INTO questions (question_id, language_id, topic_id, c_grade_id, level, question_text, explanation, interesting_fact)
VALUES ('103031107', 1, 3031, 7, 7, '1', '', '539') ON CONFLICT (question_id) DO UPDATE SET language_id = 1 ,topic_id= 3031,c_grade_id =7,level=7,question_text='1',explanation='',interesting_fact='539';


INSERT INTO answer_options (question_id, correct_answer, answer_text)
VALUES ('103031107', TRUE, 'איזה מהמספרים התלת ספרתיים הבאים מתחלק ב-2?') ;

INSERT INTO answer_options (question_id, correct_answer, answer_text)
VALUES ('103031107', FALSE, '538');

INSERT INTO answer_options (question_id, correct_answer, answer_text)
VALUES ('103031107', FALSE, '535');

INSERT INTO answer_options (question_id, correct_answer, answer_text)
VALUES ('103031107', FALSE, '537');

INSERT INTO questions (question_id, language_id, topic_id, c_grade_id, level, question_text, explanation, interesting_fact)
VALUES ('103031108', 1, 3031, 8, 8, '1', '', '729') ON CONFLICT (question_id) DO UPDATE SET language_id = 1 ,topic_id= 3031,c_grade_id =8,level=8,question_text='1',explanation='',interesting_fact='729';


INSERT INTO answer_options (question_id, correct_answer, answer_text)
VALUES ('103031108', TRUE, 'איזה מהמספרים התלת ספרתיים הבאים מתחלק ב-2?') ;

INSERT INTO answer_options (question_id, correct_answer, answer_text)
VALUES ('103031108', FALSE, '724');

INSERT INTO answer_options (question_id, correct_answer, answer_text)
VALUES ('103031108', FALSE, '725');

INSERT INTO answer_options (question_id, correct_answer, answer_text)
VALUES ('103031108', FALSE, '727');

INSERT INTO questions (question_id, language_id, topic_id, c_grade_id, level, question_text, explanation, interesting_fact)
VALUES ('103031109', 1, 3031, 9, 9, '1', '', '849') ON CONFLICT (question_id) DO UPDATE SET language_id = 1 ,topic_id= 3031,c_grade_id =9,level=9,question_text='1',explanation='',interesting_fact='849';


INSERT INTO answer_options (question_id, correct_answer, answer_text)
VALUES ('103031109', TRUE, 'איזה מהמספרים התלת ספרתיים הבאים מתחלק ב-2?') ;

INSERT INTO answer_options (question_id, correct_answer, answer_text)
VALUES ('103031109', FALSE, '846');

INSERT INTO answer_options (question_id, correct_answer, answer_text)
VALUES ('103031109', FALSE, '845');

INSERT INTO answer_options (question_id, correct_answer, answer_text)
VALUES ('103031109', FALSE, '847');

INSERT INTO questions (question_id, language_id, topic_id, c_grade_id, level, question_text, explanation, interesting_fact)
VALUES ('103031110', 1, 3031, 0, 0, '1', '', '919') ON CONFLICT (question_id) DO UPDATE SET language_id = 1 ,topic_id= 3031,c_grade_id =0,level=0,question_text='1',explanation='',interesting_fact='919';


INSERT INTO answer_options (question_id, correct_answer, answer_text)
VALUES ('103031110', TRUE, 'איזה מהמספרים התלת ספרתיים הבאים מתחלק ב-2?') ;

INSERT INTO answer_options (question_id, correct_answer, answer_text)
VALUES ('103031110', FALSE, '918');

INSERT INTO answer_options (question_id, correct_answer, answer_text)
VALUES ('103031110', FALSE, '915');

INSERT INTO answer_options (question_id, correct_answer, answer_text)
VALUES ('103031110', FALSE, '917');

INSERT INTO questions (question_id, language_id, topic_id, c_grade_id, level, question_text, explanation, interesting_fact)
VALUES ('103031111', 1, 3031, 1, 1, '1', '', '54') ON CONFLICT (question_id) DO UPDATE SET language_id = 1 ,topic_id= 3031,c_grade_id =1,level=1,question_text='1',explanation='',interesting_fact='54';


INSERT INTO answer_options (question_id, correct_answer, answer_text)
VALUES ('103031111', TRUE, 'איזה מהמספרים הדו-ספרתיים הבאים אינו מתחלק ב-2?') ;

INSERT INTO answer_options (question_id, correct_answer, answer_text)
VALUES ('103031111', FALSE, '59');

INSERT INTO answer_options (question_id, correct_answer, answer_text)
VALUES ('103031111', FALSE, '58');

INSERT INTO answer_options (question_id, correct_answer, answer_text)
VALUES ('103031111', FALSE, '56');

INSERT INTO questions (question_id, language_id, topic_id, c_grade_id, level, question_text, explanation, interesting_fact)
VALUES ('103031112', 1, 3031, 2, 2, '1', '', '66') ON CONFLICT (question_id) DO UPDATE SET language_id = 1 ,topic_id= 3031,c_grade_id =2,level=2,question_text='1',explanation='',interesting_fact='66';


INSERT INTO answer_options (question_id, correct_answer, answer_text)
VALUES ('103031112', TRUE, 'איזה מהמספרים הדו-ספרתיים הבאים אינו מתחלק ב-2?') ;

INSERT INTO answer_options (question_id, correct_answer, answer_text)
VALUES ('103031112', FALSE, '65');

INSERT INTO answer_options (question_id, correct_answer, answer_text)
VALUES ('103031112', FALSE, '62');

INSERT INTO answer_options (question_id, correct_answer, answer_text)
VALUES ('103031112', FALSE, '64');

INSERT INTO questions (question_id, language_id, topic_id, c_grade_id, level, question_text, explanation, interesting_fact)
VALUES ('103031113', 1, 3031, 3, 3, '1', '', '96') ON CONFLICT (question_id) DO UPDATE SET language_id = 1 ,topic_id= 3031,c_grade_id =3,level=3,question_text='1',explanation='',interesting_fact='96';


INSERT INTO answer_options (question_id, correct_answer, answer_text)
VALUES ('103031113', TRUE, 'איזה מהמספרים הדו-ספרתיים הבאים אינו מתחלק ב-2?') ;

INSERT INTO answer_options (question_id, correct_answer, answer_text)
VALUES ('103031113', FALSE, '93');

INSERT INTO answer_options (question_id, correct_answer, answer_text)
VALUES ('103031113', FALSE, '92');

INSERT INTO answer_options (question_id, correct_answer, answer_text)
VALUES ('103031113', FALSE, '94');

INSERT INTO questions (question_id, language_id, topic_id, c_grade_id, level, question_text, explanation, interesting_fact)
VALUES ('103031114', 1, 3031, 4, 4, '1', '', '72') ON CONFLICT (question_id) DO UPDATE SET language_id = 1 ,topic_id= 3031,c_grade_id =4,level=4,question_text='1',explanation='',interesting_fact='72';


INSERT INTO answer_options (question_id, correct_answer, answer_text)
VALUES ('103031114', TRUE, 'איזה מהמספרים הדו-ספרתיים הבאים אינו מתחלק ב-2?') ;

INSERT INTO answer_options (question_id, correct_answer, answer_text)
VALUES ('103031114', FALSE, '77');

INSERT INTO answer_options (question_id, correct_answer, answer_text)
VALUES ('103031114', FALSE, '76');

INSERT INTO answer_options (question_id, correct_answer, answer_text)
VALUES ('103031114', FALSE, '78');

INSERT INTO questions (question_id, language_id, topic_id, c_grade_id, level, question_text, explanation, interesting_fact)
VALUES ('103031115', 1, 3031, 5, 5, '1', '', 'אף אחת מהתשובות אינה נכונה') ON CONFLICT (question_id) DO UPDATE SET language_id = 1 ,topic_id= 3031,c_grade_id =5,level=5,question_text='1',explanation='',interesting_fact='אף אחת מהתשובות אינה נכונה';


INSERT INTO answer_options (question_id, correct_answer, answer_text)
VALUES ('103031115', TRUE, 'גם מספרים שמתחלקים ב-5 מתחלקים ב-2') ;

INSERT INTO answer_options (question_id, correct_answer, answer_text)
VALUES ('103031115', FALSE, 'לא נכון');

INSERT INTO answer_options (question_id, correct_answer, answer_text)
VALUES ('103031115', FALSE, 'נכון');

INSERT INTO answer_options (question_id, correct_answer, answer_text)
VALUES ('103031115', FALSE, 'זה תלוי');

INSERT INTO questions (question_id, language_id, topic_id, c_grade_id, level, question_text, explanation, interesting_fact)
VALUES ('103031116', 1, 3031, 6, 6, '1', '', '718') ON CONFLICT (question_id) DO UPDATE SET language_id = 1 ,topic_id= 3031,c_grade_id =6,level=6,question_text='1',explanation='',interesting_fact='718';


INSERT INTO answer_options (question_id, correct_answer, answer_text)
VALUES ('103031116', TRUE, 'איזה מהמספרים התלת ספרתיים הבאים אינו מתחלק ב-2?') ;

INSERT INTO answer_options (question_id, correct_answer, answer_text)
VALUES ('103031116', FALSE, '715');

INSERT INTO answer_options (question_id, correct_answer, answer_text)
VALUES ('103031116', FALSE, '714');

INSERT INTO answer_options (question_id, correct_answer, answer_text)
VALUES ('103031116', FALSE, '712');

INSERT INTO questions (question_id, language_id, topic_id, c_grade_id, level, question_text, explanation, interesting_fact)
VALUES ('103031117', 1, 3031, 7, 7, '1', '', '936') ON CONFLICT (question_id) DO UPDATE SET language_id = 1 ,topic_id= 3031,c_grade_id =7,level=7,question_text='1',explanation='',interesting_fact='936';


INSERT INTO answer_options (question_id, correct_answer, answer_text)
VALUES ('103031117', TRUE, 'איזה מהמספרים התלת ספרתיים הבאים אינו מתחלק ב-2?') ;

INSERT INTO answer_options (question_id, correct_answer, answer_text)
VALUES ('103031117', FALSE, '937');

INSERT INTO answer_options (question_id, correct_answer, answer_text)
VALUES ('103031117', FALSE, '932');

INSERT INTO answer_options (question_id, correct_answer, answer_text)
VALUES ('103031117', FALSE, '934');

INSERT INTO questions (question_id, language_id, topic_id, c_grade_id, level, question_text, explanation, interesting_fact)
VALUES ('103031118', 1, 3031, 8, 8, '1', '', '822') ON CONFLICT (question_id) DO UPDATE SET language_id = 1 ,topic_id= 3031,c_grade_id =8,level=8,question_text='1',explanation='',interesting_fact='822';


INSERT INTO answer_options (question_id, correct_answer, answer_text)
VALUES ('103031118', TRUE, 'איזה מהמספרים התלת ספרתיים הבאים אינו מתחלק ב-2?') ;

INSERT INTO answer_options (question_id, correct_answer, answer_text)
VALUES ('103031118', FALSE, '829');

INSERT INTO answer_options (question_id, correct_answer, answer_text)
VALUES ('103031118', FALSE, '828');

INSERT INTO answer_options (question_id, correct_answer, answer_text)
VALUES ('103031118', FALSE, '824');

INSERT INTO questions (question_id, language_id, topic_id, c_grade_id, level, question_text, explanation, interesting_fact)
VALUES ('103031119', 1, 3031, 9, 9, '1', '', 'אף אחת מהתשובות אינה נכונה') ON CONFLICT (question_id) DO UPDATE SET language_id = 1 ,topic_id= 3031,c_grade_id =9,level=9,question_text='1',explanation='',interesting_fact='אף אחת מהתשובות אינה נכונה';


INSERT INTO answer_options (question_id, correct_answer, answer_text)
VALUES ('103031119', TRUE, 'גם מספרים שמתחלקים ב-10 מתחלקים ב-2') ;

INSERT INTO answer_options (question_id, correct_answer, answer_text)
VALUES ('103031119', FALSE, 'נכון');

INSERT INTO answer_options (question_id, correct_answer, answer_text)
VALUES ('103031119', FALSE, 'לא נכון');

INSERT INTO answer_options (question_id, correct_answer, answer_text)
VALUES ('103031119', FALSE, 'זה תלוי');

INSERT INTO questions (question_id, language_id, topic_id, c_grade_id, level, question_text, explanation, interesting_fact)
VALUES ('103031120', 1, 3031, 0, 0, '1', '', '776') ON CONFLICT (question_id) DO UPDATE SET language_id = 1 ,topic_id= 3031,c_grade_id =0,level=0,question_text='1',explanation='',interesting_fact='776';


INSERT INTO answer_options (question_id, correct_answer, answer_text)
VALUES ('103031120', TRUE, 'איזה מהמספרים התלת ספרתיים הבאים אינו מתחלק ב-2?') ;

INSERT INTO answer_options (question_id, correct_answer, answer_text)
VALUES ('103031120', FALSE, '775');

INSERT INTO answer_options (question_id, correct_answer, answer_text)
VALUES ('103031120', FALSE, '772');

INSERT INTO answer_options (question_id, correct_answer, answer_text)
VALUES ('103031120', FALSE, '774');

INSERT INTO questions (question_id, language_id, topic_id, c_grade_id, level, question_text, explanation, interesting_fact)
VALUES ('103032101', 1, 3032, 1, 1, '1', '', 'לא ניתן לדעת') ON CONFLICT (question_id) DO UPDATE SET language_id = 1 ,topic_id= 3032,c_grade_id =1,level=1,question_text='1',explanation='',interesting_fact='לא ניתן לדעת';


INSERT INTO answer_options (question_id, correct_answer, answer_text)
VALUES ('103032101', TRUE, 'האם הסכום 34 + 23 מתחלק ב-2?') ;

INSERT INTO answer_options (question_id, correct_answer, answer_text)
VALUES ('103032101', FALSE, 'כן');

INSERT INTO answer_options (question_id, correct_answer, answer_text)
VALUES ('103032101', FALSE, 'לא');

INSERT INTO answer_options (question_id, correct_answer, answer_text)
VALUES ('103032101', FALSE, 'זה תלוי');

INSERT INTO questions (question_id, language_id, topic_id, c_grade_id, level, question_text, explanation, interesting_fact)
VALUES ('103032102', 1, 3032, 2, 2, '1', '', 'לא ניתן לדעת') ON CONFLICT (question_id) DO UPDATE SET language_id = 1 ,topic_id= 3032,c_grade_id =2,level=2,question_text='1',explanation='',interesting_fact='לא ניתן לדעת';


INSERT INTO answer_options (question_id, correct_answer, answer_text)
VALUES ('103032102', TRUE, 'האם הסכום 44 + 36 מתחלק ב-2?') ;

INSERT INTO answer_options (question_id, correct_answer, answer_text)
VALUES ('103032102', FALSE, 'כן');

INSERT INTO answer_options (question_id, correct_answer, answer_text)
VALUES ('103032102', FALSE, 'לא');

INSERT INTO answer_options (question_id, correct_answer, answer_text)
VALUES ('103032102', FALSE, 'זה תלוי');

INSERT INTO questions (question_id, language_id, topic_id, c_grade_id, level, question_text, explanation, interesting_fact)
VALUES ('103032103', 1, 3032, 3, 3, '1', '', 'לא ניתן לדעת') ON CONFLICT (question_id) DO UPDATE SET language_id = 1 ,topic_id= 3032,c_grade_id =3,level=3,question_text='1',explanation='',interesting_fact='לא ניתן לדעת';


INSERT INTO answer_options (question_id, correct_answer, answer_text)
VALUES ('103032103', TRUE, 'האם הסכום 29 + 53 מתחלק ב-2?') ;

INSERT INTO answer_options (question_id, correct_answer, answer_text)
VALUES ('103032103', FALSE, 'לא');

INSERT INTO answer_options (question_id, correct_answer, answer_text)
VALUES ('103032103', FALSE, 'כן');

INSERT INTO answer_options (question_id, correct_answer, answer_text)
VALUES ('103032103', FALSE, 'זה תלוי');

INSERT INTO questions (question_id, language_id, topic_id, c_grade_id, level, question_text, explanation, interesting_fact)
VALUES ('103032104', 1, 3032, 4, 4, '1', '', 'לא ניתן לדעת') ON CONFLICT (question_id) DO UPDATE SET language_id = 1 ,topic_id= 3032,c_grade_id =4,level=4,question_text='1',explanation='',interesting_fact='לא ניתן לדעת';


INSERT INTO answer_options (question_id, correct_answer, answer_text)
VALUES ('103032104', TRUE, 'האם הסכום 48 + 37 מתחלק ב-2?') ;

INSERT INTO answer_options (question_id, correct_answer, answer_text)
VALUES ('103032104', FALSE, 'לא');

INSERT INTO answer_options (question_id, correct_answer, answer_text)
VALUES ('103032104', FALSE, 'כן');

INSERT INTO answer_options (question_id, correct_answer, answer_text)
VALUES ('103032104', FALSE, 'זה תלוי');

INSERT INTO questions (question_id, language_id, topic_id, c_grade_id, level, question_text, explanation, interesting_fact)
VALUES ('103032105', 1, 3032, 5, 5, '1', '', 'לא ניתן לדעת') ON CONFLICT (question_id) DO UPDATE SET language_id = 1 ,topic_id= 3032,c_grade_id =5,level=5,question_text='1',explanation='',interesting_fact='לא ניתן לדעת';


INSERT INTO answer_options (question_id, correct_answer, answer_text)
VALUES ('103032105', TRUE, 'האם הסכום 25 + 15 מתחלק ב-5?') ;

INSERT INTO answer_options (question_id, correct_answer, answer_text)
VALUES ('103032105', FALSE, 'כן');

INSERT INTO answer_options (question_id, correct_answer, answer_text)
VALUES ('103032105', FALSE, 'לא');

INSERT INTO answer_options (question_id, correct_answer, answer_text)
VALUES ('103032105', FALSE, 'זה תלוי');

INSERT INTO questions (question_id, language_id, topic_id, c_grade_id, level, question_text, explanation, interesting_fact)
VALUES ('103032106', 1, 3032, 6, 6, '1', '', 'לא ניתן לדעת') ON CONFLICT (question_id) DO UPDATE SET language_id = 1 ,topic_id= 3032,c_grade_id =6,level=6,question_text='1',explanation='',interesting_fact='לא ניתן לדעת';


INSERT INTO answer_options (question_id, correct_answer, answer_text)
VALUES ('103032106', TRUE, 'האם הסכום 36 + 14 מתחלק ב-5?') ;

INSERT INTO answer_options (question_id, correct_answer, answer_text)
VALUES ('103032106', FALSE, 'לא');

INSERT INTO answer_options (question_id, correct_answer, answer_text)
VALUES ('103032106', FALSE, 'כן');

INSERT INTO answer_options (question_id, correct_answer, answer_text)
VALUES ('103032106', FALSE, 'זה תלוי');

INSERT INTO questions (question_id, language_id, topic_id, c_grade_id, level, question_text, explanation, interesting_fact)
VALUES ('103032107', 1, 3032, 7, 7, '1', '', 'לא ניתן לדעת') ON CONFLICT (question_id) DO UPDATE SET language_id = 1 ,topic_id= 3032,c_grade_id =7,level=7,question_text='1',explanation='',interesting_fact='לא ניתן לדעת';


INSERT INTO answer_options (question_id, correct_answer, answer_text)
VALUES ('103032107', TRUE, 'האם הסכום 40 + 35 מתחלק ב-5?') ;

INSERT INTO answer_options (question_id, correct_answer, answer_text)
VALUES ('103032107', FALSE, 'כן');

INSERT INTO answer_options (question_id, correct_answer, answer_text)
VALUES ('103032107', FALSE, 'לא');

INSERT INTO answer_options (question_id, correct_answer, answer_text)
VALUES ('103032107', FALSE, 'זה תלוי');

INSERT INTO questions (question_id, language_id, topic_id, c_grade_id, level, question_text, explanation, interesting_fact)
VALUES ('103032108', 1, 3032, 8, 8, '1', '', 'לא ניתן לדעת') ON CONFLICT (question_id) DO UPDATE SET language_id = 1 ,topic_id= 3032,c_grade_id =8,level=8,question_text='1',explanation='',interesting_fact='לא ניתן לדעת';


INSERT INTO answer_options (question_id, correct_answer, answer_text)
VALUES ('103032108', TRUE, 'האם הסכום 28 + 27 מתחלק ב-5?') ;

INSERT INTO answer_options (question_id, correct_answer, answer_text)
VALUES ('103032108', FALSE, 'לא');

INSERT INTO answer_options (question_id, correct_answer, answer_text)
VALUES ('103032108', FALSE, 'כן');

INSERT INTO answer_options (question_id, correct_answer, answer_text)
VALUES ('103032108', FALSE, 'זה תלוי');

INSERT INTO questions (question_id, language_id, topic_id, c_grade_id, level, question_text, explanation, interesting_fact)
VALUES ('103032109', 1, 3032, 9, 9, '1', '', 'לא ניתן לדעת') ON CONFLICT (question_id) DO UPDATE SET language_id = 1 ,topic_id= 3032,c_grade_id =9,level=9,question_text='1',explanation='',interesting_fact='לא ניתן לדעת';


INSERT INTO answer_options (question_id, correct_answer, answer_text)
VALUES ('103032109', TRUE, 'האם הסכום 40 + 60 מתחלק ב-10?') ;

INSERT INTO answer_options (question_id, correct_answer, answer_text)
VALUES ('103032109', FALSE, 'כן');

INSERT INTO answer_options (question_id, correct_answer, answer_text)
VALUES ('103032109', FALSE, 'לא');

INSERT INTO answer_options (question_id, correct_answer, answer_text)
VALUES ('103032109', FALSE, 'זה תלוי');

INSERT INTO questions (question_id, language_id, topic_id, c_grade_id, level, question_text, explanation, interesting_fact)
VALUES ('103032110', 1, 3032, 0, 0, '1', '', 'לא ניתן לדעת') ON CONFLICT (question_id) DO UPDATE SET language_id = 1 ,topic_id= 3032,c_grade_id =0,level=0,question_text='1',explanation='',interesting_fact='לא ניתן לדעת';


INSERT INTO answer_options (question_id, correct_answer, answer_text)
VALUES ('103032110', TRUE, 'האם הסכום 70 + 15 מתחלק ב-10?') ;

INSERT INTO answer_options (question_id, correct_answer, answer_text)
VALUES ('103032110', FALSE, 'לא');

INSERT INTO answer_options (question_id, correct_answer, answer_text)
VALUES ('103032110', FALSE, 'כן');

INSERT INTO answer_options (question_id, correct_answer, answer_text)
VALUES ('103032110', FALSE, 'זה תלוי');

INSERT INTO questions (question_id, language_id, topic_id, c_grade_id, level, question_text, explanation, interesting_fact)
VALUES ('103032111', 1, 3032, 1, 1, '1', '', 'לא ניתן לדעת') ON CONFLICT (question_id) DO UPDATE SET language_id = 1 ,topic_id= 3032,c_grade_id =1,level=1,question_text='1',explanation='',interesting_fact='לא ניתן לדעת';


INSERT INTO answer_options (question_id, correct_answer, answer_text)
VALUES ('103032111', TRUE, 'האם הסכום 30 + 70 מתחלק ב-10?') ;

INSERT INTO answer_options (question_id, correct_answer, answer_text)
VALUES ('103032111', FALSE, 'כן');

INSERT INTO answer_options (question_id, correct_answer, answer_text)
VALUES ('103032111', FALSE, 'לא');

INSERT INTO answer_options (question_id, correct_answer, answer_text)
VALUES ('103032111', FALSE, 'זה תלוי');

INSERT INTO questions (question_id, language_id, topic_id, c_grade_id, level, question_text, explanation, interesting_fact)
VALUES ('103032112', 1, 3032, 2, 2, '1', '', 'לא ניתן לדעת') ON CONFLICT (question_id) DO UPDATE SET language_id = 1 ,topic_id= 3032,c_grade_id =2,level=2,question_text='1',explanation='',interesting_fact='לא ניתן לדעת';


INSERT INTO answer_options (question_id, correct_answer, answer_text)
VALUES ('103032112', TRUE, 'האם הסכום 45 + 15 מתחלק ב-10?') ;

INSERT INTO answer_options (question_id, correct_answer, answer_text)
VALUES ('103032112', FALSE, 'כן');

INSERT INTO answer_options (question_id, correct_answer, answer_text)
VALUES ('103032112', FALSE, 'לא');

INSERT INTO answer_options (question_id, correct_answer, answer_text)
VALUES ('103032112', FALSE, 'זה תלוי');

INSERT INTO questions (question_id, language_id, topic_id, c_grade_id, level, question_text, explanation, interesting_fact)
VALUES ('103032113', 1, 3032, 3, 3, '1', '', '4') ON CONFLICT (question_id) DO UPDATE SET language_id = 1 ,topic_id= 3032,c_grade_id =3,level=3,question_text='1',explanation='',interesting_fact='4';


INSERT INTO answer_options (question_id, correct_answer, answer_text)
VALUES ('103032113', TRUE, 'כמה אני צריך להוסיף ל-37 כדי שהוא יהיה מתחלק ב-2?') ;

INSERT INTO answer_options (question_id, correct_answer, answer_text)
VALUES ('103032113', FALSE, '1');

INSERT INTO answer_options (question_id, correct_answer, answer_text)
VALUES ('103032113', FALSE, '2');

INSERT INTO answer_options (question_id, correct_answer, answer_text)
VALUES ('103032113', FALSE, '3');

INSERT INTO questions (question_id, language_id, topic_id, c_grade_id, level, question_text, explanation, interesting_fact)
VALUES ('103032114', 1, 3032, 4, 4, '1', '', '3') ON CONFLICT (question_id) DO UPDATE SET language_id = 1 ,topic_id= 3032,c_grade_id =4,level=4,question_text='1',explanation='',interesting_fact='3';


INSERT INTO answer_options (question_id, correct_answer, answer_text)
VALUES ('103032114', TRUE, 'כמה אני צריך להוסיף ל-56 כדי שהוא יהיה מתחלק ב-2?') ;

INSERT INTO answer_options (question_id, correct_answer, answer_text)
VALUES ('103032114', FALSE, '0');

INSERT INTO answer_options (question_id, correct_answer, answer_text)
VALUES ('103032114', FALSE, '1');

INSERT INTO answer_options (question_id, correct_answer, answer_text)
VALUES ('103032114', FALSE, '2');

INSERT INTO questions (question_id, language_id, topic_id, c_grade_id, level, question_text, explanation, interesting_fact)
VALUES ('103032115', 1, 3032, 5, 5, '1', '', '3') ON CONFLICT (question_id) DO UPDATE SET language_id = 1 ,topic_id= 3032,c_grade_id =5,level=5,question_text='1',explanation='',interesting_fact='3';


INSERT INTO answer_options (question_id, correct_answer, answer_text)
VALUES ('103032115', TRUE, 'כמה אני צריך להוסיף ל-89 כדי שהוא יהיה מתחלק ב-2?') ;

INSERT INTO answer_options (question_id, correct_answer, answer_text)
VALUES ('103032115', FALSE, '1');

INSERT INTO answer_options (question_id, correct_answer, answer_text)
VALUES ('103032115', FALSE, '0');

INSERT INTO answer_options (question_id, correct_answer, answer_text)
VALUES ('103032115', FALSE, '2');

INSERT INTO questions (question_id, language_id, topic_id, c_grade_id, level, question_text, explanation, interesting_fact)
VALUES ('103032116', 1, 3032, 6, 6, '1', '', '3') ON CONFLICT (question_id) DO UPDATE SET language_id = 1 ,topic_id= 3032,c_grade_id =6,level=6,question_text='1',explanation='',interesting_fact='3';


INSERT INTO answer_options (question_id, correct_answer, answer_text)
VALUES ('103032116', TRUE, 'כמה אני צריך להוסיף ל-92 כדי שהוא יהיה מתחלק ב-2?') ;

INSERT INTO answer_options (question_id, correct_answer, answer_text)
VALUES ('103032116', FALSE, '0');

INSERT INTO answer_options (question_id, correct_answer, answer_text)
VALUES ('103032116', FALSE, '1');

INSERT INTO answer_options (question_id, correct_answer, answer_text)
VALUES ('103032116', FALSE, '2');

INSERT INTO questions (question_id, language_id, topic_id, c_grade_id, level, question_text, explanation, interesting_fact)
VALUES ('103032117', 1, 3032, 7, 7, '1', '', '4') ON CONFLICT (question_id) DO UPDATE SET language_id = 1 ,topic_id= 3032,c_grade_id =7,level=7,question_text='1',explanation='',interesting_fact='4';


INSERT INTO answer_options (question_id, correct_answer, answer_text)
VALUES ('103032117', TRUE, 'כמה אני צריך להוסיף ל-73 כדי שהוא יהיה מתחלק ב-5?') ;

INSERT INTO answer_options (question_id, correct_answer, answer_text)
VALUES ('103032117', FALSE, '2');

INSERT INTO answer_options (question_id, correct_answer, answer_text)
VALUES ('103032117', FALSE, '1');

INSERT INTO answer_options (question_id, correct_answer, answer_text)
VALUES ('103032117', FALSE, '3');

INSERT INTO questions (question_id, language_id, topic_id, c_grade_id, level, question_text, explanation, interesting_fact)
VALUES ('103032118', 1, 3032, 8, 8, '1', '', '1') ON CONFLICT (question_id) DO UPDATE SET language_id = 1 ,topic_id= 3032,c_grade_id =8,level=8,question_text='1',explanation='',interesting_fact='1';


INSERT INTO answer_options (question_id, correct_answer, answer_text)
VALUES ('103032118', TRUE, 'כמה אני צריך להוסיף ל-46 כדי שהוא יהיה מתחלק ב-5?') ;

INSERT INTO answer_options (question_id, correct_answer, answer_text)
VALUES ('103032118', FALSE, '4');

INSERT INTO answer_options (question_id, correct_answer, answer_text)
VALUES ('103032118', FALSE, '3');

INSERT INTO answer_options (question_id, correct_answer, answer_text)
VALUES ('103032118', FALSE, '2');

INSERT INTO questions (question_id, language_id, topic_id, c_grade_id, level, question_text, explanation, interesting_fact)
VALUES ('103032119', 1, 3032, 9, 9, '1', '', '1') ON CONFLICT (question_id) DO UPDATE SET language_id = 1 ,topic_id= 3032,c_grade_id =9,level=9,question_text='1',explanation='',interesting_fact='1';


INSERT INTO answer_options (question_id, correct_answer, answer_text)
VALUES ('103032119', TRUE, 'כמה אני צריך להוסיף ל-91 כדי שהוא יהיה מתחלק ב-5?') ;

INSERT INTO answer_options (question_id, correct_answer, answer_text)
VALUES ('103032119', FALSE, '4');

INSERT INTO answer_options (question_id, correct_answer, answer_text)
VALUES ('103032119', FALSE, '3');

INSERT INTO answer_options (question_id, correct_answer, answer_text)
VALUES ('103032119', FALSE, '2');

INSERT INTO questions (question_id, language_id, topic_id, c_grade_id, level, question_text, explanation, interesting_fact)
VALUES ('103032120', 1, 3032, 0, 0, '1', '', '3') ON CONFLICT (question_id) DO UPDATE SET language_id = 1 ,topic_id= 3032,c_grade_id =0,level=0,question_text='1',explanation='',interesting_fact='3';


INSERT INTO answer_options (question_id, correct_answer, answer_text)
VALUES ('103032120', TRUE, 'כמה אני צריך להחסיר מ-37 כדי שהוא יהיה מתחלק ב-2?') ;

INSERT INTO answer_options (question_id, correct_answer, answer_text)
VALUES ('103032120', FALSE, '1');

INSERT INTO answer_options (question_id, correct_answer, answer_text)
VALUES ('103032120', FALSE, '0');

INSERT INTO answer_options (question_id, correct_answer, answer_text)
VALUES ('103032120', FALSE, '2');

INSERT INTO questions (question_id, language_id, topic_id, c_grade_id, level, question_text, explanation, interesting_fact)
VALUES ('103032201', 1, 3032, 1, 1, '1', '', '3') ON CONFLICT (question_id) DO UPDATE SET language_id = 1 ,topic_id= 3032,c_grade_id =1,level=1,question_text='1',explanation='',interesting_fact='3';


INSERT INTO answer_options (question_id, correct_answer, answer_text)
VALUES ('103032201', TRUE, 'כמה אני צריך להחסיר מ-58 כדי שהוא יהיה מתחלק ב-2?') ;

INSERT INTO answer_options (question_id, correct_answer, answer_text)
VALUES ('103032201', FALSE, '0');

INSERT INTO answer_options (question_id, correct_answer, answer_text)
VALUES ('103032201', FALSE, '1');

INSERT INTO answer_options (question_id, correct_answer, answer_text)
VALUES ('103032201', FALSE, '2');

INSERT INTO questions (question_id, language_id, topic_id, c_grade_id, level, question_text, explanation, interesting_fact)
VALUES ('103032202', 1, 3032, 2, 2, '1', '', '3') ON CONFLICT (question_id) DO UPDATE SET language_id = 1 ,topic_id= 3032,c_grade_id =2,level=2,question_text='1',explanation='',interesting_fact='3';


INSERT INTO answer_options (question_id, correct_answer, answer_text)
VALUES ('103032202', TRUE, 'כמה אני צריך להחסיר מ-91 כדי שהוא יהיה מתחלק ב-2?') ;

INSERT INTO answer_options (question_id, correct_answer, answer_text)
VALUES ('103032202', FALSE, '1');

INSERT INTO answer_options (question_id, correct_answer, answer_text)
VALUES ('103032202', FALSE, '0');

INSERT INTO answer_options (question_id, correct_answer, answer_text)
VALUES ('103032202', FALSE, '2');

INSERT INTO questions (question_id, language_id, topic_id, c_grade_id, level, question_text, explanation, interesting_fact)
VALUES ('103032203', 1, 3032, 3, 3, '1', '', '4') ON CONFLICT (question_id) DO UPDATE SET language_id = 1 ,topic_id= 3032,c_grade_id =3,level=3,question_text='1',explanation='',interesting_fact='4';


INSERT INTO answer_options (question_id, correct_answer, answer_text)
VALUES ('103032203', TRUE, 'כמה אני צריך להחסיר מ-97 כדי שהוא יהיה מתחלק ב-5?') ;

INSERT INTO answer_options (question_id, correct_answer, answer_text)
VALUES ('103032203', FALSE, '2');

INSERT INTO answer_options (question_id, correct_answer, answer_text)
VALUES ('103032203', FALSE, '1');

INSERT INTO answer_options (question_id, correct_answer, answer_text)
VALUES ('103032203', FALSE, '3');

INSERT INTO questions (question_id, language_id, topic_id, c_grade_id, level, question_text, explanation, interesting_fact)
VALUES ('103032204', 1, 3032, 4, 4, '1', '', '3') ON CONFLICT (question_id) DO UPDATE SET language_id = 1 ,topic_id= 3032,c_grade_id =4,level=4,question_text='1',explanation='',interesting_fact='3';


INSERT INTO answer_options (question_id, correct_answer, answer_text)
VALUES ('103032204', TRUE, 'כמה אני צריך להחסיר מ-66 כדי שהוא יהיה מתחלק ב-5?') ;

INSERT INTO answer_options (question_id, correct_answer, answer_text)
VALUES ('103032204', FALSE, '1');

INSERT INTO answer_options (question_id, correct_answer, answer_text)
VALUES ('103032204', FALSE, '0');

INSERT INTO answer_options (question_id, correct_answer, answer_text)
VALUES ('103032204', FALSE, '2');

INSERT INTO questions (question_id, language_id, topic_id, c_grade_id, level, question_text, explanation, interesting_fact)
VALUES ('103032205', 1, 3032, 5, 5, '1', '', '4') ON CONFLICT (question_id) DO UPDATE SET language_id = 1 ,topic_id= 3032,c_grade_id =5,level=5,question_text='1',explanation='',interesting_fact='4';


INSERT INTO answer_options (question_id, correct_answer, answer_text)
VALUES ('103032205', TRUE, 'כמה אני צריך להחסיר מ-102 כדי שהוא יהיה מתחלק ב-5?') ;

INSERT INTO answer_options (question_id, correct_answer, answer_text)
VALUES ('103032205', FALSE, '2');

INSERT INTO answer_options (question_id, correct_answer, answer_text)
VALUES ('103032205', FALSE, '1');

INSERT INTO answer_options (question_id, correct_answer, answer_text)
VALUES ('103032205', FALSE, '3');

INSERT INTO questions (question_id, language_id, topic_id, c_grade_id, level, question_text, explanation, interesting_fact)
VALUES ('103032206', 1, 3032, 6, 6, '1', '', '3') ON CONFLICT (question_id) DO UPDATE SET language_id = 1 ,topic_id= 3032,c_grade_id =6,level=6,question_text='1',explanation='',interesting_fact='3';


INSERT INTO answer_options (question_id, correct_answer, answer_text)
VALUES ('103032206', TRUE, 'כאשר מחלקים מספר ב-6, מהי היתרה הגבוהה ביותר האפשרית?') ;

INSERT INTO answer_options (question_id, correct_answer, answer_text)
VALUES ('103032206', FALSE, '5');

INSERT INTO answer_options (question_id, correct_answer, answer_text)
VALUES ('103032206', FALSE, '4');

INSERT INTO answer_options (question_id, correct_answer, answer_text)
VALUES ('103032206', FALSE, '6');

INSERT INTO questions (question_id, language_id, topic_id, c_grade_id, level, question_text, explanation, interesting_fact)
VALUES ('103032207', 1, 3032, 7, 7, '1', '', '8') ON CONFLICT (question_id) DO UPDATE SET language_id = 1 ,topic_id= 3032,c_grade_id =7,level=7,question_text='1',explanation='',interesting_fact='8';


INSERT INTO answer_options (question_id, correct_answer, answer_text)
VALUES ('103032207', TRUE, 'כאשר מחלקים מספר ב-8, מהי היתרה הגבוהה ביותר האפשרית?') ;

INSERT INTO answer_options (question_id, correct_answer, answer_text)
VALUES ('103032207', FALSE, '7');

INSERT INTO answer_options (question_id, correct_answer, answer_text)
VALUES ('103032207', FALSE, '6');

INSERT INTO answer_options (question_id, correct_answer, answer_text)
VALUES ('103032207', FALSE, '5');

INSERT INTO questions (question_id, language_id, topic_id, c_grade_id, level, question_text, explanation, interesting_fact)
VALUES ('103032208', 1, 3032, 8, 8, '1', '', '1') ON CONFLICT (question_id) DO UPDATE SET language_id = 1 ,topic_id= 3032,c_grade_id =8,level=8,question_text='1',explanation='',interesting_fact='1';


INSERT INTO answer_options (question_id, correct_answer, answer_text)
VALUES ('103032208', TRUE, 'כאשר מחלקים מספר ב-4, מהי היתרה הגבוהה ביותר האפשרית?') ;

INSERT INTO answer_options (question_id, correct_answer, answer_text)
VALUES ('103032208', FALSE, '3');

INSERT INTO answer_options (question_id, correct_answer, answer_text)
VALUES ('103032208', FALSE, '2');

INSERT INTO answer_options (question_id, correct_answer, answer_text)
VALUES ('103032208', FALSE, '4');

INSERT INTO questions (question_id, language_id, topic_id, c_grade_id, level, question_text, explanation, interesting_fact)
VALUES ('103032209', 1, 3032, 9, 9, '1', '', '4') ON CONFLICT (question_id) DO UPDATE SET language_id = 1 ,topic_id= 3032,c_grade_id =9,level=9,question_text='1',explanation='',interesting_fact='4';


INSERT INTO answer_options (question_id, correct_answer, answer_text)
VALUES ('103032209', TRUE, 'כאשר מחלקים מספר ב-7, מהי היתרה הגבוהה ביותר האפשרית?') ;

INSERT INTO answer_options (question_id, correct_answer, answer_text)
VALUES ('103032209', FALSE, '6');

INSERT INTO answer_options (question_id, correct_answer, answer_text)
VALUES ('103032209', FALSE, '5');

INSERT INTO answer_options (question_id, correct_answer, answer_text)
VALUES ('103032209', FALSE, '7');

INSERT INTO questions (question_id, language_id, topic_id, c_grade_id, level, question_text, explanation, interesting_fact)
VALUES ('103032210', 1, 3032, 0, 0, '1', '', '2') ON CONFLICT (question_id) DO UPDATE SET language_id = 1 ,topic_id= 3032,c_grade_id =0,level=0,question_text='1',explanation='',interesting_fact='2';


INSERT INTO answer_options (question_id, correct_answer, answer_text)
VALUES ('103032210', TRUE, 'כאשר מחלקים מספר ב-____, השארית הגבוהה ביותר האפשרית היא 2?') ;

INSERT INTO answer_options (question_id, correct_answer, answer_text)
VALUES ('103032210', FALSE, '3');

INSERT INTO answer_options (question_id, correct_answer, answer_text)
VALUES ('103032210', FALSE, '4');

INSERT INTO answer_options (question_id, correct_answer, answer_text)
VALUES ('103032210', FALSE, '5');

INSERT INTO questions (question_id, language_id, topic_id, c_grade_id, level, question_text, explanation, interesting_fact)
VALUES ('103032211', 1, 3032, 1, 1, '1', '', '7') ON CONFLICT (question_id) DO UPDATE SET language_id = 1 ,topic_id= 3032,c_grade_id =1,level=1,question_text='1',explanation='',interesting_fact='7';


INSERT INTO answer_options (question_id, correct_answer, answer_text)
VALUES ('103032211', TRUE, 'כאשר מחלקים מספר ב-____, השארית הגבוהה ביותר האפשרית היא 8?') ;

INSERT INTO answer_options (question_id, correct_answer, answer_text)
VALUES ('103032211', FALSE, '9');

INSERT INTO answer_options (question_id, correct_answer, answer_text)
VALUES ('103032211', FALSE, '8');

INSERT INTO answer_options (question_id, correct_answer, answer_text)
VALUES ('103032211', FALSE, '10');

INSERT INTO questions (question_id, language_id, topic_id, c_grade_id, level, question_text, explanation, interesting_fact)
VALUES ('103032212', 1, 3032, 2, 2, '1', '', '6') ON CONFLICT (question_id) DO UPDATE SET language_id = 1 ,topic_id= 3032,c_grade_id =2,level=2,question_text='1',explanation='',interesting_fact='6';


INSERT INTO answer_options (question_id, correct_answer, answer_text)
VALUES ('103032212', TRUE, 'כאשר מחלקים מספר ב-____, השארית הגבוהה ביותר האפשרית היא 3?') ;

INSERT INTO answer_options (question_id, correct_answer, answer_text)
VALUES ('103032212', FALSE, '4');

INSERT INTO answer_options (question_id, correct_answer, answer_text)
VALUES ('103032212', FALSE, '5');

INSERT INTO answer_options (question_id, correct_answer, answer_text)
VALUES ('103032212', FALSE, '3');

INSERT INTO questions (question_id, language_id, topic_id, c_grade_id, level, question_text, explanation, interesting_fact)
VALUES ('103032213', 1, 3032, 3, 3, '1', '', '10') ON CONFLICT (question_id) DO UPDATE SET language_id = 1 ,topic_id= 3032,c_grade_id =3,level=3,question_text='1',explanation='',interesting_fact='10';


INSERT INTO answer_options (question_id, correct_answer, answer_text)
VALUES ('103032213', TRUE, 'כאשר מחלקים מספר ב-____, השארית הגבוהה ביותר האפשרית היא 7?') ;

INSERT INTO answer_options (question_id, correct_answer, answer_text)
VALUES ('103032213', FALSE, '8');

INSERT INTO answer_options (question_id, correct_answer, answer_text)
VALUES ('103032213', FALSE, '9');

INSERT INTO answer_options (question_id, correct_answer, answer_text)
VALUES ('103032213', FALSE, '7');

INSERT INTO questions (question_id, language_id, topic_id, c_grade_id, level, question_text, explanation, interesting_fact)
VALUES ('103032214', 1, 3032, 4, 4, '1', '', 'ספרות זוגיות') ON CONFLICT (question_id) DO UPDATE SET language_id = 1 ,topic_id= 3032,c_grade_id =4,level=4,question_text='1',explanation='',interesting_fact='ספרות זוגיות';


INSERT INTO answer_options (question_id, correct_answer, answer_text)
VALUES ('103032214', TRUE, 'איזו ספרה תוכל למלא את המקום החסר במספר 4_5 כך שהוא יהיה מתחלק ב-5?') ;

INSERT INTO answer_options (question_id, correct_answer, answer_text)
VALUES ('103032214', FALSE, 'כל מספר');

INSERT INTO answer_options (question_id, correct_answer, answer_text)
VALUES ('103032214', FALSE, 'אף מספר');

INSERT INTO answer_options (question_id, correct_answer, answer_text)
VALUES ('103032214', FALSE, 'ספרות אי זוגיות');

INSERT INTO questions (question_id, language_id, topic_id, c_grade_id, level, question_text, explanation, interesting_fact)
VALUES ('103032215', 1, 3032, 5, 5, '1', '', 'ספרות זוגיות') ON CONFLICT (question_id) DO UPDATE SET language_id = 1 ,topic_id= 3032,c_grade_id =5,level=5,question_text='1',explanation='',interesting_fact='ספרות זוגיות';


INSERT INTO answer_options (question_id, correct_answer, answer_text)
VALUES ('103032215', TRUE, 'איזו ספרה תוכל למלא את המקום החסר במספר 7_3 כך שהוא יהיה מתחלק ב-5?') ;

INSERT INTO answer_options (question_id, correct_answer, answer_text)
VALUES ('103032215', FALSE, 'כל מספר');

INSERT INTO answer_options (question_id, correct_answer, answer_text)
VALUES ('103032215', FALSE, 'אף מספר');

INSERT INTO answer_options (question_id, correct_answer, answer_text)
VALUES ('103032215', FALSE, 'ספרות אי זוגיות');

INSERT INTO questions (question_id, language_id, topic_id, c_grade_id, level, question_text, explanation, interesting_fact)
VALUES ('103032216', 1, 3032, 6, 6, '1', '', 'ספרות זוגיות') ON CONFLICT (question_id) DO UPDATE SET language_id = 1 ,topic_id= 3032,c_grade_id =6,level=6,question_text='1',explanation='',interesting_fact='ספרות זוגיות';


INSERT INTO answer_options (question_id, correct_answer, answer_text)
VALUES ('103032216', TRUE, 'איזו ספרה תוכל למלא את המקום החסר במספר 2_4 כך שיהיה מתחלק ב-2?') ;

INSERT INTO answer_options (question_id, correct_answer, answer_text)
VALUES ('103032216', FALSE, 'כל מספר');

INSERT INTO answer_options (question_id, correct_answer, answer_text)
VALUES ('103032216', FALSE, 'אף מספר');

INSERT INTO answer_options (question_id, correct_answer, answer_text)
VALUES ('103032216', FALSE, 'ספרות אי זוגיות');

INSERT INTO questions (question_id, language_id, topic_id, c_grade_id, level, question_text, explanation, interesting_fact)
VALUES ('103032217', 1, 3032, 7, 7, '1', '', 'ספרות זוגיות') ON CONFLICT (question_id) DO UPDATE SET language_id = 1 ,topic_id= 3032,c_grade_id =7,level=7,question_text='1',explanation='',interesting_fact='ספרות זוגיות';


INSERT INTO answer_options (question_id, correct_answer, answer_text)
VALUES ('103032217', TRUE, 'איזו ספרה תוכל למלא את המקום החסר במספר 5_7 כך שיהיה מתחלק ב-2?') ;

INSERT INTO answer_options (question_id, correct_answer, answer_text)
VALUES ('103032217', FALSE, 'אף מספר');

INSERT INTO answer_options (question_id, correct_answer, answer_text)
VALUES ('103032217', FALSE, 'כל מספר');

INSERT INTO answer_options (question_id, correct_answer, answer_text)
VALUES ('103032217', FALSE, 'ספרות אי זוגיות');

INSERT INTO questions (question_id, language_id, topic_id, c_grade_id, level, question_text, explanation, interesting_fact)
VALUES ('103032218', 1, 3032, 8, 8, '1', '', '257') ON CONFLICT (question_id) DO UPDATE SET language_id = 1 ,topic_id= 3032,c_grade_id =8,level=8,question_text='1',explanation='',interesting_fact='257';


INSERT INTO answer_options (question_id, correct_answer, answer_text)
VALUES ('103032218', TRUE, 'בנה כמהספרות 2,5,7 מספר שיהיה מתחלק ב-2.') ;

INSERT INTO answer_options (question_id, correct_answer, answer_text)
VALUES ('103032218', FALSE, '572');

INSERT INTO answer_options (question_id, correct_answer, answer_text)
VALUES ('103032218', FALSE, '527');

INSERT INTO answer_options (question_id, correct_answer, answer_text)
VALUES ('103032218', FALSE, '725');

INSERT INTO questions (question_id, language_id, topic_id, c_grade_id, level, question_text, explanation, interesting_fact)
VALUES ('103032219', 1, 3032, 9, 9, '1', '', '257') ON CONFLICT (question_id) DO UPDATE SET language_id = 1 ,topic_id= 3032,c_grade_id =9,level=9,question_text='1',explanation='',interesting_fact='257';


INSERT INTO answer_options (question_id, correct_answer, answer_text)
VALUES ('103032219', TRUE, 'בנה כמהספרות 2,5,7 מספר שיהיה מתחלק ב-2.') ;

INSERT INTO answer_options (question_id, correct_answer, answer_text)
VALUES ('103032219', FALSE, '752');

INSERT INTO answer_options (question_id, correct_answer, answer_text)
VALUES ('103032219', FALSE, '725');

INSERT INTO answer_options (question_id, correct_answer, answer_text)
VALUES ('103032219', FALSE, '527');

INSERT INTO questions (question_id, language_id, topic_id, c_grade_id, level, question_text, explanation, interesting_fact)
VALUES ('103032220', 1, 3032, 0, 0, '1', '', '527') ON CONFLICT (question_id) DO UPDATE SET language_id = 1 ,topic_id= 3032,c_grade_id =0,level=0,question_text='1',explanation='',interesting_fact='527';


INSERT INTO answer_options (question_id, correct_answer, answer_text)
VALUES ('103032220', TRUE, 'בנה כמהספרות 2,5,7 מספר שיהיה מתחלק ב-5.') ;

INSERT INTO answer_options (question_id, correct_answer, answer_text)
VALUES ('103032220', FALSE, '725');

INSERT INTO answer_options (question_id, correct_answer, answer_text)
VALUES ('103032220', FALSE, '572');

INSERT INTO answer_options (question_id, correct_answer, answer_text)
VALUES ('103032220', FALSE, '257');
