INSERT INTO topics (topic_id, topic_name) VALUES (3001, 'עולם החי') ON CONFLICT (topic_id) DO NOTHING;
INSERT INTO topics (topic_id, topic_name) VALUES (3002, 'חיות בטבע') ON CONFLICT (topic_id) DO NOTHING;
INSERT INTO topics (topic_id, topic_name) VALUES (3003, 'מערכת השמש') ON CONFLICT (topic_id) DO NOTHING;
INSERT INTO topics (topic_id, topic_name) VALUES (3004, 'חגי ישראל') ON CONFLICT (topic_id) DO NOTHING;
INSERT INTO topics (topic_id, topic_name) VALUES (3005, 'צמחים ופרחים') ON CONFLICT (topic_id) DO NOTHING;
INSERT INTO topics (topic_id, topic_name) VALUES (3006, 'דינוזאורים') ON CONFLICT (topic_id) DO NOTHING;
INSERT INTO topics (topic_id, topic_name) VALUES (3007, 'ספרות ילדים') ON CONFLICT (topic_id) DO NOTHING;
INSERT INTO topics (topic_id, topic_name) VALUES (3008, 'מדעי הטבע') ON CONFLICT (topic_id) DO NOTHING;
INSERT INTO topics (topic_id, topic_name) VALUES (3009, 'מזון') ON CONFLICT (topic_id) DO NOTHING;
INSERT INTO topics (topic_id, topic_name) VALUES (3010, 'כלי תחבורה') ON CONFLICT (topic_id) DO NOTHING;
INSERT INTO topics (topic_id, topic_name) VALUES (3011, 'מים והידרולוגיה') ON CONFLICT (topic_id) DO NOTHING;
INSERT INTO topics (topic_id, topic_name) VALUES (3012, 'גוף האדם') ON CONFLICT (topic_id) DO NOTHING;
INSERT INTO topics (topic_id, topic_name) VALUES (3013, 'עצמות ושלד') ON CONFLICT (topic_id) DO NOTHING;
INSERT INTO topics (topic_id, topic_name) VALUES (3014, 'ציור ואמנות') ON CONFLICT (topic_id) DO NOTHING;
INSERT INTO topics (topic_id, topic_name) VALUES (3015, 'תרבויות') ON CONFLICT (topic_id) DO NOTHING;
INSERT INTO topics (topic_id, topic_name) VALUES (3016, 'סיפורי עם') ON CONFLICT (topic_id) DO NOTHING;
INSERT INTO topics (topic_id, topic_name) VALUES (3017, 'גיאוגרפיה') ON CONFLICT (topic_id) DO NOTHING;
INSERT INTO topics (topic_id, topic_name) VALUES (3018, 'בעלי חיים') ON CONFLICT (topic_id) DO NOTHING;
INSERT INTO topics (topic_id, topic_name) VALUES (3019, 'אבני חן ומינרלים') ON CONFLICT (topic_id) DO NOTHING;
INSERT INTO topics (topic_id, topic_name) VALUES (3020, 'מקצועות ועבודה') ON CONFLICT (topic_id) DO NOTHING;
INSERT INTO topics (topic_id, topic_name) VALUES (3021, 'מוזיקה וכלי נגינה') ON CONFLICT (topic_id) DO NOTHING;
INSERT INTO topics (topic_id, topic_name) VALUES (3022, 'מזג אוויר ואקלים') ON CONFLICT (topic_id) DO NOTHING;
INSERT INTO topics (topic_id, topic_name) VALUES (3023, 'עצמאות ישראל') ON CONFLICT (topic_id) DO NOTHING;
INSERT INTO topics (topic_id, topic_name) VALUES (3024, 'חקלאות') ON CONFLICT (topic_id) DO NOTHING;
INSERT INTO topics (topic_id, topic_name) VALUES (3025, 'חלל ואסטרונומיה') ON CONFLICT (topic_id) DO NOTHING;
INSERT INTO topics (topic_id, topic_name) VALUES (3026, 'בעלי חיים') ON CONFLICT (topic_id) DO NOTHING;
INSERT INTO topics (topic_id, topic_name) VALUES (3027, 'משטרה ואכיפת חוק') ON CONFLICT (topic_id) DO NOTHING;
INSERT INTO topics (topic_id, topic_name) VALUES (3028, 'אדריכלות') ON CONFLICT (topic_id) DO NOTHING;
INSERT INTO topics (topic_id, topic_name) VALUES (3029, 'חשמל ואנרגיה') ON CONFLICT (topic_id) DO NOTHING;
INSERT INTO topics (topic_id, topic_name) VALUES (3030, 'תקשורת ומדיה') ON CONFLICT (topic_id) DO NOTHING;
INSERT INTO topics (topic_id, topic_name) VALUES (3031, 'ספורט ופעילות גופנית') ON CONFLICT (topic_id) DO NOTHING;
INSERT INTO topics (topic_id, topic_name) VALUES (3032, 'המצאות') ON CONFLICT (topic_id) DO NOTHING;
INSERT INTO topics (topic_id, topic_name) VALUES (3033, 'דמוגרפיה') ON CONFLICT (topic_id) DO NOTHING;
INSERT INTO topics (topic_id, topic_name) VALUES (3034, 'היסטוריה') ON CONFLICT (topic_id) DO NOTHING;
INSERT INTO topics (topic_id, topic_name) VALUES (3035, 'אסטרונומיה') ON CONFLICT (topic_id) DO NOTHING;
INSERT INTO topics (topic_id, topic_name) VALUES (3036, 'אומנויות לחימה') ON CONFLICT (topic_id) DO NOTHING;
INSERT INTO topics (topic_id, topic_name) VALUES (3037, 'מחשבים וטכנולוגיה') ON CONFLICT (topic_id) DO NOTHING;
INSERT INTO topics (topic_id, topic_name) VALUES (3038, 'מטבעות וכלכלה') ON CONFLICT (topic_id) DO NOTHING;
INSERT INTO topics (topic_id, topic_name) VALUES (3039, 'ראשי ממשלה ונשיאים') ON CONFLICT (topic_id) DO NOTHING;
INSERT INTO topics (topic_id, topic_name) VALUES (3040, 'ציוד ספורט') ON CONFLICT (topic_id) DO NOTHING;
INSERT INTO topics (topic_id, topic_name) VALUES (3041, 'משחקים ופעילויות חברתיות') ON CONFLICT (topic_id) DO NOTHING;
INSERT INTO topics (topic_id, topic_name) VALUES (3042, 'תופעות טבע') ON CONFLICT (topic_id) DO NOTHING;
INSERT INTO topics (topic_id, topic_name) VALUES (3043, 'ערכים') ON CONFLICT (topic_id) DO NOTHING;
INSERT INTO topics (topic_id, topic_name) VALUES (3044, 'חגי דת ומנהגים') ON CONFLICT (topic_id) DO NOTHING;
INSERT INTO topics (topic_id, topic_name) VALUES (3045, 'אוצרות טבע') ON CONFLICT (topic_id) DO NOTHING;
INSERT INTO topics (topic_id, topic_name) VALUES (3046, 'קולנוע וסרטים') ON CONFLICT (topic_id) DO NOTHING;
INSERT INTO topics (topic_id, topic_name) VALUES (3047, 'מכשירי חשמל') ON CONFLICT (topic_id) DO NOTHING;
INSERT INTO topics (topic_id, topic_name) VALUES (3048, 'היסטוריה קדומה') ON CONFLICT (topic_id) DO NOTHING;
INSERT INTO topics (topic_id, topic_name) VALUES (3049, 'בעלי חיים ימיים') ON CONFLICT (topic_id) DO NOTHING;
INSERT INTO topics (topic_id, topic_name) VALUES (3050, 'תחבורה ותעבורה') ON CONFLICT (topic_id) DO NOTHING;
INSERT INTO topics (topic_id, topic_name) VALUES (3051, 'עצים ויערות') ON CONFLICT (topic_id) DO NOTHING;
INSERT INTO topics (topic_id, topic_name) VALUES (3052, 'ממציאים והמצאות') ON CONFLICT (topic_id) DO NOTHING;
INSERT INTO topics (topic_id, topic_name) VALUES (3053, 'תנ"ך') ON CONFLICT (topic_id) DO NOTHING;
INSERT INTO topics (topic_id, topic_name) VALUES (3054, 'חגים ומועדים בעולם') ON CONFLICT (topic_id) DO NOTHING;
INSERT INTO topics (topic_id, topic_name) VALUES (3055, 'ספרי ילדים') ON CONFLICT (topic_id) DO NOTHING;
INSERT INTO topics (topic_id, topic_name) VALUES (3056, 'פיזיקה ומדעים') ON CONFLICT (topic_id) DO NOTHING;
INSERT INTO topics (topic_id, topic_name) VALUES (3057, 'טיולים ואתרי טבע') ON CONFLICT (topic_id) DO NOTHING;
INSERT INTO topics (topic_id, topic_name) VALUES (3058, 'מערכת החיסון ובריאות') ON CONFLICT (topic_id) DO NOTHING;
INSERT INTO topics (topic_id, topic_name) VALUES (3059, 'גיבורים היסטוריים') ON CONFLICT (topic_id) DO NOTHING;
INSERT INTO topics (topic_id, topic_name) VALUES (3060, 'כוכבים וחלל') ON CONFLICT (topic_id) DO NOTHING;
INSERT INTO topics (topic_id, topic_name) VALUES (3061, 'חגים ומועדים') ON CONFLICT (topic_id) DO NOTHING;
INSERT INTO topics (topic_id, topic_name) VALUES (3062, 'עולם הצומח') ON CONFLICT (topic_id) DO NOTHING;
INSERT INTO topics (topic_id, topic_name) VALUES (3063, 'שפות ולשונות') ON CONFLICT (topic_id) DO NOTHING;

INSERT INTO questions (question_id, language_id, topic_id, c_grade_id, level, question_text, explanation, interesting_fact)
VALUES ('303001102', 1, 3001, 2, 2, 'מיהו בעל החיים הגדול ביותר במשפחת הכלביים?', '', 'זעקות הזאבים משמשות לקיבוץ הלהקה ולסימון טריטוריה.') ON CONFLICT (question_id) DO UPDATE SET language_id = 1 ,topic_id= 3001,c_grade_id =2,level=2,question_text='מיהו בעל החיים הגדול ביותר במשפחת הכלביים?',explanation='',interesting_fact='זעקות הזאבים משמשות לקיבוץ הלהקה ולסימון טריטוריה.';


INSERT INTO answer_options (question_id, correct_answer, answer_text)
VALUES ('303001102', TRUE, 'זאב') ;

INSERT INTO answer_options (question_id, correct_answer, answer_text)
VALUES ('303001102', FALSE, 'שועל');

INSERT INTO answer_options (question_id, correct_answer, answer_text)
VALUES ('303001102', FALSE, 'תן');

INSERT INTO answer_options (question_id, correct_answer, answer_text)
VALUES ('303001102', FALSE, 'פנק');

INSERT INTO questions (question_id, language_id, topic_id, c_grade_id, level, question_text, explanation, interesting_fact)
VALUES ('303001103', 1, 3001, 3, 3, 'מה דברים יודעות לסמן באמצעות ריקוד דמוי הספרה 8?', '', 'דבורים משתמשות ריקוד דמוי הספרה 8 כדי להצביע על מיקום של פרחים.') ON CONFLICT (question_id) DO UPDATE SET language_id = 1 ,topic_id= 3001,c_grade_id =3,level=3,question_text='מה דברים יודעות לסמן באמצעות ריקוד דמוי הספרה 8?',explanation='',interesting_fact='דבורים משתמשות ריקוד דמוי הספרה 8 כדי להצביע על מיקום של פרחים.';


INSERT INTO answer_options (question_id, correct_answer, answer_text)
VALUES ('303001103', TRUE, 'מיקום של פרחים נושאי צוף') ;

INSERT INTO answer_options (question_id, correct_answer, answer_text)
VALUES ('303001103', FALSE, 'היכן מסתתרים טורפים');

INSERT INTO answer_options (question_id, correct_answer, answer_text)
VALUES ('303001103', FALSE, 'עם איזה דבור ברצונן להתחתן');

INSERT INTO answer_options (question_id, correct_answer, answer_text)
VALUES ('303001103', FALSE, 'מהו תאריך יום ההולדת שלהן');

INSERT INTO questions (question_id, language_id, topic_id, c_grade_id, level, question_text, explanation, interesting_fact)
VALUES ('303001104', 1, 3001, 4, 4, 'איזו ציפור ידועה ביכולתה לדבר בשפת אדם?', '', 'תוכים מוזכרים פעמיים בתנ"ך') ON CONFLICT (question_id) DO UPDATE SET language_id = 1 ,topic_id= 3001,c_grade_id =4,level=4,question_text='איזו ציפור ידועה ביכולתה לדבר בשפת אדם?',explanation='',interesting_fact='תוכים מוזכרים פעמיים בתנ"ך';


INSERT INTO answer_options (question_id, correct_answer, answer_text)
VALUES ('303001104', TRUE, 'תוכי') ;

INSERT INTO answer_options (question_id, correct_answer, answer_text)
VALUES ('303001104', FALSE, 'פלמינגו');

INSERT INTO answer_options (question_id, correct_answer, answer_text)
VALUES ('303001104', FALSE, 'סנונית');

INSERT INTO answer_options (question_id, correct_answer, answer_text)
VALUES ('303001104', FALSE, 'עיט');

INSERT INTO questions (question_id, language_id, topic_id, c_grade_id, level, question_text, explanation, interesting_fact)
VALUES ('303001105', 1, 3001, 5, 5, 'כיצד נקראות ה"שיניים" הארוכות של הפיל?', '', 'פיל אפריקני הוא בעל החיים היבשתי הכבד ביותר. משקלו עשוי להגיע עד 4 טון.') ON CONFLICT (question_id) DO UPDATE SET language_id = 1 ,topic_id= 3001,c_grade_id =5,level=5,question_text='כיצד נקראות ה"שיניים" הארוכות של הפיל?',explanation='',interesting_fact='פיל אפריקני הוא בעל החיים היבשתי הכבד ביותר. משקלו עשוי להגיע עד 4 טון.';


INSERT INTO answer_options (question_id, correct_answer, answer_text)
VALUES ('303001105', TRUE, 'חטים') ;

INSERT INTO answer_options (question_id, correct_answer, answer_text)
VALUES ('303001105', FALSE, 'פיגיון');

INSERT INTO answer_options (question_id, correct_answer, answer_text)
VALUES ('303001105', FALSE, 'שפיצונים');

INSERT INTO answer_options (question_id, correct_answer, answer_text)
VALUES ('303001105', FALSE, 'רומחים');

INSERT INTO questions (question_id, language_id, topic_id, c_grade_id, level, question_text, explanation, interesting_fact)
VALUES ('303002101', 1, 3002, 1, 1, 'כיצד נקרא בעל החיים שבתמונה?', '', 'איילים אוכלים כמעט כל סוג של צמחייה ביער, מעלים ועד פירות וזרעים.') ON CONFLICT (question_id) DO UPDATE SET language_id = 1 ,topic_id= 3002,c_grade_id =1,level=1,question_text='כיצד נקרא בעל החיים שבתמונה?',explanation='',interesting_fact='איילים אוכלים כמעט כל סוג של צמחייה ביער, מעלים ועד פירות וזרעים.';


INSERT INTO answer_options (question_id, correct_answer, answer_text)
VALUES ('303002101', TRUE, 'אייל נקוד') ;

INSERT INTO answer_options (question_id, correct_answer, answer_text)
VALUES ('303002101', FALSE, 'בואש');

INSERT INTO answer_options (question_id, correct_answer, answer_text)
VALUES ('303002101', FALSE, 'לוטרה');

INSERT INTO answer_options (question_id, correct_answer, answer_text)
VALUES ('303002101', FALSE, 'לייש');

INSERT INTO questions (question_id, language_id, topic_id, c_grade_id, level, question_text, explanation, interesting_fact)
VALUES ('303002102', 1, 3002, 2, 2, 'איזה בעל חיים מככב במשלים בתפקיד החיה הערמומית?', '', 'בשנת 2004 צייד השועלים באנגליה הוגבל וצומצם.') ON CONFLICT (question_id) DO UPDATE SET language_id = 1 ,topic_id= 3002,c_grade_id =2,level=2,question_text='איזה בעל חיים מככב במשלים בתפקיד החיה הערמומית?',explanation='',interesting_fact='בשנת 2004 צייד השועלים באנגליה הוגבל וצומצם.';


INSERT INTO answer_options (question_id, correct_answer, answer_text)
VALUES ('303002102', TRUE, 'שועל') ;

INSERT INTO answer_options (question_id, correct_answer, answer_text)
VALUES ('303002102', FALSE, 'זברה');

INSERT INTO answer_options (question_id, correct_answer, answer_text)
VALUES ('303002102', FALSE, 'צפרדע');

INSERT INTO answer_options (question_id, correct_answer, answer_text)
VALUES ('303002102', FALSE, 'דישון');

INSERT INTO questions (question_id, language_id, topic_id, c_grade_id, level, question_text, explanation, interesting_fact)
VALUES ('303002103', 1, 3002, 3, 3, 'איזה בעל חיים נחשב ל"מלך החיות"?', '', 'אריות ישנים למעלה מ-20 שעות ביממה.') ON CONFLICT (question_id) DO UPDATE SET language_id = 1 ,topic_id= 3002,c_grade_id =3,level=3,question_text='איזה בעל חיים נחשב ל"מלך החיות"?',explanation='',interesting_fact='אריות ישנים למעלה מ-20 שעות ביממה.';


INSERT INTO answer_options (question_id, correct_answer, answer_text)
VALUES ('303002103', TRUE, 'האריה') ;

INSERT INTO answer_options (question_id, correct_answer, answer_text)
VALUES ('303002103', FALSE, 'הדוב');

INSERT INTO answer_options (question_id, correct_answer, answer_text)
VALUES ('303002103', FALSE, 'הנמר');

INSERT INTO answer_options (question_id, correct_answer, answer_text)
VALUES ('303002103', FALSE, 'הזאב');

INSERT INTO questions (question_id, language_id, topic_id, c_grade_id, level, question_text, explanation, interesting_fact)
VALUES ('303002104', 1, 3002, 4, 4, 'איזו ציפור לילית היא בעלת מוניטין של חוכמה?', '', 'ינשופים פעילים וצדים בשעות הלילה.') ON CONFLICT (question_id) DO UPDATE SET language_id = 1 ,topic_id= 3002,c_grade_id =4,level=4,question_text='איזו ציפור לילית היא בעלת מוניטין של חוכמה?',explanation='',interesting_fact='ינשופים פעילים וצדים בשעות הלילה.';


INSERT INTO answer_options (question_id, correct_answer, answer_text)
VALUES ('303002104', TRUE, 'ינשוף') ;

INSERT INTO answer_options (question_id, correct_answer, answer_text)
VALUES ('303002104', FALSE, 'יען');

INSERT INTO answer_options (question_id, correct_answer, answer_text)
VALUES ('303002104', FALSE, 'הדרור');

INSERT INTO answer_options (question_id, correct_answer, answer_text)
VALUES ('303002104', FALSE, 'אלבטרוס');

INSERT INTO questions (question_id, language_id, topic_id, c_grade_id, level, question_text, explanation, interesting_fact)
VALUES ('303002105', 1, 3002, 5, 5, 'לאיזה בעל חיים זנב ארוך במיוחד ביחס לאורך גופו?', '', 'סנאים נוהגים לאגור מזון לקראת חודשי החורף.') ON CONFLICT (question_id) DO UPDATE SET language_id = 1 ,topic_id= 3002,c_grade_id =5,level=5,question_text='לאיזה בעל חיים זנב ארוך במיוחד ביחס לאורך גופו?',explanation='',interesting_fact='סנאים נוהגים לאגור מזון לקראת חודשי החורף.';


INSERT INTO answer_options (question_id, correct_answer, answer_text)
VALUES ('303002105', TRUE, 'סנאי') ;

INSERT INTO answer_options (question_id, correct_answer, answer_text)
VALUES ('303002105', FALSE, 'ארנב');

INSERT INTO answer_options (question_id, correct_answer, answer_text)
VALUES ('303002105', FALSE, 'זברה');

INSERT INTO answer_options (question_id, correct_answer, answer_text)
VALUES ('303002105', FALSE, 'דוב');

INSERT INTO questions (question_id, language_id, topic_id, c_grade_id, level, question_text, explanation, interesting_fact)
VALUES ('303003101', 1, 3003, 1, 1, 'מהו הכוכב הקרוב ביותר לכדור הארץ?', '', 'השמש היא הכוכב (שאינו כוכב לכת) הקרוב ביותר לכדור הארץ. השמש מספקת לתושבי כדור הארץ אור וחום.') ON CONFLICT (question_id) DO UPDATE SET language_id = 1 ,topic_id= 3003,c_grade_id =1,level=1,question_text='מהו הכוכב הקרוב ביותר לכדור הארץ?',explanation='',interesting_fact='השמש היא הכוכב (שאינו כוכב לכת) הקרוב ביותר לכדור הארץ. השמש מספקת לתושבי כדור הארץ אור וחום.';


INSERT INTO answer_options (question_id, correct_answer, answer_text)
VALUES ('303003101', TRUE, 'השמש') ;

INSERT INTO answer_options (question_id, correct_answer, answer_text)
VALUES ('303003101', FALSE, 'פרוקסימה קנטאורי');

INSERT INTO answer_options (question_id, correct_answer, answer_text)
VALUES ('303003101', FALSE, 'סיריוס');

INSERT INTO answer_options (question_id, correct_answer, answer_text)
VALUES ('303003101', FALSE, 'פולאריס');

INSERT INTO questions (question_id, language_id, topic_id, c_grade_id, level, question_text, explanation, interesting_fact)
VALUES ('303003102', 1, 3003, 2, 2, 'כמה ירחים יש לכוכב הלכת צדק?', '', 'צדק הוא כוכב הלכת הגדול ביותר במערכת השמש. גם מספר הירחים שלו הוא הגדול ביותר.') ON CONFLICT (question_id) DO UPDATE SET language_id = 1 ,topic_id= 3003,c_grade_id =2,level=2,question_text='כמה ירחים יש לכוכב הלכת צדק?',explanation='',interesting_fact='צדק הוא כוכב הלכת הגדול ביותר במערכת השמש. גם מספר הירחים שלו הוא הגדול ביותר.';


INSERT INTO answer_options (question_id, correct_answer, answer_text)
VALUES ('303003102', TRUE, 'יותר מ-70') ;

INSERT INTO answer_options (question_id, correct_answer, answer_text)
VALUES ('303003102', FALSE, 'בדיוק 9');

INSERT INTO answer_options (question_id, correct_answer, answer_text)
VALUES ('303003102', FALSE, 'לכול היותר 23');

INSERT INTO answer_options (question_id, correct_answer, answer_text)
VALUES ('303003102', FALSE, 'פחות מ-19');

INSERT INTO questions (question_id, language_id, topic_id, c_grade_id, level, question_text, explanation, interesting_fact)
VALUES ('303003103', 1, 3003, 3, 3, 'איזה כוכב לכת הכי קרוב לשמש?', '', 'כוכב חמה הוא כוכב הלכת הקטן ביותר במערכת השמש. גודלו קרוב לממדי הירח של כדור הארץ.') ON CONFLICT (question_id) DO UPDATE SET language_id = 1 ,topic_id= 3003,c_grade_id =3,level=3,question_text='איזה כוכב לכת הכי קרוב לשמש?',explanation='',interesting_fact='כוכב חמה הוא כוכב הלכת הקטן ביותר במערכת השמש. גודלו קרוב לממדי הירח של כדור הארץ.';


INSERT INTO answer_options (question_id, correct_answer, answer_text)
VALUES ('303003103', TRUE, 'כוכב חמה') ;

INSERT INTO answer_options (question_id, correct_answer, answer_text)
VALUES ('303003103', FALSE, 'נוגה');

INSERT INTO answer_options (question_id, correct_answer, answer_text)
VALUES ('303003103', FALSE, 'כדור הארץ');

INSERT INTO answer_options (question_id, correct_answer, answer_text)
VALUES ('303003103', FALSE, 'מאדים');

INSERT INTO questions (question_id, language_id, topic_id, c_grade_id, level, question_text, explanation, interesting_fact)
VALUES ('303003104', 1, 3003, 4, 4, 'איזה כוכב לכת ידוע בטבעותיו המרהיבות?', '', 'טבעות שבתאי הן הגדולות והבולטות ביותר במערכת השמש.') ON CONFLICT (question_id) DO UPDATE SET language_id = 1 ,topic_id= 3003,c_grade_id =4,level=4,question_text='איזה כוכב לכת ידוע בטבעותיו המרהיבות?',explanation='',interesting_fact='טבעות שבתאי הן הגדולות והבולטות ביותר במערכת השמש.';


INSERT INTO answer_options (question_id, correct_answer, answer_text)
VALUES ('303003104', TRUE, 'שבתאי') ;

INSERT INTO answer_options (question_id, correct_answer, answer_text)
VALUES ('303003104', FALSE, 'מאדים');

INSERT INTO answer_options (question_id, correct_answer, answer_text)
VALUES ('303003104', FALSE, 'אורנוס');

INSERT INTO answer_options (question_id, correct_answer, answer_text)
VALUES ('303003104', FALSE, 'נפטון');

INSERT INTO questions (question_id, language_id, topic_id, c_grade_id, level, question_text, explanation, interesting_fact)
VALUES ('303003105', 1, 3003, 5, 5, 'איזו חללית מאויישת נחתה על הירח?', '', 'אפולו 11 היתה המשימה שבה ניל ארמסטרונג ובאז אלדרין צעדו לראשונה על הירח.') ON CONFLICT (question_id) DO UPDATE SET language_id = 1 ,topic_id= 3003,c_grade_id =5,level=5,question_text='איזו חללית מאויישת נחתה על הירח?',explanation='',interesting_fact='אפולו 11 היתה המשימה שבה ניל ארמסטרונג ובאז אלדרין צעדו לראשונה על הירח.';


INSERT INTO answer_options (question_id, correct_answer, answer_text)
VALUES ('303003105', TRUE, 'אפולו 11') ;

INSERT INTO answer_options (question_id, correct_answer, answer_text)
VALUES ('303003105', FALSE, 'ספוטניק');

INSERT INTO answer_options (question_id, correct_answer, answer_text)
VALUES ('303003105', FALSE, 'וויאג`ר');

INSERT INTO answer_options (question_id, correct_answer, answer_text)
VALUES ('303003105', FALSE, 'ניו הורייזונס');

INSERT INTO questions (question_id, language_id, topic_id, c_grade_id, level, question_text, explanation, interesting_fact)
VALUES ('303004101', 1, 3004, 1, 1, 'באיזה חג נוטלים לולב?', '', 'בחג הסוכות נהוג לאכול בסוכה ולברך על ארבעת המינים.') ON CONFLICT (question_id) DO UPDATE SET language_id = 1 ,topic_id= 3004,c_grade_id =1,level=1,question_text='באיזה חג נוטלים לולב?',explanation='',interesting_fact='בחג הסוכות נהוג לאכול בסוכה ולברך על ארבעת המינים.';


INSERT INTO answer_options (question_id, correct_answer, answer_text)
VALUES ('303004101', TRUE, 'סוכות') ;

INSERT INTO answer_options (question_id, correct_answer, answer_text)
VALUES ('303004101', FALSE, 'פסח');

INSERT INTO answer_options (question_id, correct_answer, answer_text)
VALUES ('303004101', FALSE, 'שבועות');

INSERT INTO answer_options (question_id, correct_answer, answer_text)
VALUES ('303004101', FALSE, 'פורים');

INSERT INTO questions (question_id, language_id, topic_id, c_grade_id, level, question_text, explanation, interesting_fact)
VALUES ('303004102', 1, 3004, 2, 2, 'מהו המאכל המסורתי של חג החנוכה?', '', 'חג חנוכה מתחיל בסוף כסלו ומסתיים בתחילת טבת.') ON CONFLICT (question_id) DO UPDATE SET language_id = 1 ,topic_id= 3004,c_grade_id =2,level=2,question_text='מהו המאכל המסורתי של חג החנוכה?',explanation='',interesting_fact='חג חנוכה מתחיל בסוף כסלו ומסתיים בתחילת טבת.';


INSERT INTO answer_options (question_id, correct_answer, answer_text)
VALUES ('303004102', TRUE, 'סופגניות') ;

INSERT INTO answer_options (question_id, correct_answer, answer_text)
VALUES ('303004102', FALSE, 'סושי');

INSERT INTO answer_options (question_id, correct_answer, answer_text)
VALUES ('303004102', FALSE, 'בורקס פטריות');

INSERT INTO answer_options (question_id, correct_answer, answer_text)
VALUES ('303004102', FALSE, 'מצות');

INSERT INTO questions (question_id, language_id, topic_id, c_grade_id, level, question_text, explanation, interesting_fact)
VALUES ('303004103', 1, 3004, 3, 3, 'באיזה חג קוראים את מגילת אסתר?', '', 'בפורים נוהגים להעניק משלוחי מנות ולתת מתנות לאביונים.') ON CONFLICT (question_id) DO UPDATE SET language_id = 1 ,topic_id= 3004,c_grade_id =3,level=3,question_text='באיזה חג קוראים את מגילת אסתר?',explanation='',interesting_fact='בפורים נוהגים להעניק משלוחי מנות ולתת מתנות לאביונים.';


INSERT INTO answer_options (question_id, correct_answer, answer_text)
VALUES ('303004103', TRUE, 'פורים') ;

INSERT INTO answer_options (question_id, correct_answer, answer_text)
VALUES ('303004103', FALSE, 'יום העצמאות');

INSERT INTO answer_options (question_id, correct_answer, answer_text)
VALUES ('303004103', FALSE, 'ט"ו בשבט');

INSERT INTO answer_options (question_id, correct_answer, answer_text)
VALUES ('303004103', FALSE, 'יום הזיכרון');

INSERT INTO questions (question_id, language_id, topic_id, c_grade_id, level, question_text, explanation, interesting_fact)
VALUES ('303004104', 1, 3004, 4, 4, 'באיזה חג נוהגים לאכול מרור?', '', 'אכילת מרור היא ממנהגי ליל הסדר. המרור מסמל את העבדות המרה במצרים.') ON CONFLICT (question_id) DO UPDATE SET language_id = 1 ,topic_id= 3004,c_grade_id =4,level=4,question_text='באיזה חג נוהגים לאכול מרור?',explanation='',interesting_fact='אכילת מרור היא ממנהגי ליל הסדר. המרור מסמל את העבדות המרה במצרים.';


INSERT INTO answer_options (question_id, correct_answer, answer_text)
VALUES ('303004104', TRUE, 'פסח') ;

INSERT INTO answer_options (question_id, correct_answer, answer_text)
VALUES ('303004104', FALSE, 'ראש השנה');

INSERT INTO answer_options (question_id, correct_answer, answer_text)
VALUES ('303004104', FALSE, 'חנוכה');

INSERT INTO answer_options (question_id, correct_answer, answer_text)
VALUES ('303004104', FALSE, 'סוכות');

INSERT INTO questions (question_id, language_id, topic_id, c_grade_id, level, question_text, explanation, interesting_fact)
VALUES ('303004105', 1, 3004, 5, 5, 'באיזה חג נהוג לטעת עצים?', '', 'בט"ו בשבט, על פי המסורת, הוא ראש השנה לאילנות.') ON CONFLICT (question_id) DO UPDATE SET language_id = 1 ,topic_id= 3004,c_grade_id =5,level=5,question_text='באיזה חג נהוג לטעת עצים?',explanation='',interesting_fact='בט"ו בשבט, על פי המסורת, הוא ראש השנה לאילנות.';


INSERT INTO answer_options (question_id, correct_answer, answer_text)
VALUES ('303004105', TRUE, 'ט"ו בשבט') ;

INSERT INTO answer_options (question_id, correct_answer, answer_text)
VALUES ('303004105', FALSE, 'פסח');

INSERT INTO answer_options (question_id, correct_answer, answer_text)
VALUES ('303004105', FALSE, 'יום העצמאות');

INSERT INTO answer_options (question_id, correct_answer, answer_text)
VALUES ('303004105', FALSE, 'סוכות');

INSERT INTO questions (question_id, language_id, topic_id, c_grade_id, level, question_text, explanation, interesting_fact)
VALUES ('303005101', 1, 3005, 1, 1, 'מהו החלק של הצמח שמצוי מתחת לפני האדמה?', '', 'השורש של הצמח מסייע לו לספוג מים ומינרלים מהאדמה.') ON CONFLICT (question_id) DO UPDATE SET language_id = 1 ,topic_id= 3005,c_grade_id =1,level=1,question_text='מהו החלק של הצמח שמצוי מתחת לפני האדמה?',explanation='',interesting_fact='השורש של הצמח מסייע לו לספוג מים ומינרלים מהאדמה.';


INSERT INTO answer_options (question_id, correct_answer, answer_text)
VALUES ('303005101', TRUE, 'שורש') ;

INSERT INTO answer_options (question_id, correct_answer, answer_text)
VALUES ('303005101', FALSE, 'עלה');

INSERT INTO answer_options (question_id, correct_answer, answer_text)
VALUES ('303005101', FALSE, 'פרח');

INSERT INTO answer_options (question_id, correct_answer, answer_text)
VALUES ('303005101', FALSE, 'גבעול');

INSERT INTO questions (question_id, language_id, topic_id, c_grade_id, level, question_text, explanation, interesting_fact)
VALUES ('303005102', 1, 3005, 2, 2, 'איזה צבע יש על פי רב לעלי הצמחים?', '', 'הצבע הירוק של העלים נובע מהכלורופיל, שמאפשר להם לבצע פוטוסינתזה.') ON CONFLICT (question_id) DO UPDATE SET language_id = 1 ,topic_id= 3005,c_grade_id =2,level=2,question_text='איזה צבע יש על פי רב לעלי הצמחים?',explanation='',interesting_fact='הצבע הירוק של העלים נובע מהכלורופיל, שמאפשר להם לבצע פוטוסינתזה.';


INSERT INTO answer_options (question_id, correct_answer, answer_text)
VALUES ('303005102', TRUE, 'ירוק') ;

INSERT INTO answer_options (question_id, correct_answer, answer_text)
VALUES ('303005102', FALSE, 'כחול');

INSERT INTO answer_options (question_id, correct_answer, answer_text)
VALUES ('303005102', FALSE, 'צהוב');

INSERT INTO answer_options (question_id, correct_answer, answer_text)
VALUES ('303005102', FALSE, 'טורקיז');

INSERT INTO questions (question_id, language_id, topic_id, c_grade_id, level, question_text, explanation, interesting_fact)
VALUES ('303005103', 1, 3005, 3, 3, 'כיצד מכונים עלי הפרח?', '', 'הפרחים משמשים, בין היתר, למשיכת מאביקים כדוגמת דבורים.') ON CONFLICT (question_id) DO UPDATE SET language_id = 1 ,topic_id= 3005,c_grade_id =3,level=3,question_text='כיצד מכונים עלי הפרח?',explanation='',interesting_fact='הפרחים משמשים, בין היתר, למשיכת מאביקים כדוגמת דבורים.';


INSERT INTO answer_options (question_id, correct_answer, answer_text)
VALUES ('303005103', TRUE, 'עלי כותרת') ;

INSERT INTO answer_options (question_id, correct_answer, answer_text)
VALUES ('303005103', FALSE, 'עלי כינור');

INSERT INTO answer_options (question_id, correct_answer, answer_text)
VALUES ('303005103', FALSE, 'עלי נבל');

INSERT INTO answer_options (question_id, correct_answer, answer_text)
VALUES ('303005103', FALSE, 'עלי בריקדות');

INSERT INTO questions (question_id, language_id, topic_id, c_grade_id, level, question_text, explanation, interesting_fact)
VALUES ('303005104', 1, 3005, 4, 4, 'הפטוטרת והטרף הם חלקים של...', '', 'העלים של הצמח קולטים אור ובכך מסייעים לתהליך הפוטוסינתזה.') ON CONFLICT (question_id) DO UPDATE SET language_id = 1 ,topic_id= 3005,c_grade_id =4,level=4,question_text='הפטוטרת והטרף הם חלקים של...',explanation='',interesting_fact='העלים של הצמח קולטים אור ובכך מסייעים לתהליך הפוטוסינתזה.';


INSERT INTO answer_options (question_id, correct_answer, answer_text)
VALUES ('303005104', TRUE, 'העלה') ;

INSERT INTO answer_options (question_id, correct_answer, answer_text)
VALUES ('303005104', FALSE, 'גזע העץ');

INSERT INTO answer_options (question_id, correct_answer, answer_text)
VALUES ('303005104', FALSE, 'השורש');

INSERT INTO answer_options (question_id, correct_answer, answer_text)
VALUES ('303005104', FALSE, 'הגבעול');

INSERT INTO questions (question_id, language_id, topic_id, c_grade_id, level, question_text, explanation, interesting_fact)
VALUES ('303005105', 1, 3005, 5, 5, 'איזה פרח קרוי על שם חלק מביצה?', '', 'לחלמונית פרחים צהובים מרהיבים שפורחים בסתיו לאחר הגשמים הראשונים.') ON CONFLICT (question_id) DO UPDATE SET language_id = 1 ,topic_id= 3005,c_grade_id =5,level=5,question_text='איזה פרח קרוי על שם חלק מביצה?',explanation='',interesting_fact='לחלמונית פרחים צהובים מרהיבים שפורחים בסתיו לאחר הגשמים הראשונים.';


INSERT INTO answer_options (question_id, correct_answer, answer_text)
VALUES ('303005105', TRUE, 'חלמונית') ;

INSERT INTO answer_options (question_id, correct_answer, answer_text)
VALUES ('303005105', FALSE, 'קלפתית');

INSERT INTO answer_options (question_id, correct_answer, answer_text)
VALUES ('303005105', FALSE, 'חלבונצ`יק');

INSERT INTO answer_options (question_id, correct_answer, answer_text)
VALUES ('303005105', FALSE, 'אפרוחון');

INSERT INTO questions (question_id, language_id, topic_id, c_grade_id, level, question_text, explanation, interesting_fact)
VALUES ('303006101', 1, 3006, 1, 1, 'מי מהדינוזאורים הבאים היה הגדול ביותר?', '', 'הברכיוזאורוס היה אחד מהדינוזאורים הגדולים ביותר שחיו אי פעם.') ON CONFLICT (question_id) DO UPDATE SET language_id = 1 ,topic_id= 3006,c_grade_id =1,level=1,question_text='מי מהדינוזאורים הבאים היה הגדול ביותר?',explanation='',interesting_fact='הברכיוזאורוס היה אחד מהדינוזאורים הגדולים ביותר שחיו אי פעם.';


INSERT INTO answer_options (question_id, correct_answer, answer_text)
VALUES ('303006101', TRUE, 'ארגנטינוזאורוס') ;

INSERT INTO answer_options (question_id, correct_answer, answer_text)
VALUES ('303006101', FALSE, 'פרוטוצרטופס');

INSERT INTO answer_options (question_id, correct_answer, answer_text)
VALUES ('303006101', FALSE, 'סטירקוזאורוס');

INSERT INTO answer_options (question_id, correct_answer, answer_text)
VALUES ('303006101', FALSE, 'ולוצירפטור');

INSERT INTO questions (question_id, language_id, topic_id, c_grade_id, level, question_text, explanation, interesting_fact)
VALUES ('303006102', 1, 3006, 2, 2, 'באיזו תקופה חיו הדינוזאורים?', '', 'רוב הדינוזאורים חיו בתקופה המזוזואית, שהחלה לפני כ-250 מיליון שנים. הם נכחדו לפני כשישים מיליון שנה.') ON CONFLICT (question_id) DO UPDATE SET language_id = 1 ,topic_id= 3006,c_grade_id =2,level=2,question_text='באיזו תקופה חיו הדינוזאורים?',explanation='',interesting_fact='רוב הדינוזאורים חיו בתקופה המזוזואית, שהחלה לפני כ-250 מיליון שנים. הם נכחדו לפני כשישים מיליון שנה.';


INSERT INTO answer_options (question_id, correct_answer, answer_text)
VALUES ('303006102', TRUE, 'בתקופת המזוזואיקון') ;

INSERT INTO answer_options (question_id, correct_answer, answer_text)
VALUES ('303006102', FALSE, 'תקופת הקרח');

INSERT INTO answer_options (question_id, correct_answer, answer_text)
VALUES ('303006102', FALSE, 'תקופת האבן');

INSERT INTO answer_options (question_id, correct_answer, answer_text)
VALUES ('303006102', FALSE, 'תקופת הצנע');

INSERT INTO questions (question_id, language_id, topic_id, c_grade_id, level, question_text, explanation, interesting_fact)
VALUES ('303006103', 1, 3006, 3, 3, 'איזה דינוזאור היה המהיר יותר?', '', 'הוולוצירפטור היה אחד מהדינוזאורים המהירים ביותר, עם מהירות של יותר מ 60 קמ"ש.') ON CONFLICT (question_id) DO UPDATE SET language_id = 1 ,topic_id= 3006,c_grade_id =3,level=3,question_text='איזה דינוזאור היה המהיר יותר?',explanation='',interesting_fact='הוולוצירפטור היה אחד מהדינוזאורים המהירים ביותר, עם מהירות של יותר מ 60 קמ"ש.';


INSERT INTO answer_options (question_id, correct_answer, answer_text)
VALUES ('303006103', TRUE, 'הוולוצירפטור') ;

INSERT INTO answer_options (question_id, correct_answer, answer_text)
VALUES ('303006103', FALSE, 'הברכיוזאורוס');

INSERT INTO answer_options (question_id, correct_answer, answer_text)
VALUES ('303006103', FALSE, 'הטריצרטופס');

INSERT INTO answer_options (question_id, correct_answer, answer_text)
VALUES ('303006103', FALSE, 'הטירנוזאורוס');

INSERT INTO questions (question_id, language_id, topic_id, c_grade_id, level, question_text, explanation, interesting_fact)
VALUES ('303006104', 1, 3006, 4, 4, 'איזה דינוזאור היה טורף?', '', 'הטירנוזאורוס היה טורף רב עוצמה שכיכב בסרט "פארק היורה".') ON CONFLICT (question_id) DO UPDATE SET language_id = 1 ,topic_id= 3006,c_grade_id =4,level=4,question_text='איזה דינוזאור היה טורף?',explanation='',interesting_fact='הטירנוזאורוס היה טורף רב עוצמה שכיכב בסרט "פארק היורה".';


INSERT INTO answer_options (question_id, correct_answer, answer_text)
VALUES ('303006104', TRUE, 'הטירנוזאורוס רקס') ;

INSERT INTO answer_options (question_id, correct_answer, answer_text)
VALUES ('303006104', FALSE, 'הברכיוזאורוס');

INSERT INTO answer_options (question_id, correct_answer, answer_text)
VALUES ('303006104', FALSE, 'הסטגוזאורוס');

INSERT INTO answer_options (question_id, correct_answer, answer_text)
VALUES ('303006104', FALSE, 'הדיפלודוקוס');

INSERT INTO questions (question_id, language_id, topic_id, c_grade_id, level, question_text, explanation, interesting_fact)
VALUES ('303006105', 1, 3006, 5, 5, 'איזה דינוזאור היה צמחוני?', '', 'הטריצרטופס היה דינוזאור צמחוני שהתאפיין בשלושה קרניים על ראשו.') ON CONFLICT (question_id) DO UPDATE SET language_id = 1 ,topic_id= 3006,c_grade_id =5,level=5,question_text='איזה דינוזאור היה צמחוני?',explanation='',interesting_fact='הטריצרטופס היה דינוזאור צמחוני שהתאפיין בשלושה קרניים על ראשו.';


INSERT INTO answer_options (question_id, correct_answer, answer_text)
VALUES ('303006105', TRUE, 'הטריצרטופס') ;

INSERT INTO answer_options (question_id, correct_answer, answer_text)
VALUES ('303006105', FALSE, 'הוולוצירפטור');

INSERT INTO answer_options (question_id, correct_answer, answer_text)
VALUES ('303006105', FALSE, 'הטירנוזאורוס');

INSERT INTO answer_options (question_id, correct_answer, answer_text)
VALUES ('303006105', FALSE, 'גיגאנוטוזאורוס');

INSERT INTO questions (question_id, language_id, topic_id, c_grade_id, level, question_text, explanation, interesting_fact)
VALUES ('303007101', 1, 3007, 1, 1, 'מה ביקש הנסיך הקטן שיציירו עבורו?', '', '"הנסיך הקטן" הוא ספר קלאסי שנכתב על ידי אנטואן דה סנט-אכזופרי.') ON CONFLICT (question_id) DO UPDATE SET language_id = 1 ,topic_id= 3007,c_grade_id =1,level=1,question_text='מה ביקש הנסיך הקטן שיציירו עבורו?',explanation='',interesting_fact='"הנסיך הקטן" הוא ספר קלאסי שנכתב על ידי אנטואן דה סנט-אכזופרי.';


INSERT INTO answer_options (question_id, correct_answer, answer_text)
VALUES ('303007101', TRUE, 'כבשה') ;

INSERT INTO answer_options (question_id, correct_answer, answer_text)
VALUES ('303007101', FALSE, 'מחוגה');

INSERT INTO answer_options (question_id, correct_answer, answer_text)
VALUES ('303007101', FALSE, 'ילד אוכל גלידה');

INSERT INTO answer_options (question_id, correct_answer, answer_text)
VALUES ('303007101', FALSE, 'כתר');

INSERT INTO questions (question_id, language_id, topic_id, c_grade_id, level, question_text, explanation, interesting_fact)
VALUES ('303007102', 1, 3007, 2, 2, 'מה היה משלח ידו של אביה של מטילדה בספר "מטילדה"?', '', '"מתילדה" היא דמות נבונה ושובבה שמככבת בספרו של רואלד דאל.') ON CONFLICT (question_id) DO UPDATE SET language_id = 1 ,topic_id= 3007,c_grade_id =2,level=2,question_text='מה היה משלח ידו של אביה של מטילדה בספר "מטילדה"?',explanation='',interesting_fact='"מתילדה" היא דמות נבונה ושובבה שמככבת בספרו של רואלד דאל.';


INSERT INTO answer_options (question_id, correct_answer, answer_text)
VALUES ('303007102', TRUE, 'סוחר במכוניות גנובות') ;

INSERT INTO answer_options (question_id, correct_answer, answer_text)
VALUES ('303007102', FALSE, 'רופא עור');

INSERT INTO answer_options (question_id, correct_answer, answer_text)
VALUES ('303007102', FALSE, 'מוכר חמוצים');

INSERT INTO answer_options (question_id, correct_answer, answer_text)
VALUES ('303007102', FALSE, 'רופא שיניים');

INSERT INTO questions (question_id, language_id, topic_id, c_grade_id, level, question_text, explanation, interesting_fact)
VALUES ('303007103', 1, 3007, 3, 3, 'מה שם חברו של פו הדב?', '', 'פו הדב הוא דמות קלאסית מפרי עטו של הסופר איי. איי. מילן.') ON CONFLICT (question_id) DO UPDATE SET language_id = 1 ,topic_id= 3007,c_grade_id =3,level=3,question_text='מה שם חברו של פו הדב?',explanation='',interesting_fact='פו הדב הוא דמות קלאסית מפרי עטו של הסופר איי. איי. מילן.';


INSERT INTO answer_options (question_id, correct_answer, answer_text)
VALUES ('303007103', TRUE, 'טיגר') ;

INSERT INTO answer_options (question_id, correct_answer, answer_text)
VALUES ('303007103', FALSE, 'קפטן קוק');

INSERT INTO answer_options (question_id, correct_answer, answer_text)
VALUES ('303007103', FALSE, 'הארי פוטר');

INSERT INTO answer_options (question_id, correct_answer, answer_text)
VALUES ('303007103', FALSE, 'פיטר פן');

INSERT INTO questions (question_id, language_id, topic_id, c_grade_id, level, question_text, explanation, interesting_fact)
VALUES ('303007104', 1, 3007, 4, 4, 'מה שמה של חברתו הטובה של הארי פוטר?', '', 'הארי פוטר הוא גיבור סדרת ספרים פופולרית שנכתבה על ידי ג`יי.קיי. רולינג.') ON CONFLICT (question_id) DO UPDATE SET language_id = 1 ,topic_id= 3007,c_grade_id =4,level=4,question_text='מה שמה של חברתו הטובה של הארי פוטר?',explanation='',interesting_fact='הארי פוטר הוא גיבור סדרת ספרים פופולרית שנכתבה על ידי ג`יי.קיי. רולינג.';


INSERT INTO answer_options (question_id, correct_answer, answer_text)
VALUES ('303007104', TRUE, 'הרמיוני') ;

INSERT INTO answer_options (question_id, correct_answer, answer_text)
VALUES ('303007104', FALSE, 'אוויטה');

INSERT INTO answer_options (question_id, correct_answer, answer_text)
VALUES ('303007104', FALSE, 'בילבי בת גרב');

INSERT INTO answer_options (question_id, correct_answer, answer_text)
VALUES ('303007104', FALSE, 'בלבי בת כובע גרב');

INSERT INTO questions (question_id, language_id, topic_id, c_grade_id, level, question_text, explanation, interesting_fact)
VALUES ('303007105', 1, 3007, 5, 5, 'איזה ספר ילדים מפורסם כתב לואיס קרול?', '', 'לואיס קרול הוא שם העט של צ`ארלס לוטווידג` דודג`סון') ON CONFLICT (question_id) DO UPDATE SET language_id = 1 ,topic_id= 3007,c_grade_id =5,level=5,question_text='איזה ספר ילדים מפורסם כתב לואיס קרול?',explanation='',interesting_fact='לואיס קרול הוא שם העט של צ`ארלס לוטווידג` דודג`סון';


INSERT INTO answer_options (question_id, correct_answer, answer_text)
VALUES ('303007105', TRUE, 'אליס בארץ הפלאות') ;

INSERT INTO answer_options (question_id, correct_answer, answer_text)
VALUES ('303007105', FALSE, 'צ`רלי ומפעל השוקולד');

INSERT INTO answer_options (question_id, correct_answer, answer_text)
VALUES ('303007105', FALSE, 'הנסיך הקטן');

INSERT INTO answer_options (question_id, correct_answer, answer_text)
VALUES ('303007105', FALSE, 'הארי פוטר');

INSERT INTO questions (question_id, language_id, topic_id, c_grade_id, level, question_text, explanation, interesting_fact)
VALUES ('303008101', 1, 3008, 1, 1, 'איזה נוזל קופא בטמפרטורה אפס סלזיוס ומתאדה במאה סלזיוס?', '', 'מים במצב נוזלי נעים בקלות ומשנים צורה לפי הכלי שבו הם נמצאים.') ON CONFLICT (question_id) DO UPDATE SET language_id = 1 ,topic_id= 3008,c_grade_id =1,level=1,question_text='איזה נוזל קופא בטמפרטורה אפס סלזיוס ומתאדה במאה סלזיוס?',explanation='',interesting_fact='מים במצב נוזלי נעים בקלות ומשנים צורה לפי הכלי שבו הם נמצאים.';


INSERT INTO answer_options (question_id, correct_answer, answer_text)
VALUES ('303008101', TRUE, 'מים') ;

INSERT INTO answer_options (question_id, correct_answer, answer_text)
VALUES ('303008101', FALSE, 'כספית');

INSERT INTO answer_options (question_id, correct_answer, answer_text)
VALUES ('303008101', FALSE, 'נפט');

INSERT INTO answer_options (question_id, correct_answer, answer_text)
VALUES ('303008101', FALSE, 'שמן זית');

INSERT INTO questions (question_id, language_id, topic_id, c_grade_id, level, question_text, explanation, interesting_fact)
VALUES ('303008102', 1, 3008, 2, 2, 'איזה גז אנחנו נושמים?', '', 'חמצן הוא הגז העיקרי שאנחנו נושמים והוא חיוני לחיים.') ON CONFLICT (question_id) DO UPDATE SET language_id = 1 ,topic_id= 3008,c_grade_id =2,level=2,question_text='איזה גז אנחנו נושמים?',explanation='',interesting_fact='חמצן הוא הגז העיקרי שאנחנו נושמים והוא חיוני לחיים.';


INSERT INTO answer_options (question_id, correct_answer, answer_text)
VALUES ('303008102', TRUE, 'חמצן') ;

INSERT INTO answer_options (question_id, correct_answer, answer_text)
VALUES ('303008102', FALSE, 'פחמן דו-חמצני');

INSERT INTO answer_options (question_id, correct_answer, answer_text)
VALUES ('303008102', FALSE, 'הליום');

INSERT INTO answer_options (question_id, correct_answer, answer_text)
VALUES ('303008102', FALSE, 'מתאן');

INSERT INTO questions (question_id, language_id, topic_id, c_grade_id, level, question_text, explanation, interesting_fact)
VALUES ('303008103', 1, 3008, 3, 3, 'מהו מזונה העיקרי של הפנדה?', '', 'הפנדה אוכלת בעיקר עלי במבוק, והם מהווים כ-99% מתזונתה.') ON CONFLICT (question_id) DO UPDATE SET language_id = 1 ,topic_id= 3008,c_grade_id =3,level=3,question_text='מהו מזונה העיקרי של הפנדה?',explanation='',interesting_fact='הפנדה אוכלת בעיקר עלי במבוק, והם מהווים כ-99% מתזונתה.';


INSERT INTO answer_options (question_id, correct_answer, answer_text)
VALUES ('303008103', TRUE, 'עלי במבוק') ;

INSERT INTO answer_options (question_id, correct_answer, answer_text)
VALUES ('303008103', FALSE, 'ספגטי');

INSERT INTO answer_options (question_id, correct_answer, answer_text)
VALUES ('303008103', FALSE, 'עלי דקל');

INSERT INTO answer_options (question_id, correct_answer, answer_text)
VALUES ('303008103', FALSE, 'שוקולד מריר');

INSERT INTO questions (question_id, language_id, topic_id, c_grade_id, level, question_text, explanation, interesting_fact)
VALUES ('303008104', 1, 3008, 4, 4, 'במה ניתן להבחין כאשר יורד גשם והשמש זורחת?', '', 'קשת בענן מוזכרת בספר בראשית לאחר סיפור המבול.') ON CONFLICT (question_id) DO UPDATE SET language_id = 1 ,topic_id= 3008,c_grade_id =4,level=4,question_text='במה ניתן להבחין כאשר יורד גשם והשמש זורחת?',explanation='',interesting_fact='קשת בענן מוזכרת בספר בראשית לאחר סיפור המבול.';


INSERT INTO answer_options (question_id, correct_answer, answer_text)
VALUES ('303008104', TRUE, 'קשת בענן') ;

INSERT INTO answer_options (question_id, correct_answer, answer_text)
VALUES ('303008104', FALSE, 'טורנדו');

INSERT INTO answer_options (question_id, correct_answer, answer_text)
VALUES ('303008104', FALSE, 'ברק');

INSERT INTO answer_options (question_id, correct_answer, answer_text)
VALUES ('303008104', FALSE, 'שלג');

INSERT INTO questions (question_id, language_id, topic_id, c_grade_id, level, question_text, explanation, interesting_fact)
VALUES ('303008105', 1, 3008, 5, 5, 'כיצד מכונה התקופה בשנה שבה העלים נושרים?', '', '"עצים נשירים" הוא שם כולל לעצים המשירים את עליהם בשלכת. העלים צומחים שנית באביב. עצים שאינם משירים את עליהם מכוני עצים "ירוקי עד".') ON CONFLICT (question_id) DO UPDATE SET language_id = 1 ,topic_id= 3008,c_grade_id =5,level=5,question_text='כיצד מכונה התקופה בשנה שבה העלים נושרים?',explanation='',interesting_fact='"עצים נשירים" הוא שם כולל לעצים המשירים את עליהם בשלכת. העלים צומחים שנית באביב. עצים שאינם משירים את עליהם מכוני עצים "ירוקי עד".';


INSERT INTO answer_options (question_id, correct_answer, answer_text)
VALUES ('303008105', TRUE, 'שלכת') ;

INSERT INTO answer_options (question_id, correct_answer, answer_text)
VALUES ('303008105', FALSE, 'נדידה');

INSERT INTO answer_options (question_id, correct_answer, answer_text)
VALUES ('303008105', FALSE, 'רחצה');

INSERT INTO answer_options (question_id, correct_answer, answer_text)
VALUES ('303008105', FALSE, 'שאיבה');

INSERT INTO questions (question_id, language_id, topic_id, c_grade_id, level, question_text, explanation, interesting_fact)
VALUES ('303009101', 1, 3009, 1, 1, 'איזה סוג של מזון מספק הכי הרבה אנרגיה?', '', 'פחמימות הן המקור העיקרי לאנרגיה במזון.') ON CONFLICT (question_id) DO UPDATE SET language_id = 1 ,topic_id= 3009,c_grade_id =1,level=1,question_text='איזה סוג של מזון מספק הכי הרבה אנרגיה?',explanation='',interesting_fact='פחמימות הן המקור העיקרי לאנרגיה במזון.';


INSERT INTO answer_options (question_id, correct_answer, answer_text)
VALUES ('303009101', TRUE, 'פחמימות') ;

INSERT INTO answer_options (question_id, correct_answer, answer_text)
VALUES ('303009101', FALSE, 'חלבונים');

INSERT INTO answer_options (question_id, correct_answer, answer_text)
VALUES ('303009101', FALSE, 'שומנים');

INSERT INTO answer_options (question_id, correct_answer, answer_text)
VALUES ('303009101', FALSE, 'ויטמינים');

INSERT INTO questions (question_id, language_id, topic_id, c_grade_id, level, question_text, explanation, interesting_fact)
VALUES ('303009102', 1, 3009, 2, 2, 'איזה ירק עשיר בברזל?', '', 'תרד עשיר בברזל. הברזל דרוש ליצירת תאי דם אדומים.') ON CONFLICT (question_id) DO UPDATE SET language_id = 1 ,topic_id= 3009,c_grade_id =2,level=2,question_text='איזה ירק עשיר בברזל?',explanation='',interesting_fact='תרד עשיר בברזל. הברזל דרוש ליצירת תאי דם אדומים.';


INSERT INTO answer_options (question_id, correct_answer, answer_text)
VALUES ('303009102', TRUE, 'תרד') ;

INSERT INTO answer_options (question_id, correct_answer, answer_text)
VALUES ('303009102', FALSE, 'גזר');

INSERT INTO answer_options (question_id, correct_answer, answer_text)
VALUES ('303009102', FALSE, 'בצל');

INSERT INTO answer_options (question_id, correct_answer, answer_text)
VALUES ('303009102', FALSE, 'עגבניות');

INSERT INTO questions (question_id, language_id, topic_id, c_grade_id, level, question_text, explanation, interesting_fact)
VALUES ('303009103', 1, 3009, 3, 3, 'איזה פרי ידוע בכמות ויטמין C הגבוהה שבו?', '', 'תפוזים עשירים בוויטמין C, שמסייע למערכת החיסון.') ON CONFLICT (question_id) DO UPDATE SET language_id = 1 ,topic_id= 3009,c_grade_id =3,level=3,question_text='איזה פרי ידוע בכמות ויטמין C הגבוהה שבו?',explanation='',interesting_fact='תפוזים עשירים בוויטמין C, שמסייע למערכת החיסון.';


INSERT INTO answer_options (question_id, correct_answer, answer_text)
VALUES ('303009103', TRUE, 'תפוז') ;

INSERT INTO answer_options (question_id, correct_answer, answer_text)
VALUES ('303009103', FALSE, 'פופקורן');

INSERT INTO answer_options (question_id, correct_answer, answer_text)
VALUES ('303009103', FALSE, 'גבינה צהובה');

INSERT INTO answer_options (question_id, correct_answer, answer_text)
VALUES ('303009103', FALSE, 'ענבים');

INSERT INTO questions (question_id, language_id, topic_id, c_grade_id, level, question_text, explanation, interesting_fact)
VALUES ('303009104', 1, 3009, 4, 4, 'איזה סוג של מזון מסייע בבניית שרירים?', '', 'חלבונים הם חשובים לבניית ותיקון שרירים ורקמות גוף אחרות.') ON CONFLICT (question_id) DO UPDATE SET language_id = 1 ,topic_id= 3009,c_grade_id =4,level=4,question_text='איזה סוג של מזון מסייע בבניית שרירים?',explanation='',interesting_fact='חלבונים הם חשובים לבניית ותיקון שרירים ורקמות גוף אחרות.';


INSERT INTO answer_options (question_id, correct_answer, answer_text)
VALUES ('303009104', TRUE, 'חלבונים') ;

INSERT INTO answer_options (question_id, correct_answer, answer_text)
VALUES ('303009104', FALSE, 'פחמימות');

INSERT INTO answer_options (question_id, correct_answer, answer_text)
VALUES ('303009104', FALSE, 'שומנים');

INSERT INTO answer_options (question_id, correct_answer, answer_text)
VALUES ('303009104', FALSE, 'סוכרים');

INSERT INTO questions (question_id, language_id, topic_id, c_grade_id, level, question_text, explanation, interesting_fact)
VALUES ('303009105', 1, 3009, 5, 5, 'איזה ירק הנו סוג של כרוב ממשפחת המצליבים?', '', 'הברוקולי ראוי לכינוי "הפלא הירוק" בזכות ערכו התזונתי הרב.') ON CONFLICT (question_id) DO UPDATE SET language_id = 1 ,topic_id= 3009,c_grade_id =5,level=5,question_text='איזה ירק הנו סוג של כרוב ממשפחת המצליבים?',explanation='',interesting_fact='הברוקולי ראוי לכינוי "הפלא הירוק" בזכות ערכו התזונתי הרב.';


INSERT INTO answer_options (question_id, correct_answer, answer_text)
VALUES ('303009105', TRUE, 'ברוקולי') ;

INSERT INTO answer_options (question_id, correct_answer, answer_text)
VALUES ('303009105', FALSE, 'גמבה');

INSERT INTO answer_options (question_id, correct_answer, answer_text)
VALUES ('303009105', FALSE, 'תפוח אדמה');

INSERT INTO answer_options (question_id, correct_answer, answer_text)
VALUES ('303009105', FALSE, 'קישוא');

INSERT INTO questions (question_id, language_id, topic_id, c_grade_id, level, question_text, explanation, interesting_fact)
VALUES ('303010101', 1, 3010, 1, 1, 'איזה כוח מונע ממטוסי נוסעים ליפול ארצה?', '', 'מטוסי נוסעים יכולים להגיע למהירויות של מעל 900 קמ"ש.') ON CONFLICT (question_id) DO UPDATE SET language_id = 1 ,topic_id= 3010,c_grade_id =1,level=1,question_text='איזה כוח מונע ממטוסי נוסעים ליפול ארצה?',explanation='',interesting_fact='מטוסי נוסעים יכולים להגיע למהירויות של מעל 900 קמ"ש.';


INSERT INTO answer_options (question_id, correct_answer, answer_text)
VALUES ('303010101', TRUE, 'כוח העילוי') ;

INSERT INTO answer_options (question_id, correct_answer, answer_text)
VALUES ('303010101', FALSE, 'כוח צנטריפוגלי');

INSERT INTO answer_options (question_id, correct_answer, answer_text)
VALUES ('303010101', FALSE, 'כוח דלתא');

INSERT INTO answer_options (question_id, correct_answer, answer_text)
VALUES ('303010101', FALSE, 'כוח המשיכה');

INSERT INTO questions (question_id, language_id, topic_id, c_grade_id, level, question_text, explanation, interesting_fact)
VALUES ('303010102', 1, 3010, 2, 2, 'איזה סוג של כלי תחבורה היתה אח"י דקר?', '', 'צוללות משמשות לתנועה ומחקר מתחת לפני המים.') ON CONFLICT (question_id) DO UPDATE SET language_id = 1 ,topic_id= 3010,c_grade_id =2,level=2,question_text='איזה סוג של כלי תחבורה היתה אח"י דקר?',explanation='',interesting_fact='צוללות משמשות לתנועה ומחקר מתחת לפני המים.';


INSERT INTO answer_options (question_id, correct_answer, answer_text)
VALUES ('303010102', TRUE, 'צוללת') ;

INSERT INTO answer_options (question_id, correct_answer, answer_text)
VALUES ('303010102', FALSE, 'מונית');

INSERT INTO answer_options (question_id, correct_answer, answer_text)
VALUES ('303010102', FALSE, 'אופניים');

INSERT INTO answer_options (question_id, correct_answer, answer_text)
VALUES ('303010102', FALSE, 'טרקטורון');

INSERT INTO questions (question_id, language_id, topic_id, c_grade_id, level, question_text, explanation, interesting_fact)
VALUES ('303010103', 1, 3010, 3, 3, 'איזה כלי תחבורה ארוך מובל ע"י קטר?', '', 'רכבות נעות על מסילות ופסי רכבת ומשמשות להובלת נוסעים וסחורות.') ON CONFLICT (question_id) DO UPDATE SET language_id = 1 ,topic_id= 3010,c_grade_id =3,level=3,question_text='איזה כלי תחבורה ארוך מובל ע"י קטר?',explanation='',interesting_fact='רכבות נעות על מסילות ופסי רכבת ומשמשות להובלת נוסעים וסחורות.';


INSERT INTO answer_options (question_id, correct_answer, answer_text)
VALUES ('303010103', TRUE, 'רכבת') ;

INSERT INTO answer_options (question_id, correct_answer, answer_text)
VALUES ('303010103', FALSE, 'אוטובוס');

INSERT INTO answer_options (question_id, correct_answer, answer_text)
VALUES ('303010103', FALSE, 'משאית');

INSERT INTO answer_options (question_id, correct_answer, answer_text)
VALUES ('303010103', FALSE, 'מכונית');

INSERT INTO questions (question_id, language_id, topic_id, c_grade_id, level, question_text, explanation, interesting_fact)
VALUES ('303010104', 1, 3010, 4, 4, 'איזה כלי תחבורה מתעופף בשמיים בסיוע מנועי סילון?', '', 'למטוסי סילון יכולת לטוס במהירות רבה מאוד.') ON CONFLICT (question_id) DO UPDATE SET language_id = 1 ,topic_id= 3010,c_grade_id =4,level=4,question_text='איזה כלי תחבורה מתעופף בשמיים בסיוע מנועי סילון?',explanation='',interesting_fact='למטוסי סילון יכולת לטוס במהירות רבה מאוד.';


INSERT INTO answer_options (question_id, correct_answer, answer_text)
VALUES ('303010104', TRUE, 'מטוסי סילון') ;

INSERT INTO answer_options (question_id, correct_answer, answer_text)
VALUES ('303010104', FALSE, 'אופנוע ים');

INSERT INTO answer_options (question_id, correct_answer, answer_text)
VALUES ('303010104', FALSE, 'ג`יפ שטח');

INSERT INTO answer_options (question_id, correct_answer, answer_text)
VALUES ('303010104', FALSE, 'ספינת משא');

INSERT INTO questions (question_id, language_id, topic_id, c_grade_id, level, question_text, explanation, interesting_fact)
VALUES ('303010105', 1, 3010, 5, 5, 'באיזה כלי תחבורה נעשה שימוש במפרשים?', '', 'אוניות מפרש משתמשות בכוח הרוח לתנועה בים.') ON CONFLICT (question_id) DO UPDATE SET language_id = 1 ,topic_id= 3010,c_grade_id =5,level=5,question_text='באיזה כלי תחבורה נעשה שימוש במפרשים?',explanation='',interesting_fact='אוניות מפרש משתמשות בכוח הרוח לתנועה בים.';


INSERT INTO answer_options (question_id, correct_answer, answer_text)
VALUES ('303010105', TRUE, 'סירות מפרש') ;

INSERT INTO answer_options (question_id, correct_answer, answer_text)
VALUES ('303010105', FALSE, 'ג`יפ');

INSERT INTO answer_options (question_id, correct_answer, answer_text)
VALUES ('303010105', FALSE, 'מונית');

INSERT INTO answer_options (question_id, correct_answer, answer_text)
VALUES ('303010105', FALSE, 'אופנוע');

INSERT INTO questions (question_id, language_id, topic_id, c_grade_id, level, question_text, explanation, interesting_fact)
VALUES ('303011101', 1, 3011, 1, 1, 'מהו האוקיינוס הכי גדול בעולם?', '', 'האוקיינוס השקט הוא הגדול בעולם הן בשטחו והן בעומקו.') ON CONFLICT (question_id) DO UPDATE SET language_id = 1 ,topic_id= 3011,c_grade_id =1,level=1,question_text='מהו האוקיינוס הכי גדול בעולם?',explanation='',interesting_fact='האוקיינוס השקט הוא הגדול בעולם הן בשטחו והן בעומקו.';


INSERT INTO answer_options (question_id, correct_answer, answer_text)
VALUES ('303011101', TRUE, 'האוקיינוס השקט') ;

INSERT INTO answer_options (question_id, correct_answer, answer_text)
VALUES ('303011101', FALSE, 'האוקיינוס האטלנטי');

INSERT INTO answer_options (question_id, correct_answer, answer_text)
VALUES ('303011101', FALSE, 'האוקיינוס ההודי');

INSERT INTO answer_options (question_id, correct_answer, answer_text)
VALUES ('303011101', FALSE, 'האוקיינוס הרועש');

INSERT INTO questions (question_id, language_id, topic_id, c_grade_id, level, question_text, explanation, interesting_fact)
VALUES ('303011102', 1, 3011, 2, 2, 'היכן נהוג למקם תחנות כוח הידראוליות?', '', 'תחנות כוח הדראוליות הן מקור לאנרגיה ירוקה.') ON CONFLICT (question_id) DO UPDATE SET language_id = 1 ,topic_id= 3011,c_grade_id =2,level=2,question_text='היכן נהוג למקם תחנות כוח הידראוליות?',explanation='',interesting_fact='תחנות כוח הדראוליות הן מקור לאנרגיה ירוקה.';


INSERT INTO answer_options (question_id, correct_answer, answer_text)
VALUES ('303011102', TRUE, 'נהרות') ;

INSERT INTO answer_options (question_id, correct_answer, answer_text)
VALUES ('303011102', FALSE, 'ברזיות ציבוריות');

INSERT INTO answer_options (question_id, correct_answer, answer_text)
VALUES ('303011102', FALSE, 'בריכות שחייה');

INSERT INTO answer_options (question_id, correct_answer, answer_text)
VALUES ('303011102', FALSE, 'אגמים');

INSERT INTO questions (question_id, language_id, topic_id, c_grade_id, level, question_text, explanation, interesting_fact)
VALUES ('303011103', 1, 3011, 3, 3, 'היכן יורד מעט מאוד גשם?', '', 'באסיה, באפריקה ובאמריקה ישנם איזורים מדבריים שזוכים למשקים מועטחם ביותר.') ON CONFLICT (question_id) DO UPDATE SET language_id = 1 ,topic_id= 3011,c_grade_id =3,level=3,question_text='היכן יורד מעט מאוד גשם?',explanation='',interesting_fact='באסיה, באפריקה ובאמריקה ישנם איזורים מדבריים שזוכים למשקים מועטחם ביותר.';


INSERT INTO answer_options (question_id, correct_answer, answer_text)
VALUES ('303011103', TRUE, 'במדבריות') ;

INSERT INTO answer_options (question_id, correct_answer, answer_text)
VALUES ('303011103', FALSE, 'בג`ונגלים');

INSERT INTO answer_options (question_id, correct_answer, answer_text)
VALUES ('303011103', FALSE, 'מעל האוקיינוס ההודי');

INSERT INTO answer_options (question_id, correct_answer, answer_text)
VALUES ('303011103', FALSE, 'בצפון אירופה');

INSERT INTO questions (question_id, language_id, topic_id, c_grade_id, level, question_text, explanation, interesting_fact)
VALUES ('303011104', 1, 3011, 4, 4, 'איזה ים נמוך יותר?', '', 'ים המלח הוא המקום הנמוך ביותר בעולם.') ON CONFLICT (question_id) DO UPDATE SET language_id = 1 ,topic_id= 3011,c_grade_id =4,level=4,question_text='איזה ים נמוך יותר?',explanation='',interesting_fact='ים המלח הוא המקום הנמוך ביותר בעולם.';


INSERT INTO answer_options (question_id, correct_answer, answer_text)
VALUES ('303011104', TRUE, 'ים המלח') ;

INSERT INTO answer_options (question_id, correct_answer, answer_text)
VALUES ('303011104', FALSE, 'הים האדום');

INSERT INTO answer_options (question_id, correct_answer, answer_text)
VALUES ('303011104', FALSE, 'הים התיכון');

INSERT INTO answer_options (question_id, correct_answer, answer_text)
VALUES ('303011104', FALSE, 'האוקיינוס האטלנטי');

INSERT INTO questions (question_id, language_id, topic_id, c_grade_id, level, question_text, explanation, interesting_fact)
VALUES ('303011105', 1, 3011, 5, 5, 'איזו תופעה מסייעת למולקולות מים לעלות מן הים לעבר השמיים?', '', 'אידוי הוא תהליך שבו מים מתאדים מהים ועולים לשמיים.') ON CONFLICT (question_id) DO UPDATE SET language_id = 1 ,topic_id= 3011,c_grade_id =5,level=5,question_text='איזו תופעה מסייעת למולקולות מים לעלות מן הים לעבר השמיים?',explanation='',interesting_fact='אידוי הוא תהליך שבו מים מתאדים מהים ועולים לשמיים.';


INSERT INTO answer_options (question_id, correct_answer, answer_text)
VALUES ('303011105', TRUE, 'אידוי') ;

INSERT INTO answer_options (question_id, correct_answer, answer_text)
VALUES ('303011105', FALSE, 'גשם');

INSERT INTO answer_options (question_id, correct_answer, answer_text)
VALUES ('303011105', FALSE, 'סערה');

INSERT INTO answer_options (question_id, correct_answer, answer_text)
VALUES ('303011105', FALSE, 'שלג');

INSERT INTO questions (question_id, language_id, topic_id, c_grade_id, level, question_text, explanation, interesting_fact)
VALUES ('303012101', 1, 3012, 1, 1, 'לאיזה איבר בגוף תפקיד מרכזי בתהליך הנשימה?', '', 'הריאות הן האיברים האחראים על הנשימה וחילוף החמצן והפחמן דו-חמצני.') ON CONFLICT (question_id) DO UPDATE SET language_id = 1 ,topic_id= 3012,c_grade_id =1,level=1,question_text='לאיזה איבר בגוף תפקיד מרכזי בתהליך הנשימה?',explanation='',interesting_fact='הריאות הן האיברים האחראים על הנשימה וחילוף החמצן והפחמן דו-חמצני.';


INSERT INTO answer_options (question_id, correct_answer, answer_text)
VALUES ('303012101', TRUE, 'הריאות') ;

INSERT INTO answer_options (question_id, correct_answer, answer_text)
VALUES ('303012101', FALSE, 'הכבד');

INSERT INTO answer_options (question_id, correct_answer, answer_text)
VALUES ('303012101', FALSE, 'המרפק');

INSERT INTO answer_options (question_id, correct_answer, answer_text)
VALUES ('303012101', FALSE, 'תנוך האוזן');

INSERT INTO questions (question_id, language_id, topic_id, c_grade_id, level, question_text, explanation, interesting_fact)
VALUES ('303012102', 1, 3012, 2, 2, 'מהי התפקיד של השלד?', '', 'השלד תומך בגוף ומגן על איברים חשובים כמו המוח והלב.') ON CONFLICT (question_id) DO UPDATE SET language_id = 1 ,topic_id= 3012,c_grade_id =2,level=2,question_text='מהי התפקיד של השלד?',explanation='',interesting_fact='השלד תומך בגוף ומגן על איברים חשובים כמו המוח והלב.';


INSERT INTO answer_options (question_id, correct_answer, answer_text)
VALUES ('303012102', TRUE, 'לתמוך בגוף ולהגן על איברים פנימיים') ;

INSERT INTO answer_options (question_id, correct_answer, answer_text)
VALUES ('303012102', FALSE, 'לשמור על טמפרטורת הגוף');

INSERT INTO answer_options (question_id, correct_answer, answer_text)
VALUES ('303012102', FALSE, 'לעכל מזון');

INSERT INTO answer_options (question_id, correct_answer, answer_text)
VALUES ('303012102', FALSE, 'להוביל דם');

INSERT INTO questions (question_id, language_id, topic_id, c_grade_id, level, question_text, explanation, interesting_fact)
VALUES ('303012103', 1, 3012, 3, 3, 'מה משותף ל: A+ -B +O ו-AB+', '', 'לפני תרומת דם יש לברר מהו סוג הדם של התורם ושל המקבל.') ON CONFLICT (question_id) DO UPDATE SET language_id = 1 ,topic_id= 3012,c_grade_id =3,level=3,question_text='מה משותף ל: A+ -B +O ו-AB+',explanation='',interesting_fact='לפני תרומת דם יש לברר מהו סוג הדם של התורם ושל המקבל.';


INSERT INTO answer_options (question_id, correct_answer, answer_text)
VALUES ('303012103', TRUE, 'סוגי דם') ;

INSERT INTO answer_options (question_id, correct_answer, answer_text)
VALUES ('303012103', FALSE, 'סוגי טלפונים');

INSERT INTO answer_options (question_id, correct_answer, answer_text)
VALUES ('303012103', FALSE, 'מידות זנב של כלבים');

INSERT INTO answer_options (question_id, correct_answer, answer_text)
VALUES ('303012103', FALSE, 'אזורי חיוג');

INSERT INTO questions (question_id, language_id, topic_id, c_grade_id, level, question_text, explanation, interesting_fact)
VALUES ('303012104', 1, 3012, 4, 4, 'איזה איבר פנימי נמצא מתחת לסרעפת?', '', 'הכבד מסייע בניקוי רעלים ובתהליך חילוף החומרים בגוף.') ON CONFLICT (question_id) DO UPDATE SET language_id = 1 ,topic_id= 3012,c_grade_id =4,level=4,question_text='איזה איבר פנימי נמצא מתחת לסרעפת?',explanation='',interesting_fact='הכבד מסייע בניקוי רעלים ובתהליך חילוף החומרים בגוף.';


INSERT INTO answer_options (question_id, correct_answer, answer_text)
VALUES ('303012104', TRUE, 'הכבד') ;

INSERT INTO answer_options (question_id, correct_answer, answer_text)
VALUES ('303012104', FALSE, 'הלב');

INSERT INTO answer_options (question_id, correct_answer, answer_text)
VALUES ('303012104', FALSE, 'המוח');

INSERT INTO answer_options (question_id, correct_answer, answer_text)
VALUES ('303012104', FALSE, 'הגרוגרת');

INSERT INTO questions (question_id, language_id, topic_id, c_grade_id, level, question_text, explanation, interesting_fact)
VALUES ('303012105', 1, 3012, 5, 5, 'מהו תפקיד המוח?', '', 'המוח שולט בכל התנועות, בחשיבה ובתחושות.') ON CONFLICT (question_id) DO UPDATE SET language_id = 1 ,topic_id= 3012,c_grade_id =5,level=5,question_text='מהו תפקיד המוח?',explanation='',interesting_fact='המוח שולט בכל התנועות, בחשיבה ובתחושות.';


INSERT INTO answer_options (question_id, correct_answer, answer_text)
VALUES ('303012105', TRUE, 'לשלוט בתנועות הגוף ובחשיבה') ;

INSERT INTO answer_options (question_id, correct_answer, answer_text)
VALUES ('303012105', FALSE, 'להוביל דם');

INSERT INTO answer_options (question_id, correct_answer, answer_text)
VALUES ('303012105', FALSE, 'לעכל מזון');

INSERT INTO answer_options (question_id, correct_answer, answer_text)
VALUES ('303012105', FALSE, 'לייצר אנרגיה');

INSERT INTO questions (question_id, language_id, topic_id, c_grade_id, level, question_text, explanation, interesting_fact)
VALUES ('303013101', 1, 3013, 1, 1, 'מהי העצם הקטנה ביותר בגוף האדם?', '', 'עצם הסטייפס באוזן היא העצם הקטנה ביותר בגוף האדם.') ON CONFLICT (question_id) DO UPDATE SET language_id = 1 ,topic_id= 3013,c_grade_id =1,level=1,question_text='מהי העצם הקטנה ביותר בגוף האדם?',explanation='',interesting_fact='עצם הסטייפס באוזן היא העצם הקטנה ביותר בגוף האדם.';


INSERT INTO answer_options (question_id, correct_answer, answer_text)
VALUES ('303013101', TRUE, 'עצם הסטייפס (באוזן)') ;

INSERT INTO answer_options (question_id, correct_answer, answer_text)
VALUES ('303013101', FALSE, 'עצם הירך');

INSERT INTO answer_options (question_id, correct_answer, answer_text)
VALUES ('303013101', FALSE, 'עצם הזרוע');

INSERT INTO answer_options (question_id, correct_answer, answer_text)
VALUES ('303013101', FALSE, 'עצם האצבע');

INSERT INTO questions (question_id, language_id, topic_id, c_grade_id, level, question_text, explanation, interesting_fact)
VALUES ('303013102', 1, 3013, 2, 2, 'כמה עצמות יש בגוף האדם?', '', 'בגוף של אדם בוגר יש 206 עצמות. לתינוקות יש יותר אבל חלק מהעצמות מתאחות בחלוף השנים.') ON CONFLICT (question_id) DO UPDATE SET language_id = 1 ,topic_id= 3013,c_grade_id =2,level=2,question_text='כמה עצמות יש בגוף האדם?',explanation='',interesting_fact='בגוף של אדם בוגר יש 206 עצמות. לתינוקות יש יותר אבל חלק מהעצמות מתאחות בחלוף השנים.';


INSERT INTO answer_options (question_id, correct_answer, answer_text)
VALUES ('303013102', TRUE, 'יותר מ-200') ;

INSERT INTO answer_options (question_id, correct_answer, answer_text)
VALUES ('303013102', FALSE, '191');

INSERT INTO answer_options (question_id, correct_answer, answer_text)
VALUES ('303013102', FALSE, '613');

INSERT INTO answer_options (question_id, correct_answer, answer_text)
VALUES ('303013102', FALSE, '177');

INSERT INTO questions (question_id, language_id, topic_id, c_grade_id, level, question_text, explanation, interesting_fact)
VALUES ('303013103', 1, 3013, 3, 3, 'ארובות העין הן חלק מ...', '', 'עצמות הגולגולת מתמצקות ומתחברות במהלך החיים.') ON CONFLICT (question_id) DO UPDATE SET language_id = 1 ,topic_id= 3013,c_grade_id =3,level=3,question_text='ארובות העין הן חלק מ...',explanation='',interesting_fact='עצמות הגולגולת מתמצקות ומתחברות במהלך החיים.';


INSERT INTO answer_options (question_id, correct_answer, answer_text)
VALUES ('303013103', TRUE, 'עצמות הגולגולת') ;

INSERT INTO answer_options (question_id, correct_answer, answer_text)
VALUES ('303013103', FALSE, 'עצמות הגפיים');

INSERT INTO answer_options (question_id, correct_answer, answer_text)
VALUES ('303013103', FALSE, 'עצמות הצוואר');

INSERT INTO answer_options (question_id, correct_answer, answer_text)
VALUES ('303013103', FALSE, 'עצמות האגן');

INSERT INTO questions (question_id, language_id, topic_id, c_grade_id, level, question_text, explanation, interesting_fact)
VALUES ('303013104', 1, 3013, 4, 4, 'למה מחוברות השיניים?', '', 'לאדם בוגר "רגיל" יש 32 שיניים. 16 בלסת בעליונה ו-16 בתחתונה.') ON CONFLICT (question_id) DO UPDATE SET language_id = 1 ,topic_id= 3013,c_grade_id =4,level=4,question_text='למה מחוברות השיניים?',explanation='',interesting_fact='לאדם בוגר "רגיל" יש 32 שיניים. 16 בלסת בעליונה ו-16 בתחתונה.';


INSERT INTO answer_options (question_id, correct_answer, answer_text)
VALUES ('303013104', TRUE, 'עצמות הלסת') ;

INSERT INTO answer_options (question_id, correct_answer, answer_text)
VALUES ('303013104', FALSE, 'חוט השדרה');

INSERT INTO answer_options (question_id, correct_answer, answer_text)
VALUES ('303013104', FALSE, 'עצם הזנב');

INSERT INTO answer_options (question_id, correct_answer, answer_text)
VALUES ('303013104', FALSE, 'ברך ימין');

INSERT INTO questions (question_id, language_id, topic_id, c_grade_id, level, question_text, explanation, interesting_fact)
VALUES ('303013105', 1, 3013, 5, 5, 'איזה מינרל חיוני לחיזוק עצמות?', '', 'סידן חיוני לחיזוק ובניית עצמות בריאות.') ON CONFLICT (question_id) DO UPDATE SET language_id = 1 ,topic_id= 3013,c_grade_id =5,level=5,question_text='איזה מינרל חיוני לחיזוק עצמות?',explanation='',interesting_fact='סידן חיוני לחיזוק ובניית עצמות בריאות.';


INSERT INTO answer_options (question_id, correct_answer, answer_text)
VALUES ('303013105', TRUE, 'סידן') ;

INSERT INTO answer_options (question_id, correct_answer, answer_text)
VALUES ('303013105', FALSE, 'אורניום');

INSERT INTO answer_options (question_id, correct_answer, answer_text)
VALUES ('303013105', FALSE, 'יוד');

INSERT INTO answer_options (question_id, correct_answer, answer_text)
VALUES ('303013105', FALSE, 'ויטמין D');

INSERT INTO questions (question_id, language_id, topic_id, c_grade_id, level, question_text, explanation, interesting_fact)
VALUES ('303014101', 1, 3014, 1, 1, 'מי היה וינסנט ואן גוך?', '', 'וינסנט ואן גוך היה צייר מפורסם שיצר בין היתר את "ליל כוכבים", "החמניות" ואת "אוכלי תפוחי האדמה".') ON CONFLICT (question_id) DO UPDATE SET language_id = 1 ,topic_id= 3014,c_grade_id =1,level=1,question_text='מי היה וינסנט ואן גוך?',explanation='',interesting_fact='וינסנט ואן גוך היה צייר מפורסם שיצר בין היתר את "ליל כוכבים", "החמניות" ואת "אוכלי תפוחי האדמה".';


INSERT INTO answer_options (question_id, correct_answer, answer_text)
VALUES ('303014101', TRUE, 'צייר') ;

INSERT INTO answer_options (question_id, correct_answer, answer_text)
VALUES ('303014101', FALSE, 'מוזיקאי');

INSERT INTO answer_options (question_id, correct_answer, answer_text)
VALUES ('303014101', FALSE, 'סופר');

INSERT INTO answer_options (question_id, correct_answer, answer_text)
VALUES ('303014101', FALSE, 'מדען');

INSERT INTO questions (question_id, language_id, topic_id, c_grade_id, level, question_text, explanation, interesting_fact)
VALUES ('303014102', 1, 3014, 2, 2, 'מהו פסל?', '', 'פסל הוא יצירת אמנות תלת-ממדית שניתן לפסל מחומרים שונים.') ON CONFLICT (question_id) DO UPDATE SET language_id = 1 ,topic_id= 3014,c_grade_id =2,level=2,question_text='מהו פסל?',explanation='',interesting_fact='פסל הוא יצירת אמנות תלת-ממדית שניתן לפסל מחומרים שונים.';


INSERT INTO answer_options (question_id, correct_answer, answer_text)
VALUES ('303014102', TRUE, 'יצירת אמנות תלת-ממדית') ;

INSERT INTO answer_options (question_id, correct_answer, answer_text)
VALUES ('303014102', FALSE, 'ציור על קיר');

INSERT INTO answer_options (question_id, correct_answer, answer_text)
VALUES ('303014102', FALSE, 'ספר עם תמונות');

INSERT INTO answer_options (question_id, correct_answer, answer_text)
VALUES ('303014102', FALSE, 'שיר');

INSERT INTO questions (question_id, language_id, topic_id, c_grade_id, level, question_text, explanation, interesting_fact)
VALUES ('303014103', 1, 3014, 3, 3, 'איזה צבע מתקבל מערבוב של כחול ואדום?', '', 'כאשר מערבבים צבע כחול ואדום מתקבל הצבע הסגול.') ON CONFLICT (question_id) DO UPDATE SET language_id = 1 ,topic_id= 3014,c_grade_id =3,level=3,question_text='איזה צבע מתקבל מערבוב של כחול ואדום?',explanation='',interesting_fact='כאשר מערבבים צבע כחול ואדום מתקבל הצבע הסגול.';


INSERT INTO answer_options (question_id, correct_answer, answer_text)
VALUES ('303014103', TRUE, 'סגול') ;

INSERT INTO answer_options (question_id, correct_answer, answer_text)
VALUES ('303014103', FALSE, 'ירוק');

INSERT INTO answer_options (question_id, correct_answer, answer_text)
VALUES ('303014103', FALSE, 'כתום');

INSERT INTO answer_options (question_id, correct_answer, answer_text)
VALUES ('303014103', FALSE, 'ורוד');

INSERT INTO questions (question_id, language_id, topic_id, c_grade_id, level, question_text, explanation, interesting_fact)
VALUES ('303014104', 1, 3014, 4, 4, 'באיזו טכניקה צייר לאונרדו דה וינצ`י את "המונה ליזה"?', '', '"המונה ליזה" היא יצירת אומנות הידועה גם בשם "לה ג`וקונדה".') ON CONFLICT (question_id) DO UPDATE SET language_id = 1 ,topic_id= 3014,c_grade_id =4,level=4,question_text='באיזו טכניקה צייר לאונרדו דה וינצ`י את "המונה ליזה"?',explanation='',interesting_fact='"המונה ליזה" היא יצירת אומנות הידועה גם בשם "לה ג`וקונדה".';


INSERT INTO answer_options (question_id, correct_answer, answer_text)
VALUES ('303014104', TRUE, 'שמן על קנבס') ;

INSERT INTO answer_options (question_id, correct_answer, answer_text)
VALUES ('303014104', FALSE, 'מים על נייר');

INSERT INTO answer_options (question_id, correct_answer, answer_text)
VALUES ('303014104', FALSE, 'פחם על נייר');

INSERT INTO answer_options (question_id, correct_answer, answer_text)
VALUES ('303014104', FALSE, 'דיו על קנבס');

INSERT INTO questions (question_id, language_id, topic_id, c_grade_id, level, question_text, explanation, interesting_fact)
VALUES ('303014105', 1, 3014, 5, 5, 'מהו מוזיאון?', '', 'מוזיאון הוא מקום שבו מוצגות יצירות אמנות וממצאים היסטוריים.') ON CONFLICT (question_id) DO UPDATE SET language_id = 1 ,topic_id= 3014,c_grade_id =5,level=5,question_text='מהו מוזיאון?',explanation='',interesting_fact='מוזיאון הוא מקום שבו מוצגות יצירות אמנות וממצאים היסטוריים.';


INSERT INTO answer_options (question_id, correct_answer, answer_text)
VALUES ('303014105', TRUE, 'מקום לתצוגת יצירות אמנות') ;

INSERT INTO answer_options (question_id, correct_answer, answer_text)
VALUES ('303014105', FALSE, 'בית ספר');

INSERT INTO answer_options (question_id, correct_answer, answer_text)
VALUES ('303014105', FALSE, 'ספרייה');

INSERT INTO answer_options (question_id, correct_answer, answer_text)
VALUES ('303014105', FALSE, 'פארק');

INSERT INTO questions (question_id, language_id, topic_id, c_grade_id, level, question_text, explanation, interesting_fact)
VALUES ('303015101', 1, 3015, 1, 1, 'באיזו מדינה דרקונים ופנסי תאורה מנייר הם חלק מובנה בתרבות?', '', 'לוח השנה הסיני שונה מלוח השנה הנהוג במערב.') ON CONFLICT (question_id) DO UPDATE SET language_id = 1 ,topic_id= 3015,c_grade_id =1,level=1,question_text='באיזו מדינה דרקונים ופנסי תאורה מנייר הם חלק מובנה בתרבות?',explanation='',interesting_fact='לוח השנה הסיני שונה מלוח השנה הנהוג במערב.';


INSERT INTO answer_options (question_id, correct_answer, answer_text)
VALUES ('303015101', TRUE, 'סין') ;

INSERT INTO answer_options (question_id, correct_answer, answer_text)
VALUES ('303015101', FALSE, 'צרפת');

INSERT INTO answer_options (question_id, correct_answer, answer_text)
VALUES ('303015101', FALSE, 'ארצות הברית');

INSERT INTO answer_options (question_id, correct_answer, answer_text)
VALUES ('303015101', FALSE, 'ברזיל');

INSERT INTO questions (question_id, language_id, topic_id, c_grade_id, level, question_text, explanation, interesting_fact)
VALUES ('303015102', 1, 3015, 2, 2, 'מהי השפה המדוברת ביותר במקסיקו?', '', 'למקסיקו אין שפה רשמית אך השפה המדוברת ביותר היא ספרדית.') ON CONFLICT (question_id) DO UPDATE SET language_id = 1 ,topic_id= 3015,c_grade_id =2,level=2,question_text='מהי השפה המדוברת ביותר במקסיקו?',explanation='',interesting_fact='למקסיקו אין שפה רשמית אך השפה המדוברת ביותר היא ספרדית.';


INSERT INTO answer_options (question_id, correct_answer, answer_text)
VALUES ('303015102', TRUE, 'ספרדית') ;

INSERT INTO answer_options (question_id, correct_answer, answer_text)
VALUES ('303015102', FALSE, 'אנגלית');

INSERT INTO answer_options (question_id, correct_answer, answer_text)
VALUES ('303015102', FALSE, 'פורטוגזית');

INSERT INTO answer_options (question_id, correct_answer, answer_text)
VALUES ('303015102', FALSE, 'צרפתית');

INSERT INTO questions (question_id, language_id, topic_id, c_grade_id, level, question_text, explanation, interesting_fact)
VALUES ('303015103', 1, 3015, 3, 3, 'איזו מדינה ידועה בקרנבלים הססגוניים שלה?', '', 'הקרנבל הברזילאי נחגג במשך ארבעה ימים. הקרנבל מתחיל בכל שנה חמישים יום לפני חג הפסחא.') ON CONFLICT (question_id) DO UPDATE SET language_id = 1 ,topic_id= 3015,c_grade_id =3,level=3,question_text='איזו מדינה ידועה בקרנבלים הססגוניים שלה?',explanation='',interesting_fact='הקרנבל הברזילאי נחגג במשך ארבעה ימים. הקרנבל מתחיל בכל שנה חמישים יום לפני חג הפסחא.';


INSERT INTO answer_options (question_id, correct_answer, answer_text)
VALUES ('303015103', TRUE, 'ברזיל') ;

INSERT INTO answer_options (question_id, correct_answer, answer_text)
VALUES ('303015103', FALSE, 'יפן');

INSERT INTO answer_options (question_id, correct_answer, answer_text)
VALUES ('303015103', FALSE, 'אוסטרליה');

INSERT INTO answer_options (question_id, correct_answer, answer_text)
VALUES ('303015103', FALSE, 'רוסיה');

INSERT INTO questions (question_id, language_id, topic_id, c_grade_id, level, question_text, explanation, interesting_fact)
VALUES ('303015104', 1, 3015, 4, 4, 'באיזו מדינה נמצא הטאג` מהל?', '', 'הטאג` מהל נחשב לאחד מפלאי העולם.') ON CONFLICT (question_id) DO UPDATE SET language_id = 1 ,topic_id= 3015,c_grade_id =4,level=4,question_text='באיזו מדינה נמצא הטאג` מהל?',explanation='',interesting_fact='הטאג` מהל נחשב לאחד מפלאי העולם.';


INSERT INTO answer_options (question_id, correct_answer, answer_text)
VALUES ('303015104', TRUE, 'הודו') ;

INSERT INTO answer_options (question_id, correct_answer, answer_text)
VALUES ('303015104', FALSE, 'איטליה');

INSERT INTO answer_options (question_id, correct_answer, answer_text)
VALUES ('303015104', FALSE, 'יוון');

INSERT INTO answer_options (question_id, correct_answer, answer_text)
VALUES ('303015104', FALSE, 'מצרים');

INSERT INTO questions (question_id, language_id, topic_id, c_grade_id, level, question_text, explanation, interesting_fact)
VALUES ('303015105', 1, 3015, 5, 5, 'באיזו מדינה סושי הוא מאכל פופולארי במיוחד?', '', 'יפן ידועה במנות הסושי המסורתיות שלה.') ON CONFLICT (question_id) DO UPDATE SET language_id = 1 ,topic_id= 3015,c_grade_id =5,level=5,question_text='באיזו מדינה סושי הוא מאכל פופולארי במיוחד?',explanation='',interesting_fact='יפן ידועה במנות הסושי המסורתיות שלה.';


INSERT INTO answer_options (question_id, correct_answer, answer_text)
VALUES ('303015105', TRUE, 'יפן') ;

INSERT INTO answer_options (question_id, correct_answer, answer_text)
VALUES ('303015105', FALSE, 'גרמניה');

INSERT INTO answer_options (question_id, correct_answer, answer_text)
VALUES ('303015105', FALSE, 'קנדה');

INSERT INTO answer_options (question_id, correct_answer, answer_text)
VALUES ('303015105', FALSE, 'אתיופיה');

INSERT INTO questions (question_id, language_id, topic_id, c_grade_id, level, question_text, explanation, interesting_fact)
VALUES ('303016101', 1, 3016, 1, 1, 'מיהו מחבר הספר "הנסיך הקטן"?', '', '"הנסיך הקטן" נכתב על ידי אנטואן דה סן-אכזופרי והוא אחד מהספרים הנקראים ביותר בעולם.') ON CONFLICT (question_id) DO UPDATE SET language_id = 1 ,topic_id= 3016,c_grade_id =1,level=1,question_text='מיהו מחבר הספר "הנסיך הקטן"?',explanation='',interesting_fact='"הנסיך הקטן" נכתב על ידי אנטואן דה סן-אכזופרי והוא אחד מהספרים הנקראים ביותר בעולם.';


INSERT INTO answer_options (question_id, correct_answer, answer_text)
VALUES ('303016101', TRUE, 'אנטואן דה סן-אכזופרי') ;

INSERT INTO answer_options (question_id, correct_answer, answer_text)
VALUES ('303016101', FALSE, 'ג`יי.קיי. רולינג');

INSERT INTO answer_options (question_id, correct_answer, answer_text)
VALUES ('303016101', FALSE, 'רואלד דאל');

INSERT INTO answer_options (question_id, correct_answer, answer_text)
VALUES ('303016101', FALSE, 'לואיס קרול');

INSERT INTO questions (question_id, language_id, topic_id, c_grade_id, level, question_text, explanation, interesting_fact)
VALUES ('303016102', 1, 3016, 2, 2, 'איזה צמד אחים פרסם מעשיות רבות?', '', '"האחים גרים" הם: יאקוב גרים (1785–1863) ווילהלם גרים (1786–1859).') ON CONFLICT (question_id) DO UPDATE SET language_id = 1 ,topic_id= 3016,c_grade_id =2,level=2,question_text='איזה צמד אחים פרסם מעשיות רבות?',explanation='',interesting_fact='"האחים גרים" הם: יאקוב גרים (1785–1863) ווילהלם גרים (1786–1859).';


INSERT INTO answer_options (question_id, correct_answer, answer_text)
VALUES ('303016102', TRUE, 'האחים גרים') ;

INSERT INTO answer_options (question_id, correct_answer, answer_text)
VALUES ('303016102', FALSE, 'האחים רייט');

INSERT INTO answer_options (question_id, correct_answer, answer_text)
VALUES ('303016102', FALSE, 'האחים קרמזוב');

INSERT INTO answer_options (question_id, correct_answer, answer_text)
VALUES ('303016102', FALSE, 'האחים מרקס');

INSERT INTO questions (question_id, language_id, topic_id, c_grade_id, level, question_text, explanation, interesting_fact)
VALUES ('303016103', 1, 3016, 3, 3, 'עלילת איזה ספר עוסקת בבובת עץ שהפכה לילד אמיתי?', '', 'פינוקיו הוא הדמות המרכזית בסיפור "הרפתקאותיו של פינוקיו" מאת קרלו קולודי.') ON CONFLICT (question_id) DO UPDATE SET language_id = 1 ,topic_id= 3016,c_grade_id =3,level=3,question_text='עלילת איזה ספר עוסקת בבובת עץ שהפכה לילד אמיתי?',explanation='',interesting_fact='פינוקיו הוא הדמות המרכזית בסיפור "הרפתקאותיו של פינוקיו" מאת קרלו קולודי.';


INSERT INTO answer_options (question_id, correct_answer, answer_text)
VALUES ('303016103', TRUE, 'פינוקיו') ;

INSERT INTO answer_options (question_id, correct_answer, answer_text)
VALUES ('303016103', FALSE, 'הכלב היהודי');

INSERT INTO answer_options (question_id, correct_answer, answer_text)
VALUES ('303016103', FALSE, 'פיטר פן');

INSERT INTO answer_options (question_id, correct_answer, answer_text)
VALUES ('303016103', FALSE, 'הנסיך הקטן');

INSERT INTO questions (question_id, language_id, topic_id, c_grade_id, level, question_text, explanation, interesting_fact)
VALUES ('303016104', 1, 3016, 4, 4, 'איזה בעל חיים מוזכר במגילת אסתר?', '', 'מרדכי רכב על סוס מלכותי כאשר המן הלך לפניו וקרא: "ככה יעשה לאיש אשר המלך חפץ ביקרו".') ON CONFLICT (question_id) DO UPDATE SET language_id = 1 ,topic_id= 3016,c_grade_id =4,level=4,question_text='איזה בעל חיים מוזכר במגילת אסתר?',explanation='',interesting_fact='מרדכי רכב על סוס מלכותי כאשר המן הלך לפניו וקרא: "ככה יעשה לאיש אשר המלך חפץ ביקרו".';


INSERT INTO answer_options (question_id, correct_answer, answer_text)
VALUES ('303016104', TRUE, 'סוס') ;

INSERT INTO answer_options (question_id, correct_answer, answer_text)
VALUES ('303016104', FALSE, 'סוס ים');

INSERT INTO answer_options (question_id, correct_answer, answer_text)
VALUES ('303016104', FALSE, 'פרת משה רבינו');

INSERT INTO answer_options (question_id, correct_answer, answer_text)
VALUES ('303016104', FALSE, 'כריש פטיש');

INSERT INTO questions (question_id, language_id, topic_id, c_grade_id, level, question_text, explanation, interesting_fact)
VALUES ('303016105', 1, 3016, 5, 5, 'באיזה סיפור נסיכה נדקרת ממחט לאחר שהוטלה עליה קללה?', '', '"היפיפיה הנרדמת" הוא סיפור עם שבו הנסיכה מתעוררת לבסוף בזכות נשיקת נסיך.') ON CONFLICT (question_id) DO UPDATE SET language_id = 1 ,topic_id= 3016,c_grade_id =5,level=5,question_text='באיזה סיפור נסיכה נדקרת ממחט לאחר שהוטלה עליה קללה?',explanation='',interesting_fact='"היפיפיה הנרדמת" הוא סיפור עם שבו הנסיכה מתעוררת לבסוף בזכות נשיקת נסיך.';


INSERT INTO answer_options (question_id, correct_answer, answer_text)
VALUES ('303016105', TRUE, '"היפיפיה הנרדמת"') ;

INSERT INTO answer_options (question_id, correct_answer, answer_text)
VALUES ('303016105', FALSE, '"הצפרדע המלך"');

INSERT INTO answer_options (question_id, correct_answer, answer_text)
VALUES ('303016105', FALSE, '"סינדרלה"');

INSERT INTO answer_options (question_id, correct_answer, answer_text)
VALUES ('303016105', FALSE, '"האחיות הרעות"');

INSERT INTO questions (question_id, language_id, topic_id, c_grade_id, level, question_text, explanation, interesting_fact)
VALUES ('303017101', 1, 3017, 1, 1, 'איזו יבשת היא היבשת הגדולה ביותר?', '', 'אסיה היא היבשת הגדולה ביותר בעולם ובה כמחצית מאוכלוסיית העולם.') ON CONFLICT (question_id) DO UPDATE SET language_id = 1 ,topic_id= 3017,c_grade_id =1,level=1,question_text='איזו יבשת היא היבשת הגדולה ביותר?',explanation='',interesting_fact='אסיה היא היבשת הגדולה ביותר בעולם ובה כמחצית מאוכלוסיית העולם.';


INSERT INTO answer_options (question_id, correct_answer, answer_text)
VALUES ('303017101', TRUE, 'אסיה') ;

INSERT INTO answer_options (question_id, correct_answer, answer_text)
VALUES ('303017101', FALSE, 'אפריקה');

INSERT INTO answer_options (question_id, correct_answer, answer_text)
VALUES ('303017101', FALSE, 'אירופה');

INSERT INTO answer_options (question_id, correct_answer, answer_text)
VALUES ('303017101', FALSE, 'אוסטרליה');

INSERT INTO questions (question_id, language_id, topic_id, c_grade_id, level, question_text, explanation, interesting_fact)
VALUES ('303017102', 1, 3017, 2, 2, 'מהו האוקיינוס הכי גדול?', '', 'האוקיינוס השקט הוא הגדול ביותר וכולל כשליש משטח פני כדור הארץ.') ON CONFLICT (question_id) DO UPDATE SET language_id = 1 ,topic_id= 3017,c_grade_id =2,level=2,question_text='מהו האוקיינוס הכי גדול?',explanation='',interesting_fact='האוקיינוס השקט הוא הגדול ביותר וכולל כשליש משטח פני כדור הארץ.';


INSERT INTO answer_options (question_id, correct_answer, answer_text)
VALUES ('303017102', TRUE, 'האוקיינוס השקט') ;

INSERT INTO answer_options (question_id, correct_answer, answer_text)
VALUES ('303017102', FALSE, 'האוקיינוס האטלנטי');

INSERT INTO answer_options (question_id, correct_answer, answer_text)
VALUES ('303017102', FALSE, 'האוקיינוס ההודי');

INSERT INTO answer_options (question_id, correct_answer, answer_text)
VALUES ('303017102', FALSE, 'האוקיינוס הארקטי');

INSERT INTO questions (question_id, language_id, topic_id, c_grade_id, level, question_text, explanation, interesting_fact)
VALUES ('303017103', 1, 3017, 3, 3, 'מהו קו הרוחב המכונה קו המשווה?', '', 'קו המשווה חוצה את כדור הארץ לשני חלקים שווים.') ON CONFLICT (question_id) DO UPDATE SET language_id = 1 ,topic_id= 3017,c_grade_id =3,level=3,question_text='מהו קו הרוחב המכונה קו המשווה?',explanation='',interesting_fact='קו המשווה חוצה את כדור הארץ לשני חלקים שווים.';


INSERT INTO answer_options (question_id, correct_answer, answer_text)
VALUES ('303017103', TRUE, '0 מעלות') ;

INSERT INTO answer_options (question_id, correct_answer, answer_text)
VALUES ('303017103', FALSE, '23.5 מעלות צפון');

INSERT INTO answer_options (question_id, correct_answer, answer_text)
VALUES ('303017103', FALSE, '45 מעלות צפון');

INSERT INTO answer_options (question_id, correct_answer, answer_text)
VALUES ('303017103', FALSE, '90 מעלות צפון');

INSERT INTO questions (question_id, language_id, topic_id, c_grade_id, level, question_text, explanation, interesting_fact)
VALUES ('303017104', 1, 3017, 4, 4, 'מהו ההר הגבוה בעולם?', '', 'האוורסט בהימלאיה הוא ההר הגבוה בעולם. גובהו כ-8,850 מטרים.') ON CONFLICT (question_id) DO UPDATE SET language_id = 1 ,topic_id= 3017,c_grade_id =4,level=4,question_text='מהו ההר הגבוה בעולם?',explanation='',interesting_fact='האוורסט בהימלאיה הוא ההר הגבוה בעולם. גובהו כ-8,850 מטרים.';


INSERT INTO answer_options (question_id, correct_answer, answer_text)
VALUES ('303017104', TRUE, 'האוורסט') ;

INSERT INTO answer_options (question_id, correct_answer, answer_text)
VALUES ('303017104', FALSE, 'הקילימנג`רו');

INSERT INTO answer_options (question_id, correct_answer, answer_text)
VALUES ('303017104', FALSE, 'מונבלאן');

INSERT INTO answer_options (question_id, correct_answer, answer_text)
VALUES ('303017104', FALSE, 'הר מירון');

INSERT INTO questions (question_id, language_id, topic_id, c_grade_id, level, question_text, explanation, interesting_fact)
VALUES ('303017105', 1, 3017, 5, 5, 'לאיזו ממדינות העולם השטח הגדול ביותר?', '', 'רוסיה היא המדינה הגדולה ביותר בעולם. שטחה כ-17 מיליון קמ"ר.') ON CONFLICT (question_id) DO UPDATE SET language_id = 1 ,topic_id= 3017,c_grade_id =5,level=5,question_text='לאיזו ממדינות העולם השטח הגדול ביותר?',explanation='',interesting_fact='רוסיה היא המדינה הגדולה ביותר בעולם. שטחה כ-17 מיליון קמ"ר.';


INSERT INTO answer_options (question_id, correct_answer, answer_text)
VALUES ('303017105', TRUE, 'רוסיה') ;

INSERT INTO answer_options (question_id, correct_answer, answer_text)
VALUES ('303017105', FALSE, 'סין');

INSERT INTO answer_options (question_id, correct_answer, answer_text)
VALUES ('303017105', FALSE, 'ארצות הברית');

INSERT INTO answer_options (question_id, correct_answer, answer_text)
VALUES ('303017105', FALSE, 'ברזיל');

INSERT INTO questions (question_id, language_id, topic_id, c_grade_id, level, question_text, explanation, interesting_fact)
VALUES ('303018101', 1, 3018, 1, 1, 'איזה בעל חיים נמצא כיום בסכנת הכחדה?', '', 'הטיגריס הסיבירי נמצא בסכנת הכחדה עקב ציד בלתי חוקי והרס בית גידול.') ON CONFLICT (question_id) DO UPDATE SET language_id = 1 ,topic_id= 3018,c_grade_id =1,level=1,question_text='איזה בעל חיים נמצא כיום בסכנת הכחדה?',explanation='',interesting_fact='הטיגריס הסיבירי נמצא בסכנת הכחדה עקב ציד בלתי חוקי והרס בית גידול.';


INSERT INTO answer_options (question_id, correct_answer, answer_text)
VALUES ('303018101', TRUE, 'הטיגריס הסיבירי') ;

INSERT INTO answer_options (question_id, correct_answer, answer_text)
VALUES ('303018101', FALSE, 'הפיל האפריקאי');

INSERT INTO answer_options (question_id, correct_answer, answer_text)
VALUES ('303018101', FALSE, 'עורב');

INSERT INTO answer_options (question_id, correct_answer, answer_text)
VALUES ('303018101', FALSE, 'הדולפין');

INSERT INTO questions (question_id, language_id, topic_id, c_grade_id, level, question_text, explanation, interesting_fact)
VALUES ('303018102', 1, 3018, 2, 2, 'מה שמו של בעל החיים שבתמונה?', '', 'קרנפים מסוגלים לרוץ מהר מאוד למרחקים קצרים.') ON CONFLICT (question_id) DO UPDATE SET language_id = 1 ,topic_id= 3018,c_grade_id =2,level=2,question_text='מה שמו של בעל החיים שבתמונה?',explanation='',interesting_fact='קרנפים מסוגלים לרוץ מהר מאוד למרחקים קצרים.';


INSERT INTO answer_options (question_id, correct_answer, answer_text)
VALUES ('303018102', TRUE, 'קרנף') ;

INSERT INTO answer_options (question_id, correct_answer, answer_text)
VALUES ('303018102', FALSE, 'תמסח');

INSERT INTO answer_options (question_id, correct_answer, answer_text)
VALUES ('303018102', FALSE, 'לביא');

INSERT INTO answer_options (question_id, correct_answer, answer_text)
VALUES ('303018102', FALSE, 'דביבון');

INSERT INTO questions (question_id, language_id, topic_id, c_grade_id, level, question_text, explanation, interesting_fact)
VALUES ('303018103', 1, 3018, 3, 3, 'איזו חיה מוזכרת בשיר ילדים מפורסם מאת לוין קיפניס?', '', 'מי יודע מדוע ולמה, לובשת הזברה פיז`מה?') ON CONFLICT (question_id) DO UPDATE SET language_id = 1 ,topic_id= 3018,c_grade_id =3,level=3,question_text='איזו חיה מוזכרת בשיר ילדים מפורסם מאת לוין קיפניס?',explanation='',interesting_fact='מי יודע מדוע ולמה, לובשת הזברה פיז`מה?';


INSERT INTO answer_options (question_id, correct_answer, answer_text)
VALUES ('303018103', TRUE, 'זברה') ;

INSERT INTO answer_options (question_id, correct_answer, answer_text)
VALUES ('303018103', FALSE, 'דב נמלים');

INSERT INTO answer_options (question_id, correct_answer, answer_text)
VALUES ('303018103', FALSE, 'ברדלס');

INSERT INTO answer_options (question_id, correct_answer, answer_text)
VALUES ('303018103', FALSE, 'דישון');

INSERT INTO questions (question_id, language_id, topic_id, c_grade_id, level, question_text, explanation, interesting_fact)
VALUES ('303018104', 1, 3018, 4, 4, 'על פי המסופר בתנ"ך היכן שהה הנביא יונה שלושה ימים?', '', 'לאחר שלושה ימים בתוך הדג יונה הזהיר את אנשי נינווה מפני חורבן') ON CONFLICT (question_id) DO UPDATE SET language_id = 1 ,topic_id= 3018,c_grade_id =4,level=4,question_text='על פי המסופר בתנ"ך היכן שהה הנביא יונה שלושה ימים?',explanation='',interesting_fact='לאחר שלושה ימים בתוך הדג יונה הזהיר את אנשי נינווה מפני חורבן';


INSERT INTO answer_options (question_id, correct_answer, answer_text)
VALUES ('303018104', TRUE, 'בתוך דג גדול') ;

INSERT INTO answer_options (question_id, correct_answer, answer_text)
VALUES ('303018104', FALSE, 'בשק שינה');

INSERT INTO answer_options (question_id, correct_answer, answer_text)
VALUES ('303018104', FALSE, 'בחבית בירה');

INSERT INTO answer_options (question_id, correct_answer, answer_text)
VALUES ('303018104', FALSE, 'בספריה הלאומית');

INSERT INTO questions (question_id, language_id, topic_id, c_grade_id, level, question_text, explanation, interesting_fact)
VALUES ('303018105', 1, 3018, 5, 5, 'לאיזו ציפור מקור צהוב?', '', 'המיינות בישראל הנן מין פולש') ON CONFLICT (question_id) DO UPDATE SET language_id = 1 ,topic_id= 3018,c_grade_id =5,level=5,question_text='לאיזו ציפור מקור צהוב?',explanation='',interesting_fact='המיינות בישראל הנן מין פולש';


INSERT INTO answer_options (question_id, correct_answer, answer_text)
VALUES ('303018105', TRUE, 'מיינה') ;

INSERT INTO answer_options (question_id, correct_answer, answer_text)
VALUES ('303018105', FALSE, 'נשר');

INSERT INTO answer_options (question_id, correct_answer, answer_text)
VALUES ('303018105', FALSE, 'בז');

INSERT INTO answer_options (question_id, correct_answer, answer_text)
VALUES ('303018105', FALSE, 'עיט');

INSERT INTO questions (question_id, language_id, topic_id, c_grade_id, level, question_text, explanation, interesting_fact)
VALUES ('303019101', 1, 3019, 1, 1, 'לאיזה חומר מקדם שבירה גבוה שגורם לקרני האור להישבר בתוכו פעמים רבות?', '', 'היהלום הוא האבן הקשה ביותר בטבע. הוא נוצר מפחמן בלחץ גבוה.') ON CONFLICT (question_id) DO UPDATE SET language_id = 1 ,topic_id= 3019,c_grade_id =1,level=1,question_text='לאיזה חומר מקדם שבירה גבוה שגורם לקרני האור להישבר בתוכו פעמים רבות?',explanation='',interesting_fact='היהלום הוא האבן הקשה ביותר בטבע. הוא נוצר מפחמן בלחץ גבוה.';


INSERT INTO answer_options (question_id, correct_answer, answer_text)
VALUES ('303019101', TRUE, 'יהלום') ;

INSERT INTO answer_options (question_id, correct_answer, answer_text)
VALUES ('303019101', FALSE, 'דבש');

INSERT INTO answer_options (question_id, correct_answer, answer_text)
VALUES ('303019101', FALSE, 'מיונז');

INSERT INTO answer_options (question_id, correct_answer, answer_text)
VALUES ('303019101', FALSE, 'אורניום');

INSERT INTO questions (question_id, language_id, topic_id, c_grade_id, level, question_text, explanation, interesting_fact)
VALUES ('303019102', 1, 3019, 2, 2, 'לאיזו אבן חן צבע ירקרק?', '', 'הברקת מוזכרת בתנ"ך כאחת מאבני החושן.') ON CONFLICT (question_id) DO UPDATE SET language_id = 1 ,topic_id= 3019,c_grade_id =2,level=2,question_text='לאיזו אבן חן צבע ירקרק?',explanation='',interesting_fact='הברקת מוזכרת בתנ"ך כאחת מאבני החושן.';


INSERT INTO answer_options (question_id, correct_answer, answer_text)
VALUES ('303019102', TRUE, 'ברקת') ;

INSERT INTO answer_options (question_id, correct_answer, answer_text)
VALUES ('303019102', FALSE, 'אודם');

INSERT INTO answer_options (question_id, correct_answer, answer_text)
VALUES ('303019102', FALSE, 'יהלום');

INSERT INTO answer_options (question_id, correct_answer, answer_text)
VALUES ('303019102', FALSE, 'גרניט');

INSERT INTO questions (question_id, language_id, topic_id, c_grade_id, level, question_text, explanation, interesting_fact)
VALUES ('303019103', 1, 3019, 3, 3, 'מה ניתן לומר על אבן גיר?', '', 'אבן גיר היא סלע משקע המורכבת מהמינרל קלציט (סידן פחמתי). המקור העיקרי של סידן פחמתי הוא בשלדי בעלי חיים ימיים.') ON CONFLICT (question_id) DO UPDATE SET language_id = 1 ,topic_id= 3019,c_grade_id =3,level=3,question_text='מה ניתן לומר על אבן גיר?',explanation='',interesting_fact='אבן גיר היא סלע משקע המורכבת מהמינרל קלציט (סידן פחמתי). המקור העיקרי של סידן פחמתי הוא בשלדי בעלי חיים ימיים.';


INSERT INTO answer_options (question_id, correct_answer, answer_text)
VALUES ('303019103', TRUE, 'סלע משקע') ;

INSERT INTO answer_options (question_id, correct_answer, answer_text)
VALUES ('303019103', FALSE, 'סלע שמקורו בפעילות געשית');

INSERT INTO answer_options (question_id, correct_answer, answer_text)
VALUES ('303019103', FALSE, 'סלע המאופיין בקושי רב');

INSERT INTO answer_options (question_id, correct_answer, answer_text)
VALUES ('303019103', FALSE, 'עשוי מקמח');

INSERT INTO questions (question_id, language_id, topic_id, c_grade_id, level, question_text, explanation, interesting_fact)
VALUES ('303019104', 1, 3019, 4, 4, 'מה צבעה של אבן ספיר?', '', 'ספיר מוזכר בתנ"ך כאחד מאבני החושן') ON CONFLICT (question_id) DO UPDATE SET language_id = 1 ,topic_id= 3019,c_grade_id =4,level=4,question_text='מה צבעה של אבן ספיר?',explanation='',interesting_fact='ספיר מוזכר בתנ"ך כאחד מאבני החושן';


INSERT INTO answer_options (question_id, correct_answer, answer_text)
VALUES ('303019104', TRUE, 'כחול') ;

INSERT INTO answer_options (question_id, correct_answer, answer_text)
VALUES ('303019104', FALSE, 'ורוד');

INSERT INTO answer_options (question_id, correct_answer, answer_text)
VALUES ('303019104', FALSE, 'בז`');

INSERT INTO answer_options (question_id, correct_answer, answer_text)
VALUES ('303019104', FALSE, 'סגול');

INSERT INTO questions (question_id, language_id, topic_id, c_grade_id, level, question_text, explanation, interesting_fact)
VALUES ('303019105', 1, 3019, 5, 5, 'מהו הגביש השקוף שנהוג להשתמש בו בייצור שעונים?', '', 'טמפרטורת ההתכה של הקוורץ היא 1700 מעלות צלזיוס.') ON CONFLICT (question_id) DO UPDATE SET language_id = 1 ,topic_id= 3019,c_grade_id =5,level=5,question_text='מהו הגביש השקוף שנהוג להשתמש בו בייצור שעונים?',explanation='',interesting_fact='טמפרטורת ההתכה של הקוורץ היא 1700 מעלות צלזיוס.';


INSERT INTO answer_options (question_id, correct_answer, answer_text)
VALUES ('303019105', TRUE, 'קוורץ') ;

INSERT INTO answer_options (question_id, correct_answer, answer_text)
VALUES ('303019105', FALSE, 'ענבר');

INSERT INTO answer_options (question_id, correct_answer, answer_text)
VALUES ('303019105', FALSE, 'גרנט');

INSERT INTO answer_options (question_id, correct_answer, answer_text)
VALUES ('303019105', FALSE, 'קריסטל');

INSERT INTO questions (question_id, language_id, topic_id, c_grade_id, level, question_text, explanation, interesting_fact)
VALUES ('303020101', 1, 3020, 1, 1, 'מהו תחום המומחיות של נפרולוג?', '', 'נפרולוגיה עוסקת בתפקוד הכליות.') ON CONFLICT (question_id) DO UPDATE SET language_id = 1 ,topic_id= 3020,c_grade_id =1,level=1,question_text='מהו תחום המומחיות של נפרולוג?',explanation='',interesting_fact='נפרולוגיה עוסקת בתפקוד הכליות.';


INSERT INTO answer_options (question_id, correct_answer, answer_text)
VALUES ('303020101', TRUE, 'כליות') ;

INSERT INTO answer_options (question_id, correct_answer, answer_text)
VALUES ('303020101', FALSE, 'מפרקים');

INSERT INTO answer_options (question_id, correct_answer, answer_text)
VALUES ('303020101', FALSE, 'שרירים');

INSERT INTO answer_options (question_id, correct_answer, answer_text)
VALUES ('303020101', FALSE, 'לב');

INSERT INTO questions (question_id, language_id, topic_id, c_grade_id, level, question_text, explanation, interesting_fact)
VALUES ('303020102', 1, 3020, 2, 2, 'איזה בעל חיים לא נמצא בטבע בישראל?', '', 'שפיפון הוא נחש ארסי. הגרביל הוא מכרסם קופצני והתן שייך למשפחת הכלביים.') ON CONFLICT (question_id) DO UPDATE SET language_id = 1 ,topic_id= 3020,c_grade_id =2,level=2,question_text='איזה בעל חיים לא נמצא בטבע בישראל?',explanation='',interesting_fact='שפיפון הוא נחש ארסי. הגרביל הוא מכרסם קופצני והתן שייך למשפחת הכלביים.';


INSERT INTO answer_options (question_id, correct_answer, answer_text)
VALUES ('303020102', TRUE, 'דב נמלים') ;

INSERT INTO answer_options (question_id, correct_answer, answer_text)
VALUES ('303020102', FALSE, 'תן');

INSERT INTO answer_options (question_id, correct_answer, answer_text)
VALUES ('303020102', FALSE, 'גרביל');

INSERT INTO answer_options (question_id, correct_answer, answer_text)
VALUES ('303020102', FALSE, 'שפיפון');

INSERT INTO questions (question_id, language_id, topic_id, c_grade_id, level, question_text, explanation, interesting_fact)
VALUES ('303020103', 1, 3020, 3, 3, 'בערבית "מועלם" ובעברית...', '', 'ספר הפילוסופיה החשוב של הרמב"ם נקרא "מורה נבוכים".') ON CONFLICT (question_id) DO UPDATE SET language_id = 1 ,topic_id= 3020,c_grade_id =3,level=3,question_text='בערבית "מועלם" ובעברית...',explanation='',interesting_fact='ספר הפילוסופיה החשוב של הרמב"ם נקרא "מורה נבוכים".';


INSERT INTO answer_options (question_id, correct_answer, answer_text)
VALUES ('303020103', TRUE, 'מורה') ;

INSERT INTO answer_options (question_id, correct_answer, answer_text)
VALUES ('303020103', FALSE, 'רופא');

INSERT INTO answer_options (question_id, correct_answer, answer_text)
VALUES ('303020103', FALSE, 'עורך דין');

INSERT INTO answer_options (question_id, correct_answer, answer_text)
VALUES ('303020103', FALSE, 'קונדיטור');

INSERT INTO questions (question_id, language_id, topic_id, c_grade_id, level, question_text, explanation, interesting_fact)
VALUES ('303020104', 1, 3020, 4, 4, 'מה היה המקצוע של דוד גרוסמן, עמוס עוז ואשר קרביץ?', '', 'ספרות עברית התקיימה מימי התנ"ך ועד היום') ON CONFLICT (question_id) DO UPDATE SET language_id = 1 ,topic_id= 3020,c_grade_id =4,level=4,question_text='מה היה המקצוע של דוד גרוסמן, עמוס עוז ואשר קרביץ?',explanation='',interesting_fact='ספרות עברית התקיימה מימי התנ"ך ועד היום';


INSERT INTO answer_options (question_id, correct_answer, answer_text)
VALUES ('303020104', TRUE, 'סופר') ;

INSERT INTO answer_options (question_id, correct_answer, answer_text)
VALUES ('303020104', FALSE, 'צייר');

INSERT INTO answer_options (question_id, correct_answer, answer_text)
VALUES ('303020104', FALSE, 'מדריך טיולים');

INSERT INTO answer_options (question_id, correct_answer, answer_text)
VALUES ('303020104', FALSE, 'שף');

INSERT INTO questions (question_id, language_id, topic_id, c_grade_id, level, question_text, explanation, interesting_fact)
VALUES ('303020105', 1, 3020, 5, 5, 'כיצד מכונה המקצוע של מתכנני בתים ובניינים?', '', 'אדריכל מתכנן ומעצב מבנים.') ON CONFLICT (question_id) DO UPDATE SET language_id = 1 ,topic_id= 3020,c_grade_id =5,level=5,question_text='כיצד מכונה המקצוע של מתכנני בתים ובניינים?',explanation='',interesting_fact='אדריכל מתכנן ומעצב מבנים.';


INSERT INTO answer_options (question_id, correct_answer, answer_text)
VALUES ('303020105', TRUE, 'אדריכלות') ;

INSERT INTO answer_options (question_id, correct_answer, answer_text)
VALUES ('303020105', FALSE, 'רוקחות');

INSERT INTO answer_options (question_id, correct_answer, answer_text)
VALUES ('303020105', FALSE, 'נדל"ן');

INSERT INTO answer_options (question_id, correct_answer, answer_text)
VALUES ('303020105', FALSE, 'מדעי הבטון והמלט');

INSERT INTO questions (question_id, language_id, topic_id, c_grade_id, level, question_text, explanation, interesting_fact)
VALUES ('303021101', 1, 3021, 1, 1, 'נגן גיטרה עשוי להסתייע ב...', '', 'מפרט משמש לנגינה בכלי מיתר אחדים.') ON CONFLICT (question_id) DO UPDATE SET language_id = 1 ,topic_id= 3021,c_grade_id =1,level=1,question_text='נגן גיטרה עשוי להסתייע ב...',explanation='',interesting_fact='מפרט משמש לנגינה בכלי מיתר אחדים.';


INSERT INTO answer_options (question_id, correct_answer, answer_text)
VALUES ('303021101', TRUE, 'מפרט') ;

INSERT INTO answer_options (question_id, correct_answer, answer_text)
VALUES ('303021101', FALSE, 'תרבד');

INSERT INTO answer_options (question_id, correct_answer, answer_text)
VALUES ('303021101', FALSE, 'מזלף');

INSERT INTO answer_options (question_id, correct_answer, answer_text)
VALUES ('303021101', FALSE, 'מלקטת');

INSERT INTO questions (question_id, language_id, topic_id, c_grade_id, level, question_text, explanation, interesting_fact)
VALUES ('303021102', 1, 3021, 2, 2, 'איזה כלי נגינה שייך למשפחת כלי נשיפה?', '', 'חצוצרה מוזכרת פעמים אחדות בתנ"ך') ON CONFLICT (question_id) DO UPDATE SET language_id = 1 ,topic_id= 3021,c_grade_id =2,level=2,question_text='איזה כלי נגינה שייך למשפחת כלי נשיפה?',explanation='',interesting_fact='חצוצרה מוזכרת פעמים אחדות בתנ"ך';


INSERT INTO answer_options (question_id, correct_answer, answer_text)
VALUES ('303021102', TRUE, 'חצוצרה') ;

INSERT INTO answer_options (question_id, correct_answer, answer_text)
VALUES ('303021102', FALSE, 'גיטרה');

INSERT INTO answer_options (question_id, correct_answer, answer_text)
VALUES ('303021102', FALSE, 'כינור');

INSERT INTO answer_options (question_id, correct_answer, answer_text)
VALUES ('303021102', FALSE, 'תופים');

INSERT INTO questions (question_id, language_id, topic_id, c_grade_id, level, question_text, explanation, interesting_fact)
VALUES ('303021103', 1, 3021, 3, 3, 'איזה כלי נגינה מוזכר פעמים אחדות בתנ"ך?', '', 'חליל הוא צינור ובו חורים וניתן להפיק ממנו צלילים נפלאים.') ON CONFLICT (question_id) DO UPDATE SET language_id = 1 ,topic_id= 3021,c_grade_id =3,level=3,question_text='איזה כלי נגינה מוזכר פעמים אחדות בתנ"ך?',explanation='',interesting_fact='חליל הוא צינור ובו חורים וניתן להפיק ממנו צלילים נפלאים.';


INSERT INTO answer_options (question_id, correct_answer, answer_text)
VALUES ('303021103', TRUE, 'חליל') ;

INSERT INTO answer_options (question_id, correct_answer, answer_text)
VALUES ('303021103', FALSE, 'צ`לו');

INSERT INTO answer_options (question_id, correct_answer, answer_text)
VALUES ('303021103', FALSE, 'גיטרה');

INSERT INTO answer_options (question_id, correct_answer, answer_text)
VALUES ('303021103', FALSE, 'קלרינט');

INSERT INTO questions (question_id, language_id, topic_id, c_grade_id, level, question_text, explanation, interesting_fact)
VALUES ('303021104', 1, 3021, 4, 4, 'באיזה כלי נגינה נעזרים בקשת?', '', 'החלקת הקשת על המיתרים מסייעת בהפקת צליל מיוחד.') ON CONFLICT (question_id) DO UPDATE SET language_id = 1 ,topic_id= 3021,c_grade_id =4,level=4,question_text='באיזה כלי נגינה נעזרים בקשת?',explanation='',interesting_fact='החלקת הקשת על המיתרים מסייעת בהפקת צליל מיוחד.';


INSERT INTO answer_options (question_id, correct_answer, answer_text)
VALUES ('303021104', TRUE, 'כינור') ;

INSERT INTO answer_options (question_id, correct_answer, answer_text)
VALUES ('303021104', FALSE, 'גיטרה');

INSERT INTO answer_options (question_id, correct_answer, answer_text)
VALUES ('303021104', FALSE, 'פסנתר');

INSERT INTO answer_options (question_id, correct_answer, answer_text)
VALUES ('303021104', FALSE, 'מפוחית');

INSERT INTO questions (question_id, language_id, topic_id, c_grade_id, level, question_text, explanation, interesting_fact)
VALUES ('303021105', 1, 3021, 5, 5, 'לאיזו משפחת של נגינה שייכת הדרבוקה?', '', 'דרבוקה היא סוג של תוף.') ON CONFLICT (question_id) DO UPDATE SET language_id = 1 ,topic_id= 3021,c_grade_id =5,level=5,question_text='לאיזו משפחת של נגינה שייכת הדרבוקה?',explanation='',interesting_fact='דרבוקה היא סוג של תוף.';


INSERT INTO answer_options (question_id, correct_answer, answer_text)
VALUES ('303021105', TRUE, 'כלי הקשה') ;

INSERT INTO answer_options (question_id, correct_answer, answer_text)
VALUES ('303021105', FALSE, 'כלי מיתר');

INSERT INTO answer_options (question_id, correct_answer, answer_text)
VALUES ('303021105', FALSE, 'כלי נשיפה');

INSERT INTO answer_options (question_id, correct_answer, answer_text)
VALUES ('303021105', FALSE, 'כלי מקלדת');

INSERT INTO questions (question_id, language_id, topic_id, c_grade_id, level, question_text, explanation, interesting_fact)
VALUES ('303022101', 1, 3022, 1, 1, 'מהו הכלי המשמש למדידת כמות משקעים?', '', 'האננומטר מודד את מהירות הרוח.') ON CONFLICT (question_id) DO UPDATE SET language_id = 1 ,topic_id= 3022,c_grade_id =1,level=1,question_text='מהו הכלי המשמש למדידת כמות משקעים?',explanation='',interesting_fact='האננומטר מודד את מהירות הרוח.';


INSERT INTO answer_options (question_id, correct_answer, answer_text)
VALUES ('303022101', TRUE, 'מד גשם') ;

INSERT INTO answer_options (question_id, correct_answer, answer_text)
VALUES ('303022101', FALSE, 'מד טמפרטורה');

INSERT INTO answer_options (question_id, correct_answer, answer_text)
VALUES ('303022101', FALSE, 'מד לחות');

INSERT INTO answer_options (question_id, correct_answer, answer_text)
VALUES ('303022101', FALSE, 'אנמומטר');

INSERT INTO questions (question_id, language_id, topic_id, c_grade_id, level, question_text, explanation, interesting_fact)
VALUES ('303022102', 1, 3022, 2, 2, 'כיצד מכונה התופעה שבה אדי מים מתגבשים לטיפות גשם?', '', 'עיבוי הוא התהליך שבו אדי מים מתגבשים לטיפות.') ON CONFLICT (question_id) DO UPDATE SET language_id = 1 ,topic_id= 3022,c_grade_id =2,level=2,question_text='כיצד מכונה התופעה שבה אדי מים מתגבשים לטיפות גשם?',explanation='',interesting_fact='עיבוי הוא התהליך שבו אדי מים מתגבשים לטיפות.';


INSERT INTO answer_options (question_id, correct_answer, answer_text)
VALUES ('303022102', TRUE, 'התעבות') ;

INSERT INTO answer_options (question_id, correct_answer, answer_text)
VALUES ('303022102', FALSE, 'אידוי');

INSERT INTO answer_options (question_id, correct_answer, answer_text)
VALUES ('303022102', FALSE, 'גשמומיות');

INSERT INTO answer_options (question_id, correct_answer, answer_text)
VALUES ('303022102', FALSE, 'התקרנפות');

INSERT INTO questions (question_id, language_id, topic_id, c_grade_id, level, question_text, explanation, interesting_fact)
VALUES ('303022103', 1, 3022, 3, 3, 'כאשר בחצי הכדור הצפוני חורף, איזו עונה שוררת בחצי הדרומי?', '', 'עונות השנה הפוכות בחצאי כדור הארץ.') ON CONFLICT (question_id) DO UPDATE SET language_id = 1 ,topic_id= 3022,c_grade_id =3,level=3,question_text='כאשר בחצי הכדור הצפוני חורף, איזו עונה שוררת בחצי הדרומי?',explanation='',interesting_fact='עונות השנה הפוכות בחצאי כדור הארץ.';


INSERT INTO answer_options (question_id, correct_answer, answer_text)
VALUES ('303022103', TRUE, 'קיץ') ;

INSERT INTO answer_options (question_id, correct_answer, answer_text)
VALUES ('303022103', FALSE, 'חורף');

INSERT INTO answer_options (question_id, correct_answer, answer_text)
VALUES ('303022103', FALSE, 'אביב');

INSERT INTO answer_options (question_id, correct_answer, answer_text)
VALUES ('303022103', FALSE, 'סתיו');

INSERT INTO questions (question_id, language_id, topic_id, c_grade_id, level, question_text, explanation, interesting_fact)
VALUES ('303022104', 1, 3022, 4, 4, 'איזה גז מהווה כ-21% מאטמוספירת כדור הארץ?', '', 'חנקן מהווה כ-78% מאטמוספירת כדור הארץ.') ON CONFLICT (question_id) DO UPDATE SET language_id = 1 ,topic_id= 3022,c_grade_id =4,level=4,question_text='איזה גז מהווה כ-21% מאטמוספירת כדור הארץ?',explanation='',interesting_fact='חנקן מהווה כ-78% מאטמוספירת כדור הארץ.';


INSERT INTO answer_options (question_id, correct_answer, answer_text)
VALUES ('303022104', TRUE, 'חמצן') ;

INSERT INTO answer_options (question_id, correct_answer, answer_text)
VALUES ('303022104', FALSE, 'מתאן');

INSERT INTO answer_options (question_id, correct_answer, answer_text)
VALUES ('303022104', FALSE, 'פחמן דו-חמצני');

INSERT INTO answer_options (question_id, correct_answer, answer_text)
VALUES ('303022104', FALSE, 'אזון');

INSERT INTO questions (question_id, language_id, topic_id, c_grade_id, level, question_text, explanation, interesting_fact)
VALUES ('303022105', 1, 3022, 5, 5, 'מהו הקוטר האופייני של טיפת גשם?', '', 'הגודל המינימלי של טיפת גשם הוא בערך מילימטר אחד') ON CONFLICT (question_id) DO UPDATE SET language_id = 1 ,topic_id= 3022,c_grade_id =5,level=5,question_text='מהו הקוטר האופייני של טיפת גשם?',explanation='',interesting_fact='הגודל המינימלי של טיפת גשם הוא בערך מילימטר אחד';


INSERT INTO answer_options (question_id, correct_answer, answer_text)
VALUES ('303022105', TRUE, 'מילימטר') ;

INSERT INTO answer_options (question_id, correct_answer, answer_text)
VALUES ('303022105', FALSE, 'סנטימטר');

INSERT INTO answer_options (question_id, correct_answer, answer_text)
VALUES ('303022105', FALSE, 'דצימטר');

INSERT INTO answer_options (question_id, correct_answer, answer_text)
VALUES ('303022105', FALSE, 'מיקרו מטר');

INSERT INTO questions (question_id, language_id, topic_id, c_grade_id, level, question_text, explanation, interesting_fact)
VALUES ('303023101', 1, 3023, 1, 1, 'באיזו שנה הוכרזה עצמאות ישראל?', '', 'עצמאות ישראל הוכרזה ב-14 במאי 1948.') ON CONFLICT (question_id) DO UPDATE SET language_id = 1 ,topic_id= 3023,c_grade_id =1,level=1,question_text='באיזו שנה הוכרזה עצמאות ישראל?',explanation='',interesting_fact='עצמאות ישראל הוכרזה ב-14 במאי 1948.';


INSERT INTO answer_options (question_id, correct_answer, answer_text)
VALUES ('303023101', TRUE, '1948') ;

INSERT INTO answer_options (question_id, correct_answer, answer_text)
VALUES ('303023101', FALSE, '1956');

INSERT INTO answer_options (question_id, correct_answer, answer_text)
VALUES ('303023101', FALSE, '1967');

INSERT INTO answer_options (question_id, correct_answer, answer_text)
VALUES ('303023101', FALSE, '1973');

INSERT INTO questions (question_id, language_id, topic_id, c_grade_id, level, question_text, explanation, interesting_fact)
VALUES ('303023102', 1, 3023, 2, 2, 'מי הכריז על עצמאות ישראל?', '', 'דוד בן-גוריון הכריז על עצמאות ישראל במוזיאון תל אביב הישן.') ON CONFLICT (question_id) DO UPDATE SET language_id = 1 ,topic_id= 3023,c_grade_id =2,level=2,question_text='מי הכריז על עצמאות ישראל?',explanation='',interesting_fact='דוד בן-גוריון הכריז על עצמאות ישראל במוזיאון תל אביב הישן.';


INSERT INTO answer_options (question_id, correct_answer, answer_text)
VALUES ('303023102', TRUE, 'דוד בן-גוריון') ;

INSERT INTO answer_options (question_id, correct_answer, answer_text)
VALUES ('303023102', FALSE, 'חיים ויצמן');

INSERT INTO answer_options (question_id, correct_answer, answer_text)
VALUES ('303023102', FALSE, 'גולדה מאיר');

INSERT INTO answer_options (question_id, correct_answer, answer_text)
VALUES ('303023102', FALSE, 'משה דיין');

INSERT INTO questions (question_id, language_id, topic_id, c_grade_id, level, question_text, explanation, interesting_fact)
VALUES ('303023103', 1, 3023, 3, 3, 'מהו שמו של ההמנון הלאומי של ישראל?', '', '"התקווה" הוא ההמנון הלאומי של ישראל. ההמנון מבוסס על שיר שכתב נפתלי הרץ אימבר.') ON CONFLICT (question_id) DO UPDATE SET language_id = 1 ,topic_id= 3023,c_grade_id =3,level=3,question_text='מהו שמו של ההמנון הלאומי של ישראל?',explanation='',interesting_fact='"התקווה" הוא ההמנון הלאומי של ישראל. ההמנון מבוסס על שיר שכתב נפתלי הרץ אימבר.';


INSERT INTO answer_options (question_id, correct_answer, answer_text)
VALUES ('303023103', TRUE, 'התקווה') ;

INSERT INTO answer_options (question_id, correct_answer, answer_text)
VALUES ('303023103', FALSE, 'שיר השירים');

INSERT INTO answer_options (question_id, correct_answer, answer_text)
VALUES ('303023103', FALSE, 'ירושלים של זהב');

INSERT INTO answer_options (question_id, correct_answer, answer_text)
VALUES ('303023103', FALSE, 'התקווה 6');

INSERT INTO questions (question_id, language_id, topic_id, c_grade_id, level, question_text, explanation, interesting_fact)
VALUES ('303023104', 1, 3023, 4, 4, 'באיזו עיר התקיימה הכרזת העצמאות?', '', 'הכרזת העצמאות התקיימה במוזיאון תל אביב שברחוב דיזנגוף.') ON CONFLICT (question_id) DO UPDATE SET language_id = 1 ,topic_id= 3023,c_grade_id =4,level=4,question_text='באיזו עיר התקיימה הכרזת העצמאות?',explanation='',interesting_fact='הכרזת העצמאות התקיימה במוזיאון תל אביב שברחוב דיזנגוף.';


INSERT INTO answer_options (question_id, correct_answer, answer_text)
VALUES ('303023104', TRUE, 'תל אביב') ;

INSERT INTO answer_options (question_id, correct_answer, answer_text)
VALUES ('303023104', FALSE, 'ירושלים');

INSERT INTO answer_options (question_id, correct_answer, answer_text)
VALUES ('303023104', FALSE, 'חיפה');

INSERT INTO answer_options (question_id, correct_answer, answer_text)
VALUES ('303023104', FALSE, 'באר שבע');

INSERT INTO questions (question_id, language_id, topic_id, c_grade_id, level, question_text, explanation, interesting_fact)
VALUES ('303023105', 1, 3023, 5, 5, 'שם נוסף למלחמת הקוממיות', '', 'מלחמת העצמאות החלה ב-30 בנובמבר 1947 ונמשכה יותר משנה וחצי.') ON CONFLICT (question_id) DO UPDATE SET language_id = 1 ,topic_id= 3023,c_grade_id =5,level=5,question_text='שם נוסף למלחמת הקוממיות',explanation='',interesting_fact='מלחמת העצמאות החלה ב-30 בנובמבר 1947 ונמשכה יותר משנה וחצי.';


INSERT INTO answer_options (question_id, correct_answer, answer_text)
VALUES ('303023105', TRUE, 'מלחמת העצמאות') ;

INSERT INTO answer_options (question_id, correct_answer, answer_text)
VALUES ('303023105', FALSE, 'מלחמת ששת הימים');

INSERT INTO answer_options (question_id, correct_answer, answer_text)
VALUES ('303023105', FALSE, 'מלחמת יום הכיפורים');

INSERT INTO answer_options (question_id, correct_answer, answer_text)
VALUES ('303023105', FALSE, 'מלחמת שלושים השנים');

INSERT INTO questions (question_id, language_id, topic_id, c_grade_id, level, question_text, explanation, interesting_fact)
VALUES ('303024101', 1, 3024, 1, 1, 'כיצד נקרא חריץ שנחרש בקרקע ועשוי לשמש לחקלאות?', '', 'ניתן לזרוע בתלמים גידולים חקלאיים.') ON CONFLICT (question_id) DO UPDATE SET language_id = 1 ,topic_id= 3024,c_grade_id =1,level=1,question_text='כיצד נקרא חריץ שנחרש בקרקע ועשוי לשמש לחקלאות?',explanation='',interesting_fact='ניתן לזרוע בתלמים גידולים חקלאיים.';


INSERT INTO answer_options (question_id, correct_answer, answer_text)
VALUES ('303024101', TRUE, 'תלם') ;

INSERT INTO answer_options (question_id, correct_answer, answer_text)
VALUES ('303024101', FALSE, 'פס אדממה');

INSERT INTO answer_options (question_id, correct_answer, answer_text)
VALUES ('303024101', FALSE, 'חרישון');

INSERT INTO answer_options (question_id, correct_answer, answer_text)
VALUES ('303024101', FALSE, 'קרקעית');

INSERT INTO questions (question_id, language_id, topic_id, c_grade_id, level, question_text, explanation, interesting_fact)
VALUES ('303024102', 1, 3024, 2, 2, 'כיצד מכונה כלי הרכב שבתמונה?', '', 'הטרקטור משמש את החקלאי לחרישת השדה ולעבודות נוספות בחווה.') ON CONFLICT (question_id) DO UPDATE SET language_id = 1 ,topic_id= 3024,c_grade_id =2,level=2,question_text='כיצד מכונה כלי הרכב שבתמונה?',explanation='',interesting_fact='הטרקטור משמש את החקלאי לחרישת השדה ולעבודות נוספות בחווה.';


INSERT INTO answer_options (question_id, correct_answer, answer_text)
VALUES ('303024102', TRUE, 'טרקטור') ;

INSERT INTO answer_options (question_id, correct_answer, answer_text)
VALUES ('303024102', FALSE, 'לימוזינה');

INSERT INTO answer_options (question_id, correct_answer, answer_text)
VALUES ('303024102', FALSE, 'כבאית');

INSERT INTO answer_options (question_id, correct_answer, answer_text)
VALUES ('303024102', FALSE, 'מיניבוס');

INSERT INTO questions (question_id, language_id, topic_id, c_grade_id, level, question_text, explanation, interesting_fact)
VALUES ('303024103', 1, 3024, 3, 3, 'איזה מבין הדגים הבאים לא נהוג לגדל בבריכות דגים?', '', 'עמלץ ידוע גם בכינויו "כריש לבן".') ON CONFLICT (question_id) DO UPDATE SET language_id = 1 ,topic_id= 3024,c_grade_id =3,level=3,question_text='איזה מבין הדגים הבאים לא נהוג לגדל בבריכות דגים?',explanation='',interesting_fact='עמלץ ידוע גם בכינויו "כריש לבן".';


INSERT INTO answer_options (question_id, correct_answer, answer_text)
VALUES ('303024103', TRUE, 'עמלץ') ;

INSERT INTO answer_options (question_id, correct_answer, answer_text)
VALUES ('303024103', FALSE, 'בורי');

INSERT INTO answer_options (question_id, correct_answer, answer_text)
VALUES ('303024103', FALSE, 'פורל');

INSERT INTO answer_options (question_id, correct_answer, answer_text)
VALUES ('303024103', FALSE, 'אמנון');

INSERT INTO questions (question_id, language_id, topic_id, c_grade_id, level, question_text, explanation, interesting_fact)
VALUES ('303024104', 1, 3024, 4, 4, 'מהו התהליך שבו צמחים מפיקים מזון מאור השמש?', '', 'פוטוסינתזה היא התהליך שבו צמחים משתמשים באור השמש ליצירת מזון.') ON CONFLICT (question_id) DO UPDATE SET language_id = 1 ,topic_id= 3024,c_grade_id =4,level=4,question_text='מהו התהליך שבו צמחים מפיקים מזון מאור השמש?',explanation='',interesting_fact='פוטוסינתזה היא התהליך שבו צמחים משתמשים באור השמש ליצירת מזון.';


INSERT INTO answer_options (question_id, correct_answer, answer_text)
VALUES ('303024104', TRUE, 'פוטוסינתזה') ;

INSERT INTO answer_options (question_id, correct_answer, answer_text)
VALUES ('303024104', FALSE, 'נשימה');

INSERT INTO answer_options (question_id, correct_answer, answer_text)
VALUES ('303024104', FALSE, 'התפלגות');

INSERT INTO answer_options (question_id, correct_answer, answer_text)
VALUES ('303024104', FALSE, 'פוטופריודיות');

INSERT INTO questions (question_id, language_id, topic_id, c_grade_id, level, question_text, explanation, interesting_fact)
VALUES ('303024105', 1, 3024, 5, 5, 'אילו חיות סביר יותר לפגוש בחווה?', '', 'בדרך כלל החיות שבחווה הן חיות שבויתו.') ON CONFLICT (question_id) DO UPDATE SET language_id = 1 ,topic_id= 3024,c_grade_id =5,level=5,question_text='אילו חיות סביר יותר לפגוש בחווה?',explanation='',interesting_fact='בדרך כלל החיות שבחווה הן חיות שבויתו.';


INSERT INTO answer_options (question_id, correct_answer, answer_text)
VALUES ('303024105', TRUE, 'פרות ותרנגולות') ;

INSERT INTO answer_options (question_id, correct_answer, answer_text)
VALUES ('303024105', FALSE, 'אריות וזברות');

INSERT INTO answer_options (question_id, correct_answer, answer_text)
VALUES ('303024105', FALSE, 'דולפינים וכרישים');

INSERT INTO answer_options (question_id, correct_answer, answer_text)
VALUES ('303024105', FALSE, 'פנדות וקואלות');

INSERT INTO questions (question_id, language_id, topic_id, c_grade_id, level, question_text, explanation, interesting_fact)
VALUES ('303025101', 1, 3025, 1, 1, 'מהו מקור האנרגיה העיקרי במערכת השמש?', '', 'השמש היא כוכב גדול ולוהט הנמצא מרכז מערכת השמש שלנו.') ON CONFLICT (question_id) DO UPDATE SET language_id = 1 ,topic_id= 3025,c_grade_id =1,level=1,question_text='מהו מקור האנרגיה העיקרי במערכת השמש?',explanation='',interesting_fact='השמש היא כוכב גדול ולוהט הנמצא מרכז מערכת השמש שלנו.';


INSERT INTO answer_options (question_id, correct_answer, answer_text)
VALUES ('303025101', TRUE, 'השמש') ;

INSERT INTO answer_options (question_id, correct_answer, answer_text)
VALUES ('303025101', FALSE, 'כדור הארץ');

INSERT INTO answer_options (question_id, correct_answer, answer_text)
VALUES ('303025101', FALSE, 'יופיטר');

INSERT INTO answer_options (question_id, correct_answer, answer_text)
VALUES ('303025101', FALSE, 'הירח');

INSERT INTO questions (question_id, language_id, topic_id, c_grade_id, level, question_text, explanation, interesting_fact)
VALUES ('303025102', 1, 3025, 2, 2, 'איזה כוכב לכת הוא הקרוב ביותר לשמש?', '', 'כוכב חמה נקרא בלועזית מרקיורי.') ON CONFLICT (question_id) DO UPDATE SET language_id = 1 ,topic_id= 3025,c_grade_id =2,level=2,question_text='איזה כוכב לכת הוא הקרוב ביותר לשמש?',explanation='',interesting_fact='כוכב חמה נקרא בלועזית מרקיורי.';


INSERT INTO answer_options (question_id, correct_answer, answer_text)
VALUES ('303025102', TRUE, 'כוכב חמה') ;

INSERT INTO answer_options (question_id, correct_answer, answer_text)
VALUES ('303025102', FALSE, 'נוגה');

INSERT INTO answer_options (question_id, correct_answer, answer_text)
VALUES ('303025102', FALSE, 'צדק');

INSERT INTO answer_options (question_id, correct_answer, answer_text)
VALUES ('303025102', FALSE, 'מאדים');

INSERT INTO questions (question_id, language_id, topic_id, c_grade_id, level, question_text, explanation, interesting_fact)
VALUES ('303025103', 1, 3025, 3, 3, 'מהו הירח הגדול ביותר של כוכב לכת צדק?', '', 'גנימד הוא הירח הגדול ביותר של צדק וגם הגדול במערכת השמש.') ON CONFLICT (question_id) DO UPDATE SET language_id = 1 ,topic_id= 3025,c_grade_id =3,level=3,question_text='מהו הירח הגדול ביותר של כוכב לכת צדק?',explanation='',interesting_fact='גנימד הוא הירח הגדול ביותר של צדק וגם הגדול במערכת השמש.';


INSERT INTO answer_options (question_id, correct_answer, answer_text)
VALUES ('303025103', TRUE, 'גנימד') ;

INSERT INTO answer_options (question_id, correct_answer, answer_text)
VALUES ('303025103', FALSE, 'טיטאן');

INSERT INTO answer_options (question_id, correct_answer, answer_text)
VALUES ('303025103', FALSE, 'אירופה');

INSERT INTO answer_options (question_id, correct_answer, answer_text)
VALUES ('303025103', FALSE, 'קליסטו');

INSERT INTO questions (question_id, language_id, topic_id, c_grade_id, level, question_text, explanation, interesting_fact)
VALUES ('303025104', 1, 3025, 4, 4, 'מדוע נדמה לצופים בכוכבים שהכוכבים נעים בשמי הלילה?', '', 'סיבוב כדור הארץ גורם לכוכבים להיראות כאילו הם נעים בשמים.') ON CONFLICT (question_id) DO UPDATE SET language_id = 1 ,topic_id= 3025,c_grade_id =4,level=4,question_text='מדוע נדמה לצופים בכוכבים שהכוכבים נעים בשמי הלילה?',explanation='',interesting_fact='סיבוב כדור הארץ גורם לכוכבים להיראות כאילו הם נעים בשמים.';


INSERT INTO answer_options (question_id, correct_answer, answer_text)
VALUES ('303025104', TRUE, 'כיוון שכדור הארץ מסתובב') ;

INSERT INTO answer_options (question_id, correct_answer, answer_text)
VALUES ('303025104', FALSE, 'מפני שהיקום מתכווץ');

INSERT INTO answer_options (question_id, correct_answer, answer_text)
VALUES ('303025104', FALSE, 'כיוון שהיקום מתפשט');

INSERT INTO answer_options (question_id, correct_answer, answer_text)
VALUES ('303025104', FALSE, 'בגלל קריסת חורים שחורים');

INSERT INTO questions (question_id, language_id, topic_id, c_grade_id, level, question_text, explanation, interesting_fact)
VALUES ('303025105', 1, 3025, 5, 5, 'מה שם החללית הראשונה שנשלחה לחלל?', '', 'ספוטניק היה הלוויין הראשון שנשלח לחלל על ידי ברית המועצות ב-1957.') ON CONFLICT (question_id) DO UPDATE SET language_id = 1 ,topic_id= 3025,c_grade_id =5,level=5,question_text='מה שם החללית הראשונה שנשלחה לחלל?',explanation='',interesting_fact='ספוטניק היה הלוויין הראשון שנשלח לחלל על ידי ברית המועצות ב-1957.';


INSERT INTO answer_options (question_id, correct_answer, answer_text)
VALUES ('303025105', TRUE, 'ספוטניק') ;

INSERT INTO answer_options (question_id, correct_answer, answer_text)
VALUES ('303025105', FALSE, 'אפולו 11');

INSERT INTO answer_options (question_id, correct_answer, answer_text)
VALUES ('303025105', FALSE, 'וויאג`ר');

INSERT INTO answer_options (question_id, correct_answer, answer_text)
VALUES ('303025105', FALSE, 'האבל');

INSERT INTO questions (question_id, language_id, topic_id, c_grade_id, level, question_text, explanation, interesting_fact)
VALUES ('303026101', 1, 3026, 1, 1, 'איזה חיית מחמד מוזכרת בתנ"ך?', '', 'כלבים הם חיות המחמד פופולאריות בכול עולם. כלבים נחשבים ל"ידידו הטוב ביותר של האדם".') ON CONFLICT (question_id) DO UPDATE SET language_id = 1 ,topic_id= 3026,c_grade_id =1,level=1,question_text='איזה חיית מחמד מוזכרת בתנ"ך?',explanation='',interesting_fact='כלבים הם חיות המחמד פופולאריות בכול עולם. כלבים נחשבים ל"ידידו הטוב ביותר של האדם".';


INSERT INTO answer_options (question_id, correct_answer, answer_text)
VALUES ('303026101', TRUE, 'כלב') ;

INSERT INTO answer_options (question_id, correct_answer, answer_text)
VALUES ('303026101', FALSE, 'איגואנה');

INSERT INTO answer_options (question_id, correct_answer, answer_text)
VALUES ('303026101', FALSE, 'חתול');

INSERT INTO answer_options (question_id, correct_answer, answer_text)
VALUES ('303026101', FALSE, 'אלפקה');

INSERT INTO questions (question_id, language_id, topic_id, c_grade_id, level, question_text, explanation, interesting_fact)
VALUES ('303026102', 1, 3026, 2, 2, 'איזו חיה אינה מוזכרת בתנ"ך?', '', 'חתולים ישנים בממוצע 12-16 שעות ביממה.') ON CONFLICT (question_id) DO UPDATE SET language_id = 1 ,topic_id= 3026,c_grade_id =2,level=2,question_text='איזו חיה אינה מוזכרת בתנ"ך?',explanation='',interesting_fact='חתולים ישנים בממוצע 12-16 שעות ביממה.';


INSERT INTO answer_options (question_id, correct_answer, answer_text)
VALUES ('303026102', TRUE, 'חתול') ;

INSERT INTO answer_options (question_id, correct_answer, answer_text)
VALUES ('303026102', FALSE, 'אנפה');

INSERT INTO answer_options (question_id, correct_answer, answer_text)
VALUES ('303026102', FALSE, 'נשר');

INSERT INTO answer_options (question_id, correct_answer, answer_text)
VALUES ('303026102', FALSE, 'ינשוף');

INSERT INTO questions (question_id, language_id, topic_id, c_grade_id, level, question_text, explanation, interesting_fact)
VALUES ('303026103', 1, 3026, 3, 3, 'לאיזו מחלקה בעולם החי שייך האוגר?', '', 'האוגר הוא בעל חיים לילי. הוא אוגר את מזונו בכיסי הלחיים שלו.') ON CONFLICT (question_id) DO UPDATE SET language_id = 1 ,topic_id= 3026,c_grade_id =3,level=3,question_text='לאיזו מחלקה בעולם החי שייך האוגר?',explanation='',interesting_fact='האוגר הוא בעל חיים לילי. הוא אוגר את מזונו בכיסי הלחיים שלו.';


INSERT INTO answer_options (question_id, correct_answer, answer_text)
VALUES ('303026103', TRUE, 'מכרסמים') ;

INSERT INTO answer_options (question_id, correct_answer, answer_text)
VALUES ('303026103', FALSE, 'פרוקי רגליים');

INSERT INTO answer_options (question_id, correct_answer, answer_text)
VALUES ('303026103', FALSE, 'רכיכות');

INSERT INTO answer_options (question_id, correct_answer, answer_text)
VALUES ('303026103', FALSE, 'דו-חיים');

INSERT INTO questions (question_id, language_id, topic_id, c_grade_id, level, question_text, explanation, interesting_fact)
VALUES ('303026104', 1, 3026, 4, 4, 'כיצד הדגים נושמים?', '', 'זימים הם אברי הנשימה של הדגים ושל ייצורים אחרים החיים במים.') ON CONFLICT (question_id) DO UPDATE SET language_id = 1 ,topic_id= 3026,c_grade_id =4,level=4,question_text='כיצד הדגים נושמים?',explanation='',interesting_fact='זימים הם אברי הנשימה של הדגים ושל ייצורים אחרים החיים במים.';


INSERT INTO answer_options (question_id, correct_answer, answer_text)
VALUES ('303026104', TRUE, 'בעזרת הזימים') ;

INSERT INTO answer_options (question_id, correct_answer, answer_text)
VALUES ('303026104', FALSE, 'דרך הזנב');

INSERT INTO answer_options (question_id, correct_answer, answer_text)
VALUES ('303026104', FALSE, 'בעזרת הסנפירים');

INSERT INTO answer_options (question_id, correct_answer, answer_text)
VALUES ('303026104', FALSE, 'בסיוע שנורקל');

INSERT INTO questions (question_id, language_id, topic_id, c_grade_id, level, question_text, explanation, interesting_fact)
VALUES ('303026105', 1, 3026, 5, 5, 'שנאוצר, איירדייל, לברדור, כנעני ופקינז הם סוגים של...', '', 'כלבים הם בעלי חברתיים שחיים בטבע בלהקות.') ON CONFLICT (question_id) DO UPDATE SET language_id = 1 ,topic_id= 3026,c_grade_id =5,level=5,question_text='שנאוצר, איירדייל, לברדור, כנעני ופקינז הם סוגים של...',explanation='',interesting_fact='כלבים הם בעלי חברתיים שחיים בטבע בלהקות.';


INSERT INTO answer_options (question_id, correct_answer, answer_text)
VALUES ('303026105', TRUE, 'כלבים') ;

INSERT INTO answer_options (question_id, correct_answer, answer_text)
VALUES ('303026105', FALSE, 'דגים');

INSERT INTO answer_options (question_id, correct_answer, answer_text)
VALUES ('303026105', FALSE, 'צבים');

INSERT INTO answer_options (question_id, correct_answer, answer_text)
VALUES ('303026105', FALSE, 'ציפורים');

INSERT INTO questions (question_id, language_id, topic_id, c_grade_id, level, question_text, explanation, interesting_fact)
VALUES ('303027101', 1, 3027, 1, 1, 'מה נהג אמור לעשות כאשר הוא שומע מאחוריו ניידת עם סירנה?', '', 'חוקי התנועה נועדו לשמור על שלומם וביטחונם של כלל הנהגים ועוברי האורח.') ON CONFLICT (question_id) DO UPDATE SET language_id = 1 ,topic_id= 3027,c_grade_id =1,level=1,question_text='מה נהג אמור לעשות כאשר הוא שומע מאחוריו ניידת עם סירנה?',explanation='',interesting_fact='חוקי התנועה נועדו לשמור על שלומם וביטחונם של כלל הנהגים ועוברי האורח.';


INSERT INTO answer_options (question_id, correct_answer, answer_text)
VALUES ('303027101', TRUE, 'להאט ולהיצמד לימין') ;

INSERT INTO answer_options (question_id, correct_answer, answer_text)
VALUES ('303027101', FALSE, 'לצלם את הניידת ולהעלות סטורי');

INSERT INTO answer_options (question_id, correct_answer, answer_text)
VALUES ('303027101', FALSE, 'להפעיל ווישרים');

INSERT INTO answer_options (question_id, correct_answer, answer_text)
VALUES ('303027101', FALSE, 'לצפור בכדי לעודד את השוטרים');

INSERT INTO questions (question_id, language_id, topic_id, c_grade_id, level, question_text, explanation, interesting_fact)
VALUES ('303027102', 1, 3027, 2, 2, 'כיצד נקרא שוטר שעוקב אחרי חשודים?', '', 'בלשים עוקבים אחר חשודים, עוצרים פושעים מועדים ומביאים אותם לחקירה.') ON CONFLICT (question_id) DO UPDATE SET language_id = 1 ,topic_id= 3027,c_grade_id =2,level=2,question_text='כיצד נקרא שוטר שעוקב אחרי חשודים?',explanation='',interesting_fact='בלשים עוקבים אחר חשודים, עוצרים פושעים מועדים ומביאים אותם לחקירה.';


INSERT INTO answer_options (question_id, correct_answer, answer_text)
VALUES ('303027102', TRUE, 'בלש') ;

INSERT INTO answer_options (question_id, correct_answer, answer_text)
VALUES ('303027102', FALSE, 'שוטר מקוף');

INSERT INTO answer_options (question_id, correct_answer, answer_text)
VALUES ('303027102', FALSE, 'שוטר תנועה');

INSERT INTO answer_options (question_id, correct_answer, answer_text)
VALUES ('303027102', FALSE, 'שוטר קהילתי');

INSERT INTO questions (question_id, language_id, topic_id, c_grade_id, level, question_text, explanation, interesting_fact)
VALUES ('303027103', 1, 3027, 3, 3, 'אם נפחית את מספר בעלות השיער הוורוד ממספר בעלי השיער החום כמה נקבל?', '', 'במדינות רבות בעולם נהוג חוק חינוך חובה.') ON CONFLICT (question_id) DO UPDATE SET language_id = 1 ,topic_id= 3027,c_grade_id =3,level=3,question_text='אם נפחית את מספר בעלות השיער הוורוד ממספר בעלי השיער החום כמה נקבל?',explanation='',interesting_fact='במדינות רבות בעולם נהוג חוק חינוך חובה.';


INSERT INTO answer_options (question_id, correct_answer, answer_text)
VALUES ('303027103', TRUE, '2') ;

INSERT INTO answer_options (question_id, correct_answer, answer_text)
VALUES ('303027103', FALSE, '5');

INSERT INTO answer_options (question_id, correct_answer, answer_text)
VALUES ('303027103', FALSE, '4');

INSERT INTO answer_options (question_id, correct_answer, answer_text)
VALUES ('303027103', FALSE, '6');

INSERT INTO questions (question_id, language_id, topic_id, c_grade_id, level, question_text, explanation, interesting_fact)
VALUES ('303027104', 1, 3027, 4, 4, 'כיצד מכונה המשטרה?', '', 'במדינות דמוקרטיות חשוב להקפיד על הפרדת רשויות.') ON CONFLICT (question_id) DO UPDATE SET language_id = 1 ,topic_id= 3027,c_grade_id =4,level=4,question_text='כיצד מכונה המשטרה?',explanation='',interesting_fact='במדינות דמוקרטיות חשוב להקפיד על הפרדת רשויות.';


INSERT INTO answer_options (question_id, correct_answer, answer_text)
VALUES ('303027104', TRUE, 'רשות מבצעת') ;

INSERT INTO answer_options (question_id, correct_answer, answer_text)
VALUES ('303027104', FALSE, 'רשות מחוקקת');

INSERT INTO answer_options (question_id, correct_answer, answer_text)
VALUES ('303027104', FALSE, 'רשות שופטת');

INSERT INTO answer_options (question_id, correct_answer, answer_text)
VALUES ('303027104', FALSE, 'רשות המיסים');

INSERT INTO questions (question_id, language_id, topic_id, c_grade_id, level, question_text, explanation, interesting_fact)
VALUES ('303027105', 1, 3027, 5, 5, 'כיצד נקרא החלק בעץ שמקשר בין השורשים לענפים?', '', 'בגזע עורקים רבים המעבירים מינרלים ומים מהשורשים לשאר חלקי העץ.') ON CONFLICT (question_id) DO UPDATE SET language_id = 1 ,topic_id= 3027,c_grade_id =5,level=5,question_text='כיצד נקרא החלק בעץ שמקשר בין השורשים לענפים?',explanation='',interesting_fact='בגזע עורקים רבים המעבירים מינרלים ומים מהשורשים לשאר חלקי העץ.';


INSERT INTO answer_options (question_id, correct_answer, answer_text)
VALUES ('303027105', TRUE, 'גזע') ;

INSERT INTO answer_options (question_id, correct_answer, answer_text)
VALUES ('303027105', FALSE, 'גבעות');

INSERT INTO answer_options (question_id, correct_answer, answer_text)
VALUES ('303027105', FALSE, 'קישורון');

INSERT INTO answer_options (question_id, correct_answer, answer_text)
VALUES ('303027105', FALSE, 'צמרת');

INSERT INTO questions (question_id, language_id, topic_id, c_grade_id, level, question_text, explanation, interesting_fact)
VALUES ('303028101', 1, 3028, 1, 1, 'מי מאשר שתוכניות הבניין עומדות בתקני הבטיחות והבניין ראוי למגורים?', '', 'המהנדסים מוודאים שהמבנים יציבים ועמידים. הם גם בודקים את החיבורים לתשתיות חשמל, מים וביוב.') ON CONFLICT (question_id) DO UPDATE SET language_id = 1 ,topic_id= 3028,c_grade_id =1,level=1,question_text='מי מאשר שתוכניות הבניין עומדות בתקני הבטיחות והבניין ראוי למגורים?',explanation='',interesting_fact='המהנדסים מוודאים שהמבנים יציבים ועמידים. הם גם בודקים את החיבורים לתשתיות חשמל, מים וביוב.';


INSERT INTO answer_options (question_id, correct_answer, answer_text)
VALUES ('303028101', TRUE, 'מהנדס בניין') ;

INSERT INTO answer_options (question_id, correct_answer, answer_text)
VALUES ('303028101', FALSE, 'קוריאוגרף');

INSERT INTO answer_options (question_id, correct_answer, answer_text)
VALUES ('303028101', FALSE, 'אקטואר');

INSERT INTO answer_options (question_id, correct_answer, answer_text)
VALUES ('303028101', FALSE, 'אופטימטריסט');

INSERT INTO questions (question_id, language_id, topic_id, c_grade_id, level, question_text, explanation, interesting_fact)
VALUES ('303028102', 1, 3028, 2, 2, 'כמה צמחים נראים בתמונה?', '', 'תהליך הפוטוסינתזה מצמצם את כמות הפחמן הדו-חמצני ומגדיל את כמות החמצן באטמוספירה.') ON CONFLICT (question_id) DO UPDATE SET language_id = 1 ,topic_id= 3028,c_grade_id =2,level=2,question_text='כמה צמחים נראים בתמונה?',explanation='',interesting_fact='תהליך הפוטוסינתזה מצמצם את כמות הפחמן הדו-חמצני ומגדיל את כמות החמצן באטמוספירה.';


INSERT INTO answer_options (question_id, correct_answer, answer_text)
VALUES ('303028102', TRUE, 'יותר מ-10') ;

INSERT INTO answer_options (question_id, correct_answer, answer_text)
VALUES ('303028102', FALSE, 'בדיוק 8');

INSERT INTO answer_options (question_id, correct_answer, answer_text)
VALUES ('303028102', FALSE, '6 או 7');

INSERT INTO answer_options (question_id, correct_answer, answer_text)
VALUES ('303028102', FALSE, 'פחות מחמש');

INSERT INTO questions (question_id, language_id, topic_id, c_grade_id, level, question_text, explanation, interesting_fact)
VALUES ('303028103', 1, 3028, 3, 3, 'כיצד מכונה החלק במבנה השומר על יציבותו?', '', 'השלד הוא החלק החזק והסולידי השומר על יציבות המבנה.') ON CONFLICT (question_id) DO UPDATE SET language_id = 1 ,topic_id= 3028,c_grade_id =3,level=3,question_text='כיצד מכונה החלק במבנה השומר על יציבותו?',explanation='',interesting_fact='השלד הוא החלק החזק והסולידי השומר על יציבות המבנה.';


INSERT INTO answer_options (question_id, correct_answer, answer_text)
VALUES ('303028103', TRUE, 'שלד') ;

INSERT INTO answer_options (question_id, correct_answer, answer_text)
VALUES ('303028103', FALSE, 'רצפה');

INSERT INTO answer_options (question_id, correct_answer, answer_text)
VALUES ('303028103', FALSE, 'משקוף');

INSERT INTO answer_options (question_id, correct_answer, answer_text)
VALUES ('303028103', FALSE, 'פאנלים');

INSERT INTO questions (question_id, language_id, topic_id, c_grade_id, level, question_text, explanation, interesting_fact)
VALUES ('303028104', 1, 3028, 4, 4, 'באיזו עיר נמצא גשר המיתרים?', '', 'גשר המיתרים בירושלים תוכנן על ידי האדריכל הספרדי סנטיאגו קלטרווה, ונחנך בשנת 2008.') ON CONFLICT (question_id) DO UPDATE SET language_id = 1 ,topic_id= 3028,c_grade_id =4,level=4,question_text='באיזו עיר נמצא גשר המיתרים?',explanation='',interesting_fact='גשר המיתרים בירושלים תוכנן על ידי האדריכל הספרדי סנטיאגו קלטרווה, ונחנך בשנת 2008.';


INSERT INTO answer_options (question_id, correct_answer, answer_text)
VALUES ('303028104', TRUE, 'ירושלים') ;

INSERT INTO answer_options (question_id, correct_answer, answer_text)
VALUES ('303028104', FALSE, 'ערד');

INSERT INTO answer_options (question_id, correct_answer, answer_text)
VALUES ('303028104', FALSE, 'חדרה');

INSERT INTO answer_options (question_id, correct_answer, answer_text)
VALUES ('303028104', FALSE, 'בית שאן');

INSERT INTO questions (question_id, language_id, topic_id, c_grade_id, level, question_text, explanation, interesting_fact)
VALUES ('303028105', 1, 3028, 5, 5, 'כיצד נקראים השלבים בסולם?', '', 'נהוג להשתמש במונח סולם בהקשרים רבים: סולם מוזיקלי, סולם ריכטר, סולם מאסלו ועוד') ON CONFLICT (question_id) DO UPDATE SET language_id = 1 ,topic_id= 3028,c_grade_id =5,level=5,question_text='כיצד נקראים השלבים בסולם?',explanation='',interesting_fact='נהוג להשתמש במונח סולם בהקשרים רבים: סולם מוזיקלי, סולם ריכטר, סולם מאסלו ועוד';


INSERT INTO answer_options (question_id, correct_answer, answer_text)
VALUES ('303028105', TRUE, 'חבקים') ;

INSERT INTO answer_options (question_id, correct_answer, answer_text)
VALUES ('303028105', FALSE, 'מדרגונים');

INSERT INTO answer_options (question_id, correct_answer, answer_text)
VALUES ('303028105', FALSE, 'עוללים');

INSERT INTO answer_options (question_id, correct_answer, answer_text)
VALUES ('303028105', FALSE, 'שלבלבונים');

INSERT INTO questions (question_id, language_id, topic_id, c_grade_id, level, question_text, explanation, interesting_fact)
VALUES ('303029101', 1, 3029, 1, 1, 'מה מקור אנרגיה סולארית?', '', 'השמש מספקת אנרגיה ירוקה וזמינה.') ON CONFLICT (question_id) DO UPDATE SET language_id = 1 ,topic_id= 3029,c_grade_id =1,level=1,question_text='מה מקור אנרגיה סולארית?',explanation='',interesting_fact='השמש מספקת אנרגיה ירוקה וזמינה.';


INSERT INTO answer_options (question_id, correct_answer, answer_text)
VALUES ('303029101', TRUE, 'שמש') ;

INSERT INTO answer_options (question_id, correct_answer, answer_text)
VALUES ('303029101', FALSE, 'ירח');

INSERT INTO answer_options (question_id, correct_answer, answer_text)
VALUES ('303029101', FALSE, 'גז טבעי');

INSERT INTO answer_options (question_id, correct_answer, answer_text)
VALUES ('303029101', FALSE, 'פחם');

INSERT INTO questions (question_id, language_id, topic_id, c_grade_id, level, question_text, explanation, interesting_fact)
VALUES ('303029102', 1, 3029, 2, 2, 'מהו זרם חשמלי?', '', 'זרם חשמלי נחוץ להפעלת מכשירי חשמל.') ON CONFLICT (question_id) DO UPDATE SET language_id = 1 ,topic_id= 3029,c_grade_id =2,level=2,question_text='מהו זרם חשמלי?',explanation='',interesting_fact='זרם חשמלי נחוץ להפעלת מכשירי חשמל.';


INSERT INTO answer_options (question_id, correct_answer, answer_text)
VALUES ('303029102', TRUE, 'תנועה של אלקטרונים') ;

INSERT INTO answer_options (question_id, correct_answer, answer_text)
VALUES ('303029102', FALSE, 'תנועה של קרפיונים');

INSERT INTO answer_options (question_id, correct_answer, answer_text)
VALUES ('303029102', FALSE, 'תנועה של גרביונים');

INSERT INTO answer_options (question_id, correct_answer, answer_text)
VALUES ('303029102', FALSE, 'תופעת לוואי של סוללות');

INSERT INTO questions (question_id, language_id, topic_id, c_grade_id, level, question_text, explanation, interesting_fact)
VALUES ('303029103', 1, 3029, 3, 3, 'כיצד נתאר את פעולתה של טורבינת רוח?', '', 'טורבינות רוח מנצלות את עוצמת משבי הרוח ליצירת חשמל. זוהי אנרגיה ירוקה.') ON CONFLICT (question_id) DO UPDATE SET language_id = 1 ,topic_id= 3029,c_grade_id =3,level=3,question_text='כיצד נתאר את פעולתה של טורבינת רוח?',explanation='',interesting_fact='טורבינות רוח מנצלות את עוצמת משבי הרוח ליצירת חשמל. זוהי אנרגיה ירוקה.';


INSERT INTO answer_options (question_id, correct_answer, answer_text)
VALUES ('303029103', TRUE, 'המרת רוח לאנרגיה') ;

INSERT INTO answer_options (question_id, correct_answer, answer_text)
VALUES ('303029103', FALSE, 'קירור מים');

INSERT INTO answer_options (question_id, correct_answer, answer_text)
VALUES ('303029103', FALSE, 'המרת גשם לשלג');

INSERT INTO answer_options (question_id, correct_answer, answer_text)
VALUES ('303029103', FALSE, 'הצמדת מגנטים');

INSERT INTO questions (question_id, language_id, topic_id, c_grade_id, level, question_text, explanation, interesting_fact)
VALUES ('303029104', 1, 3029, 4, 4, 'למה משמש פאנל סולארי?', '', 'פאנלים סולאריים מסייעים לקליטת אנרגיה שמרוקה בשמש.') ON CONFLICT (question_id) DO UPDATE SET language_id = 1 ,topic_id= 3029,c_grade_id =4,level=4,question_text='למה משמש פאנל סולארי?',explanation='',interesting_fact='פאנלים סולאריים מסייעים לקליטת אנרגיה שמרוקה בשמש.';


INSERT INTO answer_options (question_id, correct_answer, answer_text)
VALUES ('303029104', TRUE, 'להמרת קרינה מהשמש לחשמל') ;

INSERT INTO answer_options (question_id, correct_answer, answer_text)
VALUES ('303029104', FALSE, 'לייבוש ביצות');

INSERT INTO answer_options (question_id, correct_answer, answer_text)
VALUES ('303029104', FALSE, 'להדפסה תלת מימדית');

INSERT INTO answer_options (question_id, correct_answer, answer_text)
VALUES ('303029104', FALSE, 'להדפסה ארבע ממדית');

INSERT INTO questions (question_id, language_id, topic_id, c_grade_id, level, question_text, explanation, interesting_fact)
VALUES ('303029105', 1, 3029, 5, 5, 'מה משמעות הסמל המופיע על השלט?', '', 'מיחזור תורם להפחתת זיהום ולשימור משאבים.') ON CONFLICT (question_id) DO UPDATE SET language_id = 1 ,topic_id= 3029,c_grade_id =5,level=5,question_text='מה משמעות הסמל המופיע על השלט?',explanation='',interesting_fact='מיחזור תורם להפחתת זיהום ולשימור משאבים.';


INSERT INTO answer_options (question_id, correct_answer, answer_text)
VALUES ('303029105', TRUE, 'מיחזור') ;

INSERT INTO answer_options (question_id, correct_answer, answer_text)
VALUES ('303029105', FALSE, 'עצור כיכר לפניך');

INSERT INTO answer_options (question_id, correct_answer, answer_text)
VALUES ('303029105', FALSE, 'עצור כיכר לחם לפניך');

INSERT INTO answer_options (question_id, correct_answer, answer_text)
VALUES ('303029105', FALSE, 'עצור והקשב לשירת הציפורים');

INSERT INTO questions (question_id, language_id, topic_id, c_grade_id, level, question_text, explanation, interesting_fact)
VALUES ('303030101', 1, 3030, 1, 1, 'כיצד מועברת תקשורת סלולארית?', '', 'גם מכשירי רדיו וטלוויזיה מבוססים על שידור וקליטה של גלים אלקטרומגנטיים.') ON CONFLICT (question_id) DO UPDATE SET language_id = 1 ,topic_id= 3030,c_grade_id =1,level=1,question_text='כיצד מועברת תקשורת סלולארית?',explanation='',interesting_fact='גם מכשירי רדיו וטלוויזיה מבוססים על שידור וקליטה של גלים אלקטרומגנטיים.';


INSERT INTO answer_options (question_id, correct_answer, answer_text)
VALUES ('303030101', TRUE, 'בעזרת גלים אלקטרומגנטיים') ;

INSERT INTO answer_options (question_id, correct_answer, answer_text)
VALUES ('303030101', FALSE, 'בעזרת טלה-קינזיס');

INSERT INTO answer_options (question_id, correct_answer, answer_text)
VALUES ('303030101', FALSE, 'באמצעות יונות דואר');

INSERT INTO answer_options (question_id, correct_answer, answer_text)
VALUES ('303030101', FALSE, 'בדור שליחים');

INSERT INTO questions (question_id, language_id, topic_id, c_grade_id, level, question_text, explanation, interesting_fact)
VALUES ('303030102', 1, 3030, 2, 2, 'באיזו שנה נשלח הדואר האלקטרוני הראשון?', '', 'העיתון הראשון בעולם הודפס בגרמניה בשנת 1605.') ON CONFLICT (question_id) DO UPDATE SET language_id = 1 ,topic_id= 3030,c_grade_id =2,level=2,question_text='באיזו שנה נשלח הדואר האלקטרוני הראשון?',explanation='',interesting_fact='העיתון הראשון בעולם הודפס בגרמניה בשנת 1605.';


INSERT INTO answer_options (question_id, correct_answer, answer_text)
VALUES ('303030102', TRUE, '1971') ;

INSERT INTO answer_options (question_id, correct_answer, answer_text)
VALUES ('303030102', FALSE, '1997');

INSERT INTO answer_options (question_id, correct_answer, answer_text)
VALUES ('303030102', FALSE, '2000');

INSERT INTO answer_options (question_id, correct_answer, answer_text)
VALUES ('303030102', FALSE, '2003');

INSERT INTO questions (question_id, language_id, topic_id, c_grade_id, level, question_text, explanation, interesting_fact)
VALUES ('303030103', 1, 3030, 3, 3, 'באיזו שנה הוקמה חברת יוטיוב?', '', 'הסרטון הוויראלי הראשון ביוטיוב היה "Me at the zoo" שהועלה בשנת 2005.') ON CONFLICT (question_id) DO UPDATE SET language_id = 1 ,topic_id= 3030,c_grade_id =3,level=3,question_text='באיזו שנה הוקמה חברת יוטיוב?',explanation='',interesting_fact='הסרטון הוויראלי הראשון ביוטיוב היה "Me at the zoo" שהועלה בשנת 2005.';


INSERT INTO answer_options (question_id, correct_answer, answer_text)
VALUES ('303030103', TRUE, '2005') ;

INSERT INTO answer_options (question_id, correct_answer, answer_text)
VALUES ('303030103', FALSE, '1998');

INSERT INTO answer_options (question_id, correct_answer, answer_text)
VALUES ('303030103', FALSE, '2011');

INSERT INTO answer_options (question_id, correct_answer, answer_text)
VALUES ('303030103', FALSE, '2019');

INSERT INTO questions (question_id, language_id, topic_id, c_grade_id, level, question_text, explanation, interesting_fact)
VALUES ('303030104', 1, 3030, 4, 4, 'כיצד אומרים "אינטרנט" בעברית?', '', 'לסימן ה"שטרודל" קוראים בעברית "כרוכית".') ON CONFLICT (question_id) DO UPDATE SET language_id = 1 ,topic_id= 3030,c_grade_id =4,level=4,question_text='כיצד אומרים "אינטרנט" בעברית?',explanation='',interesting_fact='לסימן ה"שטרודל" קוראים בעברית "כרוכית".';


INSERT INTO answer_options (question_id, correct_answer, answer_text)
VALUES ('303030104', TRUE, 'מרשתת') ;

INSERT INTO answer_options (question_id, correct_answer, answer_text)
VALUES ('303030104', FALSE, 'מצרפת');

INSERT INTO answer_options (question_id, correct_answer, answer_text)
VALUES ('303030104', FALSE, 'מצנפת');

INSERT INTO answer_options (question_id, correct_answer, answer_text)
VALUES ('303030104', FALSE, 'רישתית');

INSERT INTO questions (question_id, language_id, topic_id, c_grade_id, level, question_text, explanation, interesting_fact)
VALUES ('303030105', 1, 3030, 5, 5, 'באיזו שנה התקיים שידור הטלוויזיה הראשון בישראל?', '', 'הטלוויזיה הצבעונית הראשונה הושקה בשנת 1951 בארצות הברית.') ON CONFLICT (question_id) DO UPDATE SET language_id = 1 ,topic_id= 3030,c_grade_id =5,level=5,question_text='באיזו שנה התקיים שידור הטלוויזיה הראשון בישראל?',explanation='',interesting_fact='הטלוויזיה הצבעונית הראשונה הושקה בשנת 1951 בארצות הברית.';


INSERT INTO answer_options (question_id, correct_answer, answer_text)
VALUES ('303030105', TRUE, '1966') ;

INSERT INTO answer_options (question_id, correct_answer, answer_text)
VALUES ('303030105', FALSE, '1990');

INSERT INTO answer_options (question_id, correct_answer, answer_text)
VALUES ('303030105', FALSE, '1948');

INSERT INTO answer_options (question_id, correct_answer, answer_text)
VALUES ('303030105', FALSE, '1953');

INSERT INTO questions (question_id, language_id, topic_id, c_grade_id, level, question_text, explanation, interesting_fact)
VALUES ('303031101', 1, 3031, 1, 1, 'מהו השיא העולמי בריצת מאה מטרים?', '', 'ב-16 באוגוסט 2009, במסגרת אליפות העולם באתלטיקה שנערכה בברלין, קבע יוסיין בולט מג`מייקה את שיא העולם הנוכחי - 9.58 שניות.') ON CONFLICT (question_id) DO UPDATE SET language_id = 1 ,topic_id= 3031,c_grade_id =1,level=1,question_text='מהו השיא העולמי בריצת מאה מטרים?',explanation='',interesting_fact='ב-16 באוגוסט 2009, במסגרת אליפות העולם באתלטיקה שנערכה בברלין, קבע יוסיין בולט מג`מייקה את שיא העולם הנוכחי - 9.58 שניות.';


INSERT INTO answer_options (question_id, correct_answer, answer_text)
VALUES ('303031101', TRUE, '9.58 שניות') ;

INSERT INTO answer_options (question_id, correct_answer, answer_text)
VALUES ('303031101', FALSE, '9.97 שניות');

INSERT INTO answer_options (question_id, correct_answer, answer_text)
VALUES ('303031101', FALSE, '10.08 שניות');

INSERT INTO answer_options (question_id, correct_answer, answer_text)
VALUES ('303031101', FALSE, '10.14 שניות');

INSERT INTO questions (question_id, language_id, topic_id, c_grade_id, level, question_text, explanation, interesting_fact)
VALUES ('303031102', 1, 3031, 2, 2, 'היכן ומתי חזר הטניס להיות ענף אולימפי?', '', 'טניס החל כמשחק חברתי באנגליה במאה ה-19.') ON CONFLICT (question_id) DO UPDATE SET language_id = 1 ,topic_id= 3031,c_grade_id =2,level=2,question_text='היכן ומתי חזר הטניס להיות ענף אולימפי?',explanation='',interesting_fact='טניס החל כמשחק חברתי באנגליה במאה ה-19.';


INSERT INTO answer_options (question_id, correct_answer, answer_text)
VALUES ('303031102', TRUE, 'אלימפיאדת סיאול 1988') ;

INSERT INTO answer_options (question_id, correct_answer, answer_text)
VALUES ('303031102', FALSE, 'אלימפיאדת מינכן 1972');

INSERT INTO answer_options (question_id, correct_answer, answer_text)
VALUES ('303031102', FALSE, 'אלימפיאדת ברלין 1936');

INSERT INTO answer_options (question_id, correct_answer, answer_text)
VALUES ('303031102', FALSE, 'אלימפיאדת ברצלונה 1992');

INSERT INTO questions (question_id, language_id, topic_id, c_grade_id, level, question_text, explanation, interesting_fact)
VALUES ('303031103', 1, 3031, 3, 3, 'במשחק כדור בסיס (בייסבול), כמה שחקנים בכול קבוצה?', '', 'משחק הבייסבול הראשון התקיים בשנת 1846.') ON CONFLICT (question_id) DO UPDATE SET language_id = 1 ,topic_id= 3031,c_grade_id =3,level=3,question_text='במשחק כדור בסיס (בייסבול), כמה שחקנים בכול קבוצה?',explanation='',interesting_fact='משחק הבייסבול הראשון התקיים בשנת 1846.';


INSERT INTO answer_options (question_id, correct_answer, answer_text)
VALUES ('303031103', TRUE, 'תשעה') ;

INSERT INTO answer_options (question_id, correct_answer, answer_text)
VALUES ('303031103', FALSE, 'אחד-עשר');

INSERT INTO answer_options (question_id, correct_answer, answer_text)
VALUES ('303031103', FALSE, 'חמישה');

INSERT INTO answer_options (question_id, correct_answer, answer_text)
VALUES ('303031103', FALSE, 'עשרים');

INSERT INTO questions (question_id, language_id, topic_id, c_grade_id, level, question_text, explanation, interesting_fact)
VALUES ('303031104', 1, 3031, 4, 4, 'מה מומלץ לבצע לפני פעילות גופנית?', '', 'החימום מגביר את זרימת הדם לשרירים ומכין את הגוף לפעילות.') ON CONFLICT (question_id) DO UPDATE SET language_id = 1 ,topic_id= 3031,c_grade_id =4,level=4,question_text='מה מומלץ לבצע לפני פעילות גופנית?',explanation='',interesting_fact='החימום מגביר את זרימת הדם לשרירים ומכין את הגוף לפעילות.';


INSERT INTO answer_options (question_id, correct_answer, answer_text)
VALUES ('303031104', TRUE, 'חימום ומתיחות') ;

INSERT INTO answer_options (question_id, correct_answer, answer_text)
VALUES ('303031104', FALSE, 'להתקשר לסבתא');

INSERT INTO answer_options (question_id, correct_answer, answer_text)
VALUES ('303031104', FALSE, 'לאכול גלידה');

INSERT INTO answer_options (question_id, correct_answer, answer_text)
VALUES ('303031104', FALSE, 'לנקות את החדר');

INSERT INTO questions (question_id, language_id, topic_id, c_grade_id, level, question_text, explanation, interesting_fact)
VALUES ('303031105', 1, 3031, 5, 5, 'אחד מסגנונות השחייה האולימפיים נקרא...', '', 'השחייה היא אחת מן הספורטים הראשונים שהתקיימו באולימפיאדה המודרנית.') ON CONFLICT (question_id) DO UPDATE SET language_id = 1 ,topic_id= 3031,c_grade_id =5,level=5,question_text='אחד מסגנונות השחייה האולימפיים נקרא...',explanation='',interesting_fact='השחייה היא אחת מן הספורטים הראשונים שהתקיימו באולימפיאדה המודרנית.';


INSERT INTO answer_options (question_id, correct_answer, answer_text)
VALUES ('303031105', TRUE, 'פרפר') ;

INSERT INTO answer_options (question_id, correct_answer, answer_text)
VALUES ('303031105', FALSE, 'יתוש');

INSERT INTO answer_options (question_id, correct_answer, answer_text)
VALUES ('303031105', FALSE, 'סלמנדרה');

INSERT INTO answer_options (question_id, correct_answer, answer_text)
VALUES ('303031105', FALSE, 'חיפושית');

INSERT INTO questions (question_id, language_id, topic_id, c_grade_id, level, question_text, explanation, interesting_fact)
VALUES ('303032101', 1, 3032, 1, 1, 'מי המציא את נורת החשמל?', '', 'הנורה הומצאה בשנת 1879') ON CONFLICT (question_id) DO UPDATE SET language_id = 1 ,topic_id= 3032,c_grade_id =1,level=1,question_text='מי המציא את נורת החשמל?',explanation='',interesting_fact='הנורה הומצאה בשנת 1879';


INSERT INTO answer_options (question_id, correct_answer, answer_text)
VALUES ('303032101', TRUE, 'תומאס אלווה אדיסון') ;

INSERT INTO answer_options (question_id, correct_answer, answer_text)
VALUES ('303032101', FALSE, 'חיים נחמן ביאליק');

INSERT INTO answer_options (question_id, correct_answer, answer_text)
VALUES ('303032101', FALSE, 'דוד בן גוריון');

INSERT INTO answer_options (question_id, correct_answer, answer_text)
VALUES ('303032101', FALSE, 'האחים גרים');

INSERT INTO questions (question_id, language_id, topic_id, c_grade_id, level, question_text, explanation, interesting_fact)
VALUES ('303032102', 1, 3032, 2, 2, 'כיצד אומרים בעיברית "פאזל"?', '', 'הרכבת תצרפים היא תחביב נפוץ בכול העולם.') ON CONFLICT (question_id) DO UPDATE SET language_id = 1 ,topic_id= 3032,c_grade_id =2,level=2,question_text='כיצד אומרים בעיברית "פאזל"?',explanation='',interesting_fact='הרכבת תצרפים היא תחביב נפוץ בכול העולם.';


INSERT INTO answer_options (question_id, correct_answer, answer_text)
VALUES ('303032102', TRUE, 'תצרף') ;

INSERT INTO answer_options (question_id, correct_answer, answer_text)
VALUES ('303032102', FALSE, 'צריף');

INSERT INTO answer_options (question_id, correct_answer, answer_text)
VALUES ('303032102', FALSE, 'גומחה');

INSERT INTO answer_options (question_id, correct_answer, answer_text)
VALUES ('303032102', FALSE, 'גפיים');

INSERT INTO questions (question_id, language_id, topic_id, c_grade_id, level, question_text, explanation, interesting_fact)
VALUES ('303032103', 1, 3032, 3, 3, 'באיזו שנה הודפס הספר הראשון?', '', 'הספר הראשון שהודפס בשנת 1456 היה התנ"ך. הוא הודפס ב-180 עותקים.') ON CONFLICT (question_id) DO UPDATE SET language_id = 1 ,topic_id= 3032,c_grade_id =3,level=3,question_text='באיזו שנה הודפס הספר הראשון?',explanation='',interesting_fact='הספר הראשון שהודפס בשנת 1456 היה התנ"ך. הוא הודפס ב-180 עותקים.';


INSERT INTO answer_options (question_id, correct_answer, answer_text)
VALUES ('303032103', TRUE, '1456') ;

INSERT INTO answer_options (question_id, correct_answer, answer_text)
VALUES ('303032103', FALSE, '1567');

INSERT INTO answer_options (question_id, correct_answer, answer_text)
VALUES ('303032103', FALSE, '1678');

INSERT INTO answer_options (question_id, correct_answer, answer_text)
VALUES ('303032103', FALSE, '1789');

INSERT INTO questions (question_id, language_id, topic_id, c_grade_id, level, question_text, explanation, interesting_fact)
VALUES ('303032104', 1, 3032, 4, 4, 'איזו מערכת נעזרת בגלגלי שיניים?', '', 'העברת הילוכים באופניים מזיזה את השרשרת מגלגל שיניים אחד לחברו.') ON CONFLICT (question_id) DO UPDATE SET language_id = 1 ,topic_id= 3032,c_grade_id =4,level=4,question_text='איזו מערכת נעזרת בגלגלי שיניים?',explanation='',interesting_fact='העברת הילוכים באופניים מזיזה את השרשרת מגלגל שיניים אחד לחברו.';


INSERT INTO answer_options (question_id, correct_answer, answer_text)
VALUES ('303032104', TRUE, 'מערכת הילוכים של אופניים') ;

INSERT INTO answer_options (question_id, correct_answer, answer_text)
VALUES ('303032104', FALSE, 'המערכה המחזורית');

INSERT INTO answer_options (question_id, correct_answer, answer_text)
VALUES ('303032104', FALSE, 'מערכת השעות');

INSERT INTO answer_options (question_id, correct_answer, answer_text)
VALUES ('303032104', FALSE, 'מערכת העיכול');

INSERT INTO questions (question_id, language_id, topic_id, c_grade_id, level, question_text, explanation, interesting_fact)
VALUES ('303032105', 1, 3032, 5, 5, 'איזה צבע נמצא במרכז הקשת?', '', 'סגול ואדום הם הצבעים בקצוות הקשת.') ON CONFLICT (question_id) DO UPDATE SET language_id = 1 ,topic_id= 3032,c_grade_id =5,level=5,question_text='איזה צבע נמצא במרכז הקשת?',explanation='',interesting_fact='סגול ואדום הם הצבעים בקצוות הקשת.';


INSERT INTO answer_options (question_id, correct_answer, answer_text)
VALUES ('303032105', TRUE, 'ירוק') ;

INSERT INTO answer_options (question_id, correct_answer, answer_text)
VALUES ('303032105', FALSE, 'סגול');

INSERT INTO answer_options (question_id, correct_answer, answer_text)
VALUES ('303032105', FALSE, 'אדום');

INSERT INTO answer_options (question_id, correct_answer, answer_text)
VALUES ('303032105', FALSE, 'שחור');

INSERT INTO questions (question_id, language_id, topic_id, c_grade_id, level, question_text, explanation, interesting_fact)
VALUES ('303033101', 1, 3033, 1, 1, 'מהי אוכלוסייה?', '', 'יש ערים בעולם בעלות אוכלוסייה המונה מיליוני תושבים. אוכלוסיית ישראל בעת קום המדינה היתה 600,000 איש.') ON CONFLICT (question_id) DO UPDATE SET language_id = 1 ,topic_id= 3033,c_grade_id =1,level=1,question_text='מהי אוכלוסייה?',explanation='',interesting_fact='יש ערים בעולם בעלות אוכלוסייה המונה מיליוני תושבים. אוכלוסיית ישראל בעת קום המדינה היתה 600,000 איש.';


INSERT INTO answer_options (question_id, correct_answer, answer_text)
VALUES ('303033101', TRUE, 'קבוצת אנשים החיים באותו מקום') ;

INSERT INTO answer_options (question_id, correct_answer, answer_text)
VALUES ('303033101', FALSE, 'קבוצת בעלי חיים');

INSERT INTO answer_options (question_id, correct_answer, answer_text)
VALUES ('303033101', FALSE, 'סוג של צמח');

INSERT INTO answer_options (question_id, correct_answer, answer_text)
VALUES ('303033101', FALSE, 'סוג של כלי רכב');

INSERT INTO questions (question_id, language_id, topic_id, c_grade_id, level, question_text, explanation, interesting_fact)
VALUES ('303033102', 1, 3033, 2, 2, 'מהו משמעות המונח `דמוגרפיה`?', '', 'דמוגרפיה עוסקת בניתוח חתכים שונים של האוכלוסיה. למשל גיל, מין ותחום עיסוק.') ON CONFLICT (question_id) DO UPDATE SET language_id = 1 ,topic_id= 3033,c_grade_id =2,level=2,question_text='מהו משמעות המונח `דמוגרפיה`?',explanation='',interesting_fact='דמוגרפיה עוסקת בניתוח חתכים שונים של האוכלוסיה. למשל גיל, מין ותחום עיסוק.';


INSERT INTO answer_options (question_id, correct_answer, answer_text)
VALUES ('303033102', TRUE, 'מדע העוסק בחקר האוכלוסייה') ;

INSERT INTO answer_options (question_id, correct_answer, answer_text)
VALUES ('303033102', FALSE, 'חקר החלל');

INSERT INTO answer_options (question_id, correct_answer, answer_text)
VALUES ('303033102', FALSE, 'חקר הים');

INSERT INTO answer_options (question_id, correct_answer, answer_text)
VALUES ('303033102', FALSE, 'לימוד הספרות');

INSERT INTO questions (question_id, language_id, topic_id, c_grade_id, level, question_text, explanation, interesting_fact)
VALUES ('303033103', 1, 3033, 3, 3, 'מהו צפיפות אוכלוסייה?', '', 'מונקו והונג קונג הן מהמדינות הצפופות בעולם.') ON CONFLICT (question_id) DO UPDATE SET language_id = 1 ,topic_id= 3033,c_grade_id =3,level=3,question_text='מהו צפיפות אוכלוסייה?',explanation='',interesting_fact='מונקו והונג קונג הן מהמדינות הצפופות בעולם.';


INSERT INTO answer_options (question_id, correct_answer, answer_text)
VALUES ('303033103', TRUE, 'מספר האנשים ליחידת שטח') ;

INSERT INTO answer_options (question_id, correct_answer, answer_text)
VALUES ('303033103', FALSE, 'גובה האנשים');

INSERT INTO answer_options (question_id, correct_answer, answer_text)
VALUES ('303033103', FALSE, 'מספר הבתים');

INSERT INTO answer_options (question_id, correct_answer, answer_text)
VALUES ('303033103', FALSE, 'מספר הרכבים');

INSERT INTO questions (question_id, language_id, topic_id, c_grade_id, level, question_text, explanation, interesting_fact)
VALUES ('303033104', 1, 3033, 4, 4, 'איזו מדינה צפופה יותר?', '', 'סינגפור היא אחת המדינות הצפופות בעולם. שלוש המדינות האחרות ברשימה אינן צפופות כלל.') ON CONFLICT (question_id) DO UPDATE SET language_id = 1 ,topic_id= 3033,c_grade_id =4,level=4,question_text='איזו מדינה צפופה יותר?',explanation='',interesting_fact='סינגפור היא אחת המדינות הצפופות בעולם. שלוש המדינות האחרות ברשימה אינן צפופות כלל.';


INSERT INTO answer_options (question_id, correct_answer, answer_text)
VALUES ('303033104', TRUE, 'סינגפור') ;

INSERT INTO answer_options (question_id, correct_answer, answer_text)
VALUES ('303033104', FALSE, 'קנדה');

INSERT INTO answer_options (question_id, correct_answer, answer_text)
VALUES ('303033104', FALSE, 'רוסיה');

INSERT INTO answer_options (question_id, correct_answer, answer_text)
VALUES ('303033104', FALSE, 'צ`אד');

INSERT INTO questions (question_id, language_id, topic_id, c_grade_id, level, question_text, explanation, interesting_fact)
VALUES ('303033105', 1, 3033, 5, 5, 'לאיזו מדינה מספר תושבים גדול יותר?', '', 'סין היא המדינה עם האוכלוסייה השנייה בגולדה בעולם אחרי הודו.') ON CONFLICT (question_id) DO UPDATE SET language_id = 1 ,topic_id= 3033,c_grade_id =5,level=5,question_text='לאיזו מדינה מספר תושבים גדול יותר?',explanation='',interesting_fact='סין היא המדינה עם האוכלוסייה השנייה בגולדה בעולם אחרי הודו.';


INSERT INTO answer_options (question_id, correct_answer, answer_text)
VALUES ('303033105', TRUE, 'סין') ;

INSERT INTO answer_options (question_id, correct_answer, answer_text)
VALUES ('303033105', FALSE, 'אוסטרליה');

INSERT INTO answer_options (question_id, correct_answer, answer_text)
VALUES ('303033105', FALSE, 'קנדה');

INSERT INTO answer_options (question_id, correct_answer, answer_text)
VALUES ('303033105', FALSE, 'פינלנד');

INSERT INTO questions (question_id, language_id, topic_id, c_grade_id, level, question_text, explanation, interesting_fact)
VALUES ('303034101', 1, 3034, 1, 1, 'מי בנה את הפירמידות במצרים?', '', 'הפירמידה הגדולה של גיזה היא אחת מן החמישה פלאי עולם העתיק.') ON CONFLICT (question_id) DO UPDATE SET language_id = 1 ,topic_id= 3034,c_grade_id =1,level=1,question_text='מי בנה את הפירמידות במצרים?',explanation='',interesting_fact='הפירמידה הגדולה של גיזה היא אחת מן החמישה פלאי עולם העתיק.';


INSERT INTO answer_options (question_id, correct_answer, answer_text)
VALUES ('303034101', TRUE, 'המצרים הקדמונים') ;

INSERT INTO answer_options (question_id, correct_answer, answer_text)
VALUES ('303034101', FALSE, 'הרומאים');

INSERT INTO answer_options (question_id, correct_answer, answer_text)
VALUES ('303034101', FALSE, 'היוונים');

INSERT INTO answer_options (question_id, correct_answer, answer_text)
VALUES ('303034101', FALSE, 'הוויקינגים');

INSERT INTO questions (question_id, language_id, topic_id, c_grade_id, level, question_text, explanation, interesting_fact)
VALUES ('303034102', 1, 3034, 2, 2, 'לפני כמה שנים בערך חיו הדינוזאורים?', '', 'הדינוזאורים חיו במשך תקופה ארוכה שהחלה לפני כ-230 מיליון שנה. הם נכחדו לפני כ-65 מיליון שנה.') ON CONFLICT (question_id) DO UPDATE SET language_id = 1 ,topic_id= 3034,c_grade_id =2,level=2,question_text='לפני כמה שנים בערך חיו הדינוזאורים?',explanation='',interesting_fact='הדינוזאורים חיו במשך תקופה ארוכה שהחלה לפני כ-230 מיליון שנה. הם נכחדו לפני כ-65 מיליון שנה.';


INSERT INTO answer_options (question_id, correct_answer, answer_text)
VALUES ('303034102', TRUE, 'לפני למעלה משישים מיליון שנה') ;

INSERT INTO answer_options (question_id, correct_answer, answer_text)
VALUES ('303034102', FALSE, 'לפני עשרים אלף שנים');

INSERT INTO answer_options (question_id, correct_answer, answer_text)
VALUES ('303034102', FALSE, 'לפני חמשת אלפי שנה');

INSERT INTO answer_options (question_id, correct_answer, answer_text)
VALUES ('303034102', FALSE, 'לפני חמש עשרה אלף שנים');

INSERT INTO questions (question_id, language_id, topic_id, c_grade_id, level, question_text, explanation, interesting_fact)
VALUES ('303034103', 1, 3034, 3, 3, 'מהי תקופת רנסנס?', '', 'הרנסנס החל באיטליה במאה ה-14. בתקופה זו פורסמו ספרים רבים והאומנות שגשגה.') ON CONFLICT (question_id) DO UPDATE SET language_id = 1 ,topic_id= 3034,c_grade_id =3,level=3,question_text='מהי תקופת רנסנס?',explanation='',interesting_fact='הרנסנס החל באיטליה במאה ה-14. בתקופה זו פורסמו ספרים רבים והאומנות שגשגה.';


INSERT INTO answer_options (question_id, correct_answer, answer_text)
VALUES ('303034103', TRUE, 'תקופת פריחה תרבותית באירופה') ;

INSERT INTO answer_options (question_id, correct_answer, answer_text)
VALUES ('303034103', FALSE, 'התקופה שלפני הדינוזאורים');

INSERT INTO answer_options (question_id, correct_answer, answer_text)
VALUES ('303034103', FALSE, 'תקופת האבן');

INSERT INTO answer_options (question_id, correct_answer, answer_text)
VALUES ('303034103', FALSE, 'תקופת הברונזה');

INSERT INTO questions (question_id, language_id, topic_id, c_grade_id, level, question_text, explanation, interesting_fact)
VALUES ('303034104', 1, 3034, 4, 4, 'באלו שנים התרחשה שואת העם היהודי באירופה?', '', 'השואה החלה עוד לפני פרוץ מלחמת העולם השנייה. בשנים אלו נספו כשישה מיליון יהודים.') ON CONFLICT (question_id) DO UPDATE SET language_id = 1 ,topic_id= 3034,c_grade_id =4,level=4,question_text='באלו שנים התרחשה שואת העם היהודי באירופה?',explanation='',interesting_fact='השואה החלה עוד לפני פרוץ מלחמת העולם השנייה. בשנים אלו נספו כשישה מיליון יהודים.';


INSERT INTO answer_options (question_id, correct_answer, answer_text)
VALUES ('303034104', TRUE, '1933-1945') ;

INSERT INTO answer_options (question_id, correct_answer, answer_text)
VALUES ('303034104', FALSE, '1912-1914');

INSERT INTO answer_options (question_id, correct_answer, answer_text)
VALUES ('303034104', FALSE, '1892-1894');

INSERT INTO answer_options (question_id, correct_answer, answer_text)
VALUES ('303034104', FALSE, '1788-1791');

INSERT INTO questions (question_id, language_id, topic_id, c_grade_id, level, question_text, explanation, interesting_fact)
VALUES ('303034105', 1, 3034, 5, 5, 'מתי החלה המהפכה התעשייתית?', '', 'המהפכה התעשייתית היא כינוי המקובל לשינויים טכנולוגיים, כלכליים, וחברתיים, שהתחוללו בבריטניה, ולאחר מכן במדינות נוספות באירופה ובארצות הברית, החל מאמצע המאה השמונה עשרה ועד מחצית המאה התשע עשרה.') ON CONFLICT (question_id) DO UPDATE SET language_id = 1 ,topic_id= 3034,c_grade_id =5,level=5,question_text='מתי החלה המהפכה התעשייתית?',explanation='',interesting_fact='המהפכה התעשייתית היא כינוי המקובל לשינויים טכנולוגיים, כלכליים, וחברתיים, שהתחוללו בבריטניה, ולאחר מכן במדינות נוספות באירופה ובארצות הברית, החל מאמצע המאה השמונה עשרה ועד מחצית המאה התשע עשרה.';


INSERT INTO answer_options (question_id, correct_answer, answer_text)
VALUES ('303034105', TRUE, 'בערך בשנת 1760') ;

INSERT INTO answer_options (question_id, correct_answer, answer_text)
VALUES ('303034105', FALSE, 'ב- 1890');

INSERT INTO answer_options (question_id, correct_answer, answer_text)
VALUES ('303034105', FALSE, 'באביב 1902');

INSERT INTO answer_options (question_id, correct_answer, answer_text)
VALUES ('303034105', FALSE, 'בחורף 1917');

INSERT INTO questions (question_id, language_id, topic_id, c_grade_id, level, question_text, explanation, interesting_fact)
VALUES ('303035101', 1, 3035, 1, 1, 'איזה מכוכבי הלכת הוא הגדול ביותר במערכת השמש?', '', 'צדק הוא כוכב הלכת החמישי במרחקו מהשמש, וכוכב הלכת הגדול ביותר במערכת השמש. צדק הוא ענק גזים ומרבית המסה שלו מורכבת ממימן ומהליום. לצדק יש עשרות ירחים.') ON CONFLICT (question_id) DO UPDATE SET language_id = 1 ,topic_id= 3035,c_grade_id =1,level=1,question_text='איזה מכוכבי הלכת הוא הגדול ביותר במערכת השמש?',explanation='',interesting_fact='צדק הוא כוכב הלכת החמישי במרחקו מהשמש, וכוכב הלכת הגדול ביותר במערכת השמש. צדק הוא ענק גזים ומרבית המסה שלו מורכבת ממימן ומהליום. לצדק יש עשרות ירחים.';


INSERT INTO answer_options (question_id, correct_answer, answer_text)
VALUES ('303035101', TRUE, 'צדק (Jupiter)') ;

INSERT INTO answer_options (question_id, correct_answer, answer_text)
VALUES ('303035101', FALSE, 'מאדים (Mars)');

INSERT INTO answer_options (question_id, correct_answer, answer_text)
VALUES ('303035101', FALSE, 'נוגה (Venus)');

INSERT INTO answer_options (question_id, correct_answer, answer_text)
VALUES ('303035101', FALSE, 'שבתאי (Saturn)');

INSERT INTO questions (question_id, language_id, topic_id, c_grade_id, level, question_text, explanation, interesting_fact)
VALUES ('303035102', 1, 3035, 2, 2, '"שביל החלב" הוא שחה של...', '', 'גלקסיית שביל החלב, שבה אנחנו חיים, כוללת מיליארדי כוכבים.') ON CONFLICT (question_id) DO UPDATE SET language_id = 1 ,topic_id= 3035,c_grade_id =2,level=2,question_text='"שביל החלב" הוא שחה של...',explanation='',interesting_fact='גלקסיית שביל החלב, שבה אנחנו חיים, כוללת מיליארדי כוכבים.';


INSERT INTO answer_options (question_id, correct_answer, answer_text)
VALUES ('303035102', TRUE, 'גלקסיה') ;

INSERT INTO answer_options (question_id, correct_answer, answer_text)
VALUES ('303035102', FALSE, 'כוכב לכת');

INSERT INTO answer_options (question_id, correct_answer, answer_text)
VALUES ('303035102', FALSE, 'חור שחור');

INSERT INTO answer_options (question_id, correct_answer, answer_text)
VALUES ('303035102', FALSE, 'חור ירוק');

INSERT INTO questions (question_id, language_id, topic_id, c_grade_id, level, question_text, explanation, interesting_fact)
VALUES ('303035103', 1, 3035, 3, 3, 'מהו כוכב לכת הקרוב ביותר לשמש?', '', 'חמה כל כך קרוב לשמש ששנה שלמה שם (כלומר פרק הזמן הדרוש להקפת השמש) נמשכת רק 88 ימים!') ON CONFLICT (question_id) DO UPDATE SET language_id = 1 ,topic_id= 3035,c_grade_id =3,level=3,question_text='מהו כוכב לכת הקרוב ביותר לשמש?',explanation='',interesting_fact='חמה כל כך קרוב לשמש ששנה שלמה שם (כלומר פרק הזמן הדרוש להקפת השמש) נמשכת רק 88 ימים!';


INSERT INTO answer_options (question_id, correct_answer, answer_text)
VALUES ('303035103', TRUE, 'חמה (Mercury)') ;

INSERT INTO answer_options (question_id, correct_answer, answer_text)
VALUES ('303035103', FALSE, 'ונוס (Venus)');

INSERT INTO answer_options (question_id, correct_answer, answer_text)
VALUES ('303035103', FALSE, 'כדור הארץ');

INSERT INTO answer_options (question_id, correct_answer, answer_text)
VALUES ('303035103', FALSE, 'מאדים (Mars)');

INSERT INTO questions (question_id, language_id, topic_id, c_grade_id, level, question_text, explanation, interesting_fact)
VALUES ('303035104', 1, 3035, 4, 4, 'באיזו גלקסיה נמצאת מערכת השמש שלנו?', '', 'שביל החלב הוא ביתם של כדור הארץ ומערכת השמש שלנו.') ON CONFLICT (question_id) DO UPDATE SET language_id = 1 ,topic_id= 3035,c_grade_id =4,level=4,question_text='באיזו גלקסיה נמצאת מערכת השמש שלנו?',explanation='',interesting_fact='שביל החלב הוא ביתם של כדור הארץ ומערכת השמש שלנו.';


INSERT INTO answer_options (question_id, correct_answer, answer_text)
VALUES ('303035104', TRUE, 'שביל החלב') ;

INSERT INTO answer_options (question_id, correct_answer, answer_text)
VALUES ('303035104', FALSE, 'אנדרומדה');

INSERT INTO answer_options (question_id, correct_answer, answer_text)
VALUES ('303035104', FALSE, 'טריאנגולום');

INSERT INTO answer_options (question_id, correct_answer, answer_text)
VALUES ('303035104', FALSE, 'הדובה הגדולה');

INSERT INTO questions (question_id, language_id, topic_id, c_grade_id, level, question_text, explanation, interesting_fact)
VALUES ('303035105', 1, 3035, 5, 5, 'מהו החור השחור?', '', 'חורים שחורים נוצרים כאשר כוכבי ענק קורסים לתוך עצמם.') ON CONFLICT (question_id) DO UPDATE SET language_id = 1 ,topic_id= 3035,c_grade_id =5,level=5,question_text='מהו החור השחור?',explanation='',interesting_fact='חורים שחורים נוצרים כאשר כוכבי ענק קורסים לתוך עצמם.';


INSERT INTO answer_options (question_id, correct_answer, answer_text)
VALUES ('303035105', TRUE, 'אזור בחלל עם כבידה חזקה שאינו מאפשר לאור לברוח') ;

INSERT INTO answer_options (question_id, correct_answer, answer_text)
VALUES ('303035105', FALSE, 'כוכב לכת כהה מאוד');

INSERT INTO answer_options (question_id, correct_answer, answer_text)
VALUES ('303035105', FALSE, 'גלקסיה ללא פנסי רחוב');

INSERT INTO answer_options (question_id, correct_answer, answer_text)
VALUES ('303035105', FALSE, 'ירח חלול');

INSERT INTO questions (question_id, language_id, topic_id, c_grade_id, level, question_text, explanation, interesting_fact)
VALUES ('303036101', 1, 3036, 1, 1, 'באיזו מדינה התפתחה אומנות הלחימה "קונג פו"?', '', 'סרט האנימציה "קונג פו פנדה" שואב השראה מאומנות לחימה עתיקה זו.') ON CONFLICT (question_id) DO UPDATE SET language_id = 1 ,topic_id= 3036,c_grade_id =1,level=1,question_text='באיזו מדינה התפתחה אומנות הלחימה "קונג פו"?',explanation='',interesting_fact='סרט האנימציה "קונג פו פנדה" שואב השראה מאומנות לחימה עתיקה זו.';


INSERT INTO answer_options (question_id, correct_answer, answer_text)
VALUES ('303036101', TRUE, 'סין') ;

INSERT INTO answer_options (question_id, correct_answer, answer_text)
VALUES ('303036101', FALSE, 'יפן');

INSERT INTO answer_options (question_id, correct_answer, answer_text)
VALUES ('303036101', FALSE, 'קוריאה');

INSERT INTO answer_options (question_id, correct_answer, answer_text)
VALUES ('303036101', FALSE, 'הודו');

INSERT INTO questions (question_id, language_id, topic_id, c_grade_id, level, question_text, explanation, interesting_fact)
VALUES ('303036102', 1, 3036, 2, 2, 'איזה חג מציינים בארצות הברית ביום חמישי לקראת סוף חודש נובמבר?', '', 'בחג ההודיה נהוג לאכול תרנגול הודו ולהודות על שפע הטוב בחיים.') ON CONFLICT (question_id) DO UPDATE SET language_id = 1 ,topic_id= 3036,c_grade_id =2,level=2,question_text='איזה חג מציינים בארצות הברית ביום חמישי לקראת סוף חודש נובמבר?',explanation='',interesting_fact='בחג ההודיה נהוג לאכול תרנגול הודו ולהודות על שפע הטוב בחיים.';


INSERT INTO answer_options (question_id, correct_answer, answer_text)
VALUES ('303036102', TRUE, 'חג ההודיה') ;

INSERT INTO answer_options (question_id, correct_answer, answer_text)
VALUES ('303036102', FALSE, 'פסח');

INSERT INTO answer_options (question_id, correct_answer, answer_text)
VALUES ('303036102', FALSE, 'פורים');

INSERT INTO answer_options (question_id, correct_answer, answer_text)
VALUES ('303036102', FALSE, 'יום העצמאות');

INSERT INTO questions (question_id, language_id, topic_id, c_grade_id, level, question_text, explanation, interesting_fact)
VALUES ('303036103', 1, 3036, 3, 3, 'באיזה חג מדליקים מנורה במשך שמונה לילות?', '', 'בחנוכה נוהגים לסובב סביבונים, להדליק נרות בחנוכיה ולזלול סופגניות.') ON CONFLICT (question_id) DO UPDATE SET language_id = 1 ,topic_id= 3036,c_grade_id =3,level=3,question_text='באיזה חג מדליקים מנורה במשך שמונה לילות?',explanation='',interesting_fact='בחנוכה נוהגים לסובב סביבונים, להדליק נרות בחנוכיה ולזלול סופגניות.';


INSERT INTO answer_options (question_id, correct_answer, answer_text)
VALUES ('303036103', TRUE, 'חנוכה') ;

INSERT INTO answer_options (question_id, correct_answer, answer_text)
VALUES ('303036103', FALSE, 'דיוואלי');

INSERT INTO answer_options (question_id, correct_answer, answer_text)
VALUES ('303036103', FALSE, 'רמדאן');

INSERT INTO answer_options (question_id, correct_answer, answer_text)
VALUES ('303036103', FALSE, 'פסח');

INSERT INTO questions (question_id, language_id, topic_id, c_grade_id, level, question_text, explanation, interesting_fact)
VALUES ('303036104', 1, 3036, 4, 4, 'באיזה חודש, על הלוח המוסלמי, צמים מאמיני האסלם?', '', 'בחודש רמדאן המוסלמים צמים מעלות השחר ועד לשקיעה.') ON CONFLICT (question_id) DO UPDATE SET language_id = 1 ,topic_id= 3036,c_grade_id =4,level=4,question_text='באיזה חודש, על הלוח המוסלמי, צמים מאמיני האסלם?',explanation='',interesting_fact='בחודש רמדאן המוסלמים צמים מעלות השחר ועד לשקיעה.';


INSERT INTO answer_options (question_id, correct_answer, answer_text)
VALUES ('303036104', TRUE, 'רמדאן') ;

INSERT INTO answer_options (question_id, correct_answer, answer_text)
VALUES ('303036104', FALSE, 'שעבאן');

INSERT INTO answer_options (question_id, correct_answer, answer_text)
VALUES ('303036104', FALSE, 'רביע אל-אוול');

INSERT INTO answer_options (question_id, correct_answer, answer_text)
VALUES ('303036104', FALSE, 'מוחרם');

INSERT INTO questions (question_id, language_id, topic_id, c_grade_id, level, question_text, explanation, interesting_fact)
VALUES ('303036105', 1, 3036, 5, 5, 'באיזה חג בהודו מדליקים אורות ומתפללים לאלת המזל?', '', 'דיוואלי, חג האורות, מציין את ניצחון האור על החושך וניצחון הטוב על הרע.') ON CONFLICT (question_id) DO UPDATE SET language_id = 1 ,topic_id= 3036,c_grade_id =5,level=5,question_text='באיזה חג בהודו מדליקים אורות ומתפללים לאלת המזל?',explanation='',interesting_fact='דיוואלי, חג האורות, מציין את ניצחון האור על החושך וניצחון הטוב על הרע.';


INSERT INTO answer_options (question_id, correct_answer, answer_text)
VALUES ('303036105', TRUE, 'דיוואלי') ;

INSERT INTO answer_options (question_id, correct_answer, answer_text)
VALUES ('303036105', FALSE, 'סוכות');

INSERT INTO answer_options (question_id, correct_answer, answer_text)
VALUES ('303036105', FALSE, 'יום העצמאות');

INSERT INTO answer_options (question_id, correct_answer, answer_text)
VALUES ('303036105', FALSE, 'חג ההודיה');

INSERT INTO questions (question_id, language_id, topic_id, c_grade_id, level, question_text, explanation, interesting_fact)
VALUES ('303037101', 1, 3037, 1, 1, 'מה תפקידו של מקש: Caps Lock ?', '', 'המחשב הראשון נבנה בשנות ה-40 של המאה ה-20.') ON CONFLICT (question_id) DO UPDATE SET language_id = 1 ,topic_id= 3037,c_grade_id =1,level=1,question_text='מה תפקידו של מקש: Caps Lock ?',explanation='',interesting_fact='המחשב הראשון נבנה בשנות ה-40 של המאה ה-20.';


INSERT INTO answer_options (question_id, correct_answer, answer_text)
VALUES ('303037101', TRUE, 'אותיות גדולות באנגלית') ;

INSERT INTO answer_options (question_id, correct_answer, answer_text)
VALUES ('303037101', FALSE, 'שינוי תאורת המסך');

INSERT INTO answer_options (question_id, correct_answer, answer_text)
VALUES ('303037101', FALSE, 'גלישה מהירה באינטרנט');

INSERT INTO answer_options (question_id, correct_answer, answer_text)
VALUES ('303037101', FALSE, 'שמירת קבצים');

INSERT INTO questions (question_id, language_id, topic_id, c_grade_id, level, question_text, explanation, interesting_fact)
VALUES ('303037102', 1, 3037, 2, 2, 'באיזו שנה הושקה ויקיפדיה?', '', 'ויקיפדיה היא אנציקלופדיה מקוונת רב-לשונית, המבוססת על תוכן חופשי וזמין. ויקיפדיה היא האנציקלופדיה הכללית הגדולה והפופולרית ביותר באינטרנט.') ON CONFLICT (question_id) DO UPDATE SET language_id = 1 ,topic_id= 3037,c_grade_id =2,level=2,question_text='באיזו שנה הושקה ויקיפדיה?',explanation='',interesting_fact='ויקיפדיה היא אנציקלופדיה מקוונת רב-לשונית, המבוססת על תוכן חופשי וזמין. ויקיפדיה היא האנציקלופדיה הכללית הגדולה והפופולרית ביותר באינטרנט.';


INSERT INTO answer_options (question_id, correct_answer, answer_text)
VALUES ('303037102', TRUE, '2001') ;

INSERT INTO answer_options (question_id, correct_answer, answer_text)
VALUES ('303037102', FALSE, '1990');

INSERT INTO answer_options (question_id, correct_answer, answer_text)
VALUES ('303037102', FALSE, '1978');

INSERT INTO answer_options (question_id, correct_answer, answer_text)
VALUES ('303037102', FALSE, '2013');

INSERT INTO questions (question_id, language_id, topic_id, c_grade_id, level, question_text, explanation, interesting_fact)
VALUES ('303037103', 1, 3037, 3, 3, 'מה משותף ל: C++ ג`אווה, פייתון ובייסיק?', '', 'יש שפות תכנות רבות ולכול אחת ייחוד משלה.') ON CONFLICT (question_id) DO UPDATE SET language_id = 1 ,topic_id= 3037,c_grade_id =3,level=3,question_text='מה משותף ל: C++ ג`אווה, פייתון ובייסיק?',explanation='',interesting_fact='יש שפות תכנות רבות ולכול אחת ייחוד משלה.';


INSERT INTO answer_options (question_id, correct_answer, answer_text)
VALUES ('303037103', TRUE, 'שפות תכנות') ;

INSERT INTO answer_options (question_id, correct_answer, answer_text)
VALUES ('303037103', FALSE, 'מדינות באפריקה');

INSERT INTO answer_options (question_id, correct_answer, answer_text)
VALUES ('303037103', FALSE, 'מינרלים נדירים');

INSERT INTO answer_options (question_id, correct_answer, answer_text)
VALUES ('303037103', FALSE, 'שמות של ילדים באינדונזיה');

INSERT INTO questions (question_id, language_id, topic_id, c_grade_id, level, question_text, explanation, interesting_fact)
VALUES ('303037104', 1, 3037, 4, 4, 'מה משמעות ראשי התיבות AI ?', '', 'AI = Artificial intelligence') ON CONFLICT (question_id) DO UPDATE SET language_id = 1 ,topic_id= 3037,c_grade_id =4,level=4,question_text='מה משמעות ראשי התיבות AI ?',explanation='',interesting_fact='AI = Artificial intelligence';


INSERT INTO answer_options (question_id, correct_answer, answer_text)
VALUES ('303037104', TRUE, 'בינה מלאכותית') ;

INSERT INTO answer_options (question_id, correct_answer, answer_text)
VALUES ('303037104', FALSE, 'חלב שקדים');

INSERT INTO answer_options (question_id, correct_answer, answer_text)
VALUES ('303037104', FALSE, 'מזון חתולים');

INSERT INTO answer_options (question_id, correct_answer, answer_text)
VALUES ('303037104', FALSE, 'מזון רובוטי');

INSERT INTO questions (question_id, language_id, topic_id, c_grade_id, level, question_text, explanation, interesting_fact)
VALUES ('303037105', 1, 3037, 5, 5, 'מהו רכב אוטונומי?', '', 'חברות רבות ברחבי העולם שוקדות על פיתוח וייצור רכבים אוטונומיים') ON CONFLICT (question_id) DO UPDATE SET language_id = 1 ,topic_id= 3037,c_grade_id =5,level=5,question_text='מהו רכב אוטונומי?',explanation='',interesting_fact='חברות רבות ברחבי העולם שוקדות על פיתוח וייצור רכבים אוטונומיים';


INSERT INTO answer_options (question_id, correct_answer, answer_text)
VALUES ('303037105', TRUE, 'מכונית שנוסעת ללא נהג') ;

INSERT INTO answer_options (question_id, correct_answer, answer_text)
VALUES ('303037105', FALSE, 'מכונית בשימוש הרשות הפלסטינית');

INSERT INTO answer_options (question_id, correct_answer, answer_text)
VALUES ('303037105', FALSE, 'מכונית שלא נוסעת ברוורס');

INSERT INTO answer_options (question_id, correct_answer, answer_text)
VALUES ('303037105', FALSE, 'האוטו של נעמי');

INSERT INTO questions (question_id, language_id, topic_id, c_grade_id, level, question_text, explanation, interesting_fact)
VALUES ('303038101', 1, 3038, 1, 1, 'כיצד מכונה המטבע האמריקני?', '', 'גם למטבע בקנדה ובאוסטרליה קוראים דולר אבל ערכו שונה מהדולר האמריקני') ON CONFLICT (question_id) DO UPDATE SET language_id = 1 ,topic_id= 3038,c_grade_id =1,level=1,question_text='כיצד מכונה המטבע האמריקני?',explanation='',interesting_fact='גם למטבע בקנדה ובאוסטרליה קוראים דולר אבל ערכו שונה מהדולר האמריקני';


INSERT INTO answer_options (question_id, correct_answer, answer_text)
VALUES ('303038101', TRUE, 'דולר') ;

INSERT INTO answer_options (question_id, correct_answer, answer_text)
VALUES ('303038101', FALSE, 'רובל');

INSERT INTO answer_options (question_id, correct_answer, answer_text)
VALUES ('303038101', FALSE, 'רופי');

INSERT INTO answer_options (question_id, correct_answer, answer_text)
VALUES ('303038101', FALSE, 'דינר');

INSERT INTO questions (question_id, language_id, topic_id, c_grade_id, level, question_text, explanation, interesting_fact)
VALUES ('303038102', 1, 3038, 2, 2, 'מהי כלכלה?', '', 'כלכלנים חוקרים , בין היתר, כיצד מפצים את המשאבים בחברה.') ON CONFLICT (question_id) DO UPDATE SET language_id = 1 ,topic_id= 3038,c_grade_id =2,level=2,question_text='מהי כלכלה?',explanation='',interesting_fact='כלכלנים חוקרים , בין היתר, כיצד מפצים את המשאבים בחברה.';


INSERT INTO answer_options (question_id, correct_answer, answer_text)
VALUES ('303038102', TRUE, 'מערכת של ייצור, הפצה וצריכת סחורות ושירותים') ;

INSERT INTO answer_options (question_id, correct_answer, answer_text)
VALUES ('303038102', FALSE, 'ענף ספורט');

INSERT INTO answer_options (question_id, correct_answer, answer_text)
VALUES ('303038102', FALSE, 'סוג של מוזיקה');

INSERT INTO answer_options (question_id, correct_answer, answer_text)
VALUES ('303038102', FALSE, 'סוג של אומנות');

INSERT INTO questions (question_id, language_id, topic_id, c_grade_id, level, question_text, explanation, interesting_fact)
VALUES ('303038103', 1, 3038, 3, 3, 'מה מייצג החזירון שבאיור?', '', 'חיסכון הוא חלק בלתי נפרד מהתנהלות כלכלית אחראית ונבונה.') ON CONFLICT (question_id) DO UPDATE SET language_id = 1 ,topic_id= 3038,c_grade_id =3,level=3,question_text='מה מייצג החזירון שבאיור?',explanation='',interesting_fact='חיסכון הוא חלק בלתי נפרד מהתנהלות כלכלית אחראית ונבונה.';


INSERT INTO answer_options (question_id, correct_answer, answer_text)
VALUES ('303038103', TRUE, 'קופת חיסכון') ;

INSERT INTO answer_options (question_id, correct_answer, answer_text)
VALUES ('303038103', FALSE, 'ביצת הפתעה');

INSERT INTO answer_options (question_id, correct_answer, answer_text)
VALUES ('303038103', FALSE, 'סחר בבעלי חיים');

INSERT INTO answer_options (question_id, correct_answer, answer_text)
VALUES ('303038103', FALSE, 'את הרתיעה מהקפיטליזם');

INSERT INTO questions (question_id, language_id, topic_id, c_grade_id, level, question_text, explanation, interesting_fact)
VALUES ('303038104', 1, 3038, 4, 4, 'מה משותף ל: פועלים, לאומי, דיסקונט ומזרחי?', '', 'גם בנק אוצר החייל ובנק ירושלים הם בנקים פעילים בישראל') ON CONFLICT (question_id) DO UPDATE SET language_id = 1 ,topic_id= 3038,c_grade_id =4,level=4,question_text='מה משותף ל: פועלים, לאומי, דיסקונט ומזרחי?',explanation='',interesting_fact='גם בנק אוצר החייל ובנק ירושלים הם בנקים פעילים בישראל';


INSERT INTO answer_options (question_id, correct_answer, answer_text)
VALUES ('303038104', TRUE, 'בנקים בישראל') ;

INSERT INTO answer_options (question_id, correct_answer, answer_text)
VALUES ('303038104', FALSE, 'קופות חולים');

INSERT INTO answer_options (question_id, correct_answer, answer_text)
VALUES ('303038104', FALSE, 'משחקי מחשב');

INSERT INTO answer_options (question_id, correct_answer, answer_text)
VALUES ('303038104', FALSE, 'מפלגות בכנסת');

INSERT INTO questions (question_id, language_id, topic_id, c_grade_id, level, question_text, explanation, interesting_fact)
VALUES ('303038105', 1, 3038, 5, 5, 'מהי בורסה?', '', 'בבורסה אנשים וחברות יכולים לקנות ולמכור מניות של חברות.') ON CONFLICT (question_id) DO UPDATE SET language_id = 1 ,topic_id= 3038,c_grade_id =5,level=5,question_text='מהי בורסה?',explanation='',interesting_fact='בבורסה אנשים וחברות יכולים לקנות ולמכור מניות של חברות.';


INSERT INTO answer_options (question_id, correct_answer, answer_text)
VALUES ('303038105', TRUE, 'שוק למסחר במניות ובאגרות חוב') ;

INSERT INTO answer_options (question_id, correct_answer, answer_text)
VALUES ('303038105', FALSE, 'סוג של משחק');

INSERT INTO answer_options (question_id, correct_answer, answer_text)
VALUES ('303038105', FALSE, 'סוג של חיידק');

INSERT INTO answer_options (question_id, correct_answer, answer_text)
VALUES ('303038105', FALSE, 'אומנות לחימה פקיסטנית');

INSERT INTO questions (question_id, language_id, topic_id, c_grade_id, level, question_text, explanation, interesting_fact)
VALUES ('303039101', 1, 3039, 1, 1, 'מי היה דוד בן-גוריון?', '', 'דוד בן-גוריון היה זה שהכריז על הקמת מדינת ישראל בשנת 1948.') ON CONFLICT (question_id) DO UPDATE SET language_id = 1 ,topic_id= 3039,c_grade_id =1,level=1,question_text='מי היה דוד בן-גוריון?',explanation='',interesting_fact='דוד בן-גוריון היה זה שהכריז על הקמת מדינת ישראל בשנת 1948.';


INSERT INTO answer_options (question_id, correct_answer, answer_text)
VALUES ('303039101', TRUE, 'ראש הממשלת הראשון של ישראל') ;

INSERT INTO answer_options (question_id, correct_answer, answer_text)
VALUES ('303039101', FALSE, 'נשיא ארצות הברית');

INSERT INTO answer_options (question_id, correct_answer, answer_text)
VALUES ('303039101', FALSE, 'מלך בריטניה');

INSERT INTO answer_options (question_id, correct_answer, answer_text)
VALUES ('303039101', FALSE, 'שר החוץ של צרפת');

INSERT INTO questions (question_id, language_id, topic_id, c_grade_id, level, question_text, explanation, interesting_fact)
VALUES ('303039102', 1, 3039, 2, 2, 'מי היה ג`ורג` וושינגטון?', '', 'ג`ורג` וושינגטון נבחר לנשיאות בשנת 1789 ושימש בתפקיד זה עד 1797.') ON CONFLICT (question_id) DO UPDATE SET language_id = 1 ,topic_id= 3039,c_grade_id =2,level=2,question_text='מי היה ג`ורג` וושינגטון?',explanation='',interesting_fact='ג`ורג` וושינגטון נבחר לנשיאות בשנת 1789 ושימש בתפקיד זה עד 1797.';


INSERT INTO answer_options (question_id, correct_answer, answer_text)
VALUES ('303039102', TRUE, 'הנשיא הראשון של ארצות הברית') ;

INSERT INTO answer_options (question_id, correct_answer, answer_text)
VALUES ('303039102', FALSE, 'ראש ממשלת קנדה');

INSERT INTO answer_options (question_id, correct_answer, answer_text)
VALUES ('303039102', FALSE, 'נשיא צרפת');

INSERT INTO answer_options (question_id, correct_answer, answer_text)
VALUES ('303039102', FALSE, 'קיסר רומא');

INSERT INTO questions (question_id, language_id, topic_id, c_grade_id, level, question_text, explanation, interesting_fact)
VALUES ('303039103', 1, 3039, 3, 3, 'מי מהבאים לא היה ראש ממשלה בישראל?', '', 'חיים ויצמן היה הנשיא הראשון של מדינת ישראל.') ON CONFLICT (question_id) DO UPDATE SET language_id = 1 ,topic_id= 3039,c_grade_id =3,level=3,question_text='מי מהבאים לא היה ראש ממשלה בישראל?',explanation='',interesting_fact='חיים ויצמן היה הנשיא הראשון של מדינת ישראל.';


INSERT INTO answer_options (question_id, correct_answer, answer_text)
VALUES ('303039103', TRUE, 'חיים ויצמן') ;

INSERT INTO answer_options (question_id, correct_answer, answer_text)
VALUES ('303039103', FALSE, 'יצחק רבין');

INSERT INTO answer_options (question_id, correct_answer, answer_text)
VALUES ('303039103', FALSE, 'נפתלי בנט');

INSERT INTO answer_options (question_id, correct_answer, answer_text)
VALUES ('303039103', FALSE, 'משה שרת');

INSERT INTO questions (question_id, language_id, topic_id, c_grade_id, level, question_text, explanation, interesting_fact)
VALUES ('303039104', 1, 3039, 4, 4, 'מי מהבאים לא היה נשיא ארצות הברית?', '', 'ביל גייטס הוא מייסד חברת התוכנה מייקרוסופט') ON CONFLICT (question_id) DO UPDATE SET language_id = 1 ,topic_id= 3039,c_grade_id =4,level=4,question_text='מי מהבאים לא היה נשיא ארצות הברית?',explanation='',interesting_fact='ביל גייטס הוא מייסד חברת התוכנה מייקרוסופט';


INSERT INTO answer_options (question_id, correct_answer, answer_text)
VALUES ('303039104', TRUE, 'ביל גייטס') ;

INSERT INTO answer_options (question_id, correct_answer, answer_text)
VALUES ('303039104', FALSE, 'ביל קלינטון');

INSERT INTO answer_options (question_id, correct_answer, answer_text)
VALUES ('303039104', FALSE, 'דונלד טרמפ');

INSERT INTO answer_options (question_id, correct_answer, answer_text)
VALUES ('303039104', FALSE, 'ג`ו ביידן');

INSERT INTO questions (question_id, language_id, topic_id, c_grade_id, level, question_text, explanation, interesting_fact)
VALUES ('303039105', 1, 3039, 5, 5, 'מי היה וינסטון צ`רצ`יל?', '', 'וינסטון צ`רצ`יל היה אחד המנהיגים החשובים בזמן מלחמת העולם השנייה.') ON CONFLICT (question_id) DO UPDATE SET language_id = 1 ,topic_id= 3039,c_grade_id =5,level=5,question_text='מי היה וינסטון צ`רצ`יל?',explanation='',interesting_fact='וינסטון צ`רצ`יל היה אחד המנהיגים החשובים בזמן מלחמת העולם השנייה.';


INSERT INTO answer_options (question_id, correct_answer, answer_text)
VALUES ('303039105', TRUE, 'ראש ממשלת בריטניה') ;

INSERT INTO answer_options (question_id, correct_answer, answer_text)
VALUES ('303039105', FALSE, 'נשיא ארצות הברית');

INSERT INTO answer_options (question_id, correct_answer, answer_text)
VALUES ('303039105', FALSE, 'קיסר רומא');

INSERT INTO answer_options (question_id, correct_answer, answer_text)
VALUES ('303039105', FALSE, 'מלך ספרד');

INSERT INTO questions (question_id, language_id, topic_id, c_grade_id, level, question_text, explanation, interesting_fact)
VALUES ('303040101', 1, 3040, 1, 1, 'מי מהבאים לא התפרסם כשחקן כדורגל?', '', 'כדורגל הוא המשחק הקבוצתי הפופולרי ביותר בעולם.') ON CONFLICT (question_id) DO UPDATE SET language_id = 1 ,topic_id= 3040,c_grade_id =1,level=1,question_text='מי מהבאים לא התפרסם כשחקן כדורגל?',explanation='',interesting_fact='כדורגל הוא המשחק הקבוצתי הפופולרי ביותר בעולם.';


INSERT INTO answer_options (question_id, correct_answer, answer_text)
VALUES ('303040101', TRUE, 'מייקל ג`ורדן') ;

INSERT INTO answer_options (question_id, correct_answer, answer_text)
VALUES ('303040101', FALSE, 'לאו מסי');

INSERT INTO answer_options (question_id, correct_answer, answer_text)
VALUES ('303040101', FALSE, 'קיליאן אמבפה');

INSERT INTO answer_options (question_id, correct_answer, answer_text)
VALUES ('303040101', FALSE, 'דייגו ארמנדו מראדונה');

INSERT INTO questions (question_id, language_id, topic_id, c_grade_id, level, question_text, explanation, interesting_fact)
VALUES ('303040102', 1, 3040, 2, 2, 'מי מהבאים התפרסם כשחקן טניס מעולה?', '', 'טניס התפתח באנגליה בסוף המאה ה-19.') ON CONFLICT (question_id) DO UPDATE SET language_id = 1 ,topic_id= 3040,c_grade_id =2,level=2,question_text='מי מהבאים התפרסם כשחקן טניס מעולה?',explanation='',interesting_fact='טניס התפתח באנגליה בסוף המאה ה-19.';


INSERT INTO answer_options (question_id, correct_answer, answer_text)
VALUES ('303040102', TRUE, 'נובאק ג`וקוביץ`') ;

INSERT INTO answer_options (question_id, correct_answer, answer_text)
VALUES ('303040102', FALSE, 'מייק טייסון');

INSERT INTO answer_options (question_id, correct_answer, answer_text)
VALUES ('303040102', FALSE, 'מיקי ברקוביץ`');

INSERT INTO answer_options (question_id, correct_answer, answer_text)
VALUES ('303040102', FALSE, 'טל ברודי');

INSERT INTO questions (question_id, language_id, topic_id, c_grade_id, level, question_text, explanation, interesting_fact)
VALUES ('303040103', 1, 3040, 3, 3, 'איזה שחקו כדורגל מפורסם נוהג ללבוש חולצה שעליה המספר 10?', '', 'גם פלה ומארדונה לבשו חולצה שעליה התנוסס המספר 10') ON CONFLICT (question_id) DO UPDATE SET language_id = 1 ,topic_id= 3040,c_grade_id =3,level=3,question_text='איזה שחקו כדורגל מפורסם נוהג ללבוש חולצה שעליה המספר 10?',explanation='',interesting_fact='גם פלה ומארדונה לבשו חולצה שעליה התנוסס המספר 10';


INSERT INTO answer_options (question_id, correct_answer, answer_text)
VALUES ('303040103', TRUE, 'לאו מסי') ;

INSERT INTO answer_options (question_id, correct_answer, answer_text)
VALUES ('303040103', FALSE, 'כריסטיאנו רונאלדו');

INSERT INTO answer_options (question_id, correct_answer, answer_text)
VALUES ('303040103', FALSE, 'לואיס סוארז');

INSERT INTO answer_options (question_id, correct_answer, answer_text)
VALUES ('303040103', FALSE, 'ארלינג הלאנד');

INSERT INTO questions (question_id, language_id, topic_id, c_grade_id, level, question_text, explanation, interesting_fact)
VALUES ('303040104', 1, 3040, 4, 4, 'מי מהבאים לא התפרסם כשחקן כדורסל?', '', 'משחק הכדורסל הומצא על ידי ג`יימס נייסמית בשנת 1891.') ON CONFLICT (question_id) DO UPDATE SET language_id = 1 ,topic_id= 3040,c_grade_id =4,level=4,question_text='מי מהבאים לא התפרסם כשחקן כדורסל?',explanation='',interesting_fact='משחק הכדורסל הומצא על ידי ג`יימס נייסמית בשנת 1891.';


INSERT INTO answer_options (question_id, correct_answer, answer_text)
VALUES ('303040104', TRUE, 'חיים רביבו') ;

INSERT INTO answer_options (question_id, correct_answer, answer_text)
VALUES ('303040104', FALSE, 'דני אבדיה');

INSERT INTO answer_options (question_id, correct_answer, answer_text)
VALUES ('303040104', FALSE, 'מיקי ברקוביץ`');

INSERT INTO answer_options (question_id, correct_answer, answer_text)
VALUES ('303040104', FALSE, 'עודד קטש');

INSERT INTO questions (question_id, language_id, topic_id, c_grade_id, level, question_text, explanation, interesting_fact)
VALUES ('303040105', 1, 3040, 5, 5, 'היכן התפתחה היוגה?', '', 'היוגה נתפשת במערב כשיטת אימון גופני עם אלמנטים מסטיים ורוחניים.') ON CONFLICT (question_id) DO UPDATE SET language_id = 1 ,topic_id= 3040,c_grade_id =5,level=5,question_text='היכן התפתחה היוגה?',explanation='',interesting_fact='היוגה נתפשת במערב כשיטת אימון גופני עם אלמנטים מסטיים ורוחניים.';


INSERT INTO answer_options (question_id, correct_answer, answer_text)
VALUES ('303040105', TRUE, 'הודו') ;

INSERT INTO answer_options (question_id, correct_answer, answer_text)
VALUES ('303040105', FALSE, 'דרום אפריקה');

INSERT INTO answer_options (question_id, correct_answer, answer_text)
VALUES ('303040105', FALSE, 'קפריסין');

INSERT INTO answer_options (question_id, correct_answer, answer_text)
VALUES ('303040105', FALSE, 'מצרים');

INSERT INTO questions (question_id, language_id, topic_id, c_grade_id, level, question_text, explanation, interesting_fact)
VALUES ('303041101', 1, 3041, 1, 1, 'איזו קבוצת כדורגל לא קיימת בארץ?', '', 'כדורגל הוא משחק הכדור הפופולרי ביותר בעולם.') ON CONFLICT (question_id) DO UPDATE SET language_id = 1 ,topic_id= 3041,c_grade_id =1,level=1,question_text='איזו קבוצת כדורגל לא קיימת בארץ?',explanation='',interesting_fact='כדורגל הוא משחק הכדור הפופולרי ביותר בעולם.';


INSERT INTO answer_options (question_id, correct_answer, answer_text)
VALUES ('303041101', TRUE, 'צפרירים עפולה') ;

INSERT INTO answer_options (question_id, correct_answer, answer_text)
VALUES ('303041101', FALSE, 'בית"ר ירושלים');

INSERT INTO answer_options (question_id, correct_answer, answer_text)
VALUES ('303041101', FALSE, 'מכבי חיפה');

INSERT INTO answer_options (question_id, correct_answer, answer_text)
VALUES ('303041101', FALSE, 'הפועל ירושלים');

INSERT INTO questions (question_id, language_id, topic_id, c_grade_id, level, question_text, explanation, interesting_fact)
VALUES ('303041102', 1, 3041, 2, 2, 'במשחק "כיסאות מוזיקליים", מה צריך לעשות כשהמוזיקה עוצרת?', '', 'זהו משחק פופולארי בגני ילדים') ON CONFLICT (question_id) DO UPDATE SET language_id = 1 ,topic_id= 3041,c_grade_id =2,level=2,question_text='במשחק "כיסאות מוזיקליים", מה צריך לעשות כשהמוזיקה עוצרת?',explanation='',interesting_fact='זהו משחק פופולארי בגני ילדים';


INSERT INTO answer_options (question_id, correct_answer, answer_text)
VALUES ('303041102', TRUE, 'לשבת על כיסא') ;

INSERT INTO answer_options (question_id, correct_answer, answer_text)
VALUES ('303041102', FALSE, 'לרקוד סטפס');

INSERT INTO answer_options (question_id, correct_answer, answer_text)
VALUES ('303041102', FALSE, 'לנקות את הכיסאות');

INSERT INTO answer_options (question_id, correct_answer, answer_text)
VALUES ('303041102', FALSE, 'לפצוח בשירה');

INSERT INTO questions (question_id, language_id, topic_id, c_grade_id, level, question_text, explanation, interesting_fact)
VALUES ('303041103', 1, 3041, 3, 3, 'מילה נרדפת ל"מחבוא"', '', 'בתנ"ך יש סיפורים על אנשים שהתחבאו וחפצים שהוחבאו. למשל: דוד הסתתר מפני שאול, ורחל החביאה את הטרפים של לבן.') ON CONFLICT (question_id) DO UPDATE SET language_id = 1 ,topic_id= 3041,c_grade_id =3,level=3,question_text='מילה נרדפת ל"מחבוא"',explanation='',interesting_fact='בתנ"ך יש סיפורים על אנשים שהתחבאו וחפצים שהוחבאו. למשל: דוד הסתתר מפני שאול, ורחל החביאה את הטרפים של לבן.';


INSERT INTO answer_options (question_id, correct_answer, answer_text)
VALUES ('303041103', TRUE, 'מסתור') ;

INSERT INTO answer_options (question_id, correct_answer, answer_text)
VALUES ('303041103', FALSE, 'מקבץ');

INSERT INTO answer_options (question_id, correct_answer, answer_text)
VALUES ('303041103', FALSE, 'מפצלת');

INSERT INTO answer_options (question_id, correct_answer, answer_text)
VALUES ('303041103', FALSE, 'קרבורטור');

INSERT INTO questions (question_id, language_id, topic_id, c_grade_id, level, question_text, explanation, interesting_fact)
VALUES ('303041104', 1, 3041, 4, 4, 'מקורו של איזה משחק באפריקה?', '', 'מנקלה היא משחק המבוסס על גולות וגומות. יש למשחק מספר גרסאות והוא פופולארי בכול העולם.') ON CONFLICT (question_id) DO UPDATE SET language_id = 1 ,topic_id= 3041,c_grade_id =4,level=4,question_text='מקורו של איזה משחק באפריקה?',explanation='',interesting_fact='מנקלה היא משחק המבוסס על גולות וגומות. יש למשחק מספר גרסאות והוא פופולארי בכול העולם.';


INSERT INTO answer_options (question_id, correct_answer, answer_text)
VALUES ('303041104', TRUE, 'מנקלה') ;

INSERT INTO answer_options (question_id, correct_answer, answer_text)
VALUES ('303041104', FALSE, 'מונופול');

INSERT INTO answer_options (question_id, correct_answer, answer_text)
VALUES ('303041104', FALSE, 'שחמט');

INSERT INTO answer_options (question_id, correct_answer, answer_text)
VALUES ('303041104', FALSE, 'גו');

INSERT INTO questions (question_id, language_id, topic_id, c_grade_id, level, question_text, explanation, interesting_fact)
VALUES ('303041105', 1, 3041, 5, 5, 'מה משותף לכלב, נעל, כובע ואצבעון?', '', 'משחק ה"מונופול" מעניק כישורים בסיסיים בניהול כספים והחלטות כלכליות.') ON CONFLICT (question_id) DO UPDATE SET language_id = 1 ,topic_id= 3041,c_grade_id =5,level=5,question_text='מה משותף לכלב, נעל, כובע ואצבעון?',explanation='',interesting_fact='משחק ה"מונופול" מעניק כישורים בסיסיים בניהול כספים והחלטות כלכליות.';


INSERT INTO answer_options (question_id, correct_answer, answer_text)
VALUES ('303041105', TRUE, 'כלי מונופול') ;

INSERT INTO answer_options (question_id, correct_answer, answer_text)
VALUES ('303041105', FALSE, 'גימטריה זהה');

INSERT INTO answer_options (question_id, correct_answer, answer_text)
VALUES ('303041105', FALSE, 'שמות של קבוצות הוקי');

INSERT INTO answer_options (question_id, correct_answer, answer_text)
VALUES ('303041105', FALSE, 'דברים שמיוצרים רק ביפן');

INSERT INTO questions (question_id, language_id, topic_id, c_grade_id, level, question_text, explanation, interesting_fact)
VALUES ('303042101', 1, 3042, 1, 1, 'מה גורם להיווצרות קשת בענן?', '', 'קשת בענן נוצרת כאשר השמש מאירה מאחורי הצופה ויורד גשם.') ON CONFLICT (question_id) DO UPDATE SET language_id = 1 ,topic_id= 3042,c_grade_id =1,level=1,question_text='מה גורם להיווצרות קשת בענן?',explanation='',interesting_fact='קשת בענן נוצרת כאשר השמש מאירה מאחורי הצופה ויורד גשם.';


INSERT INTO answer_options (question_id, correct_answer, answer_text)
VALUES ('303042101', TRUE, 'נפיצת אור בטיפות מים') ;

INSERT INTO answer_options (question_id, correct_answer, answer_text)
VALUES ('303042101', FALSE, 'רוח חזקה');

INSERT INTO answer_options (question_id, correct_answer, answer_text)
VALUES ('303042101', FALSE, 'גשם כבד');

INSERT INTO answer_options (question_id, correct_answer, answer_text)
VALUES ('303042101', FALSE, 'שלג');

INSERT INTO questions (question_id, language_id, topic_id, c_grade_id, level, question_text, explanation, interesting_fact)
VALUES ('303042102', 1, 3042, 2, 2, 'כיצד נקרא החומר הפורץ מלוע הר געש?', '', 'מקורה של הקרקע הבזלתית ברמת הגולן בהתפרצויות געשיות.') ON CONFLICT (question_id) DO UPDATE SET language_id = 1 ,topic_id= 3042,c_grade_id =2,level=2,question_text='כיצד נקרא החומר הפורץ מלוע הר געש?',explanation='',interesting_fact='מקורה של הקרקע הבזלתית ברמת הגולן בהתפרצויות געשיות.';


INSERT INTO answer_options (question_id, correct_answer, answer_text)
VALUES ('303042102', TRUE, 'לבה') ;

INSERT INTO answer_options (question_id, correct_answer, answer_text)
VALUES ('303042102', FALSE, 'קטשופ');

INSERT INTO answer_options (question_id, correct_answer, answer_text)
VALUES ('303042102', FALSE, 'עמבה');

INSERT INTO answer_options (question_id, correct_answer, answer_text)
VALUES ('303042102', FALSE, 'סירופ מייפל');

INSERT INTO questions (question_id, language_id, topic_id, c_grade_id, level, question_text, explanation, interesting_fact)
VALUES ('303042103', 1, 3042, 3, 3, 'מה עלול לגרום לעליית מפלס המים באוקיינוסים?', '', 'ההתחממות הגלובלית באה לידי ביטוי, בין היתר, בהמסת קרחונים.') ON CONFLICT (question_id) DO UPDATE SET language_id = 1 ,topic_id= 3042,c_grade_id =3,level=3,question_text='מה עלול לגרום לעליית מפלס המים באוקיינוסים?',explanation='',interesting_fact='ההתחממות הגלובלית באה לידי ביטוי, בין היתר, בהמסת קרחונים.';


INSERT INTO answer_options (question_id, correct_answer, answer_text)
VALUES ('303042103', TRUE, 'המסת קרחונים') ;

INSERT INTO answer_options (question_id, correct_answer, answer_text)
VALUES ('303042103', FALSE, 'רחצה בו זמנית של נופשים רבים');

INSERT INTO answer_options (question_id, correct_answer, answer_text)
VALUES ('303042103', FALSE, 'התרבות יתר בקרב הדגים');

INSERT INTO answer_options (question_id, correct_answer, answer_text)
VALUES ('303042103', FALSE, 'התנמכות היבשות');

INSERT INTO questions (question_id, language_id, topic_id, c_grade_id, level, question_text, explanation, interesting_fact)
VALUES ('303042104', 1, 3042, 4, 4, 'כיצב מודדים את מהירות הרוח?', '', 'רוחות נוצרות כתוצאה מהבדלי לחץ אוויר.') ON CONFLICT (question_id) DO UPDATE SET language_id = 1 ,topic_id= 3042,c_grade_id =4,level=4,question_text='כיצב מודדים את מהירות הרוח?',explanation='',interesting_fact='רוחות נוצרות כתוצאה מהבדלי לחץ אוויר.';


INSERT INTO answer_options (question_id, correct_answer, answer_text)
VALUES ('303042104', TRUE, 'בעזרת אננומטר') ;

INSERT INTO answer_options (question_id, correct_answer, answer_text)
VALUES ('303042104', FALSE, 'בעזרת מודד רוחני');

INSERT INTO answer_options (question_id, correct_answer, answer_text)
VALUES ('303042104', FALSE, 'בעזרת משאף');

INSERT INTO answer_options (question_id, correct_answer, answer_text)
VALUES ('303042104', FALSE, 'בעזרת מגהץ אדים');

INSERT INTO questions (question_id, language_id, topic_id, c_grade_id, level, question_text, explanation, interesting_fact)
VALUES ('303042105', 1, 3042, 5, 5, 'איזו תופעה טבעית נוצרת כאשר פלטות טקטוניות זזות?', '', 'רעידות אדמה יכולות לקרות בכל מקום בעולם.') ON CONFLICT (question_id) DO UPDATE SET language_id = 1 ,topic_id= 3042,c_grade_id =5,level=5,question_text='איזו תופעה טבעית נוצרת כאשר פלטות טקטוניות זזות?',explanation='',interesting_fact='רעידות אדמה יכולות לקרות בכל מקום בעולם.';


INSERT INTO answer_options (question_id, correct_answer, answer_text)
VALUES ('303042105', TRUE, 'רעידת אדמה') ;

INSERT INTO answer_options (question_id, correct_answer, answer_text)
VALUES ('303042105', FALSE, 'הרי געש');

INSERT INTO answer_options (question_id, correct_answer, answer_text)
VALUES ('303042105', FALSE, 'צונאמי');

INSERT INTO answer_options (question_id, correct_answer, answer_text)
VALUES ('303042105', FALSE, 'הוריקן');

INSERT INTO questions (question_id, language_id, topic_id, c_grade_id, level, question_text, explanation, interesting_fact)
VALUES ('303043101', 1, 3043, 1, 1, 'מילה נרדפת לחבר', '', 'הפתגם המהלל את הידידות קובע: טוב חבר קרוב מאח רחוק.') ON CONFLICT (question_id) DO UPDATE SET language_id = 1 ,topic_id= 3043,c_grade_id =1,level=1,question_text='מילה נרדפת לחבר',explanation='',interesting_fact='הפתגם המהלל את הידידות קובע: טוב חבר קרוב מאח רחוק.';


INSERT INTO answer_options (question_id, correct_answer, answer_text)
VALUES ('303043101', TRUE, 'ידיד') ;

INSERT INTO answer_options (question_id, correct_answer, answer_text)
VALUES ('303043101', FALSE, 'זרזיר');

INSERT INTO answer_options (question_id, correct_answer, answer_text)
VALUES ('303043101', FALSE, 'מגבעת');

INSERT INTO answer_options (question_id, correct_answer, answer_text)
VALUES ('303043101', FALSE, 'גרוגרת');

INSERT INTO questions (question_id, language_id, topic_id, c_grade_id, level, question_text, explanation, interesting_fact)
VALUES ('303043102', 1, 3043, 2, 2, 'כיצד מכונים ההורים וילדיהם?', '', 'כיבוד הורים הוא אחד מעשרת הדברות.') ON CONFLICT (question_id) DO UPDATE SET language_id = 1 ,topic_id= 3043,c_grade_id =2,level=2,question_text='כיצד מכונים ההורים וילדיהם?',explanation='',interesting_fact='כיבוד הורים הוא אחד מעשרת הדברות.';


INSERT INTO answer_options (question_id, correct_answer, answer_text)
VALUES ('303043102', TRUE, 'משפחה גרעינית') ;

INSERT INTO answer_options (question_id, correct_answer, answer_text)
VALUES ('303043102', FALSE, 'משפחה רדיואקטיבית');

INSERT INTO answer_options (question_id, correct_answer, answer_text)
VALUES ('303043102', FALSE, 'תא אלמנטרי');

INSERT INTO answer_options (question_id, correct_answer, answer_text)
VALUES ('303043102', FALSE, 'קפסולה אורגנית');

INSERT INTO questions (question_id, language_id, topic_id, c_grade_id, level, question_text, explanation, interesting_fact)
VALUES ('303043103', 1, 3043, 3, 3, 'מה ההפך מאחראי?', '', 'לקיחת אחריות היא עיקרון פיקודי ומנהיגותי מרכזי.') ON CONFLICT (question_id) DO UPDATE SET language_id = 1 ,topic_id= 3043,c_grade_id =3,level=3,question_text='מה ההפך מאחראי?',explanation='',interesting_fact='לקיחת אחריות היא עיקרון פיקודי ומנהיגותי מרכזי.';


INSERT INTO answer_options (question_id, correct_answer, answer_text)
VALUES ('303043103', TRUE, 'רשלן') ;

INSERT INTO answer_options (question_id, correct_answer, answer_text)
VALUES ('303043103', FALSE, 'שמרני');

INSERT INTO answer_options (question_id, correct_answer, answer_text)
VALUES ('303043103', FALSE, 'אסרטיבי');

INSERT INTO answer_options (question_id, correct_answer, answer_text)
VALUES ('303043103', FALSE, 'מניפולטור');

INSERT INTO questions (question_id, language_id, topic_id, c_grade_id, level, question_text, explanation, interesting_fact)
VALUES ('303043104', 1, 3043, 4, 4, 'מה ההפך מאמיץ?', '', 'הססמא: "המעז מנצח" - מהללת את האומץ והיוזמה.') ON CONFLICT (question_id) DO UPDATE SET language_id = 1 ,topic_id= 3043,c_grade_id =4,level=4,question_text='מה ההפך מאמיץ?',explanation='',interesting_fact='הססמא: "המעז מנצח" - מהללת את האומץ והיוזמה.';


INSERT INTO answer_options (question_id, correct_answer, answer_text)
VALUES ('303043104', TRUE, 'מוג לב') ;

INSERT INTO answer_options (question_id, correct_answer, answer_text)
VALUES ('303043104', FALSE, 'יהיר');

INSERT INTO answer_options (question_id, correct_answer, answer_text)
VALUES ('303043104', FALSE, 'גמלוני');

INSERT INTO answer_options (question_id, correct_answer, answer_text)
VALUES ('303043104', FALSE, 'עז מצח');

INSERT INTO questions (question_id, language_id, topic_id, c_grade_id, level, question_text, explanation, interesting_fact)
VALUES ('303043105', 1, 3043, 5, 5, 'מילה נרדפת לכנות?', '', 'הכנות מקדמת יחסים בריאים ותקשורת פתוחה.') ON CONFLICT (question_id) DO UPDATE SET language_id = 1 ,topic_id= 3043,c_grade_id =5,level=5,question_text='מילה נרדפת לכנות?',explanation='',interesting_fact='הכנות מקדמת יחסים בריאים ותקשורת פתוחה.';


INSERT INTO answer_options (question_id, correct_answer, answer_text)
VALUES ('303043105', TRUE, 'יושר') ;

INSERT INTO answer_options (question_id, correct_answer, answer_text)
VALUES ('303043105', FALSE, 'תבונה');

INSERT INTO answer_options (question_id, correct_answer, answer_text)
VALUES ('303043105', FALSE, 'יהירות');

INSERT INTO answer_options (question_id, correct_answer, answer_text)
VALUES ('303043105', FALSE, 'זלזול');

INSERT INTO questions (question_id, language_id, topic_id, c_grade_id, level, question_text, explanation, interesting_fact)
VALUES ('303044101', 1, 3044, 1, 1, 'באיזה חג נהוג לאכול מצות?', '', 'מצות נאכלות בפסח - זכר ליציאת מצרים.') ON CONFLICT (question_id) DO UPDATE SET language_id = 1 ,topic_id= 3044,c_grade_id =1,level=1,question_text='באיזה חג נהוג לאכול מצות?',explanation='',interesting_fact='מצות נאכלות בפסח - זכר ליציאת מצרים.';


INSERT INTO answer_options (question_id, correct_answer, answer_text)
VALUES ('303044101', TRUE, 'פסח') ;

INSERT INTO answer_options (question_id, correct_answer, answer_text)
VALUES ('303044101', FALSE, 'חנוכה');

INSERT INTO answer_options (question_id, correct_answer, answer_text)
VALUES ('303044101', FALSE, 'פורים');

INSERT INTO answer_options (question_id, correct_answer, answer_text)
VALUES ('303044101', FALSE, 'שבועות');

INSERT INTO questions (question_id, language_id, topic_id, c_grade_id, level, question_text, explanation, interesting_fact)
VALUES ('303044102', 1, 3044, 2, 2, 'מהו סמל מרכזי של חג החנוכה?', '', 'מדליקים נרות בחנוכייה במשך שמונה ימים.') ON CONFLICT (question_id) DO UPDATE SET language_id = 1 ,topic_id= 3044,c_grade_id =2,level=2,question_text='מהו סמל מרכזי של חג החנוכה?',explanation='',interesting_fact='מדליקים נרות בחנוכייה במשך שמונה ימים.';


INSERT INTO answer_options (question_id, correct_answer, answer_text)
VALUES ('303044102', TRUE, 'חנוכייה') ;

INSERT INTO answer_options (question_id, correct_answer, answer_text)
VALUES ('303044102', FALSE, 'סוכה');

INSERT INTO answer_options (question_id, correct_answer, answer_text)
VALUES ('303044102', FALSE, 'שופר');

INSERT INTO answer_options (question_id, correct_answer, answer_text)
VALUES ('303044102', FALSE, 'פעמון');

INSERT INTO questions (question_id, language_id, topic_id, c_grade_id, level, question_text, explanation, interesting_fact)
VALUES ('303044103', 1, 3044, 3, 3, 'באיזה חג תוקעים בשופר?', '', 'השופר עשוי מקרן של איל או מקרן של קודו.') ON CONFLICT (question_id) DO UPDATE SET language_id = 1 ,topic_id= 3044,c_grade_id =3,level=3,question_text='באיזה חג תוקעים בשופר?',explanation='',interesting_fact='השופר עשוי מקרן של איל או מקרן של קודו.';


INSERT INTO answer_options (question_id, correct_answer, answer_text)
VALUES ('303044103', TRUE, 'ראש השנה') ;

INSERT INTO answer_options (question_id, correct_answer, answer_text)
VALUES ('303044103', FALSE, 'סוכות');

INSERT INTO answer_options (question_id, correct_answer, answer_text)
VALUES ('303044103', FALSE, 'ט"ו בשבט');

INSERT INTO answer_options (question_id, correct_answer, answer_text)
VALUES ('303044103', FALSE, 'פורים');

INSERT INTO questions (question_id, language_id, topic_id, c_grade_id, level, question_text, explanation, interesting_fact)
VALUES ('303044104', 1, 3044, 4, 4, 'איזה חג מכונה "ראש השנה לאילנות"?', '', 'בט"ו בשבט נהוג לאכול פירות ולשתול עצים.') ON CONFLICT (question_id) DO UPDATE SET language_id = 1 ,topic_id= 3044,c_grade_id =4,level=4,question_text='איזה חג מכונה "ראש השנה לאילנות"?',explanation='',interesting_fact='בט"ו בשבט נהוג לאכול פירות ולשתול עצים.';


INSERT INTO answer_options (question_id, correct_answer, answer_text)
VALUES ('303044104', TRUE, 'ט"ו בשבט') ;

INSERT INTO answer_options (question_id, correct_answer, answer_text)
VALUES ('303044104', FALSE, 'יום העצמאות');

INSERT INTO answer_options (question_id, correct_answer, answer_text)
VALUES ('303044104', FALSE, 'ל"ג בעומר');

INSERT INTO answer_options (question_id, correct_answer, answer_text)
VALUES ('303044104', FALSE, 'ט"ו באב');

INSERT INTO questions (question_id, language_id, topic_id, c_grade_id, level, question_text, explanation, interesting_fact)
VALUES ('303044105', 1, 3044, 5, 5, 'באיזה חג נהוג לקרוא בבית הכנסת את מגילת אסתר?', '', 'הדמויות המרכזיות בסיפור המגילה הן: מרדכי, אסתר והמן.') ON CONFLICT (question_id) DO UPDATE SET language_id = 1 ,topic_id= 3044,c_grade_id =5,level=5,question_text='באיזה חג נהוג לקרוא בבית הכנסת את מגילת אסתר?',explanation='',interesting_fact='הדמויות המרכזיות בסיפור המגילה הן: מרדכי, אסתר והמן.';


INSERT INTO answer_options (question_id, correct_answer, answer_text)
VALUES ('303044105', TRUE, 'פורים') ;

INSERT INTO answer_options (question_id, correct_answer, answer_text)
VALUES ('303044105', FALSE, 'חג השבועות');

INSERT INTO answer_options (question_id, correct_answer, answer_text)
VALUES ('303044105', FALSE, 'חג הפסח');

INSERT INTO answer_options (question_id, correct_answer, answer_text)
VALUES ('303044105', FALSE, 'ראש השנה');

INSERT INTO questions (question_id, language_id, topic_id, c_grade_id, level, question_text, explanation, interesting_fact)
VALUES ('303045101', 1, 3045, 1, 1, 'איזה מבין האוקיינוסים הוא הגדול בעולם?', '', 'האוקיינוס השקט מכסה כשליש משטח הפנים של כדור הארץ.') ON CONFLICT (question_id) DO UPDATE SET language_id = 1 ,topic_id= 3045,c_grade_id =1,level=1,question_text='איזה מבין האוקיינוסים הוא הגדול בעולם?',explanation='',interesting_fact='האוקיינוס השקט מכסה כשליש משטח הפנים של כדור הארץ.';


INSERT INTO answer_options (question_id, correct_answer, answer_text)
VALUES ('303045101', TRUE, 'האוקיינוס השקט') ;

INSERT INTO answer_options (question_id, correct_answer, answer_text)
VALUES ('303045101', FALSE, 'האוקיינוס האטלנטי');

INSERT INTO answer_options (question_id, correct_answer, answer_text)
VALUES ('303045101', FALSE, 'האוקיינוס ההודי');

INSERT INTO answer_options (question_id, correct_answer, answer_text)
VALUES ('303045101', FALSE, 'האוקיינוס הקרח הצפוני');

INSERT INTO questions (question_id, language_id, topic_id, c_grade_id, level, question_text, explanation, interesting_fact)
VALUES ('303045102', 1, 3045, 2, 2, 'איזה מינרל קשה יותר?', '', 'יהלומים נוצרים בתנאי לחץ רב וטמפרטורה גבוהה במעמקי כדור הארץ.') ON CONFLICT (question_id) DO UPDATE SET language_id = 1 ,topic_id= 3045,c_grade_id =2,level=2,question_text='איזה מינרל קשה יותר?',explanation='',interesting_fact='יהלומים נוצרים בתנאי לחץ רב וטמפרטורה גבוהה במעמקי כדור הארץ.';


INSERT INTO answer_options (question_id, correct_answer, answer_text)
VALUES ('303045102', TRUE, 'יהלום') ;

INSERT INTO answer_options (question_id, correct_answer, answer_text)
VALUES ('303045102', FALSE, 'קוורץ');

INSERT INTO answer_options (question_id, correct_answer, answer_text)
VALUES ('303045102', FALSE, 'אלביט');

INSERT INTO answer_options (question_id, correct_answer, answer_text)
VALUES ('303045102', FALSE, 'מגנטיט');

INSERT INTO questions (question_id, language_id, topic_id, c_grade_id, level, question_text, explanation, interesting_fact)
VALUES ('303045103', 1, 3045, 3, 3, 'איזה מהעצים הבאים גבוה יותר?', '', 'מינים אחדים של עצי האקליפטוס עשויים להגיע לגובה של כ-100 מטר. זהו העץ השני בגובהו אחרי הסקוויה.') ON CONFLICT (question_id) DO UPDATE SET language_id = 1 ,topic_id= 3045,c_grade_id =3,level=3,question_text='איזה מהעצים הבאים גבוה יותר?',explanation='',interesting_fact='מינים אחדים של עצי האקליפטוס עשויים להגיע לגובה של כ-100 מטר. זהו העץ השני בגובהו אחרי הסקוויה.';


INSERT INTO answer_options (question_id, correct_answer, answer_text)
VALUES ('303045103', TRUE, 'אקליפטוס') ;

INSERT INTO answer_options (question_id, correct_answer, answer_text)
VALUES ('303045103', FALSE, 'עץ זית');

INSERT INTO answer_options (question_id, correct_answer, answer_text)
VALUES ('303045103', FALSE, 'עץ תאנה');

INSERT INTO answer_options (question_id, correct_answer, answer_text)
VALUES ('303045103', FALSE, 'עץ אלון');

INSERT INTO questions (question_id, language_id, topic_id, c_grade_id, level, question_text, explanation, interesting_fact)
VALUES ('303045104', 1, 3045, 4, 4, 'מי בעל החיים הגדול ביותר בעולם?', '', 'הלווייתן הכחול, עד כמה שידוע היום, הוא החיה הגדולה ביותר שחיה אי פעם.') ON CONFLICT (question_id) DO UPDATE SET language_id = 1 ,topic_id= 3045,c_grade_id =4,level=4,question_text='מי בעל החיים הגדול ביותר בעולם?',explanation='',interesting_fact='הלווייתן הכחול, עד כמה שידוע היום, הוא החיה הגדולה ביותר שחיה אי פעם.';


INSERT INTO answer_options (question_id, correct_answer, answer_text)
VALUES ('303045104', TRUE, 'הלווייתן הכחול') ;

INSERT INTO answer_options (question_id, correct_answer, answer_text)
VALUES ('303045104', FALSE, 'הפיל האפריקאי');

INSERT INTO answer_options (question_id, correct_answer, answer_text)
VALUES ('303045104', FALSE, 'הג`ירפה');

INSERT INTO answer_options (question_id, correct_answer, answer_text)
VALUES ('303045104', FALSE, 'הנמר הסיבירי');

INSERT INTO questions (question_id, language_id, topic_id, c_grade_id, level, question_text, explanation, interesting_fact)
VALUES ('303045105', 1, 3045, 5, 5, 'מה שם המדבר הגדול בעולם?', '', 'מדבר סהרה משתרע על פני 11 מדינות.') ON CONFLICT (question_id) DO UPDATE SET language_id = 1 ,topic_id= 3045,c_grade_id =5,level=5,question_text='מה שם המדבר הגדול בעולם?',explanation='',interesting_fact='מדבר סהרה משתרע על פני 11 מדינות.';


INSERT INTO answer_options (question_id, correct_answer, answer_text)
VALUES ('303045105', TRUE, 'מדבר סהרה') ;

INSERT INTO answer_options (question_id, correct_answer, answer_text)
VALUES ('303045105', FALSE, 'מדבר יהודה');

INSERT INTO answer_options (question_id, correct_answer, answer_text)
VALUES ('303045105', FALSE, 'מדבר סיני');

INSERT INTO answer_options (question_id, correct_answer, answer_text)
VALUES ('303045105', FALSE, 'מדבר גובי');

INSERT INTO questions (question_id, language_id, topic_id, c_grade_id, level, question_text, explanation, interesting_fact)
VALUES ('303046101', 1, 3046, 1, 1, 'מי מהבאים הנו תסריטאי ישראלי מפורסם?', '', 'בתסריט מפורטים הדיאלוגים שעליהם מבוסס הסרט.') ON CONFLICT (question_id) DO UPDATE SET language_id = 1 ,topic_id= 3046,c_grade_id =1,level=1,question_text='מי מהבאים הנו תסריטאי ישראלי מפורסם?',explanation='',interesting_fact='בתסריט מפורטים הדיאלוגים שעליהם מבוסס הסרט.';


INSERT INTO answer_options (question_id, correct_answer, answer_text)
VALUES ('303046101', TRUE, 'משה זונדר') ;

INSERT INTO answer_options (question_id, correct_answer, answer_text)
VALUES ('303046101', FALSE, 'רמי פורטיס');

INSERT INTO answer_options (question_id, correct_answer, answer_text)
VALUES ('303046101', FALSE, 'יהודה פוליקר');

INSERT INTO answer_options (question_id, correct_answer, answer_text)
VALUES ('303046101', FALSE, 'אבא אבן');

INSERT INTO questions (question_id, language_id, topic_id, c_grade_id, level, question_text, explanation, interesting_fact)
VALUES ('303046102', 1, 3046, 2, 2, 'מי מהבאים הנו תסריטאי ובמאי ישראלי מפורסם?', '', 'הבמאי אחראי תפקוד השחקנים ועל הפיכת התסריט לסרט.') ON CONFLICT (question_id) DO UPDATE SET language_id = 1 ,topic_id= 3046,c_grade_id =2,level=2,question_text='מי מהבאים הנו תסריטאי ובמאי ישראלי מפורסם?',explanation='',interesting_fact='הבמאי אחראי תפקוד השחקנים ועל הפיכת התסריט לסרט.';


INSERT INTO answer_options (question_id, correct_answer, answer_text)
VALUES ('303046102', TRUE, 'יוסף סידר') ;

INSERT INTO answer_options (question_id, correct_answer, answer_text)
VALUES ('303046102', FALSE, 'יוסף בן מתתיהו');

INSERT INTO answer_options (question_id, correct_answer, answer_text)
VALUES ('303046102', FALSE, 'יוסף שילוח');

INSERT INTO answer_options (question_id, correct_answer, answer_text)
VALUES ('303046102', FALSE, 'יוסף בורג');

INSERT INTO questions (question_id, language_id, topic_id, c_grade_id, level, question_text, explanation, interesting_fact)
VALUES ('303046103', 1, 3046, 3, 3, 'איזה מהבאים הוא סרט אנימציה?', '', 'אנימציה יכולה להתבסס על ציורים, דמויות תלת-ממדיות או קטעי קולאז`. המונח העברי לאנימציה הוא "הנפשה".') ON CONFLICT (question_id) DO UPDATE SET language_id = 1 ,topic_id= 3046,c_grade_id =3,level=3,question_text='איזה מהבאים הוא סרט אנימציה?',explanation='',interesting_fact='אנימציה יכולה להתבסס על ציורים, דמויות תלת-ממדיות או קטעי קולאז`. המונח העברי לאנימציה הוא "הנפשה".';


INSERT INTO answer_options (question_id, correct_answer, answer_text)
VALUES ('303046103', TRUE, 'אלאדין') ;

INSERT INTO answer_options (question_id, correct_answer, answer_text)
VALUES ('303046103', FALSE, 'משימה בלתי אפשרית');

INSERT INTO answer_options (question_id, correct_answer, answer_text)
VALUES ('303046103', FALSE, 'אפוקליפסה עכשיו');

INSERT INTO answer_options (question_id, correct_answer, answer_text)
VALUES ('303046103', FALSE, 'הערת שוליים');

INSERT INTO questions (question_id, language_id, topic_id, c_grade_id, level, question_text, explanation, interesting_fact)
VALUES ('303046104', 1, 3046, 4, 4, 'מהו "ליהוק"?', '', 'לעתים מבצעים אודישנים כחלק מתהליך הליהוק.') ON CONFLICT (question_id) DO UPDATE SET language_id = 1 ,topic_id= 3046,c_grade_id =4,level=4,question_text='מהו "ליהוק"?',explanation='',interesting_fact='לעתים מבצעים אודישנים כחלק מתהליך הליהוק.';


INSERT INTO answer_options (question_id, correct_answer, answer_text)
VALUES ('303046104', TRUE, 'בחירה והתאמה של שחקנים לסרט') ;

INSERT INTO answer_options (question_id, correct_answer, answer_text)
VALUES ('303046104', FALSE, 'בחירת מוזיקה לסרט');

INSERT INTO answer_options (question_id, correct_answer, answer_text)
VALUES ('303046104', FALSE, 'צילום הסרט');

INSERT INTO answer_options (question_id, correct_answer, answer_text)
VALUES ('303046104', FALSE, 'עריכת הסרט');

INSERT INTO questions (question_id, language_id, topic_id, c_grade_id, level, question_text, explanation, interesting_fact)
VALUES ('303046105', 1, 3046, 5, 5, 'מי נחשבים לחלוצים בעולם הקולנוע?', '', 'האחים לואי ואוגוסט לוּמְיֵיר היו מאבות הראינוע ומממציאי המצלמה, סרט הצילום והמקרן המשמשים בצילום קולנוע.') ON CONFLICT (question_id) DO UPDATE SET language_id = 1 ,topic_id= 3046,c_grade_id =5,level=5,question_text='מי נחשבים לחלוצים בעולם הקולנוע?',explanation='',interesting_fact='האחים לואי ואוגוסט לוּמְיֵיר היו מאבות הראינוע ומממציאי המצלמה, סרט הצילום והמקרן המשמשים בצילום קולנוע.';


INSERT INTO answer_options (question_id, correct_answer, answer_text)
VALUES ('303046105', TRUE, 'האחים לומייר') ;

INSERT INTO answer_options (question_id, correct_answer, answer_text)
VALUES ('303046105', FALSE, 'האחים גרים');

INSERT INTO answer_options (question_id, correct_answer, answer_text)
VALUES ('303046105', FALSE, 'האחים קרמזוב');

INSERT INTO answer_options (question_id, correct_answer, answer_text)
VALUES ('303046105', FALSE, 'האחים רייט');

INSERT INTO questions (question_id, language_id, topic_id, c_grade_id, level, question_text, explanation, interesting_fact)
VALUES ('303047101', 1, 3047, 1, 1, 'מהי הטמפרטורה האופיינית למקרר?', '', 'המקרר הראשון הומצא בשנת 1913.') ON CONFLICT (question_id) DO UPDATE SET language_id = 1 ,topic_id= 3047,c_grade_id =1,level=1,question_text='מהי הטמפרטורה האופיינית למקרר?',explanation='',interesting_fact='המקרר הראשון הומצא בשנת 1913.';


INSERT INTO answer_options (question_id, correct_answer, answer_text)
VALUES ('303047101', TRUE, 'כ-4 מעלות סלזיוס') ;

INSERT INTO answer_options (question_id, correct_answer, answer_text)
VALUES ('303047101', FALSE, 'כ-4 מעלות קלווין');

INSERT INTO answer_options (question_id, correct_answer, answer_text)
VALUES ('303047101', FALSE, 'כ-41 מעלות סלזיוס');

INSERT INTO answer_options (question_id, correct_answer, answer_text)
VALUES ('303047101', FALSE, 'כ-4 מעלות פרנהייט');

INSERT INTO questions (question_id, language_id, topic_id, c_grade_id, level, question_text, explanation, interesting_fact)
VALUES ('303047102', 1, 3047, 2, 2, 'כיצד מכונה החלק במכונת כביסה שלתוכו מכניסים בגדים?', '', 'המכונה החשמלית הראשונה הומצאה ב-1908.') ON CONFLICT (question_id) DO UPDATE SET language_id = 1 ,topic_id= 3047,c_grade_id =2,level=2,question_text='כיצד מכונה החלק במכונת כביסה שלתוכו מכניסים בגדים?',explanation='',interesting_fact='המכונה החשמלית הראשונה הומצאה ב-1908.';


INSERT INTO answer_options (question_id, correct_answer, answer_text)
VALUES ('303047102', TRUE, 'תוף') ;

INSERT INTO answer_options (question_id, correct_answer, answer_text)
VALUES ('303047102', FALSE, 'טרומבון');

INSERT INTO answer_options (question_id, correct_answer, answer_text)
VALUES ('303047102', FALSE, 'חצוצרה');

INSERT INTO answer_options (question_id, correct_answer, answer_text)
VALUES ('303047102', FALSE, 'פיקולו');

INSERT INTO questions (question_id, language_id, topic_id, c_grade_id, level, question_text, explanation, interesting_fact)
VALUES ('303047103', 1, 3047, 3, 3, 'כיצד אומרים "טוסטר" בעברית?', '', 'הטוסטר החשמלי הראשון הומצא ב-1893.') ON CONFLICT (question_id) DO UPDATE SET language_id = 1 ,topic_id= 3047,c_grade_id =3,level=3,question_text='כיצד אומרים "טוסטר" בעברית?',explanation='',interesting_fact='הטוסטר החשמלי הראשון הומצא ב-1893.';


INSERT INTO answer_options (question_id, correct_answer, answer_text)
VALUES ('303047103', TRUE, 'מצנם') ;

INSERT INTO answer_options (question_id, correct_answer, answer_text)
VALUES ('303047103', FALSE, 'טוסטוסטרון');

INSERT INTO answer_options (question_id, correct_answer, answer_text)
VALUES ('303047103', FALSE, 'משחימון');

INSERT INTO answer_options (question_id, correct_answer, answer_text)
VALUES ('303047103', FALSE, 'מלהט');

INSERT INTO questions (question_id, language_id, topic_id, c_grade_id, level, question_text, explanation, interesting_fact)
VALUES ('303047104', 1, 3047, 4, 4, 'באלו יחידות מודדים הספק של מכשירי חשמל?', '', 'ההספק של תנור הוא מדד למידת יכולת התנור לחמם ביעילות') ON CONFLICT (question_id) DO UPDATE SET language_id = 1 ,topic_id= 3047,c_grade_id =4,level=4,question_text='באלו יחידות מודדים הספק של מכשירי חשמל?',explanation='',interesting_fact='ההספק של תנור הוא מדד למידת יכולת התנור לחמם ביעילות';


INSERT INTO answer_options (question_id, correct_answer, answer_text)
VALUES ('303047104', TRUE, 'וואט') ;

INSERT INTO answer_options (question_id, correct_answer, answer_text)
VALUES ('303047104', FALSE, 'וולט');

INSERT INTO answer_options (question_id, correct_answer, answer_text)
VALUES ('303047104', FALSE, 'אמפר');

INSERT INTO answer_options (question_id, correct_answer, answer_text)
VALUES ('303047104', FALSE, 'וובר');

INSERT INTO questions (question_id, language_id, topic_id, c_grade_id, level, question_text, explanation, interesting_fact)
VALUES ('303047105', 1, 3047, 5, 5, 'באילו יחידות נהוג לציין את עוצמתו של מזגן?', '', 'המזגן הראשון הומצא ב-1902 על ידי ויליס קרייר.') ON CONFLICT (question_id) DO UPDATE SET language_id = 1 ,topic_id= 3047,c_grade_id =5,level=5,question_text='באילו יחידות נהוג לציין את עוצמתו של מזגן?',explanation='',interesting_fact='המזגן הראשון הומצא ב-1902 על ידי ויליס קרייר.';


INSERT INTO answer_options (question_id, correct_answer, answer_text)
VALUES ('303047105', TRUE, 'כוח סוס') ;

INSERT INTO answer_options (question_id, correct_answer, answer_text)
VALUES ('303047105', FALSE, 'כוח זברה');

INSERT INTO answer_options (question_id, correct_answer, answer_text)
VALUES ('303047105', FALSE, 'כוח אתון');

INSERT INTO answer_options (question_id, correct_answer, answer_text)
VALUES ('303047105', FALSE, 'כוח פוני');

INSERT INTO questions (question_id, language_id, topic_id, c_grade_id, level, question_text, explanation, interesting_fact)
VALUES ('303048101', 1, 3048, 1, 1, 'מה נהגו ללבוש בתקופת התנ"ך?', '', 'בעת העתיקה הלבוש היה מבוסס על חומרים כגון פשתן וצמר ולא על חומרים סינתטיים.') ON CONFLICT (question_id) DO UPDATE SET language_id = 1 ,topic_id= 3048,c_grade_id =1,level=1,question_text='מה נהגו ללבוש בתקופת התנ"ך?',explanation='',interesting_fact='בעת העתיקה הלבוש היה מבוסס על חומרים כגון פשתן וצמר ולא על חומרים סינתטיים.';


INSERT INTO answer_options (question_id, correct_answer, answer_text)
VALUES ('303048101', TRUE, 'שמלות') ;

INSERT INTO answer_options (question_id, correct_answer, answer_text)
VALUES ('303048101', FALSE, 'טוקסידו');

INSERT INTO answer_options (question_id, correct_answer, answer_text)
VALUES ('303048101', FALSE, 'חליפות ג`ינס');

INSERT INTO answer_options (question_id, correct_answer, answer_text)
VALUES ('303048101', FALSE, 'טייטס וקפוצ`ון');

INSERT INTO questions (question_id, language_id, topic_id, c_grade_id, level, question_text, explanation, interesting_fact)
VALUES ('303048102', 1, 3048, 2, 2, 'מתי הומצאה נורת החשמל?', '', 'תומס אלווה אדיסון תרם רבות להמצאת הנורה ואף רשם פטנט על המצאה זו,') ON CONFLICT (question_id) DO UPDATE SET language_id = 1 ,topic_id= 3048,c_grade_id =2,level=2,question_text='מתי הומצאה נורת החשמל?',explanation='',interesting_fact='תומס אלווה אדיסון תרם רבות להמצאת הנורה ואף רשם פטנט על המצאה זו,';


INSERT INTO answer_options (question_id, correct_answer, answer_text)
VALUES ('303048102', TRUE, '1879') ;

INSERT INTO answer_options (question_id, correct_answer, answer_text)
VALUES ('303048102', FALSE, '1926');

INSERT INTO answer_options (question_id, correct_answer, answer_text)
VALUES ('303048102', FALSE, '1778');

INSERT INTO answer_options (question_id, correct_answer, answer_text)
VALUES ('303048102', FALSE, '1963');

INSERT INTO questions (question_id, language_id, topic_id, c_grade_id, level, question_text, explanation, interesting_fact)
VALUES ('303048103', 1, 3048, 3, 3, 'מה המשותף לאפלטו, אריסטו ופיתגורס?', '', 'חכמי יון הניחו את היסודות לפילוסופיה המערבית וללימודי המתמטיקה') ON CONFLICT (question_id) DO UPDATE SET language_id = 1 ,topic_id= 3048,c_grade_id =3,level=3,question_text='מה המשותף לאפלטו, אריסטו ופיתגורס?',explanation='',interesting_fact='חכמי יון הניחו את היסודות לפילוסופיה המערבית וללימודי המתמטיקה';


INSERT INTO answer_options (question_id, correct_answer, answer_text)
VALUES ('303048103', TRUE, 'חכמי יון') ;

INSERT INTO answer_options (question_id, correct_answer, answer_text)
VALUES ('303048103', FALSE, 'שחקני כדורגל');

INSERT INTO answer_options (question_id, correct_answer, answer_text)
VALUES ('303048103', FALSE, 'דגמים של מכוניות ספורט');

INSERT INTO answer_options (question_id, correct_answer, answer_text)
VALUES ('303048103', FALSE, 'סוגים של מאובנים');

INSERT INTO questions (question_id, language_id, topic_id, c_grade_id, level, question_text, explanation, interesting_fact)
VALUES ('303048104', 1, 3048, 4, 4, 'היכן ומתי הומצא הגלגל?', '', 'המצאת הגלגל מיוחסת לתרבות קדומה אשר התקיימה בדרום מסופוטמיה באלף החמישי לפנה"ס. המצאה זו היתה פריצת דרך ששינתה את פני הטכנולוגיה האנושית.') ON CONFLICT (question_id) DO UPDATE SET language_id = 1 ,topic_id= 3048,c_grade_id =4,level=4,question_text='היכן ומתי הומצא הגלגל?',explanation='',interesting_fact='המצאת הגלגל מיוחסת לתרבות קדומה אשר התקיימה בדרום מסופוטמיה באלף החמישי לפנה"ס. המצאה זו היתה פריצת דרך ששינתה את פני הטכנולוגיה האנושית.';


INSERT INTO answer_options (question_id, correct_answer, answer_text)
VALUES ('303048104', TRUE, 'לפני כ-7000 שנה באזור עירק') ;

INSERT INTO answer_options (question_id, correct_answer, answer_text)
VALUES ('303048104', FALSE, 'לפני כ-2000 שנה ברומא');

INSERT INTO answer_options (question_id, correct_answer, answer_text)
VALUES ('303048104', FALSE, 'לפני כ-1500 שנה בקווקז');

INSERT INTO answer_options (question_id, correct_answer, answer_text)
VALUES ('303048104', FALSE, 'לפני כ-3000 במצרים');

INSERT INTO questions (question_id, language_id, topic_id, c_grade_id, level, question_text, explanation, interesting_fact)
VALUES ('303048105', 1, 3048, 5, 5, 'כיצד כתבו מכתבים טרם המצאת העט?', '', 'כתיבה בנוצה ובדיו היתה נפוצה בעיקר בימי הביניים.') ON CONFLICT (question_id) DO UPDATE SET language_id = 1 ,topic_id= 3048,c_grade_id =5,level=5,question_text='כיצד כתבו מכתבים טרם המצאת העט?',explanation='',interesting_fact='כתיבה בנוצה ובדיו היתה נפוצה בעיקר בימי הביניים.';


INSERT INTO answer_options (question_id, correct_answer, answer_text)
VALUES ('303048105', TRUE, 'בנוצה ובדיו') ;

INSERT INTO answer_options (question_id, correct_answer, answer_text)
VALUES ('303048105', FALSE, 'במסמר חלוד');

INSERT INTO answer_options (question_id, correct_answer, answer_text)
VALUES ('303048105', FALSE, 'במסרגה חשמלית');

INSERT INTO answer_options (question_id, correct_answer, answer_text)
VALUES ('303048105', FALSE, 'בפקסמיליה');

INSERT INTO questions (question_id, language_id, topic_id, c_grade_id, level, question_text, explanation, interesting_fact)
VALUES ('303049101', 1, 3049, 1, 1, 'איזו חיה אינה טורף?', '', 'הלווייתן הכחול עשוי להגיע לאורך 30 מטרים.') ON CONFLICT (question_id) DO UPDATE SET language_id = 1 ,topic_id= 3049,c_grade_id =1,level=1,question_text='איזו חיה אינה טורף?',explanation='',interesting_fact='הלווייתן הכחול עשוי להגיע לאורך 30 מטרים.';


INSERT INTO answer_options (question_id, correct_answer, answer_text)
VALUES ('303049101', TRUE, 'הלווייתן הכחול') ;

INSERT INTO answer_options (question_id, correct_answer, answer_text)
VALUES ('303049101', FALSE, 'הכריש הלבן');

INSERT INTO answer_options (question_id, correct_answer, answer_text)
VALUES ('303049101', FALSE, 'אורקה');

INSERT INTO answer_options (question_id, correct_answer, answer_text)
VALUES ('303049101', FALSE, 'גירית');

INSERT INTO questions (question_id, language_id, topic_id, c_grade_id, level, question_text, explanation, interesting_fact)
VALUES ('303049102', 1, 3049, 2, 2, 'לאיזה בעל חיים ימי אין עיניים, אין אוזניים ואין מוח?', '', 'מדוזות שייכות לקבוצת בעלי חיים המכונים "צורבים".') ON CONFLICT (question_id) DO UPDATE SET language_id = 1 ,topic_id= 3049,c_grade_id =2,level=2,question_text='לאיזה בעל חיים ימי אין עיניים, אין אוזניים ואין מוח?',explanation='',interesting_fact='מדוזות שייכות לקבוצת בעלי חיים המכונים "צורבים".';


INSERT INTO answer_options (question_id, correct_answer, answer_text)
VALUES ('303049102', TRUE, 'מדוזה') ;

INSERT INTO answer_options (question_id, correct_answer, answer_text)
VALUES ('303049102', FALSE, 'דג סלמון');

INSERT INTO answer_options (question_id, correct_answer, answer_text)
VALUES ('303049102', FALSE, 'סרדין');

INSERT INTO answer_options (question_id, correct_answer, answer_text)
VALUES ('303049102', FALSE, 'ברקודה');

INSERT INTO questions (question_id, language_id, topic_id, c_grade_id, level, question_text, explanation, interesting_fact)
VALUES ('303049103', 1, 3049, 3, 3, 'מדוע דגים אינם יכולים להתקיים מחוץ למים?', '', 'תהליך הנשימה של דגים מבוסס על תהליך הוצאת החמצן מהמים שנעשה בזימים') ON CONFLICT (question_id) DO UPDATE SET language_id = 1 ,topic_id= 3049,c_grade_id =3,level=3,question_text='מדוע דגים אינם יכולים להתקיים מחוץ למים?',explanation='',interesting_fact='תהליך הנשימה של דגים מבוסס על תהליך הוצאת החמצן מהמים שנעשה בזימים';


INSERT INTO answer_options (question_id, correct_answer, answer_text)
VALUES ('303049103', TRUE, 'כיוון שיש להם זימים ולא ריאות') ;

INSERT INTO answer_options (question_id, correct_answer, answer_text)
VALUES ('303049103', FALSE, 'מפני שכך הרגילו אותם משחר ילדותם');

INSERT INTO answer_options (question_id, correct_answer, answer_text)
VALUES ('303049103', FALSE, 'כי הם אוהבים מלח');

INSERT INTO answer_options (question_id, correct_answer, answer_text)
VALUES ('303049103', FALSE, 'כי השמש נסנוורת אותם');

INSERT INTO questions (question_id, language_id, topic_id, c_grade_id, level, question_text, explanation, interesting_fact)
VALUES ('303049104', 1, 3049, 4, 4, 'מה מאפיין את קבוצת הדגים המכונה חכאים', '', 'החכאים מאופיינים במעין צינור מטארך, דמויי חכה, הקבוע בקדמת ראשם. צינור זה משמש כפיתיון עבור טרפם.') ON CONFLICT (question_id) DO UPDATE SET language_id = 1 ,topic_id= 3049,c_grade_id =4,level=4,question_text='מה מאפיין את קבוצת הדגים המכונה חכאים',explanation='',interesting_fact='החכאים מאופיינים במעין צינור מטארך, דמויי חכה, הקבוע בקדמת ראשם. צינור זה משמש כפיתיון עבור טרפם.';


INSERT INTO answer_options (question_id, correct_answer, answer_text)
VALUES ('303049104', TRUE, 'פיתיון דמוי זרוע בקדמת הראש') ;

INSERT INTO answer_options (question_id, correct_answer, answer_text)
VALUES ('303049104', FALSE, 'זנב ארוך ומתפצל');

INSERT INTO answer_options (question_id, correct_answer, answer_text)
VALUES ('303049104', FALSE, 'שפתיים בצבע ירקרק');

INSERT INTO answer_options (question_id, correct_answer, answer_text)
VALUES ('303049104', FALSE, 'קרניים על הגב');

INSERT INTO questions (question_id, language_id, topic_id, c_grade_id, level, question_text, explanation, interesting_fact)
VALUES ('303049105', 1, 3049, 5, 5, 'נה נאפיין חלקים גדולים מחופי הים האדום?', '', 'הים האדום נקרא גם ים סוף.') ON CONFLICT (question_id) DO UPDATE SET language_id = 1 ,topic_id= 3049,c_grade_id =5,level=5,question_text='נה נאפיין חלקים גדולים מחופי הים האדום?',explanation='',interesting_fact='הים האדום נקרא גם ים סוף.';


INSERT INTO answer_options (question_id, correct_answer, answer_text)
VALUES ('303049105', TRUE, 'שוניות אלמוגים') ;

INSERT INTO answer_options (question_id, correct_answer, answer_text)
VALUES ('303049105', FALSE, 'דגי ברקודה רבים');

INSERT INTO answer_options (question_id, correct_answer, answer_text)
VALUES ('303049105', FALSE, 'דגי חרב');

INSERT INTO answer_options (question_id, correct_answer, answer_text)
VALUES ('303049105', FALSE, 'לוויתנים קטלנים');

INSERT INTO questions (question_id, language_id, topic_id, c_grade_id, level, question_text, explanation, interesting_fact)
VALUES ('303050101', 1, 3050, 1, 1, 'מהם צבעי הרמזור האופייניים?', '', 'הרמזור הראשון הוצב בלונדון בשנת 1868.') ON CONFLICT (question_id) DO UPDATE SET language_id = 1 ,topic_id= 3050,c_grade_id =1,level=1,question_text='מהם צבעי הרמזור האופייניים?',explanation='',interesting_fact='הרמזור הראשון הוצב בלונדון בשנת 1868.';


INSERT INTO answer_options (question_id, correct_answer, answer_text)
VALUES ('303050101', TRUE, 'ירוק, כתום ואדום.') ;

INSERT INTO answer_options (question_id, correct_answer, answer_text)
VALUES ('303050101', FALSE, 'ירוק, תכלת וסגול.');

INSERT INTO answer_options (question_id, correct_answer, answer_text)
VALUES ('303050101', FALSE, 'זהב, כחול ואדום.');

INSERT INTO answer_options (question_id, correct_answer, answer_text)
VALUES ('303050101', FALSE, 'שחור, סגול ואדום.');

INSERT INTO questions (question_id, language_id, topic_id, c_grade_id, level, question_text, explanation, interesting_fact)
VALUES ('303050102', 1, 3050, 2, 2, 'מה מחייב החוק בעניין חגורת בטיחות במכונית?', '', 'חגורות בטיחות הצילו אלפי חיים מאז הומצאותן.') ON CONFLICT (question_id) DO UPDATE SET language_id = 1 ,topic_id= 3050,c_grade_id =2,level=2,question_text='מה מחייב החוק בעניין חגורת בטיחות במכונית?',explanation='',interesting_fact='חגורות בטיחות הצילו אלפי חיים מאז הומצאותן.';


INSERT INTO answer_options (question_id, correct_answer, answer_text)
VALUES ('303050102', TRUE, 'חובה לחגור גם במושבים הקדמיים וגם מאחור') ;

INSERT INTO answer_options (question_id, correct_answer, answer_text)
VALUES ('303050102', FALSE, 'רק הנהג מחויב על פי חוק');

INSERT INTO answer_options (question_id, correct_answer, answer_text)
VALUES ('303050102', FALSE, 'חגורה זו רק המלצה');

INSERT INTO answer_options (question_id, correct_answer, answer_text)
VALUES ('303050102', FALSE, 'רק היושבים מאחור חייבים');

INSERT INTO questions (question_id, language_id, topic_id, c_grade_id, level, question_text, explanation, interesting_fact)
VALUES ('303050103', 1, 3050, 3, 3, 'מה קובע החוק בעניין מעבר החציה?', '', 'מעברי חציה מסייעים להפחית את מספר התאונות שבהן עלולים להיפגע הולכי רגל.') ON CONFLICT (question_id) DO UPDATE SET language_id = 1 ,topic_id= 3050,c_grade_id =3,level=3,question_text='מה קובע החוק בעניין מעבר החציה?',explanation='',interesting_fact='מעברי חציה מסייעים להפחית את מספר התאונות שבהן עלולים להיפגע הולכי רגל.';


INSERT INTO answer_options (question_id, correct_answer, answer_text)
VALUES ('303050103', TRUE, 'זכות קדימה להולכי רגל') ;

INSERT INTO answer_options (question_id, correct_answer, answer_text)
VALUES ('303050103', FALSE, 'זכות קדימה למכוניות');

INSERT INTO answer_options (question_id, correct_answer, answer_text)
VALUES ('303050103', FALSE, 'מי שיותר זריז עובר ראשון');

INSERT INTO answer_options (question_id, correct_answer, answer_text)
VALUES ('303050103', FALSE, 'מעבר חצייה הוא רק עניין אסתטי.');

INSERT INTO questions (question_id, language_id, topic_id, c_grade_id, level, question_text, explanation, interesting_fact)
VALUES ('303050104', 1, 3050, 4, 4, 'מה תפקידם של הפנסים ברכב?', '', 'הפנסים והנורות ברכב תורמים לבטיחות הנסיעה בלילה.') ON CONFLICT (question_id) DO UPDATE SET language_id = 1 ,topic_id= 3050,c_grade_id =4,level=4,question_text='מה תפקידם של הפנסים ברכב?',explanation='',interesting_fact='הפנסים והנורות ברכב תורמים לבטיחות הנסיעה בלילה.';


INSERT INTO answer_options (question_id, correct_answer, answer_text)
VALUES ('303050104', TRUE, 'להאיר את הדרך ולהיראות בחשכה') ;

INSERT INTO answer_options (question_id, correct_answer, answer_text)
VALUES ('303050104', FALSE, 'קישוט בלבד');

INSERT INTO answer_options (question_id, correct_answer, answer_text)
VALUES ('303050104', FALSE, 'לסנוור נהגים אחרים');

INSERT INTO answer_options (question_id, correct_answer, answer_text)
VALUES ('303050104', FALSE, 'להעלות את המורל');

INSERT INTO questions (question_id, language_id, topic_id, c_grade_id, level, question_text, explanation, interesting_fact)
VALUES ('303050105', 1, 3050, 5, 5, 'מהו הגיל המינימלי בישראל להוצאת רישיון הנהיגה?', '', 'ניתן להתחיל בשיעורי נהיגה מגיל 16 וחצי.') ON CONFLICT (question_id) DO UPDATE SET language_id = 1 ,topic_id= 3050,c_grade_id =5,level=5,question_text='מהו הגיל המינימלי בישראל להוצאת רישיון הנהיגה?',explanation='',interesting_fact='ניתן להתחיל בשיעורי נהיגה מגיל 16 וחצי.';


INSERT INTO answer_options (question_id, correct_answer, answer_text)
VALUES ('303050105', TRUE, '16 ותשעה חודשים') ;

INSERT INTO answer_options (question_id, correct_answer, answer_text)
VALUES ('303050105', FALSE, '18');

INSERT INTO answer_options (question_id, correct_answer, answer_text)
VALUES ('303050105', FALSE, 'תשעה חודשים');

INSERT INTO answer_options (question_id, correct_answer, answer_text)
VALUES ('303050105', FALSE, '21');

INSERT INTO questions (question_id, language_id, topic_id, c_grade_id, level, question_text, explanation, interesting_fact)
VALUES ('303051101', 1, 3051, 1, 1, 'כיצד נקראים חלקי העץ שמתחת לפני האדמה?', '', 'השורש סופג מים ומזון מן הקרקע ואף מסייע ביציבות העץ ואחיזתו בקרקע.') ON CONFLICT (question_id) DO UPDATE SET language_id = 1 ,topic_id= 3051,c_grade_id =1,level=1,question_text='כיצד נקראים חלקי העץ שמתחת לפני האדמה?',explanation='',interesting_fact='השורש סופג מים ומזון מן הקרקע ואף מסייע ביציבות העץ ואחיזתו בקרקע.';


INSERT INTO answer_options (question_id, correct_answer, answer_text)
VALUES ('303051101', TRUE, 'שורשים') ;

INSERT INTO answer_options (question_id, correct_answer, answer_text)
VALUES ('303051101', FALSE, 'ענפים');

INSERT INTO answer_options (question_id, correct_answer, answer_text)
VALUES ('303051101', FALSE, 'עלים');

INSERT INTO answer_options (question_id, correct_answer, answer_text)
VALUES ('303051101', FALSE, 'תפרחת');

INSERT INTO questions (question_id, language_id, topic_id, c_grade_id, level, question_text, explanation, interesting_fact)
VALUES ('303051102', 1, 3051, 2, 2, 'לאיזה כיוון מורה מחט המצפן?', '', 'מחט המצפן נמשכת לקוטב המגנטי של כדור הארץ.') ON CONFLICT (question_id) DO UPDATE SET language_id = 1 ,topic_id= 3051,c_grade_id =2,level=2,question_text='לאיזה כיוון מורה מחט המצפן?',explanation='',interesting_fact='מחט המצפן נמשכת לקוטב המגנטי של כדור הארץ.';


INSERT INTO answer_options (question_id, correct_answer, answer_text)
VALUES ('303051102', TRUE, 'צפון') ;

INSERT INTO answer_options (question_id, correct_answer, answer_text)
VALUES ('303051102', FALSE, 'מזרח');

INSERT INTO answer_options (question_id, correct_answer, answer_text)
VALUES ('303051102', FALSE, 'למעלה');

INSERT INTO answer_options (question_id, correct_answer, answer_text)
VALUES ('303051102', FALSE, 'מערב');

INSERT INTO questions (question_id, language_id, topic_id, c_grade_id, level, question_text, explanation, interesting_fact)
VALUES ('303051103', 1, 3051, 3, 3, 'איזה בעל חיים לא מופיע באיור?', '', 'דובי נמלים שוכנים בדרום אמריקה ובמרכז אמריקה') ON CONFLICT (question_id) DO UPDATE SET language_id = 1 ,topic_id= 3051,c_grade_id =3,level=3,question_text='איזה בעל חיים לא מופיע באיור?',explanation='',interesting_fact='דובי נמלים שוכנים בדרום אמריקה ובמרכז אמריקה';


INSERT INTO answer_options (question_id, correct_answer, answer_text)
VALUES ('303051103', TRUE, 'דב נמלים') ;

INSERT INTO answer_options (question_id, correct_answer, answer_text)
VALUES ('303051103', FALSE, 'דביבון');

INSERT INTO answer_options (question_id, correct_answer, answer_text)
VALUES ('303051103', FALSE, 'פרפר');

INSERT INTO answer_options (question_id, correct_answer, answer_text)
VALUES ('303051103', FALSE, 'יחמור');

INSERT INTO questions (question_id, language_id, topic_id, c_grade_id, level, question_text, explanation, interesting_fact)
VALUES ('303051104', 1, 3051, 4, 4, 'על דגלה של איזו מדינה מופיע עלה?', '', 'על דגל קנדה מופיע עלה עץ מייפל') ON CONFLICT (question_id) DO UPDATE SET language_id = 1 ,topic_id= 3051,c_grade_id =4,level=4,question_text='על דגלה של איזו מדינה מופיע עלה?',explanation='',interesting_fact='על דגל קנדה מופיע עלה עץ מייפל';


INSERT INTO answer_options (question_id, correct_answer, answer_text)
VALUES ('303051104', TRUE, 'קנדה') ;

INSERT INTO answer_options (question_id, correct_answer, answer_text)
VALUES ('303051104', FALSE, 'ישראל');

INSERT INTO answer_options (question_id, correct_answer, answer_text)
VALUES ('303051104', FALSE, 'יפן');

INSERT INTO answer_options (question_id, correct_answer, answer_text)
VALUES ('303051104', FALSE, 'צרפת');

INSERT INTO questions (question_id, language_id, topic_id, c_grade_id, level, question_text, explanation, interesting_fact)
VALUES ('303051105', 1, 3051, 5, 5, 'ענפי איזה עץ הנם מסמלי מדינת ישראל?', '', 'סמל המנורה של מדינת ישראל מעוטר בשני ענפי זית.') ON CONFLICT (question_id) DO UPDATE SET language_id = 1 ,topic_id= 3051,c_grade_id =5,level=5,question_text='ענפי איזה עץ הנם מסמלי מדינת ישראל?',explanation='',interesting_fact='סמל המנורה של מדינת ישראל מעוטר בשני ענפי זית.';


INSERT INTO answer_options (question_id, correct_answer, answer_text)
VALUES ('303051105', TRUE, 'זית') ;

INSERT INTO answer_options (question_id, correct_answer, answer_text)
VALUES ('303051105', FALSE, 'תאנה');

INSERT INTO answer_options (question_id, correct_answer, answer_text)
VALUES ('303051105', FALSE, 'תפוח');

INSERT INTO answer_options (question_id, correct_answer, answer_text)
VALUES ('303051105', FALSE, 'תות');

INSERT INTO questions (question_id, language_id, topic_id, c_grade_id, level, question_text, explanation, interesting_fact)
VALUES ('303052101', 1, 3052, 1, 1, 'מי המציא את הפונוגרף?', '', 'הפונוגרף הוא מכשיר להקלטת קול.') ON CONFLICT (question_id) DO UPDATE SET language_id = 1 ,topic_id= 3052,c_grade_id =1,level=1,question_text='מי המציא את הפונוגרף?',explanation='',interesting_fact='הפונוגרף הוא מכשיר להקלטת קול.';


INSERT INTO answer_options (question_id, correct_answer, answer_text)
VALUES ('303052101', TRUE, 'תומאס אדיסון') ;

INSERT INTO answer_options (question_id, correct_answer, answer_text)
VALUES ('303052101', FALSE, 'אלברט איינשטיין');

INSERT INTO answer_options (question_id, correct_answer, answer_text)
VALUES ('303052101', FALSE, 'גלילאו גליליי');

INSERT INTO answer_options (question_id, correct_answer, answer_text)
VALUES ('303052101', FALSE, 'אייזק ניוטון');

INSERT INTO questions (question_id, language_id, topic_id, c_grade_id, level, question_text, explanation, interesting_fact)
VALUES ('303052102', 1, 3052, 2, 2, 'מי המציא את הטלפון?', '', 'אלכסנדר גרהם בל המציא את הטלפון בשנת 1876.') ON CONFLICT (question_id) DO UPDATE SET language_id = 1 ,topic_id= 3052,c_grade_id =2,level=2,question_text='מי המציא את הטלפון?',explanation='',interesting_fact='אלכסנדר גרהם בל המציא את הטלפון בשנת 1876.';


INSERT INTO answer_options (question_id, correct_answer, answer_text)
VALUES ('303052102', TRUE, 'אלכסנדר גרהם בל') ;

INSERT INTO answer_options (question_id, correct_answer, answer_text)
VALUES ('303052102', FALSE, 'מרי קירי');

INSERT INTO answer_options (question_id, correct_answer, answer_text)
VALUES ('303052102', FALSE, 'לאונרדו דה וינצ`י');

INSERT INTO answer_options (question_id, correct_answer, answer_text)
VALUES ('303052102', FALSE, 'ניקולה טסלה');

INSERT INTO questions (question_id, language_id, topic_id, c_grade_id, level, question_text, explanation, interesting_fact)
VALUES ('303052103', 1, 3052, 3, 3, 'על איזו המצאה חתומים האחים אורוויל ווילבור רייט?', '', 'האחים רייט היו הראשונים שטסו במטוס שבנו.') ON CONFLICT (question_id) DO UPDATE SET language_id = 1 ,topic_id= 3052,c_grade_id =3,level=3,question_text='על איזו המצאה חתומים האחים אורוויל ווילבור רייט?',explanation='',interesting_fact='האחים רייט היו הראשונים שטסו במטוס שבנו.';


INSERT INTO answer_options (question_id, correct_answer, answer_text)
VALUES ('303052103', TRUE, 'המטוס') ;

INSERT INTO answer_options (question_id, correct_answer, answer_text)
VALUES ('303052103', FALSE, 'המכונית');

INSERT INTO answer_options (question_id, correct_answer, answer_text)
VALUES ('303052103', FALSE, 'הצלחת');

INSERT INTO answer_options (question_id, correct_answer, answer_text)
VALUES ('303052103', FALSE, 'הרדיו');

INSERT INTO questions (question_id, language_id, topic_id, c_grade_id, level, question_text, explanation, interesting_fact)
VALUES ('303052104', 1, 3052, 4, 4, 'מי המציא את המחשב הראשון?', '', 'צ`ארלס בבג` היה הממציא הראשון שתכנן מכונת חישוב מתוחכמת, במאה ה-19. המכונה שתכנן מעולם לא נבנתה.') ON CONFLICT (question_id) DO UPDATE SET language_id = 1 ,topic_id= 3052,c_grade_id =4,level=4,question_text='מי המציא את המחשב הראשון?',explanation='',interesting_fact='צ`ארלס בבג` היה הממציא הראשון שתכנן מכונת חישוב מתוחכמת, במאה ה-19. המכונה שתכנן מעולם לא נבנתה.';


INSERT INTO answer_options (question_id, correct_answer, answer_text)
VALUES ('303052104', TRUE, 'צ`ארלס בבג`') ;

INSERT INTO answer_options (question_id, correct_answer, answer_text)
VALUES ('303052104', FALSE, 'תומאס אדיסון');

INSERT INTO answer_options (question_id, correct_answer, answer_text)
VALUES ('303052104', FALSE, 'גרהם בל');

INSERT INTO answer_options (question_id, correct_answer, answer_text)
VALUES ('303052104', FALSE, 'ג`יימס וואט');

INSERT INTO questions (question_id, language_id, topic_id, c_grade_id, level, question_text, explanation, interesting_fact)
VALUES ('303052105', 1, 3052, 5, 5, 'מי המציא את המצלמה הראשונה?', '', 'לואי דגר המציא את המצלמה הראשונה בשנת 1837, שהייתה יכולת לתעד תמונות על לוח מתכת.') ON CONFLICT (question_id) DO UPDATE SET language_id = 1 ,topic_id= 3052,c_grade_id =5,level=5,question_text='מי המציא את המצלמה הראשונה?',explanation='',interesting_fact='לואי דגר המציא את המצלמה הראשונה בשנת 1837, שהייתה יכולת לתעד תמונות על לוח מתכת.';


INSERT INTO answer_options (question_id, correct_answer, answer_text)
VALUES ('303052105', TRUE, 'ניספור נייפס') ;

INSERT INTO answer_options (question_id, correct_answer, answer_text)
VALUES ('303052105', FALSE, 'סטיב ג`ובס');

INSERT INTO answer_options (question_id, correct_answer, answer_text)
VALUES ('303052105', FALSE, 'הנרי פורד');

INSERT INTO answer_options (question_id, correct_answer, answer_text)
VALUES ('303052105', FALSE, 'אלכסנדר גרהם בל');

INSERT INTO questions (question_id, language_id, topic_id, c_grade_id, level, question_text, explanation, interesting_fact)
VALUES ('303053101', 1, 3053, 1, 1, 'איזו ממכות מצריים נקראת על שם חרק?', '', 'מכת ארבה היא המכה השמינית מבין עשר המכות שהוכו מצרים, עקב סירובו של פרעה לשלח לחופשי את בני ישראל מארצו.') ON CONFLICT (question_id) DO UPDATE SET language_id = 1 ,topic_id= 3053,c_grade_id =1,level=1,question_text='איזו ממכות מצריים נקראת על שם חרק?',explanation='',interesting_fact='מכת ארבה היא המכה השמינית מבין עשר המכות שהוכו מצרים, עקב סירובו של פרעה לשלח לחופשי את בני ישראל מארצו.';


INSERT INTO answer_options (question_id, correct_answer, answer_text)
VALUES ('303053101', TRUE, 'ארבה') ;

INSERT INTO answer_options (question_id, correct_answer, answer_text)
VALUES ('303053101', FALSE, 'ג`וקים');

INSERT INTO answer_options (question_id, correct_answer, answer_text)
VALUES ('303053101', FALSE, 'פרת משה רבנו');

INSERT INTO answer_options (question_id, correct_answer, answer_text)
VALUES ('303053101', FALSE, 'צרצר');

INSERT INTO questions (question_id, language_id, topic_id, c_grade_id, level, question_text, explanation, interesting_fact)
VALUES ('303053102', 1, 3053, 2, 2, 'מה משותף ל: ביצה, זחל, גולם ופרפר?', '', 'כחליל השברק הוא הפרפר הלאומי של ישראל') ON CONFLICT (question_id) DO UPDATE SET language_id = 1 ,topic_id= 3053,c_grade_id =2,level=2,question_text='מה משותף ל: ביצה, זחל, גולם ופרפר?',explanation='',interesting_fact='כחליל השברק הוא הפרפר הלאומי של ישראל';


INSERT INTO answer_options (question_id, correct_answer, answer_text)
VALUES ('303053102', TRUE, 'שלבים בהתפתחות הפרפר') ;

INSERT INTO answer_options (question_id, correct_answer, answer_text)
VALUES ('303053102', FALSE, 'חיות מחמד פופולאריות באינדונזיה');

INSERT INTO answer_options (question_id, correct_answer, answer_text)
VALUES ('303053102', FALSE, 'סוגי של רכיכות');

INSERT INTO answer_options (question_id, correct_answer, answer_text)
VALUES ('303053102', FALSE, 'מתכון לסביח');

INSERT INTO questions (question_id, language_id, topic_id, c_grade_id, level, question_text, explanation, interesting_fact)
VALUES ('303053103', 1, 3053, 3, 3, 'איזו נביאה נקראה על שם חרק?', '', 'דבורה סייעה לברק בן אבינועם להילחם בססרא.') ON CONFLICT (question_id) DO UPDATE SET language_id = 1 ,topic_id= 3053,c_grade_id =3,level=3,question_text='איזו נביאה נקראה על שם חרק?',explanation='',interesting_fact='דבורה סייעה לברק בן אבינועם להילחם בססרא.';


INSERT INTO answer_options (question_id, correct_answer, answer_text)
VALUES ('303053103', TRUE, 'דבורה') ;

INSERT INTO answer_options (question_id, correct_answer, answer_text)
VALUES ('303053103', FALSE, 'נאקת שלמה');

INSERT INTO answer_options (question_id, correct_answer, answer_text)
VALUES ('303053103', FALSE, 'פרפרית');

INSERT INTO answer_options (question_id, correct_answer, answer_text)
VALUES ('303053103', FALSE, 'צרעה');

INSERT INTO questions (question_id, language_id, topic_id, c_grade_id, level, question_text, explanation, interesting_fact)
VALUES ('303053104', 1, 3053, 4, 4, 'מדוע מכונה "זבוב הבית" בשמו?', '', 'לזבוב הבית זוג עיניים המורכבות מכאלפיים עדשות וחיישני אור.') ON CONFLICT (question_id) DO UPDATE SET language_id = 1 ,topic_id= 3053,c_grade_id =4,level=4,question_text='מדוע מכונה "זבוב הבית" בשמו?',explanation='',interesting_fact='לזבוב הבית זוג עיניים המורכבות מכאלפיים עדשות וחיישני אור.';


INSERT INTO answer_options (question_id, correct_answer, answer_text)
VALUES ('303053104', TRUE, 'מפני שהוא נוטה לחיות בקרבת בני אדם') ;

INSERT INTO answer_options (question_id, correct_answer, answer_text)
VALUES ('303053104', FALSE, 'מפני שהוא בונה בתים');

INSERT INTO answer_options (question_id, correct_answer, answer_text)
VALUES ('303053104', FALSE, 'מפני שהוא נוהג לחיות בשכירות');

INSERT INTO answer_options (question_id, correct_answer, answer_text)
VALUES ('303053104', FALSE, 'כי הוא מרגיש בבית בכול מקום');

INSERT INTO questions (question_id, language_id, topic_id, c_grade_id, level, question_text, explanation, interesting_fact)
VALUES ('303053105', 1, 3053, 5, 5, 'מהו: "כנף הציפור של המלכה אלכסנדרה"?', '', 'מוטת הכנפיים של הנקבות עשויה להגיע לאורך 28 סנטימטר.') ON CONFLICT (question_id) DO UPDATE SET language_id = 1 ,topic_id= 3053,c_grade_id =5,level=5,question_text='מהו: "כנף הציפור של המלכה אלכסנדרה"?',explanation='',interesting_fact='מוטת הכנפיים של הנקבות עשויה להגיע לאורך 28 סנטימטר.';


INSERT INTO answer_options (question_id, correct_answer, answer_text)
VALUES ('303053105', TRUE, 'הפרפר הגדול בעולם') ;

INSERT INTO answer_options (question_id, correct_answer, answer_text)
VALUES ('303053105', FALSE, 'הזחל הירוק ביותר');

INSERT INTO answer_options (question_id, correct_answer, answer_text)
VALUES ('303053105', FALSE, 'הפרפר הזריז ביותר');

INSERT INTO answer_options (question_id, correct_answer, answer_text)
VALUES ('303053105', FALSE, 'הגולם החכם ביותר');

INSERT INTO questions (question_id, language_id, topic_id, c_grade_id, level, question_text, explanation, interesting_fact)
VALUES ('303054101', 1, 3054, 1, 1, 'מהו מאפיין את החג הדיוואלי ההודי?', '', 'דיוואלי מצוין בהדלקת מנורות ונרות ומסמל ניצחון האור על החושך.') ON CONFLICT (question_id) DO UPDATE SET language_id = 1 ,topic_id= 3054,c_grade_id =1,level=1,question_text='מהו מאפיין את החג הדיוואלי ההודי?',explanation='',interesting_fact='דיוואלי מצוין בהדלקת מנורות ונרות ומסמל ניצחון האור על החושך.';


INSERT INTO answer_options (question_id, correct_answer, answer_text)
VALUES ('303054101', TRUE, 'הדלקת נרות וזיקוקים כדי לגרש את החושך') ;

INSERT INTO answer_options (question_id, correct_answer, answer_text)
VALUES ('303054101', FALSE, 'מאכלים בטעם חמוץ-מתוק');

INSERT INTO answer_options (question_id, correct_answer, answer_text)
VALUES ('303054101', FALSE, 'הפרכת יונים');

INSERT INTO answer_options (question_id, correct_answer, answer_text)
VALUES ('303054101', FALSE, 'רכיבה על זברות');

INSERT INTO questions (question_id, language_id, topic_id, c_grade_id, level, question_text, explanation, interesting_fact)
VALUES ('303054102', 1, 3054, 2, 2, 'מה מציינים ביום המתים במקסיקו?', '', 'יום המתים הוא חג מקסיקני מוקדש לזכרם של אבות המשפחה שהלכו לעולמם.') ON CONFLICT (question_id) DO UPDATE SET language_id = 1 ,topic_id= 3054,c_grade_id =2,level=2,question_text='מה מציינים ביום המתים במקסיקו?',explanation='',interesting_fact='יום המתים הוא חג מקסיקני מוקדש לזכרם של אבות המשפחה שהלכו לעולמם.';


INSERT INTO answer_options (question_id, correct_answer, answer_text)
VALUES ('303054102', TRUE, 'זיכרון הנפטרים') ;

INSERT INTO answer_options (question_id, correct_answer, answer_text)
VALUES ('303054102', FALSE, 'ימי הולדת');

INSERT INTO answer_options (question_id, correct_answer, answer_text)
VALUES ('303054102', FALSE, 'מודעות לבטיחות בדרכים');

INSERT INTO answer_options (question_id, correct_answer, answer_text)
VALUES ('303054102', FALSE, 'אהבת הזולת');

INSERT INTO questions (question_id, language_id, topic_id, c_grade_id, level, question_text, explanation, interesting_fact)
VALUES ('303054103', 1, 3054, 3, 3, 'אחד המאפיינים של חגיגת השנה החדשה הסינית?', '', 'חג השנה החדשה הסיני מצוין במסעות רחוב, בפירוטכניקה, ובסעודות משפחתיות.') ON CONFLICT (question_id) DO UPDATE SET language_id = 1 ,topic_id= 3054,c_grade_id =3,level=3,question_text='אחד המאפיינים של חגיגת השנה החדשה הסינית?',explanation='',interesting_fact='חג השנה החדשה הסיני מצוין במסעות רחוב, בפירוטכניקה, ובסעודות משפחתיות.';


INSERT INTO answer_options (question_id, correct_answer, answer_text)
VALUES ('303054103', TRUE, 'בובות בצורת דרקונים') ;

INSERT INTO answer_options (question_id, correct_answer, answer_text)
VALUES ('303054103', FALSE, 'אכילת אוזני המן');

INSERT INTO answer_options (question_id, correct_answer, answer_text)
VALUES ('303054103', FALSE, 'משחק מונופול משפחתי');

INSERT INTO answer_options (question_id, correct_answer, answer_text)
VALUES ('303054103', FALSE, 'תחרות ריצה על אורז');

INSERT INTO questions (question_id, language_id, topic_id, c_grade_id, level, question_text, explanation, interesting_fact)
VALUES ('303054104', 1, 3054, 4, 4, 'מה נהוג לטבול בדבש בראש השנה?', '', 'ראש השנה הוא חג יהודי המציין את ראשית שנת הלוח העברי.') ON CONFLICT (question_id) DO UPDATE SET language_id = 1 ,topic_id= 3054,c_grade_id =4,level=4,question_text='מה נהוג לטבול בדבש בראש השנה?',explanation='',interesting_fact='ראש השנה הוא חג יהודי המציין את ראשית שנת הלוח העברי.';


INSERT INTO answer_options (question_id, correct_answer, answer_text)
VALUES ('303054104', TRUE, 'תפוח') ;

INSERT INTO answer_options (question_id, correct_answer, answer_text)
VALUES ('303054104', FALSE, 'מצות');

INSERT INTO answer_options (question_id, correct_answer, answer_text)
VALUES ('303054104', FALSE, 'חיפושיות');

INSERT INTO answer_options (question_id, correct_answer, answer_text)
VALUES ('303054104', FALSE, 'אבוקדו');

INSERT INTO questions (question_id, language_id, topic_id, c_grade_id, level, question_text, explanation, interesting_fact)
VALUES ('303054105', 1, 3054, 5, 5, 'מה נוהגים מאמיני האסלם לעשות בימי חודש רמאדן?', '', 'רמדאן הוא חודש של צום מעלות השחר ועד לשקיעה. בימי חודש זה המאמינים גם נמנעים מעישון.') ON CONFLICT (question_id) DO UPDATE SET language_id = 1 ,topic_id= 3054,c_grade_id =5,level=5,question_text='מה נוהגים מאמיני האסלם לעשות בימי חודש רמאדן?',explanation='',interesting_fact='רמדאן הוא חודש של צום מעלות השחר ועד לשקיעה. בימי חודש זה המאמינים גם נמנעים מעישון.';


INSERT INTO answer_options (question_id, correct_answer, answer_text)
VALUES ('303054105', TRUE, 'לצום') ;

INSERT INTO answer_options (question_id, correct_answer, answer_text)
VALUES ('303054105', FALSE, 'לטייל בעולם');

INSERT INTO answer_options (question_id, correct_answer, answer_text)
VALUES ('303054105', FALSE, 'לשתול עצים');

INSERT INTO answer_options (question_id, correct_answer, answer_text)
VALUES ('303054105', FALSE, 'לכתוב שירים');

INSERT INTO questions (question_id, language_id, topic_id, c_grade_id, level, question_text, explanation, interesting_fact)
VALUES ('303055101', 1, 3055, 1, 1, 'מי כתב את הספר "הנסיך הקטן"?', '', '"הנסיך הקטן" הוא ספר קלאסי שנכתב בשנת 1943 ומספר את סיפורו של ילד מכוכב אחר.') ON CONFLICT (question_id) DO UPDATE SET language_id = 1 ,topic_id= 3055,c_grade_id =1,level=1,question_text='מי כתב את הספר "הנסיך הקטן"?',explanation='',interesting_fact='"הנסיך הקטן" הוא ספר קלאסי שנכתב בשנת 1943 ומספר את סיפורו של ילד מכוכב אחר.';


INSERT INTO answer_options (question_id, correct_answer, answer_text)
VALUES ('303055101', TRUE, 'אנטואן דה סן-אכזופרי') ;

INSERT INTO answer_options (question_id, correct_answer, answer_text)
VALUES ('303055101', FALSE, 'רואלד דאל');

INSERT INTO answer_options (question_id, correct_answer, answer_text)
VALUES ('303055101', FALSE, 'ג`יי.קיי. רולינג');

INSERT INTO answer_options (question_id, correct_answer, answer_text)
VALUES ('303055101', FALSE, 'לואיס קרול');

INSERT INTO questions (question_id, language_id, topic_id, c_grade_id, level, question_text, explanation, interesting_fact)
VALUES ('303055102', 1, 3055, 2, 2, 'מה שם סדרת ספרי הקומיקס הצרפתי המצליחה בכול הזמנים?', '', '"אסטריקס" הוא קומיקס צרפתי פופולרי שעוקב אחרי הרפתקאותיו של גיבור גאלי המתמודד עם הכיבוש הרומאי בעזרת שיקוי פלאי.') ON CONFLICT (question_id) DO UPDATE SET language_id = 1 ,topic_id= 3055,c_grade_id =2,level=2,question_text='מה שם סדרת ספרי הקומיקס הצרפתי המצליחה בכול הזמנים?',explanation='',interesting_fact='"אסטריקס" הוא קומיקס צרפתי פופולרי שעוקב אחרי הרפתקאותיו של גיבור גאלי המתמודד עם הכיבוש הרומאי בעזרת שיקוי פלאי.';


INSERT INTO answer_options (question_id, correct_answer, answer_text)
VALUES ('303055102', TRUE, 'אסטריקס') ;

INSERT INTO answer_options (question_id, correct_answer, answer_text)
VALUES ('303055102', FALSE, 'סופרמן');

INSERT INTO answer_options (question_id, correct_answer, answer_text)
VALUES ('303055102', FALSE, 'גרפילד');

INSERT INTO answer_options (question_id, correct_answer, answer_text)
VALUES ('303055102', FALSE, 'משפחת סימפסון');

INSERT INTO questions (question_id, language_id, topic_id, c_grade_id, level, question_text, explanation, interesting_fact)
VALUES ('303055103', 1, 3055, 3, 3, 'באיזו שנה פורסם הספר "ג`יימס והאפרסק הענקי"?', '', 'הספר מגולל את סיפור הרפתקאותיו של ג`יימס הנרי טרוטר, יתום בן 4, שהוריו נטרפו ע"י קרנף טורף.') ON CONFLICT (question_id) DO UPDATE SET language_id = 1 ,topic_id= 3055,c_grade_id =3,level=3,question_text='באיזו שנה פורסם הספר "ג`יימס והאפרסק הענקי"?',explanation='',interesting_fact='הספר מגולל את סיפור הרפתקאותיו של ג`יימס הנרי טרוטר, יתום בן 4, שהוריו נטרפו ע"י קרנף טורף.';


INSERT INTO answer_options (question_id, correct_answer, answer_text)
VALUES ('303055103', TRUE, '1961') ;

INSERT INTO answer_options (question_id, correct_answer, answer_text)
VALUES ('303055103', FALSE, '1813');

INSERT INTO answer_options (question_id, correct_answer, answer_text)
VALUES ('303055103', FALSE, '1744');

INSERT INTO answer_options (question_id, correct_answer, answer_text)
VALUES ('303055103', FALSE, '2003');

INSERT INTO questions (question_id, language_id, topic_id, c_grade_id, level, question_text, explanation, interesting_fact)
VALUES ('303055104', 1, 3055, 4, 4, 'מי הגה ויצר את דמותו של פיטר פן?', '', '"פיטר פן" הוא דמות מספריו של ג`יימס בארי. פיטר פן הוא ילד שאינו רוצה לגדול.') ON CONFLICT (question_id) DO UPDATE SET language_id = 1 ,topic_id= 3055,c_grade_id =4,level=4,question_text='מי הגה ויצר את דמותו של פיטר פן?',explanation='',interesting_fact='"פיטר פן" הוא דמות מספריו של ג`יימס בארי. פיטר פן הוא ילד שאינו רוצה לגדול.';


INSERT INTO answer_options (question_id, correct_answer, answer_text)
VALUES ('303055104', TRUE, 'ג`יימס מת`יו בארי') ;

INSERT INTO answer_options (question_id, correct_answer, answer_text)
VALUES ('303055104', FALSE, 'האחים גרים');

INSERT INTO answer_options (question_id, correct_answer, answer_text)
VALUES ('303055104', FALSE, 'לואיס קרול');

INSERT INTO answer_options (question_id, correct_answer, answer_text)
VALUES ('303055104', FALSE, 'א.א. מילן');

INSERT INTO questions (question_id, language_id, topic_id, c_grade_id, level, question_text, explanation, interesting_fact)
VALUES ('303055105', 1, 3055, 5, 5, 'מי כתבה את סדרת הספרים "הארי פוטר"?', '', '"הארי פוטר" היא סדרת ספרים המגוללת את עלילותיו של קוסם צעיר בבית ספר לקוסמים.') ON CONFLICT (question_id) DO UPDATE SET language_id = 1 ,topic_id= 3055,c_grade_id =5,level=5,question_text='מי כתבה את סדרת הספרים "הארי פוטר"?',explanation='',interesting_fact='"הארי פוטר" היא סדרת ספרים המגוללת את עלילותיו של קוסם צעיר בבית ספר לקוסמים.';


INSERT INTO answer_options (question_id, correct_answer, answer_text)
VALUES ('303055105', TRUE, 'ג`יי.קיי. רולינג') ;

INSERT INTO answer_options (question_id, correct_answer, answer_text)
VALUES ('303055105', FALSE, 'ג`יי.פי מורגן');

INSERT INTO answer_options (question_id, correct_answer, answer_text)
VALUES ('303055105', FALSE, 'ג`יי.אף קנדי');

INSERT INTO answer_options (question_id, correct_answer, answer_text)
VALUES ('303055105', FALSE, 'ג`יי. אף שש-עשרה');

INSERT INTO questions (question_id, language_id, topic_id, c_grade_id, level, question_text, explanation, interesting_fact)
VALUES ('303056101', 1, 3056, 1, 1, 'מהו מקור האנרגיה העיקרי של השמש?', '', 'היתוך גרעיני בשמש משחרר אנרגיה עצומה שהיא מקור האור והחום הנפלטים מהשמש.') ON CONFLICT (question_id) DO UPDATE SET language_id = 1 ,topic_id= 3056,c_grade_id =1,level=1,question_text='מהו מקור האנרגיה העיקרי של השמש?',explanation='',interesting_fact='היתוך גרעיני בשמש משחרר אנרגיה עצומה שהיא מקור האור והחום הנפלטים מהשמש.';


INSERT INTO answer_options (question_id, correct_answer, answer_text)
VALUES ('303056101', TRUE, 'תהליך היתוך גרעיני') ;

INSERT INTO answer_options (question_id, correct_answer, answer_text)
VALUES ('303056101', FALSE, 'כוח הרוח');

INSERT INTO answer_options (question_id, correct_answer, answer_text)
VALUES ('303056101', FALSE, 'ברקים');

INSERT INTO answer_options (question_id, correct_answer, answer_text)
VALUES ('303056101', FALSE, 'גייזרים');

INSERT INTO questions (question_id, language_id, topic_id, c_grade_id, level, question_text, explanation, interesting_fact)
VALUES ('303056102', 1, 3056, 2, 2, 'מהי מהירות האור?', '', 'על פי תורת היחסות, מהירות האור היא המהירות המרבית שניתן לנוע בה.') ON CONFLICT (question_id) DO UPDATE SET language_id = 1 ,topic_id= 3056,c_grade_id =2,level=2,question_text='מהי מהירות האור?',explanation='',interesting_fact='על פי תורת היחסות, מהירות האור היא המהירות המרבית שניתן לנוע בה.';


INSERT INTO answer_options (question_id, correct_answer, answer_text)
VALUES ('303056102', TRUE, 'כ-300,000 קילומטר לשנייה') ;

INSERT INTO answer_options (question_id, correct_answer, answer_text)
VALUES ('303056102', FALSE, 'כ-150,000 קילומטר לשנייה');

INSERT INTO answer_options (question_id, correct_answer, answer_text)
VALUES ('303056102', FALSE, 'כ-500,000 קילומטר לשנייה');

INSERT INTO answer_options (question_id, correct_answer, answer_text)
VALUES ('303056102', FALSE, 'כ-1,000,000 קילומטר לשנייה');

INSERT INTO questions (question_id, language_id, topic_id, c_grade_id, level, question_text, explanation, interesting_fact)
VALUES ('303056103', 1, 3056, 3, 3, 'כמה ריאות יש בגוף האדם?', '', 'עיקר תהליך הנשימה מתרחש בריאות.') ON CONFLICT (question_id) DO UPDATE SET language_id = 1 ,topic_id= 3056,c_grade_id =3,level=3,question_text='כמה ריאות יש בגוף האדם?',explanation='',interesting_fact='עיקר תהליך הנשימה מתרחש בריאות.';


INSERT INTO answer_options (question_id, correct_answer, answer_text)
VALUES ('303056103', TRUE, 'שתיים') ;

INSERT INTO answer_options (question_id, correct_answer, answer_text)
VALUES ('303056103', FALSE, 'לפחות שש');

INSERT INTO answer_options (question_id, correct_answer, answer_text)
VALUES ('303056103', FALSE, 'בממוצע ארבע');

INSERT INTO answer_options (question_id, correct_answer, answer_text)
VALUES ('303056103', FALSE, 'שלוש ושליש');

INSERT INTO questions (question_id, language_id, topic_id, c_grade_id, level, question_text, explanation, interesting_fact)
VALUES ('303056104', 1, 3056, 4, 4, 'אלו יצורים ניתן לראות רק בעזרת מיקרוסקופ?', '', 'המיקרוסקופ מאפשר לראות חיידקים, תאים ואובייקטים זערוריים נוספים.') ON CONFLICT (question_id) DO UPDATE SET language_id = 1 ,topic_id= 3056,c_grade_id =4,level=4,question_text='אלו יצורים ניתן לראות רק בעזרת מיקרוסקופ?',explanation='',interesting_fact='המיקרוסקופ מאפשר לראות חיידקים, תאים ואובייקטים זערוריים נוספים.';


INSERT INTO answer_options (question_id, correct_answer, answer_text)
VALUES ('303056104', TRUE, 'חיידקים') ;

INSERT INTO answer_options (question_id, correct_answer, answer_text)
VALUES ('303056104', FALSE, 'ראמים');

INSERT INTO answer_options (question_id, correct_answer, answer_text)
VALUES ('303056104', FALSE, 'הוביטים');

INSERT INTO answer_options (question_id, correct_answer, answer_text)
VALUES ('303056104', FALSE, 'פלטיפוסים');

INSERT INTO questions (question_id, language_id, topic_id, c_grade_id, level, question_text, explanation, interesting_fact)
VALUES ('303056105', 1, 3056, 5, 5, 'מה קורה כשמערבבים חומץ וסודה לשתייה?', '', 'החומץ והסודה לשתייה יוצרים תגובה כימית שמלווה בפליטת פחמן דו-חמצני.') ON CONFLICT (question_id) DO UPDATE SET language_id = 1 ,topic_id= 3056,c_grade_id =5,level=5,question_text='מה קורה כשמערבבים חומץ וסודה לשתייה?',explanation='',interesting_fact='החומץ והסודה לשתייה יוצרים תגובה כימית שמלווה בפליטת פחמן דו-חמצני.';


INSERT INTO answer_options (question_id, correct_answer, answer_text)
VALUES ('303056105', TRUE, 'נוצר תגובה כימית עם בועות') ;

INSERT INTO answer_options (question_id, correct_answer, answer_text)
VALUES ('303056105', FALSE, 'מקבלים ערק בטעם אשכוליות');

INSERT INTO answer_options (question_id, correct_answer, answer_text)
VALUES ('303056105', FALSE, 'נוצר מרק עוף');

INSERT INTO answer_options (question_id, correct_answer, answer_text)
VALUES ('303056105', FALSE, 'מתרחש ביקוע גרעיני');

INSERT INTO questions (question_id, language_id, topic_id, c_grade_id, level, question_text, explanation, interesting_fact)
VALUES ('303057101', 1, 3057, 1, 1, 'מהו המפל הגבוה ביותר בעולם?', '', 'במפלי אנחל שבונצואלה המים צונחים מגובה 979 מטרים.') ON CONFLICT (question_id) DO UPDATE SET language_id = 1 ,topic_id= 3057,c_grade_id =1,level=1,question_text='מהו המפל הגבוה ביותר בעולם?',explanation='',interesting_fact='במפלי אנחל שבונצואלה המים צונחים מגובה 979 מטרים.';


INSERT INTO answer_options (question_id, correct_answer, answer_text)
VALUES ('303057101', TRUE, 'מפלי אנחל') ;

INSERT INTO answer_options (question_id, correct_answer, answer_text)
VALUES ('303057101', FALSE, 'מפלי ניאגרה');

INSERT INTO answer_options (question_id, correct_answer, answer_text)
VALUES ('303057101', FALSE, 'מפלי ויקטוריה');

INSERT INTO answer_options (question_id, correct_answer, answer_text)
VALUES ('303057101', FALSE, 'מפל התנור');

INSERT INTO questions (question_id, language_id, topic_id, c_grade_id, level, question_text, explanation, interesting_fact)
VALUES ('303057102', 1, 3057, 2, 2, 'מהו הפרח הלאומי של ישראל?', '', 'הכלנית האדומה היא פרח מוגן.') ON CONFLICT (question_id) DO UPDATE SET language_id = 1 ,topic_id= 3057,c_grade_id =2,level=2,question_text='מהו הפרח הלאומי של ישראל?',explanation='',interesting_fact='הכלנית האדומה היא פרח מוגן.';


INSERT INTO answer_options (question_id, correct_answer, answer_text)
VALUES ('303057102', TRUE, 'כלנית') ;

INSERT INTO answer_options (question_id, correct_answer, answer_text)
VALUES ('303057102', FALSE, 'צבעוני');

INSERT INTO answer_options (question_id, correct_answer, answer_text)
VALUES ('303057102', FALSE, 'חצב');

INSERT INTO answer_options (question_id, correct_answer, answer_text)
VALUES ('303057102', FALSE, 'רקפת');

INSERT INTO questions (question_id, language_id, topic_id, c_grade_id, level, question_text, explanation, interesting_fact)
VALUES ('303057103', 1, 3057, 3, 3, 'מהו היער הגדול ביותר בישראל?', '', 'היערות מהווים 6% משטח ישראל.') ON CONFLICT (question_id) DO UPDATE SET language_id = 1 ,topic_id= 3057,c_grade_id =3,level=3,question_text='מהו היער הגדול ביותר בישראל?',explanation='',interesting_fact='היערות מהווים 6% משטח ישראל.';


INSERT INTO answer_options (question_id, correct_answer, answer_text)
VALUES ('303057103', TRUE, 'יער הזורע (מדרום ליקנעם)') ;

INSERT INTO answer_options (question_id, correct_answer, answer_text)
VALUES ('303057103', FALSE, 'יער ירושלים');

INSERT INTO answer_options (question_id, correct_answer, answer_text)
VALUES ('303057103', FALSE, 'יער ביריה');

INSERT INTO answer_options (question_id, correct_answer, answer_text)
VALUES ('303057103', FALSE, 'יער שוקדה');

INSERT INTO questions (question_id, language_id, topic_id, c_grade_id, level, question_text, explanation, interesting_fact)
VALUES ('303057104', 1, 3057, 4, 4, 'מה משקלו של לוויתן כחול בוגר?', '', 'הלווייתן הוא החיה הגדולה ביותר בים, ויש מינים שאורכם מגיע ל-30 מטרים.') ON CONFLICT (question_id) DO UPDATE SET language_id = 1 ,topic_id= 3057,c_grade_id =4,level=4,question_text='מה משקלו של לוויתן כחול בוגר?',explanation='',interesting_fact='הלווייתן הוא החיה הגדולה ביותר בים, ויש מינים שאורכם מגיע ל-30 מטרים.';


INSERT INTO answer_options (question_id, correct_answer, answer_text)
VALUES ('303057104', TRUE, 'בסביבות 150-175 טון') ;

INSERT INTO answer_options (question_id, correct_answer, answer_text)
VALUES ('303057104', FALSE, '280 קילוגרם');

INSERT INTO answer_options (question_id, correct_answer, answer_text)
VALUES ('303057104', FALSE, 'בסביבות 950 קילוגרם');

INSERT INTO answer_options (question_id, correct_answer, answer_text)
VALUES ('303057104', FALSE, 'בסביבות 10-12.5 טון');

INSERT INTO questions (question_id, language_id, topic_id, c_grade_id, level, question_text, explanation, interesting_fact)
VALUES ('303057105', 1, 3057, 5, 5, 'איזה פארק לאומי בישראל סמוך לים המלח?', '', 'ים המלח נמצא בגובה 400 מטרים מתחת לפני הים.') ON CONFLICT (question_id) DO UPDATE SET language_id = 1 ,topic_id= 3057,c_grade_id =5,level=5,question_text='איזה פארק לאומי בישראל סמוך לים המלח?',explanation='',interesting_fact='ים המלח נמצא בגובה 400 מטרים מתחת לפני הים.';


INSERT INTO answer_options (question_id, correct_answer, answer_text)
VALUES ('303057105', TRUE, 'עין גדי') ;

INSERT INTO answer_options (question_id, correct_answer, answer_text)
VALUES ('303057105', FALSE, 'יערות הכרמל');

INSERT INTO answer_options (question_id, correct_answer, answer_text)
VALUES ('303057105', FALSE, 'פארק תמנע');

INSERT INTO answer_options (question_id, correct_answer, answer_text)
VALUES ('303057105', FALSE, 'פארק קיסריה');

INSERT INTO questions (question_id, language_id, topic_id, c_grade_id, level, question_text, explanation, interesting_fact)
VALUES ('303058101', 1, 3058, 1, 1, 'מהי תפקידה העיקרי של מערכת החיסון בגוף?', '', 'מערכת החיסון פועלת כצבא ציקרוסקופי השומר על הגוף מפני חיידקים ווירוסים.') ON CONFLICT (question_id) DO UPDATE SET language_id = 1 ,topic_id= 3058,c_grade_id =1,level=1,question_text='מהי תפקידה העיקרי של מערכת החיסון בגוף?',explanation='',interesting_fact='מערכת החיסון פועלת כצבא ציקרוסקופי השומר על הגוף מפני חיידקים ווירוסים.';


INSERT INTO answer_options (question_id, correct_answer, answer_text)
VALUES ('303058101', TRUE, 'להגן על הגוף מפני חיידקים ווירוסים') ;

INSERT INTO answer_options (question_id, correct_answer, answer_text)
VALUES ('303058101', FALSE, 'לייצר חמצן');

INSERT INTO answer_options (question_id, correct_answer, answer_text)
VALUES ('303058101', FALSE, 'לעזור בעיכול');

INSERT INTO answer_options (question_id, correct_answer, answer_text)
VALUES ('303058101', FALSE, 'לשלוט בטמפרטורת הגוף');

INSERT INTO questions (question_id, language_id, topic_id, c_grade_id, level, question_text, explanation, interesting_fact)
VALUES ('303058102', 1, 3058, 2, 2, 'מהו חיסון?', '', 'חיסונים עוזרים לגוף לזהות ולהילחם בחיידקים ובווירוסים.') ON CONFLICT (question_id) DO UPDATE SET language_id = 1 ,topic_id= 3058,c_grade_id =2,level=2,question_text='מהו חיסון?',explanation='',interesting_fact='חיסונים עוזרים לגוף לזהות ולהילחם בחיידקים ובווירוסים.';


INSERT INTO answer_options (question_id, correct_answer, answer_text)
VALUES ('303058102', TRUE, 'תרכיב שמסייע לגוף להילחם במחוללי מחלות') ;

INSERT INTO answer_options (question_id, correct_answer, answer_text)
VALUES ('303058102', FALSE, 'סוג של ויטמין');

INSERT INTO answer_options (question_id, correct_answer, answer_text)
VALUES ('303058102', FALSE, 'סוג של תרופת כאב');

INSERT INTO answer_options (question_id, correct_answer, answer_text)
VALUES ('303058102', FALSE, 'סוג של אנטיביוטיקה');

INSERT INTO questions (question_id, language_id, topic_id, c_grade_id, level, question_text, explanation, interesting_fact)
VALUES ('303058103', 1, 3058, 3, 3, 'מהם נוגדנים?', '', 'נוגדנים הם חלבונים שמזהים ומסלקים גופיפים מקרוסקופיים זרים שחדרו לגוף.') ON CONFLICT (question_id) DO UPDATE SET language_id = 1 ,topic_id= 3058,c_grade_id =3,level=3,question_text='מהם נוגדנים?',explanation='',interesting_fact='נוגדנים הם חלבונים שמזהים ומסלקים גופיפים מקרוסקופיים זרים שחדרו לגוף.';


INSERT INTO answer_options (question_id, correct_answer, answer_text)
VALUES ('303058103', TRUE, 'חלבונים בדם שמזהים חיידקים ווירוסים') ;

INSERT INTO answer_options (question_id, correct_answer, answer_text)
VALUES ('303058103', FALSE, 'סוג של חיידקים');

INSERT INTO answer_options (question_id, correct_answer, answer_text)
VALUES ('303058103', FALSE, 'סוג של ויטמינים');

INSERT INTO answer_options (question_id, correct_answer, answer_text)
VALUES ('303058103', FALSE, 'חומרים שמסייעים בעיכול');

INSERT INTO questions (question_id, language_id, topic_id, c_grade_id, level, question_text, explanation, interesting_fact)
VALUES ('303058104', 1, 3058, 4, 4, 'מה חשיבותו של ויטמין C?', '', 'פירות הדר וקולורבי הם מקורות מצוינים לוויטמין C?') ON CONFLICT (question_id) DO UPDATE SET language_id = 1 ,topic_id= 3058,c_grade_id =4,level=4,question_text='מה חשיבותו של ויטמין C?',explanation='',interesting_fact='פירות הדר וקולורבי הם מקורות מצוינים לוויטמין C?';


INSERT INTO answer_options (question_id, correct_answer, answer_text)
VALUES ('303058104', TRUE, 'חיזוק מערכת החיסון') ;

INSERT INTO answer_options (question_id, correct_answer, answer_text)
VALUES ('303058104', FALSE, 'שיפור השמיעה');

INSERT INTO answer_options (question_id, correct_answer, answer_text)
VALUES ('303058104', FALSE, 'מצמיח שיער ביעילות');

INSERT INTO answer_options (question_id, correct_answer, answer_text)
VALUES ('303058104', FALSE, 'חידוד חוש הריח');

INSERT INTO questions (question_id, language_id, topic_id, c_grade_id, level, question_text, explanation, interesting_fact)
VALUES ('303058105', 1, 3058, 5, 5, 'מהו תפקידו של הלבלב?', '', 'אצל אדם בוגר אורך הלבלב הוא כ-15 סנטימטרים.') ON CONFLICT (question_id) DO UPDATE SET language_id = 1 ,topic_id= 3058,c_grade_id =5,level=5,question_text='מהו תפקידו של הלבלב?',explanation='',interesting_fact='אצל אדם בוגר אורך הלבלב הוא כ-15 סנטימטרים.';


INSERT INTO answer_options (question_id, correct_answer, answer_text)
VALUES ('303058105', TRUE, 'לסייע בעיכול') ;

INSERT INTO answer_options (question_id, correct_answer, answer_text)
VALUES ('303058105', FALSE, 'לייצר פחמימות');

INSERT INTO answer_options (question_id, correct_answer, answer_text)
VALUES ('303058105', FALSE, 'לווסת רגשות');

INSERT INTO answer_options (question_id, correct_answer, answer_text)
VALUES ('303058105', FALSE, 'לתמוך בעמוד השדרה');

INSERT INTO questions (question_id, language_id, topic_id, c_grade_id, level, question_text, explanation, interesting_fact)
VALUES ('303059101', 1, 3059, 1, 1, 'מי היה נפוליאון בונפרטה?', '', 'נפוליאון היה מהמנהיגים הגדולים בתולדות אירופה, פיקד על צבא גדול וערך מסעות כיבוש.') ON CONFLICT (question_id) DO UPDATE SET language_id = 1 ,topic_id= 3059,c_grade_id =1,level=1,question_text='מי היה נפוליאון בונפרטה?',explanation='',interesting_fact='נפוליאון היה מהמנהיגים הגדולים בתולדות אירופה, פיקד על צבא גדול וערך מסעות כיבוש.';


INSERT INTO answer_options (question_id, correct_answer, answer_text)
VALUES ('303059101', TRUE, 'מנהיג צבאי וקיסר צרפת') ;

INSERT INTO answer_options (question_id, correct_answer, answer_text)
VALUES ('303059101', FALSE, 'מלך אנגליה');

INSERT INTO answer_options (question_id, correct_answer, answer_text)
VALUES ('303059101', FALSE, 'קיסר רומי');

INSERT INTO answer_options (question_id, correct_answer, answer_text)
VALUES ('303059101', FALSE, 'נשיא ארצות הברית');

INSERT INTO questions (question_id, language_id, topic_id, c_grade_id, level, question_text, explanation, interesting_fact)
VALUES ('303059102', 1, 3059, 2, 2, 'מי היתה ג`אן דארק?', '', 'ג`אן דארק ידועה גם בכינויה "העלמה מאורליאן".') ON CONFLICT (question_id) DO UPDATE SET language_id = 1 ,topic_id= 3059,c_grade_id =2,level=2,question_text='מי היתה ג`אן דארק?',explanation='',interesting_fact='ג`אן דארק ידועה גם בכינויה "העלמה מאורליאן".';


INSERT INTO answer_options (question_id, correct_answer, answer_text)
VALUES ('303059102', TRUE, 'גיבורת לאומית של צרפת שלחמה במאה ה-15') ;

INSERT INTO answer_options (question_id, correct_answer, answer_text)
VALUES ('303059102', FALSE, 'מלכת אנגליה');

INSERT INTO answer_options (question_id, correct_answer, answer_text)
VALUES ('303059102', FALSE, 'פילוסופית יוונית');

INSERT INTO answer_options (question_id, correct_answer, answer_text)
VALUES ('303059102', FALSE, 'רקדנית בלט רוסית');

INSERT INTO questions (question_id, language_id, topic_id, c_grade_id, level, question_text, explanation, interesting_fact)
VALUES ('303059103', 1, 3059, 3, 3, 'מה היה שמה של ספינתו של מגלה הארצות קריסטופר קולומבוס?', '', 'קריסטופר קולומבוס היה אחד ממגלי הארצות הגדולים בהיסטוריה.') ON CONFLICT (question_id) DO UPDATE SET language_id = 1 ,topic_id= 3059,c_grade_id =3,level=3,question_text='מה היה שמה של ספינתו של מגלה הארצות קריסטופר קולומבוס?',explanation='',interesting_fact='קריסטופר קולומבוס היה אחד ממגלי הארצות הגדולים בהיסטוריה.';


INSERT INTO answer_options (question_id, correct_answer, answer_text)
VALUES ('303059103', TRUE, 'סנטה מריה') ;

INSERT INTO answer_options (question_id, correct_answer, answer_text)
VALUES ('303059103', FALSE, 'באונטי');

INSERT INTO answer_options (question_id, correct_answer, answer_text)
VALUES ('303059103', FALSE, 'נאוטילוס');

INSERT INTO answer_options (question_id, correct_answer, answer_text)
VALUES ('303059103', FALSE, 'טייטאניק');

INSERT INTO questions (question_id, language_id, topic_id, c_grade_id, level, question_text, explanation, interesting_fact)
VALUES ('303059104', 1, 3059, 4, 4, 'מי היה מוחמד עלי?', '', 'מוחמד עלי היה אלוף העולם באגרוף ואחד מהספורטאים הבולטים והמשפיעים במאה ה-20.') ON CONFLICT (question_id) DO UPDATE SET language_id = 1 ,topic_id= 3059,c_grade_id =4,level=4,question_text='מי היה מוחמד עלי?',explanation='',interesting_fact='מוחמד עלי היה אלוף העולם באגרוף ואחד מהספורטאים הבולטים והמשפיעים במאה ה-20.';


INSERT INTO answer_options (question_id, correct_answer, answer_text)
VALUES ('303059104', TRUE, 'אלוף העולם באגרוף') ;

INSERT INTO answer_options (question_id, correct_answer, answer_text)
VALUES ('303059104', FALSE, 'נשיא דרום אפריקה');

INSERT INTO answer_options (question_id, correct_answer, answer_text)
VALUES ('303059104', FALSE, 'ראש ממשלת קנדה');

INSERT INTO answer_options (question_id, correct_answer, answer_text)
VALUES ('303059104', FALSE, 'נשיא ארצות הברית');

INSERT INTO questions (question_id, language_id, topic_id, c_grade_id, level, question_text, explanation, interesting_fact)
VALUES ('303059105', 1, 3059, 5, 5, 'מי הייתה פלורנס נייטינגייל?', '', 'פלורנס נייטינגייל נחשבת ל"אם הסיעוד המודרני" ותרמה רבות לשיפור הרפואה.') ON CONFLICT (question_id) DO UPDATE SET language_id = 1 ,topic_id= 3059,c_grade_id =5,level=5,question_text='מי הייתה פלורנס נייטינגייל?',explanation='',interesting_fact='פלורנס נייטינגייל נחשבת ל"אם הסיעוד המודרני" ותרמה רבות לשיפור הרפואה.';


INSERT INTO answer_options (question_id, correct_answer, answer_text)
VALUES ('303059105', TRUE, 'חלוצה ומחדשת בתחום הסיעוד') ;

INSERT INTO answer_options (question_id, correct_answer, answer_text)
VALUES ('303059105', FALSE, 'ראש ממשלת בריטניה');

INSERT INTO answer_options (question_id, correct_answer, answer_text)
VALUES ('303059105', FALSE, 'מעצבת מטוסים');

INSERT INTO answer_options (question_id, correct_answer, answer_text)
VALUES ('303059105', FALSE, 'זמרת אופרה');

INSERT INTO questions (question_id, language_id, topic_id, c_grade_id, level, question_text, explanation, interesting_fact)
VALUES ('303060101', 1, 3060, 1, 1, 'מהי בקירוב טמפרטורת פני השמש?', '', 'הטמפרטורה במרכז השמש היא מעל 15 מיליון מעלות') ON CONFLICT (question_id) DO UPDATE SET language_id = 1 ,topic_id= 3060,c_grade_id =1,level=1,question_text='מהי בקירוב טמפרטורת פני השמש?',explanation='',interesting_fact='הטמפרטורה במרכז השמש היא מעל 15 מיליון מעלות';


INSERT INTO answer_options (question_id, correct_answer, answer_text)
VALUES ('303060101', TRUE, '5500 מעלות סלזיוס') ;

INSERT INTO answer_options (question_id, correct_answer, answer_text)
VALUES ('303060101', FALSE, '276 מעלות סלזיוס');

INSERT INTO answer_options (question_id, correct_answer, answer_text)
VALUES ('303060101', FALSE, '1140 מעלות קלווין');

INSERT INTO answer_options (question_id, correct_answer, answer_text)
VALUES ('303060101', FALSE, '1296 מעלות סלזיוס');

INSERT INTO questions (question_id, language_id, topic_id, c_grade_id, level, question_text, explanation, interesting_fact)
VALUES ('303060102', 1, 3060, 2, 2, 'מה שם הגלקסיה שבה נמצאת מערכת השמש?', '', 'שביל החלב היא הגלקסיה הכוללת כ-200 מיליארד כוכבים.') ON CONFLICT (question_id) DO UPDATE SET language_id = 1 ,topic_id= 3060,c_grade_id =2,level=2,question_text='מה שם הגלקסיה שבה נמצאת מערכת השמש?',explanation='',interesting_fact='שביל החלב היא הגלקסיה הכוללת כ-200 מיליארד כוכבים.';


INSERT INTO answer_options (question_id, correct_answer, answer_text)
VALUES ('303060102', TRUE, 'שביל החלב') ;

INSERT INTO answer_options (question_id, correct_answer, answer_text)
VALUES ('303060102', FALSE, 'אנדרומדה');

INSERT INTO answer_options (question_id, correct_answer, answer_text)
VALUES ('303060102', FALSE, 'סומבררו');

INSERT INTO answer_options (question_id, correct_answer, answer_text)
VALUES ('303060102', FALSE, 'געפילטעפיש');

INSERT INTO questions (question_id, language_id, topic_id, c_grade_id, level, question_text, explanation, interesting_fact)
VALUES ('303060103', 1, 3060, 3, 3, 'מהם חורים שחורים?', '', 'חורים שחורים נוצרים מקריסת כוכבים גדולים. לחורים שחורים כבידה כה עזה עד שאפילו אור אינו יכול להימלט מהם.') ON CONFLICT (question_id) DO UPDATE SET language_id = 1 ,topic_id= 3060,c_grade_id =3,level=3,question_text='מהם חורים שחורים?',explanation='',interesting_fact='חורים שחורים נוצרים מקריסת כוכבים גדולים. לחורים שחורים כבידה כה עזה עד שאפילו אור אינו יכול להימלט מהם.';


INSERT INTO answer_options (question_id, correct_answer, answer_text)
VALUES ('303060103', TRUE, 'תחומים בחלל עם כבידה עצומה') ;

INSERT INTO answer_options (question_id, correct_answer, answer_text)
VALUES ('303060103', FALSE, 'כוכבים מתפוצצים');

INSERT INTO answer_options (question_id, correct_answer, answer_text)
VALUES ('303060103', FALSE, 'גלקסיות בעלות צורה מיוחדת');

INSERT INTO answer_options (question_id, correct_answer, answer_text)
VALUES ('303060103', FALSE, 'כוכבים ננסיים');

INSERT INTO questions (question_id, language_id, topic_id, c_grade_id, level, question_text, explanation, interesting_fact)
VALUES ('303060104', 1, 3060, 4, 4, 'מהו הירח?', '', 'החללית אפולו 11 נחתה על הירח בשנת 1969.') ON CONFLICT (question_id) DO UPDATE SET language_id = 1 ,topic_id= 3060,c_grade_id =4,level=4,question_text='מהו הירח?',explanation='',interesting_fact='החללית אפולו 11 נחתה על הירח בשנת 1969.';


INSERT INTO answer_options (question_id, correct_answer, answer_text)
VALUES ('303060104', TRUE, 'לוויין טבעי של כדור הארץ') ;

INSERT INTO answer_options (question_id, correct_answer, answer_text)
VALUES ('303060104', FALSE, 'כוכב נוזלי');

INSERT INTO answer_options (question_id, correct_answer, answer_text)
VALUES ('303060104', FALSE, 'גלקסיה מינאטורית');

INSERT INTO answer_options (question_id, correct_answer, answer_text)
VALUES ('303060104', FALSE, 'חללית');

INSERT INTO questions (question_id, language_id, topic_id, c_grade_id, level, question_text, explanation, interesting_fact)
VALUES ('303060105', 1, 3060, 5, 5, 'מהו שמו המדעי של "כוב נופל"?', '', 'שביט הוא גרם שמים קטן (אסטרואיד או מטאוריד) החודר לאטמוספיה של כדוא הארץ ומוטיר אחריו שובל ארוך ובוהק..') ON CONFLICT (question_id) DO UPDATE SET language_id = 1 ,topic_id= 3060,c_grade_id =5,level=5,question_text='מהו שמו המדעי של "כוב נופל"?',explanation='',interesting_fact='שביט הוא גרם שמים קטן (אסטרואיד או מטאוריד) החודר לאטמוספיה של כדוא הארץ ומוטיר אחריו שובל ארוך ובוהק..';


INSERT INTO answer_options (question_id, correct_answer, answer_text)
VALUES ('303060105', TRUE, 'מטאור') ;

INSERT INTO answer_options (question_id, correct_answer, answer_text)
VALUES ('303060105', FALSE, 'אסטרוגן');

INSERT INTO answer_options (question_id, correct_answer, answer_text)
VALUES ('303060105', FALSE, 'טורנדו');

INSERT INTO answer_options (question_id, correct_answer, answer_text)
VALUES ('303060105', FALSE, 'קרינת חום');

INSERT INTO questions (question_id, language_id, topic_id, c_grade_id, level, question_text, explanation, interesting_fact)
VALUES ('303061101', 1, 3061, 1, 1, 'מתי נהוג במסורת הנוצרית לקשט עצי אשוח?', '', 'חג המולד מצוין ב-25 בדצמבר ומאופיין במסורות שונות כמו קישוט עץ חג מולד.') ON CONFLICT (question_id) DO UPDATE SET language_id = 1 ,topic_id= 3061,c_grade_id =1,level=1,question_text='מתי נהוג במסורת הנוצרית לקשט עצי אשוח?',explanation='',interesting_fact='חג המולד מצוין ב-25 בדצמבר ומאופיין במסורות שונות כמו קישוט עץ חג מולד.';


INSERT INTO answer_options (question_id, correct_answer, answer_text)
VALUES ('303061101', TRUE, 'בחג המולד') ;

INSERT INTO answer_options (question_id, correct_answer, answer_text)
VALUES ('303061101', FALSE, 'בחג הפסחא');

INSERT INTO answer_options (question_id, correct_answer, answer_text)
VALUES ('303061101', FALSE, 'בחג ההודיה');

INSERT INTO answer_options (question_id, correct_answer, answer_text)
VALUES ('303061101', FALSE, 'בחג ההתגלות');

INSERT INTO questions (question_id, language_id, topic_id, c_grade_id, level, question_text, explanation, interesting_fact)
VALUES ('303061102', 1, 3061, 2, 2, 'באיזה חג מחלקים משלוחי מנות?', '', 'בפורים נהוג, בין השאר, להתחפש ולהשתתף בסעודות חג.') ON CONFLICT (question_id) DO UPDATE SET language_id = 1 ,topic_id= 3061,c_grade_id =2,level=2,question_text='באיזה חג מחלקים משלוחי מנות?',explanation='',interesting_fact='בפורים נהוג, בין השאר, להתחפש ולהשתתף בסעודות חג.';


INSERT INTO answer_options (question_id, correct_answer, answer_text)
VALUES ('303061102', TRUE, 'פורים') ;

INSERT INTO answer_options (question_id, correct_answer, answer_text)
VALUES ('303061102', FALSE, 'פסח');

INSERT INTO answer_options (question_id, correct_answer, answer_text)
VALUES ('303061102', FALSE, 'סוכות');

INSERT INTO answer_options (question_id, correct_answer, answer_text)
VALUES ('303061102', FALSE, 'ראש השנה');

INSERT INTO questions (question_id, language_id, topic_id, c_grade_id, level, question_text, explanation, interesting_fact)
VALUES ('303061103', 1, 3061, 3, 3, 'מהו רמדאן?', '', 'חודש רמאדן עשוי לחול בכול עונות השנה כיוון שהשנה המוסלמית אינה שנה שמשית.') ON CONFLICT (question_id) DO UPDATE SET language_id = 1 ,topic_id= 3061,c_grade_id =3,level=3,question_text='מהו רמדאן?',explanation='',interesting_fact='חודש רמאדן עשוי לחול בכול עונות השנה כיוון שהשנה המוסלמית אינה שנה שמשית.';


INSERT INTO answer_options (question_id, correct_answer, answer_text)
VALUES ('303061103', TRUE, 'חודש בלוח השנה המוסלמי') ;

INSERT INTO answer_options (question_id, correct_answer, answer_text)
VALUES ('303061103', FALSE, 'שם של נביא');

INSERT INTO answer_options (question_id, correct_answer, answer_text)
VALUES ('303061103', FALSE, 'גשר ארוך בלוב');

INSERT INTO answer_options (question_id, correct_answer, answer_text)
VALUES ('303061103', FALSE, 'עלייה לרגל למכה');

INSERT INTO questions (question_id, language_id, topic_id, c_grade_id, level, question_text, explanation, interesting_fact)
VALUES ('303061104', 1, 3061, 4, 4, 'למי מוזגים גביע בליל הסדר?', '', 'בליל הסדר קוראים מתוך ההגדה של פסח.') ON CONFLICT (question_id) DO UPDATE SET language_id = 1 ,topic_id= 3061,c_grade_id =4,level=4,question_text='למי מוזגים גביע בליל הסדר?',explanation='',interesting_fact='בליל הסדר קוראים מתוך ההגדה של פסח.';


INSERT INTO answer_options (question_id, correct_answer, answer_text)
VALUES ('303061104', TRUE, 'לאליהו הנביא') ;

INSERT INTO answer_options (question_id, correct_answer, answer_text)
VALUES ('303061104', FALSE, 'למי שמלאו לו 21 ואינו נוהג');

INSERT INTO answer_options (question_id, correct_answer, answer_text)
VALUES ('303061104', FALSE, 'למי שצמא ומבקש בנימוס');

INSERT INTO answer_options (question_id, correct_answer, answer_text)
VALUES ('303061104', FALSE, 'למי שאלרגי לגלוטן');

INSERT INTO questions (question_id, language_id, topic_id, c_grade_id, level, question_text, explanation, interesting_fact)
VALUES ('303061105', 1, 3061, 5, 5, 'באיזה חודש חל ראש השנה?', '', 'ראש השנה מתמקד בתפילה ובחשבון נפש ומצוין בתחילת השנה העברית.') ON CONFLICT (question_id) DO UPDATE SET language_id = 1 ,topic_id= 3061,c_grade_id =5,level=5,question_text='באיזה חודש חל ראש השנה?',explanation='',interesting_fact='ראש השנה מתמקד בתפילה ובחשבון נפש ומצוין בתחילת השנה העברית.';


INSERT INTO answer_options (question_id, correct_answer, answer_text)
VALUES ('303061105', TRUE, 'תשרי') ;

INSERT INTO answer_options (question_id, correct_answer, answer_text)
VALUES ('303061105', FALSE, 'כסלו');

INSERT INTO answer_options (question_id, correct_answer, answer_text)
VALUES ('303061105', FALSE, 'אלול');

INSERT INTO answer_options (question_id, correct_answer, answer_text)
VALUES ('303061105', FALSE, 'תמוז');

INSERT INTO questions (question_id, language_id, topic_id, c_grade_id, level, question_text, explanation, interesting_fact)
VALUES ('303062101', 1, 3062, 1, 1, 'מה עשוי להתפתח מניצן?', '', 'הביטוי "כפתור ופרח" מופיע בתורה.') ON CONFLICT (question_id) DO UPDATE SET language_id = 1 ,topic_id= 3062,c_grade_id =1,level=1,question_text='מה עשוי להתפתח מניצן?',explanation='',interesting_fact='הביטוי "כפתור ופרח" מופיע בתורה.';


INSERT INTO answer_options (question_id, correct_answer, answer_text)
VALUES ('303062101', TRUE, 'עמף או פרח') ;

INSERT INTO answer_options (question_id, correct_answer, answer_text)
VALUES ('303062101', FALSE, 'שורשים');

INSERT INTO answer_options (question_id, correct_answer, answer_text)
VALUES ('303062101', FALSE, 'צוף');

INSERT INTO answer_options (question_id, correct_answer, answer_text)
VALUES ('303062101', FALSE, 'פירות');

INSERT INTO questions (question_id, language_id, topic_id, c_grade_id, level, question_text, explanation, interesting_fact)
VALUES ('303062102', 1, 3062, 2, 2, 'מהו תהליך הפוטוסינתזה?', '', 'בתהליך הפוטוסינתזה, צמחים משתמשים באור שמש להפוך פחמן דו-חמצני ומים למזון.') ON CONFLICT (question_id) DO UPDATE SET language_id = 1 ,topic_id= 3062,c_grade_id =2,level=2,question_text='מהו תהליך הפוטוסינתזה?',explanation='',interesting_fact='בתהליך הפוטוסינתזה, צמחים משתמשים באור שמש להפוך פחמן דו-חמצני ומים למזון.';


INSERT INTO answer_options (question_id, correct_answer, answer_text)
VALUES ('303062102', TRUE, 'המרת אור שמש למזון') ;

INSERT INTO answer_options (question_id, correct_answer, answer_text)
VALUES ('303062102', FALSE, 'המרת דולרים לשקלים');

INSERT INTO answer_options (question_id, correct_answer, answer_text)
VALUES ('303062102', FALSE, 'המרת דת');

INSERT INTO answer_options (question_id, correct_answer, answer_text)
VALUES ('303062102', FALSE, 'המרת אינץ` לסנטימטר');

INSERT INTO questions (question_id, language_id, topic_id, c_grade_id, level, question_text, explanation, interesting_fact)
VALUES ('303062103', 1, 3062, 3, 3, 'מהו תפקיד השורשים?', '', 'שורשים סופגים מים ומינרלים מהאדמה ובכך מזינים את הצמח ואף מקבעים את הצמח למקומו.') ON CONFLICT (question_id) DO UPDATE SET language_id = 1 ,topic_id= 3062,c_grade_id =3,level=3,question_text='מהו תפקיד השורשים?',explanation='',interesting_fact='שורשים סופגים מים ומינרלים מהאדמה ובכך מזינים את הצמח ואף מקבעים את הצמח למקומו.';


INSERT INTO answer_options (question_id, correct_answer, answer_text)
VALUES ('303062103', TRUE, 'לספוג מים ומינרלים מהאדמה') ;

INSERT INTO answer_options (question_id, correct_answer, answer_text)
VALUES ('303062103', FALSE, 'לספק צל לצמח');

INSERT INTO answer_options (question_id, correct_answer, answer_text)
VALUES ('303062103', FALSE, 'לייצר פירות');

INSERT INTO answer_options (question_id, correct_answer, answer_text)
VALUES ('303062103', FALSE, 'להחזיק את הפרחים');

INSERT INTO questions (question_id, language_id, topic_id, c_grade_id, level, question_text, explanation, interesting_fact)
VALUES ('303062104', 1, 3062, 4, 4, 'איזה עץ הוא ירוק עד?', '', 'עץ הרדווד הוא אחד הצמחים הגדולים בעולם, ויכול להגיע לגובה של מאות מטרים.') ON CONFLICT (question_id) DO UPDATE SET language_id = 1 ,topic_id= 3062,c_grade_id =4,level=4,question_text='איזה עץ הוא ירוק עד?',explanation='',interesting_fact='עץ הרדווד הוא אחד הצמחים הגדולים בעולם, ויכול להגיע לגובה של מאות מטרים.';


INSERT INTO answer_options (question_id, correct_answer, answer_text)
VALUES ('303062104', TRUE, 'ברוש') ;

INSERT INTO answer_options (question_id, correct_answer, answer_text)
VALUES ('303062104', FALSE, 'שזיף');

INSERT INTO answer_options (question_id, correct_answer, answer_text)
VALUES ('303062104', FALSE, 'אגס');

INSERT INTO answer_options (question_id, correct_answer, answer_text)
VALUES ('303062104', FALSE, 'תפוח');

INSERT INTO questions (question_id, language_id, topic_id, c_grade_id, level, question_text, explanation, interesting_fact)
VALUES ('303062105', 1, 3062, 5, 5, 'איזה צמח גדל על פי רוב על גדות נחלים?', '', 'ערבה היא אחד מארבעת המינים שנוטלים בסוכות.') ON CONFLICT (question_id) DO UPDATE SET language_id = 1 ,topic_id= 3062,c_grade_id =5,level=5,question_text='איזה צמח גדל על פי רוב על גדות נחלים?',explanation='',interesting_fact='ערבה היא אחד מארבעת המינים שנוטלים בסוכות.';


INSERT INTO answer_options (question_id, correct_answer, answer_text)
VALUES ('303062105', TRUE, 'ערבה') ;

INSERT INTO answer_options (question_id, correct_answer, answer_text)
VALUES ('303062105', FALSE, 'שיטה');

INSERT INTO answer_options (question_id, correct_answer, answer_text)
VALUES ('303062105', FALSE, 'רותם');

INSERT INTO answer_options (question_id, correct_answer, answer_text)
VALUES ('303062105', FALSE, 'יסמין');

INSERT INTO questions (question_id, language_id, topic_id, c_grade_id, level, question_text, explanation, interesting_fact)
VALUES ('303063101', 1, 3063, 1, 1, 'מהיהשפה השלישית בתפוצתה בעולם?', '', 'ספרדית היא שלישית אחרי מנדרינית ואנגלית') ON CONFLICT (question_id) DO UPDATE SET language_id = 1 ,topic_id= 3063,c_grade_id =1,level=1,question_text='מהיהשפה השלישית בתפוצתה בעולם?',explanation='',interesting_fact='ספרדית היא שלישית אחרי מנדרינית ואנגלית';


INSERT INTO answer_options (question_id, correct_answer, answer_text)
VALUES ('303063101', TRUE, 'ספרדית') ;

INSERT INTO answer_options (question_id, correct_answer, answer_text)
VALUES ('303063101', FALSE, 'איטלקית');

INSERT INTO answer_options (question_id, correct_answer, answer_text)
VALUES ('303063101', FALSE, 'יפנית');

INSERT INTO answer_options (question_id, correct_answer, answer_text)
VALUES ('303063101', FALSE, 'גרמנית');

INSERT INTO questions (question_id, language_id, topic_id, c_grade_id, level, question_text, explanation, interesting_fact)
VALUES ('303063102', 1, 3063, 2, 2, 'מהי שפת האם של רוב האנשים בסין?', '', 'השפה המנדרינית היא השפה הנפוצה בעולם. כמיליארד דוברים.') ON CONFLICT (question_id) DO UPDATE SET language_id = 1 ,topic_id= 3063,c_grade_id =2,level=2,question_text='מהי שפת האם של רוב האנשים בסין?',explanation='',interesting_fact='השפה המנדרינית היא השפה הנפוצה בעולם. כמיליארד דוברים.';


INSERT INTO answer_options (question_id, correct_answer, answer_text)
VALUES ('303063102', TRUE, 'מנדרינית') ;

INSERT INTO answer_options (question_id, correct_answer, answer_text)
VALUES ('303063102', FALSE, 'סינדרום');

INSERT INTO answer_options (question_id, correct_answer, answer_text)
VALUES ('303063102', FALSE, 'סינתזה');

INSERT INTO answer_options (question_id, correct_answer, answer_text)
VALUES ('303063102', FALSE, 'סינופסיס');

INSERT INTO questions (question_id, language_id, topic_id, c_grade_id, level, question_text, explanation, interesting_fact)
VALUES ('303063103', 1, 3063, 3, 3, 'כיצד נקראת השפה שמשמשת חרשים?', '', 'שפת הסימנים אינה אוניברסלית ויש גרסאות שונות ברחבי העולם.') ON CONFLICT (question_id) DO UPDATE SET language_id = 1 ,topic_id= 3063,c_grade_id =3,level=3,question_text='כיצד נקראת השפה שמשמשת חרשים?',explanation='',interesting_fact='שפת הסימנים אינה אוניברסלית ויש גרסאות שונות ברחבי העולם.';


INSERT INTO answer_options (question_id, correct_answer, answer_text)
VALUES ('303063103', TRUE, 'שפת סימנים') ;

INSERT INTO answer_options (question_id, correct_answer, answer_text)
VALUES ('303063103', FALSE, 'שפת הים');

INSERT INTO answer_options (question_id, correct_answer, answer_text)
VALUES ('303063103', FALSE, 'שפת אם');

INSERT INTO answer_options (question_id, correct_answer, answer_text)
VALUES ('303063103', FALSE, 'שפת אם חורגת');

INSERT INTO questions (question_id, language_id, topic_id, c_grade_id, level, question_text, explanation, interesting_fact)
VALUES ('303063104', 1, 3063, 4, 4, 'באיזו שפה נכתב התנ"ך במקור?', '', 'רוב התנ"ך כתוב בעברית. יש פרקים אחדים בארמית (למשל בספר דניאל).') ON CONFLICT (question_id) DO UPDATE SET language_id = 1 ,topic_id= 3063,c_grade_id =4,level=4,question_text='באיזו שפה נכתב התנ"ך במקור?',explanation='',interesting_fact='רוב התנ"ך כתוב בעברית. יש פרקים אחדים בארמית (למשל בספר דניאל).';


INSERT INTO answer_options (question_id, correct_answer, answer_text)
VALUES ('303063104', TRUE, 'עברית') ;

INSERT INTO answer_options (question_id, correct_answer, answer_text)
VALUES ('303063104', FALSE, 'לטינית');

INSERT INTO answer_options (question_id, correct_answer, answer_text)
VALUES ('303063104', FALSE, 'יידיש');

INSERT INTO answer_options (question_id, correct_answer, answer_text)
VALUES ('303063104', FALSE, 'לדינו');

INSERT INTO questions (question_id, language_id, topic_id, c_grade_id, level, question_text, explanation, interesting_fact)
VALUES ('303063105', 1, 3063, 5, 5, 'מהי שפת המקור של הקוראן?', '', 'הערבית בה כתוב הקוראן אינה זהה לערבית המדוברת בשפת היומיום.') ON CONFLICT (question_id) DO UPDATE SET language_id = 1 ,topic_id= 3063,c_grade_id =5,level=5,question_text='מהי שפת המקור של הקוראן?',explanation='',interesting_fact='הערבית בה כתוב הקוראן אינה זהה לערבית המדוברת בשפת היומיום.';


INSERT INTO answer_options (question_id, correct_answer, answer_text)
VALUES ('303063105', TRUE, 'ערבית') ;

INSERT INTO answer_options (question_id, correct_answer, answer_text)
VALUES ('303063105', FALSE, 'תורכית');

INSERT INTO answer_options (question_id, correct_answer, answer_text)
VALUES ('303063105', FALSE, 'פרסית');

INSERT INTO answer_options (question_id, correct_answer, answer_text)
VALUES ('303063105', FALSE, 'אורדו');
