INSERT INTO topics (topic_id, topic_name) VALUES (5001, 'מערכת השמש') ON CONFLICT (topic_id) DO NOTHING;
INSERT INTO topics (topic_id, topic_name) VALUES (5002, 'יחידות מידה') ON CONFLICT (topic_id) DO NOTHING;
INSERT INTO topics (topic_id, topic_name) VALUES (5003, 'אתרים בעולם') ON CONFLICT (topic_id) DO NOTHING;
INSERT INTO topics (topic_id, topic_name) VALUES (5004, 'מסורת יהודית - פורים') ON CONFLICT (topic_id) DO NOTHING;
INSERT INTO topics (topic_id, topic_name) VALUES (5005, 'מדענים מפורסמים') ON CONFLICT (topic_id) DO NOTHING;
INSERT INTO topics (topic_id, topic_name) VALUES (5006, 'נשיאי ארצות הברית') ON CONFLICT (topic_id) DO NOTHING;
INSERT INTO topics (topic_id, topic_name) VALUES (5007, 'מושגי יסוד בכימיה') ON CONFLICT (topic_id) DO NOTHING;
INSERT INTO topics (topic_id, topic_name) VALUES (5008, 'גיאוגרפיה - מדבריות ברחבי העולם.') ON CONFLICT (topic_id) DO NOTHING;
INSERT INTO topics (topic_id, topic_name) VALUES (5009, 'פרסי נובל לספרות') ON CONFLICT (topic_id) DO NOTHING;
INSERT INTO topics (topic_id, topic_name) VALUES (5010, 'ציירים מפורסמים') ON CONFLICT (topic_id) DO NOTHING;
INSERT INTO topics (topic_id, topic_name) VALUES (5011, 'פילוסופים מהעת העתיקה') ON CONFLICT (topic_id) DO NOTHING;
INSERT INTO topics (topic_id, topic_name) VALUES (5012, 'תורה') ON CONFLICT (topic_id) DO NOTHING;
INSERT INTO topics (topic_id, topic_name) VALUES (5013, 'מיתולוגיה יוונית') ON CONFLICT (topic_id) DO NOTHING;
INSERT INTO topics (topic_id, topic_name) VALUES (5014, 'ממלכת בעלי החיים - חיות בעלות שריון') ON CONFLICT (topic_id) DO NOTHING;
INSERT INTO topics (topic_id, topic_name) VALUES (5015, 'מלחמות ישראל') ON CONFLICT (topic_id) DO NOTHING;
INSERT INTO topics (topic_id, topic_name) VALUES (5016, 'מושגי יסוד במוזיקה') ON CONFLICT (topic_id) DO NOTHING;
INSERT INTO topics (topic_id, topic_name) VALUES (5017, 'דינוזאורים ופליאונטולוגיה') ON CONFLICT (topic_id) DO NOTHING;
INSERT INTO topics (topic_id, topic_name) VALUES (5018, 'מושגי יסוד בכלכלה') ON CONFLICT (topic_id) DO NOTHING;
INSERT INTO topics (topic_id, topic_name) VALUES (5019, 'גיאוגרפיה -נהרות ברחבי העולם. מיקומים, גדלים ומאפיינים ייחודיים') ON CONFLICT (topic_id) DO NOTHING;
INSERT INTO topics (topic_id, topic_name) VALUES (5020, 'נביאים') ON CONFLICT (topic_id) DO NOTHING;
INSERT INTO topics (topic_id, topic_name) VALUES (5021, 'מושגים בזואולוגיה') ON CONFLICT (topic_id) DO NOTHING;
INSERT INTO topics (topic_id, topic_name) VALUES (5022, 'אנטומיה של האדם') ON CONFLICT (topic_id) DO NOTHING;
INSERT INTO topics (topic_id, topic_name) VALUES (5023, 'מטבעות עדכניים') ON CONFLICT (topic_id) DO NOTHING;
INSERT INTO topics (topic_id, topic_name) VALUES (5024, 'דמויות משפיעות מהמאה ה-20') ON CONFLICT (topic_id) DO NOTHING;
INSERT INTO topics (topic_id, topic_name) VALUES (5025, 'גיאוגרפיה - רכסי הרים') ON CONFLICT (topic_id) DO NOTHING;
INSERT INTO topics (topic_id, topic_name) VALUES (5026, 'כתובים') ON CONFLICT (topic_id) DO NOTHING;
INSERT INTO topics (topic_id, topic_name) VALUES (5027, 'גיאוגרפיה -יערות גשם') ON CONFLICT (topic_id) DO NOTHING;
INSERT INTO topics (topic_id, topic_name) VALUES (5028, 'מדינות, ערים וכינוייהן') ON CONFLICT (topic_id) DO NOTHING;
INSERT INTO topics (topic_id, topic_name) VALUES (5029, 'משימות לחלל') ON CONFLICT (topic_id) DO NOTHING;
INSERT INTO topics (topic_id, topic_name) VALUES (5030, 'ממלכת בעלי החיים - חיות כיס') ON CONFLICT (topic_id) DO NOTHING;
INSERT INTO topics (topic_id, topic_name) VALUES (5031, 'הדת הקתולית') ON CONFLICT (topic_id) DO NOTHING;
INSERT INTO topics (topic_id, topic_name) VALUES (5032, 'ספרות קלאסית לילדים') ON CONFLICT (topic_id) DO NOTHING;
INSERT INTO topics (topic_id, topic_name) VALUES (5033, 'פרס הנובל') ON CONFLICT (topic_id) DO NOTHING;
INSERT INTO topics (topic_id, topic_name) VALUES (5034, 'גיאוגרפיה - מסע לגילוי איים') ON CONFLICT (topic_id) DO NOTHING;
INSERT INTO topics (topic_id, topic_name) VALUES (5035, 'פרסי נובל לשלום') ON CONFLICT (topic_id) DO NOTHING;
INSERT INTO topics (topic_id, topic_name) VALUES (5036, 'שפות - כתב') ON CONFLICT (topic_id) DO NOTHING;
INSERT INTO topics (topic_id, topic_name) VALUES (5037, 'תעופה') ON CONFLICT (topic_id) DO NOTHING;
INSERT INTO topics (topic_id, topic_name) VALUES (5038, 'יסודות כימיים') ON CONFLICT (topic_id) DO NOTHING;
INSERT INTO topics (topic_id, topic_name) VALUES (5039, 'ממלכת בעלי החיים - קופים (פרימטים)') ON CONFLICT (topic_id) DO NOTHING;
INSERT INTO topics (topic_id, topic_name) VALUES (5040, 'מטבעות ישנים') ON CONFLICT (topic_id) DO NOTHING;
INSERT INTO topics (topic_id, topic_name) VALUES (5041, 'שפות - דיבור') ON CONFLICT (topic_id) DO NOTHING;
INSERT INTO topics (topic_id, topic_name) VALUES (5042, 'ממלכת בעלי החיים - ציפורים') ON CONFLICT (topic_id) DO NOTHING;
INSERT INTO topics (topic_id, topic_name) VALUES (5043, 'מלחמת העולם ה-2') ON CONFLICT (topic_id) DO NOTHING;
INSERT INTO topics (topic_id, topic_name) VALUES (5044, 'משחקים אולימפיים בימי קדם') ON CONFLICT (topic_id) DO NOTHING;
INSERT INTO topics (topic_id, topic_name) VALUES (5045, 'ממלכת בעלי החיים - חרקים') ON CONFLICT (topic_id) DO NOTHING;
INSERT INTO topics (topic_id, topic_name) VALUES (5046, 'האימפריה והקיסרים הרומיים') ON CONFLICT (topic_id) DO NOTHING;
INSERT INTO topics (topic_id, topic_name) VALUES (5047, 'לוחות שנה') ON CONFLICT (topic_id) DO NOTHING;
INSERT INTO topics (topic_id, topic_name) VALUES (5048, 'שליטים מפורסמים מהעת העתיקה') ON CONFLICT (topic_id) DO NOTHING;
INSERT INTO topics (topic_id, topic_name) VALUES (5049, 'לוח השנה הלועזי (גרגוריאני)') ON CONFLICT (topic_id) DO NOTHING;
INSERT INTO topics (topic_id, topic_name) VALUES (5050, 'מגלי ארצות') ON CONFLICT (topic_id) DO NOTHING;
INSERT INTO topics (topic_id, topic_name) VALUES (5051, 'ממלכת בעלי החיים - חתוליים') ON CONFLICT (topic_id) DO NOTHING;
INSERT INTO topics (topic_id, topic_name) VALUES (5052, 'סוגי פחדים (פוביה)') ON CONFLICT (topic_id) DO NOTHING;
INSERT INTO topics (topic_id, topic_name) VALUES (5053, 'תרבויות עתיקות - אמריקה') ON CONFLICT (topic_id) DO NOTHING;
INSERT INTO topics (topic_id, topic_name) VALUES (5054, 'ממלכת בעלי החיים - משפחת הכלבים') ON CONFLICT (topic_id) DO NOTHING;
INSERT INTO topics (topic_id, topic_name) VALUES (5055, 'מלחמת העולם ה-1') ON CONFLICT (topic_id) DO NOTHING;
INSERT INTO topics (topic_id, topic_name) VALUES (5056, 'שעונים') ON CONFLICT (topic_id) DO NOTHING;
INSERT INTO topics (topic_id, topic_name) VALUES (5057, 'מסורת יהודית - חגים') ON CONFLICT (topic_id) DO NOTHING;
INSERT INTO topics (topic_id, topic_name) VALUES (5058, 'גיאוגרפיה - הרים בעולם') ON CONFLICT (topic_id) DO NOTHING;
INSERT INTO topics (topic_id, topic_name) VALUES (5059, 'מסורת יהודית - חנוכה') ON CONFLICT (topic_id) DO NOTHING;
INSERT INTO topics (topic_id, topic_name) VALUES (5060, 'מיתולוגיה רומית ואחרות') ON CONFLICT (topic_id) DO NOTHING;
INSERT INTO topics (topic_id, topic_name) VALUES (5061, 'מסורת יהודית - ימי צום') ON CONFLICT (topic_id) DO NOTHING;
INSERT INTO topics (topic_id, topic_name) VALUES (5062, 'מדינות - קו המשוה') ON CONFLICT (topic_id) DO NOTHING;
INSERT INTO topics (topic_id, topic_name) VALUES (5063, 'מסורת יהודית - ראש ה שנה') ON CONFLICT (topic_id) DO NOTHING;
INSERT INTO topics (topic_id, topic_name) VALUES (5064, 'מדינות - שטח') ON CONFLICT (topic_id) DO NOTHING;
INSERT INTO topics (topic_id, topic_name) VALUES (5065, 'אלפבית') ON CONFLICT (topic_id) DO NOTHING;
INSERT INTO topics (topic_id, topic_name) VALUES (5066, 'המשחקים האולימפיים בעידן המודרני') ON CONFLICT (topic_id) DO NOTHING;
INSERT INTO topics (topic_id, topic_name) VALUES (5067, 'מתכות') ON CONFLICT (topic_id) DO NOTHING;
INSERT INTO topics (topic_id, topic_name) VALUES (5068, 'מדינות - אוכלוסין') ON CONFLICT (topic_id) DO NOTHING;
INSERT INTO topics (topic_id, topic_name) VALUES (5069, 'דתות בעולם') ON CONFLICT (topic_id) DO NOTHING;
INSERT INTO topics (topic_id, topic_name) VALUES (5070, 'תקופת המשנה והתלמוד') ON CONFLICT (topic_id) DO NOTHING;
INSERT INTO topics (topic_id, topic_name) VALUES (5071, 'מדינות - מטבעות') ON CONFLICT (topic_id) DO NOTHING;
INSERT INTO topics (topic_id, topic_name) VALUES (5072, 'מסורת יהודית - סוכות') ON CONFLICT (topic_id) DO NOTHING;
INSERT INTO topics (topic_id, topic_name) VALUES (5073, 'מהפכות בעת המודרנית') ON CONFLICT (topic_id) DO NOTHING;
INSERT INTO topics (topic_id, topic_name) VALUES (5074, 'אומנויות לחימה') ON CONFLICT (topic_id) DO NOTHING;
INSERT INTO topics (topic_id, topic_name) VALUES (5075, 'גיאוגרפיה של ישראל') ON CONFLICT (topic_id) DO NOTHING;
INSERT INTO topics (topic_id, topic_name) VALUES (5076, 'תשמישי קודש ביהדות') ON CONFLICT (topic_id) DO NOTHING;
INSERT INTO topics (topic_id, topic_name) VALUES (5077, 'מילים לועזיות בעברית') ON CONFLICT (topic_id) DO NOTHING;
INSERT INTO topics (topic_id, topic_name) VALUES (5078, 'תורות מדעיות') ON CONFLICT (topic_id) DO NOTHING;
INSERT INTO topics (topic_id, topic_name) VALUES (5079, 'דרגות בצה"ל') ON CONFLICT (topic_id) DO NOTHING;
INSERT INTO topics (topic_id, topic_name) VALUES (5080, 'מדינות - ערי בירה') ON CONFLICT (topic_id) DO NOTHING;
INSERT INTO topics (topic_id, topic_name) VALUES (5081, 'תנאים ואמוראים') ON CONFLICT (topic_id) DO NOTHING;
INSERT INTO topics (topic_id, topic_name) VALUES (5082, 'חודשים מהלוח העברי') ON CONFLICT (topic_id) DO NOTHING;
INSERT INTO topics (topic_id, topic_name) VALUES (5083, 'מלכי ישראל ויהודה') ON CONFLICT (topic_id) DO NOTHING;
INSERT INTO topics (topic_id, topic_name) VALUES (5084, 'ממלכת בעלי החיים - זוחלים') ON CONFLICT (topic_id) DO NOTHING;
INSERT INTO topics (topic_id, topic_name) VALUES (5085, 'שלטונות בארץ ישראל') ON CONFLICT (topic_id) DO NOTHING;
INSERT INTO topics (topic_id, topic_name) VALUES (5086, 'חגים ופסטיבלים בעולם') ON CONFLICT (topic_id) DO NOTHING;
INSERT INTO topics (topic_id, topic_name) VALUES (5087, 'מושגים מעולם החוק והמשפט') ON CONFLICT (topic_id) DO NOTHING;
INSERT INTO topics (topic_id, topic_name) VALUES (5088, 'רפואה ומחלות') ON CONFLICT (topic_id) DO NOTHING;
INSERT INTO topics (topic_id, topic_name) VALUES (5089, 'מדינות - דגלים') ON CONFLICT (topic_id) DO NOTHING;
INSERT INTO topics (topic_id, topic_name) VALUES (5090, 'מסורת יהודית - פסח') ON CONFLICT (topic_id) DO NOTHING;
INSERT INTO topics (topic_id, topic_name) VALUES (5091, 'מפות (קרטוגרפיה)') ON CONFLICT (topic_id) DO NOTHING;
INSERT INTO topics (topic_id, topic_name) VALUES (5092, 'צמחים ובוטניקה') ON CONFLICT (topic_id) DO NOTHING;
INSERT INTO topics (topic_id, topic_name) VALUES (5093, 'דת האיסלאם') ON CONFLICT (topic_id) DO NOTHING;
INSERT INTO topics (topic_id, topic_name) VALUES (5094, 'מדינות - גבולות יבשתיים') ON CONFLICT (topic_id) DO NOTHING;
INSERT INTO topics (topic_id, topic_name) VALUES (5095, 'צורות שלטון וממשל') ON CONFLICT (topic_id) DO NOTHING;
INSERT INTO topics (topic_id, topic_name) VALUES (5096, 'מדינות - גבולות ימיים') ON CONFLICT (topic_id) DO NOTHING;
INSERT INTO topics (topic_id, topic_name) VALUES (5097, 'מטבח ומאכלים') ON CONFLICT (topic_id) DO NOTHING;
INSERT INTO topics (topic_id, topic_name) VALUES (5098, 'מסורת יהודית - שבועות') ON CONFLICT (topic_id) DO NOTHING;
INSERT INTO topics (topic_id, topic_name) VALUES (5099, 'גיאוגרפיה -מקום הימצאם של מיצרים ותעלות') ON CONFLICT (topic_id) DO NOTHING;
INSERT INTO topics (topic_id, topic_name) VALUES (5100, 'מחשבים ואינטרנט') ON CONFLICT (topic_id) DO NOTHING;

INSERT INTO questions (question_id, language_id, topic_id, c_grade_id, level, question_text, explanation, interesting_fact)
VALUES ('305001101', 1, 5001, 1, 1, 'איזה כוכב לכת במערכת השמש שלנו הכי קרוב לשמש?', '', 'כוכב חמה הוא גם הכוכב הקטן ביותר במערכת השמש שלנו ומשלים סיבוב סביב השמש במהירות הגבוהה ביותר - כ-47.87 ק"מ לשנייה.') ON CONFLICT (question_id) DO UPDATE SET language_id = 1 ,topic_id= 5001,c_grade_id =1,level=1,question_text='איזה כוכב לכת במערכת השמש שלנו הכי קרוב לשמש?',explanation='',interesting_fact='כוכב חמה הוא גם הכוכב הקטן ביותר במערכת השמש שלנו ומשלים סיבוב סביב השמש במהירות הגבוהה ביותר - כ-47.87 ק"מ לשנייה.';


INSERT INTO answer_options (question_id, correct_answer, answer_text)
VALUES ('305001101', TRUE, 'כוכב חמה') ;

INSERT INTO answer_options (question_id, correct_answer, answer_text)
VALUES ('305001101', FALSE, 'כדור הארץ');

INSERT INTO answer_options (question_id, correct_answer, answer_text)
VALUES ('305001101', FALSE, 'נגה');

INSERT INTO answer_options (question_id, correct_answer, answer_text)
VALUES ('305001101', FALSE, 'מַאְדִים');

INSERT INTO questions (question_id, language_id, topic_id, c_grade_id, level, question_text, explanation, interesting_fact)
VALUES ('305001102', 1, 5001, 2, 2, 'איזה כוכב לכת במערכת השמש שלנו מכונה "כוכב הלכת האדום"?', '', 'מאדים מכונה "כוכב הלכת האדום" בשל הצבע האדום של פני השטח שלו, הנובע מחמצן הברזל שבאבק שעל פניו.') ON CONFLICT (question_id) DO UPDATE SET language_id = 1 ,topic_id= 5001,c_grade_id =2,level=2,question_text='איזה כוכב לכת במערכת השמש שלנו מכונה "כוכב הלכת האדום"?',explanation='',interesting_fact='מאדים מכונה "כוכב הלכת האדום" בשל הצבע האדום של פני השטח שלו, הנובע מחמצן הברזל שבאבק שעל פניו.';


INSERT INTO answer_options (question_id, correct_answer, answer_text)
VALUES ('305001102', TRUE, 'מַאְדִים') ;

INSERT INTO answer_options (question_id, correct_answer, answer_text)
VALUES ('305001102', FALSE, 'נגה');

INSERT INTO answer_options (question_id, correct_answer, answer_text)
VALUES ('305001102', FALSE, 'שַׁבְתַאִי');

INSERT INTO answer_options (question_id, correct_answer, answer_text)
VALUES ('305001102', FALSE, 'כוכב חמה');

INSERT INTO questions (question_id, language_id, topic_id, c_grade_id, level, question_text, explanation, interesting_fact)
VALUES ('305001103', 1, 5001, 3, 3, 'איזה מאלה אינו נחשב לכוכב לכת?', '', 'פלוטו היה נחשב לכוכב הלכת התשיעי במערכת השמש שלנו עד שבשנת 2006 האיגוד האסטרונומי הבינלאומי שינה את ההגדרה של כוכב לכת ומיעט את פלוטו לסטטוס של "כוכב לכת ננסי".') ON CONFLICT (question_id) DO UPDATE SET language_id = 1 ,topic_id= 5001,c_grade_id =3,level=3,question_text='איזה מאלה אינו נחשב לכוכב לכת?',explanation='',interesting_fact='פלוטו היה נחשב לכוכב הלכת התשיעי במערכת השמש שלנו עד שבשנת 2006 האיגוד האסטרונומי הבינלאומי שינה את ההגדרה של כוכב לכת ומיעט את פלוטו לסטטוס של "כוכב לכת ננסי".';


INSERT INTO answer_options (question_id, correct_answer, answer_text)
VALUES ('305001103', TRUE, 'ירח כדור הארץ') ;

INSERT INTO answer_options (question_id, correct_answer, answer_text)
VALUES ('305001103', FALSE, 'כדור הארץ');

INSERT INTO answer_options (question_id, correct_answer, answer_text)
VALUES ('305001103', FALSE, 'נפטון');

INSERT INTO answer_options (question_id, correct_answer, answer_text)
VALUES ('305001103', FALSE, 'שַׁבְתַאִי');

INSERT INTO questions (question_id, language_id, topic_id, c_grade_id, level, question_text, explanation, interesting_fact)
VALUES ('305001104', 1, 5001, 4, 4, 'מה שמה של הגלקסיה שלנו?', '', 'שביל החלב מכיל כ-100 עד 400 מיליארד כוכבים ומערכות כוכבים, ויש לו גודל של כ-100,000 שנות אור בקוטר.') ON CONFLICT (question_id) DO UPDATE SET language_id = 1 ,topic_id= 5001,c_grade_id =4,level=4,question_text='מה שמה של הגלקסיה שלנו?',explanation='',interesting_fact='שביל החלב מכיל כ-100 עד 400 מיליארד כוכבים ומערכות כוכבים, ויש לו גודל של כ-100,000 שנות אור בקוטר.';


INSERT INTO answer_options (question_id, correct_answer, answer_text)
VALUES ('305001104', TRUE, 'שביל החלב') ;

INSERT INTO answer_options (question_id, correct_answer, answer_text)
VALUES ('305001104', FALSE, 'גלקסיית הסומבררו');

INSERT INTO answer_options (question_id, correct_answer, answer_text)
VALUES ('305001104', FALSE, 'אנדרומדה');

INSERT INTO answer_options (question_id, correct_answer, answer_text)
VALUES ('305001104', FALSE, 'קנטאורוס א');

INSERT INTO questions (question_id, language_id, topic_id, c_grade_id, level, question_text, explanation, interesting_fact)
VALUES ('305001105', 1, 5001, 5, 5, 'איזה כוכב לכת במערכת השמש שלנו הוא הגדול ביותר?', '', 'צדק הוא גם כוכב הלכת הרביעי הכי בהיר בשמיים וניתן לראותו לעיתים קרובות בלילה מכדור הארץ גם ללא טלסקופ.') ON CONFLICT (question_id) DO UPDATE SET language_id = 1 ,topic_id= 5001,c_grade_id =5,level=5,question_text='איזה כוכב לכת במערכת השמש שלנו הוא הגדול ביותר?',explanation='',interesting_fact='צדק הוא גם כוכב הלכת הרביעי הכי בהיר בשמיים וניתן לראותו לעיתים קרובות בלילה מכדור הארץ גם ללא טלסקופ.';


INSERT INTO answer_options (question_id, correct_answer, answer_text)
VALUES ('305001105', TRUE, 'צדק') ;

INSERT INTO answer_options (question_id, correct_answer, answer_text)
VALUES ('305001105', FALSE, 'נפטון');

INSERT INTO answer_options (question_id, correct_answer, answer_text)
VALUES ('305001105', FALSE, 'אוּרָנוּס');

INSERT INTO answer_options (question_id, correct_answer, answer_text)
VALUES ('305001105', FALSE, 'מַאְדִים');

INSERT INTO questions (question_id, language_id, topic_id, c_grade_id, level, question_text, explanation, interesting_fact)
VALUES ('305002101', 1, 5002, 1, 1, 'באיזו מיחידות המידה הבאות תוכל להשתמש כדי למדוד אורך של עיפרון קטן?', '', 'עיפרונות סטנדרטיים בדרך כלל אורכם בין 17 ל-20 סנטימטרים.') ON CONFLICT (question_id) DO UPDATE SET language_id = 1 ,topic_id= 5002,c_grade_id =1,level=1,question_text='באיזו מיחידות המידה הבאות תוכל להשתמש כדי למדוד אורך של עיפרון קטן?',explanation='',interesting_fact='עיפרונות סטנדרטיים בדרך כלל אורכם בין 17 ל-20 סנטימטרים.';


INSERT INTO answer_options (question_id, correct_answer, answer_text)
VALUES ('305002101', TRUE, 'סנטימטרים (ס"מ)') ;

INSERT INTO answer_options (question_id, correct_answer, answer_text)
VALUES ('305002101', FALSE, 'שניות');

INSERT INTO answer_options (question_id, correct_answer, answer_text)
VALUES ('305002101', FALSE, 'קילוגרם (ק"ג)');

INSERT INTO answer_options (question_id, correct_answer, answer_text)
VALUES ('305002101', FALSE, 'ליטר (L)');

INSERT INTO questions (question_id, language_id, topic_id, c_grade_id, level, question_text, explanation, interesting_fact)
VALUES ('305002102', 1, 5002, 2, 2, 'באיזו מיחידות המידה הבאות תוכל להשתמש כדי למדוד את משקלו של אבטיח?', '', 'אבטיח מכיל 90% מים. למרות זאת הוא עשיר בויטמין A וויטמין C.') ON CONFLICT (question_id) DO UPDATE SET language_id = 1 ,topic_id= 5002,c_grade_id =2,level=2,question_text='באיזו מיחידות המידה הבאות תוכל להשתמש כדי למדוד את משקלו של אבטיח?',explanation='',interesting_fact='אבטיח מכיל 90% מים. למרות זאת הוא עשיר בויטמין A וויטמין C.';


INSERT INTO answer_options (question_id, correct_answer, answer_text)
VALUES ('305002102', TRUE, 'קילוגרם (ק"ג)') ;

INSERT INTO answer_options (question_id, correct_answer, answer_text)
VALUES ('305002102', FALSE, 'שניות');

INSERT INTO answer_options (question_id, correct_answer, answer_text)
VALUES ('305002102', FALSE, 'סנטימטרים (ס"מ)');

INSERT INTO answer_options (question_id, correct_answer, answer_text)
VALUES ('305002102', FALSE, 'ליטר (L)');

INSERT INTO questions (question_id, language_id, topic_id, c_grade_id, level, question_text, explanation, interesting_fact)
VALUES ('305002103', 1, 5002, 3, 3, 'באיזו מיחידות המידה הבאות תוכל להשתמש כדי למדוד גובה של הר?', '', 'הר הגבוה ביותר בעולם הוא הר אוורסט, עם גובה של כ-8,848 מטרים מעל פני הים.') ON CONFLICT (question_id) DO UPDATE SET language_id = 1 ,topic_id= 5002,c_grade_id =3,level=3,question_text='באיזו מיחידות המידה הבאות תוכל להשתמש כדי למדוד גובה של הר?',explanation='',interesting_fact='הר הגבוה ביותר בעולם הוא הר אוורסט, עם גובה של כ-8,848 מטרים מעל פני הים.';


INSERT INTO answer_options (question_id, correct_answer, answer_text)
VALUES ('305002103', TRUE, 'מטרים (מ`)') ;

INSERT INTO answer_options (question_id, correct_answer, answer_text)
VALUES ('305002103', FALSE, 'שניות');

INSERT INTO answer_options (question_id, correct_answer, answer_text)
VALUES ('305002103', FALSE, 'ליטר (L)');

INSERT INTO answer_options (question_id, correct_answer, answer_text)
VALUES ('305002103', FALSE, 'קילוגרם (ק"ג)');

INSERT INTO questions (question_id, language_id, topic_id, c_grade_id, level, question_text, explanation, interesting_fact)
VALUES ('305002104', 1, 5002, 4, 4, 'באיזו מיחידות המידה הבאות תוכל להשתמש כדי למדוד את אורך השיר?', '', 'אורך השיר הממוצע המושמע ברדיו הוא בין 3 ל-5 דקות.') ON CONFLICT (question_id) DO UPDATE SET language_id = 1 ,topic_id= 5002,c_grade_id =4,level=4,question_text='באיזו מיחידות המידה הבאות תוכל להשתמש כדי למדוד את אורך השיר?',explanation='',interesting_fact='אורך השיר הממוצע המושמע ברדיו הוא בין 3 ל-5 דקות.';


INSERT INTO answer_options (question_id, correct_answer, answer_text)
VALUES ('305002104', TRUE, 'דקות') ;

INSERT INTO answer_options (question_id, correct_answer, answer_text)
VALUES ('305002104', FALSE, 'אינצ`ים');

INSERT INTO answer_options (question_id, correct_answer, answer_text)
VALUES ('305002104', FALSE, 'כוסות (C)');

INSERT INTO answer_options (question_id, correct_answer, answer_text)
VALUES ('305002104', FALSE, 'פאונד (פאונד)');

INSERT INTO questions (question_id, language_id, topic_id, c_grade_id, level, question_text, explanation, interesting_fact)
VALUES ('305002105', 1, 5002, 5, 5, 'באיזו מיחידות המידה הבאות תוכל להשתמש כדי למדוד את הטמפרטורה בחוץ?', '', 'נקודת הקיפאון בסולם צלזיוס היא 0 מעלות, בעוד שבסולם פרנהייט היא 32 מעלות.') ON CONFLICT (question_id) DO UPDATE SET language_id = 1 ,topic_id= 5002,c_grade_id =5,level=5,question_text='באיזו מיחידות המידה הבאות תוכל להשתמש כדי למדוד את הטמפרטורה בחוץ?',explanation='',interesting_fact='נקודת הקיפאון בסולם צלזיוס היא 0 מעלות, בעוד שבסולם פרנהייט היא 32 מעלות.';


INSERT INTO answer_options (question_id, correct_answer, answer_text)
VALUES ('305002105', TRUE, 'מעלות צלזיוס (°C)') ;

INSERT INTO answer_options (question_id, correct_answer, answer_text)
VALUES ('305002105', FALSE, 'שעות');

INSERT INTO answer_options (question_id, correct_answer, answer_text)
VALUES ('305002105', FALSE, 'שניות');

INSERT INTO answer_options (question_id, correct_answer, answer_text)
VALUES ('305002105', FALSE, 'גרם (ג)');

INSERT INTO questions (question_id, language_id, topic_id, c_grade_id, level, question_text, explanation, interesting_fact)
VALUES ('305003101', 1, 5003, 1, 1, 'איזה מהבאים הוא מבנה מפורסם שנמצא במצרים?', '', 'הפירמידות של גיזה הן חלק מאחד מפלאי תבל העתיקים ונבנו כפירמידות קבורה לפרעונים.') ON CONFLICT (question_id) DO UPDATE SET language_id = 1 ,topic_id= 5003,c_grade_id =1,level=1,question_text='איזה מהבאים הוא מבנה מפורסם שנמצא במצרים?',explanation='',interesting_fact='הפירמידות של גיזה הן חלק מאחד מפלאי תבל העתיקים ונבנו כפירמידות קבורה לפרעונים.';


INSERT INTO answer_options (question_id, correct_answer, answer_text)
VALUES ('305003101', TRUE, 'הפירמידה של חופו') ;

INSERT INTO answer_options (question_id, correct_answer, answer_text)
VALUES ('305003101', FALSE, 'מגדל אייפל');

INSERT INTO answer_options (question_id, correct_answer, answer_text)
VALUES ('305003101', FALSE, 'החומה הסינית');

INSERT INTO answer_options (question_id, correct_answer, answer_text)
VALUES ('305003101', FALSE, 'פסל החירות');

INSERT INTO questions (question_id, language_id, topic_id, c_grade_id, level, question_text, explanation, interesting_fact)
VALUES ('305003102', 1, 5003, 2, 2, 'איזה מהמבנים הבאים ידוע כסמל מפורסם של צרפת?', '', 'מגדל אייפל נבנה לתערוכת פריז העולמית של 1889 והיה בזמנו המבנה הגבוה בעולם.') ON CONFLICT (question_id) DO UPDATE SET language_id = 1 ,topic_id= 5003,c_grade_id =2,level=2,question_text='איזה מהמבנים הבאים ידוע כסמל מפורסם של צרפת?',explanation='',interesting_fact='מגדל אייפל נבנה לתערוכת פריז העולמית של 1889 והיה בזמנו המבנה הגבוה בעולם.';


INSERT INTO answer_options (question_id, correct_answer, answer_text)
VALUES ('305003102', TRUE, 'מגדל אייפל') ;

INSERT INTO answer_options (question_id, correct_answer, answer_text)
VALUES ('305003102', FALSE, 'ביג בן');

INSERT INTO answer_options (question_id, correct_answer, answer_text)
VALUES ('305003102', FALSE, 'פסל החירות');

INSERT INTO answer_options (question_id, correct_answer, answer_text)
VALUES ('305003102', FALSE, 'מאצ`ו פיצ`ו');

INSERT INTO questions (question_id, language_id, topic_id, c_grade_id, level, question_text, explanation, interesting_fact)
VALUES ('305003103', 1, 5003, 3, 3, 'איזה מהבאים הוא פסל ענק עם ראש של אדם וגוף של אריה?', '', 'הספינקס הגדול בגיזה, מצרים, הוא אחד הפסלים העתיקים והגדולים בעולם, הוא נחשב לאחד מהסמלים העתיקים והמסתוריים ביותר בארכיאולוגיה.') ON CONFLICT (question_id) DO UPDATE SET language_id = 1 ,topic_id= 5003,c_grade_id =3,level=3,question_text='איזה מהבאים הוא פסל ענק עם ראש של אדם וגוף של אריה?',explanation='',interesting_fact='הספינקס הגדול בגיזה, מצרים, הוא אחד הפסלים העתיקים והגדולים בעולם, הוא נחשב לאחד מהסמלים העתיקים והמסתוריים ביותר בארכיאולוגיה.';


INSERT INTO answer_options (question_id, correct_answer, answer_text)
VALUES ('305003103', TRUE, 'הספינקס') ;

INSERT INTO answer_options (question_id, correct_answer, answer_text)
VALUES ('305003103', FALSE, 'הטאג `מהאל');

INSERT INTO answer_options (question_id, correct_answer, answer_text)
VALUES ('305003103', FALSE, 'ביג בן');

INSERT INTO answer_options (question_id, correct_answer, answer_text)
VALUES ('305003103', FALSE, 'פסל החירות');

INSERT INTO questions (question_id, language_id, topic_id, c_grade_id, level, question_text, explanation, interesting_fact)
VALUES ('305003104', 1, 5003, 4, 4, 'איזה מהבאים הוא פסל גדול עם כתר ולפיד?', '', 'פסל החירות, הנמצא בניו יורק, הוא מתנה מצרפת לארצות הברית והוא סמל לחירות ולדמוקרטיה.') ON CONFLICT (question_id) DO UPDATE SET language_id = 1 ,topic_id= 5003,c_grade_id =4,level=4,question_text='איזה מהבאים הוא פסל גדול עם כתר ולפיד?',explanation='',interesting_fact='פסל החירות, הנמצא בניו יורק, הוא מתנה מצרפת לארצות הברית והוא סמל לחירות ולדמוקרטיה.';


INSERT INTO answer_options (question_id, correct_answer, answer_text)
VALUES ('305003104', TRUE, 'פסל החירות') ;

INSERT INTO answer_options (question_id, correct_answer, answer_text)
VALUES ('305003104', FALSE, 'הר ראשמור');

INSERT INTO answer_options (question_id, correct_answer, answer_text)
VALUES ('305003104', FALSE, 'ביג בן');

INSERT INTO answer_options (question_id, correct_answer, answer_text)
VALUES ('305003104', FALSE, 'מגדל אייפל');

INSERT INTO questions (question_id, language_id, topic_id, c_grade_id, level, question_text, explanation, interesting_fact)
VALUES ('305003105', 1, 5003, 5, 5, 'איזה מבנה מפורסם בסין נבנה כדי להגן על המדינה מפני פלישות?', '', 'חומת סין הגדולה היא החומה הארוכה בעולם שבנייתה החלה במאה ה-7 לפנה"ס. היא משתרעת על פני יותר מ-21,000 קילומטרים וניתן לראותה אף מהחלל!') ON CONFLICT (question_id) DO UPDATE SET language_id = 1 ,topic_id= 5003,c_grade_id =5,level=5,question_text='איזה מבנה מפורסם בסין נבנה כדי להגן על המדינה מפני פלישות?',explanation='',interesting_fact='חומת סין הגדולה היא החומה הארוכה בעולם שבנייתה החלה במאה ה-7 לפנה"ס. היא משתרעת על פני יותר מ-21,000 קילומטרים וניתן לראותה אף מהחלל!';


INSERT INTO answer_options (question_id, correct_answer, answer_text)
VALUES ('305003105', TRUE, 'החומה הסינית') ;

INSERT INTO answer_options (question_id, correct_answer, answer_text)
VALUES ('305003105', FALSE, 'מגדל אייפל');

INSERT INTO answer_options (question_id, correct_answer, answer_text)
VALUES ('305003105', FALSE, 'הספינקס גדול');

INSERT INTO answer_options (question_id, correct_answer, answer_text)
VALUES ('305003105', FALSE, 'הפירמידות של גיזה');

INSERT INTO questions (question_id, language_id, topic_id, c_grade_id, level, question_text, explanation, interesting_fact)
VALUES ('305004101', 1, 5004, 1, 1, 'מה שם המגילה הנקראת בפורים?', '', 'מגילת אסתר מגוללת את סיפור פורים וקוראים אותה בקול במהלך החג.') ON CONFLICT (question_id) DO UPDATE SET language_id = 1 ,topic_id= 5004,c_grade_id =1,level=1,question_text='מה שם המגילה הנקראת בפורים?',explanation='',interesting_fact='מגילת אסתר מגוללת את סיפור פורים וקוראים אותה בקול במהלך החג.';


INSERT INTO answer_options (question_id, correct_answer, answer_text)
VALUES ('305004101', TRUE, 'מגילת אסתר') ;

INSERT INTO answer_options (question_id, correct_answer, answer_text)
VALUES ('305004101', FALSE, 'מגילת אחשורוש');

INSERT INTO answer_options (question_id, correct_answer, answer_text)
VALUES ('305004101', FALSE, 'מגילת פורים');

INSERT INTO answer_options (question_id, correct_answer, answer_text)
VALUES ('305004101', FALSE, 'מגילת המן');

INSERT INTO questions (question_id, language_id, topic_id, c_grade_id, level, question_text, explanation, interesting_fact)
VALUES ('305004102', 1, 5004, 2, 2, 'איך נקרא פעולת הצדקה לעניים בפורים?', '', 'מתנות לאביונים, מתנות לעניים, היא מצווה חשובה שנשמרת בפורים.') ON CONFLICT (question_id) DO UPDATE SET language_id = 1 ,topic_id= 5004,c_grade_id =2,level=2,question_text='איך נקרא פעולת הצדקה לעניים בפורים?',explanation='',interesting_fact='מתנות לאביונים, מתנות לעניים, היא מצווה חשובה שנשמרת בפורים.';


INSERT INTO answer_options (question_id, correct_answer, answer_text)
VALUES ('305004102', TRUE, 'מתנות לאביונים') ;

INSERT INTO answer_options (question_id, correct_answer, answer_text)
VALUES ('305004102', FALSE, 'צדקה');

INSERT INTO answer_options (question_id, correct_answer, answer_text)
VALUES ('305004102', FALSE, 'הידור מצווה');

INSERT INTO answer_options (question_id, correct_answer, answer_text)
VALUES ('305004102', FALSE, 'משלוח מנות');

INSERT INTO questions (question_id, language_id, topic_id, c_grade_id, level, question_text, explanation, interesting_fact)
VALUES ('305004103', 1, 5004, 3, 3, 'מה פירוש המילה "פורים"?', '', '"פורים" פירושו "הגרלה" או "פור" בפרסית עתיקה, הכוונה להגרלה שהטיל המן לבחירת התאריך להשמדת היהודים.') ON CONFLICT (question_id) DO UPDATE SET language_id = 1 ,topic_id= 5004,c_grade_id =3,level=3,question_text='מה פירוש המילה "פורים"?',explanation='',interesting_fact='"פורים" פירושו "הגרלה" או "פור" בפרסית עתיקה, הכוונה להגרלה שהטיל המן לבחירת התאריך להשמדת היהודים.';


INSERT INTO answer_options (question_id, correct_answer, answer_text)
VALUES ('305004103', TRUE, 'גורל/הגרלה') ;

INSERT INTO answer_options (question_id, correct_answer, answer_text)
VALUES ('305004103', FALSE, 'חֲגִיגָה');

INSERT INTO answer_options (question_id, correct_answer, answer_text)
VALUES ('305004103', FALSE, 'חוֹפֶשׁ');

INSERT INTO answer_options (question_id, correct_answer, answer_text)
VALUES ('305004103', FALSE, 'ניצחון');

INSERT INTO questions (question_id, language_id, topic_id, c_grade_id, level, question_text, explanation, interesting_fact)
VALUES ('305004104', 1, 5004, 4, 4, 'איך נקראת הארוחה החגיגית שאוכלים בפורים?', '', 'סעודת פורים היא הארוחה החגיגית בפורים, אחת ממצוות פורים כמו קריאת מגילה ומתנות לאביונים.') ON CONFLICT (question_id) DO UPDATE SET language_id = 1 ,topic_id= 5004,c_grade_id =4,level=4,question_text='איך נקראת הארוחה החגיגית שאוכלים בפורים?',explanation='',interesting_fact='סעודת פורים היא הארוחה החגיגית בפורים, אחת ממצוות פורים כמו קריאת מגילה ומתנות לאביונים.';


INSERT INTO answer_options (question_id, correct_answer, answer_text)
VALUES ('305004104', TRUE, 'סעודת פורים') ;

INSERT INTO answer_options (question_id, correct_answer, answer_text)
VALUES ('305004104', FALSE, 'ליל הסדר');

INSERT INTO answer_options (question_id, correct_answer, answer_text)
VALUES ('305004104', FALSE, 'ארוחת שבת');

INSERT INTO answer_options (question_id, correct_answer, answer_text)
VALUES ('305004104', FALSE, 'אוזן המן');

INSERT INTO questions (question_id, language_id, topic_id, c_grade_id, level, question_text, explanation, interesting_fact)
VALUES ('305004105', 1, 5004, 5, 5, 'איזו דמות לא שייכת לסיפור פורים?', '', 'פרעה היה שם כללי למלכי מצרים. סיפור פורים התרחש בפרס.') ON CONFLICT (question_id) DO UPDATE SET language_id = 1 ,topic_id= 5004,c_grade_id =5,level=5,question_text='איזו דמות לא שייכת לסיפור פורים?',explanation='',interesting_fact='פרעה היה שם כללי למלכי מצרים. סיפור פורים התרחש בפרס.';


INSERT INTO answer_options (question_id, correct_answer, answer_text)
VALUES ('305004105', TRUE, 'פרעה') ;

INSERT INTO answer_options (question_id, correct_answer, answer_text)
VALUES ('305004105', FALSE, 'מרדכי');

INSERT INTO answer_options (question_id, correct_answer, answer_text)
VALUES ('305004105', FALSE, 'ויזתא');

INSERT INTO answer_options (question_id, correct_answer, answer_text)
VALUES ('305004105', FALSE, 'ושתי');

INSERT INTO questions (question_id, language_id, topic_id, c_grade_id, level, question_text, explanation, interesting_fact)
VALUES ('305005101', 1, 5005, 1, 1, 'מי היה המדען המפורסם שגילה את כוח המשיכה כשתפוח נפל על ראשו?', '', 'סיפור התפוח שנפל על ראשו של ניוטון הוא אגדה עממית, אך הוא אכן חקר את חוקי הכבידה.') ON CONFLICT (question_id) DO UPDATE SET language_id = 1 ,topic_id= 5005,c_grade_id =1,level=1,question_text='מי היה המדען המפורסם שגילה את כוח המשיכה כשתפוח נפל על ראשו?',explanation='',interesting_fact='סיפור התפוח שנפל על ראשו של ניוטון הוא אגדה עממית, אך הוא אכן חקר את חוקי הכבידה.';


INSERT INTO answer_options (question_id, correct_answer, answer_text)
VALUES ('305005101', TRUE, 'אייזק ניוטון') ;

INSERT INTO answer_options (question_id, correct_answer, answer_text)
VALUES ('305005101', FALSE, 'תומאס אדיסון');

INSERT INTO answer_options (question_id, correct_answer, answer_text)
VALUES ('305005101', FALSE, 'אלברט איינשטיין');

INSERT INTO answer_options (question_id, correct_answer, answer_text)
VALUES ('305005101', FALSE, 'גלילאו גליליי');

INSERT INTO questions (question_id, language_id, topic_id, c_grade_id, level, question_text, explanation, interesting_fact)
VALUES ('305005102', 1, 5005, 2, 2, 'מי היה מדען מפורסם הידוע בשיער המבולגן וברעיונותיו הגדולים על חלל וזמן?', '', 'איינשטיין פיתח את תורת היחסות, ששינתה את הבנתנו את מבנה היקום.') ON CONFLICT (question_id) DO UPDATE SET language_id = 1 ,topic_id= 5005,c_grade_id =2,level=2,question_text='מי היה מדען מפורסם הידוע בשיער המבולגן וברעיונותיו הגדולים על חלל וזמן?',explanation='',interesting_fact='איינשטיין פיתח את תורת היחסות, ששינתה את הבנתנו את מבנה היקום.';


INSERT INTO answer_options (question_id, correct_answer, answer_text)
VALUES ('305005102', TRUE, 'אלברט איינשטיין') ;

INSERT INTO answer_options (question_id, correct_answer, answer_text)
VALUES ('305005102', FALSE, 'סטיבן הוקינג');

INSERT INTO answer_options (question_id, correct_answer, answer_text)
VALUES ('305005102', FALSE, 'תומאס אדיסון');

INSERT INTO answer_options (question_id, correct_answer, answer_text)
VALUES ('305005102', FALSE, 'גלילאו גליליי');

INSERT INTO questions (question_id, language_id, topic_id, c_grade_id, level, question_text, explanation, interesting_fact)
VALUES ('305005103', 1, 5005, 3, 3, 'מי ידוע בניסויים שלו בחשמל והמצאת מטה הברקים?', '', 'בנג`מין פרנקלין היה גם אחד מחותמי הכרזת העצמאות של ארצות הברית.') ON CONFLICT (question_id) DO UPDATE SET language_id = 1 ,topic_id= 5005,c_grade_id =3,level=3,question_text='מי ידוע בניסויים שלו בחשמל והמצאת מטה הברקים?',explanation='',interesting_fact='בנג`מין פרנקלין היה גם אחד מחותמי הכרזת העצמאות של ארצות הברית.';


INSERT INTO answer_options (question_id, correct_answer, answer_text)
VALUES ('305005103', TRUE, 'בנג`מין פרנקלין') ;

INSERT INTO answer_options (question_id, correct_answer, answer_text)
VALUES ('305005103', FALSE, 'תומאס אדיסון');

INSERT INTO answer_options (question_id, correct_answer, answer_text)
VALUES ('305005103', FALSE, 'אלברט איינשטיין');

INSERT INTO answer_options (question_id, correct_answer, answer_text)
VALUES ('305005103', FALSE, 'מייקל פאראדיי');

INSERT INTO questions (question_id, language_id, topic_id, c_grade_id, level, question_text, explanation, interesting_fact)
VALUES ('305005104', 1, 5005, 4, 4, 'מי זכתה ב 2 פרסי נובל על עבודתה בנושא רדיואקטיביות והאישה הראשונה שזכתה בנובל?', '', 'מארי קירי היא האישה היחידה שזכתה בשני פרסי נובל בשני תחומים שונים (פיזיקה וכימיה).') ON CONFLICT (question_id) DO UPDATE SET language_id = 1 ,topic_id= 5005,c_grade_id =4,level=4,question_text='מי זכתה ב 2 פרסי נובל על עבודתה בנושא רדיואקטיביות והאישה הראשונה שזכתה בנובל?',explanation='',interesting_fact='מארי קירי היא האישה היחידה שזכתה בשני פרסי נובל בשני תחומים שונים (פיזיקה וכימיה).';


INSERT INTO answer_options (question_id, correct_answer, answer_text)
VALUES ('305005104', TRUE, 'מארי קירי') ;

INSERT INTO answer_options (question_id, correct_answer, answer_text)
VALUES ('305005104', FALSE, 'רוזלינד פרנקלין');

INSERT INTO answer_options (question_id, correct_answer, answer_text)
VALUES ('305005104', FALSE, 'עדה לאבלייס');

INSERT INTO answer_options (question_id, correct_answer, answer_text)
VALUES ('305005104', FALSE, 'פלורנס נייטינגייל');

INSERT INTO questions (question_id, language_id, topic_id, c_grade_id, level, question_text, explanation, interesting_fact)
VALUES ('305005105', 1, 5005, 5, 5, 'מי היה ממציא מפורסם שנודע בהמצאת הנורה?', '', 'אדיסון המציא גם את הפונוגרף והקינטוסקופ, שהיו מבני הבסיס לתעשיית הקולנוע.') ON CONFLICT (question_id) DO UPDATE SET language_id = 1 ,topic_id= 5005,c_grade_id =5,level=5,question_text='מי היה ממציא מפורסם שנודע בהמצאת הנורה?',explanation='',interesting_fact='אדיסון המציא גם את הפונוגרף והקינטוסקופ, שהיו מבני הבסיס לתעשיית הקולנוע.';


INSERT INTO answer_options (question_id, correct_answer, answer_text)
VALUES ('305005105', TRUE, 'תומאס אדיסון') ;

INSERT INTO answer_options (question_id, correct_answer, answer_text)
VALUES ('305005105', FALSE, 'אלברט איינשטיין');

INSERT INTO answer_options (question_id, correct_answer, answer_text)
VALUES ('305005105', FALSE, 'סטיבן הוקינג');

INSERT INTO answer_options (question_id, correct_answer, answer_text)
VALUES ('305005105', FALSE, 'ניקולה טסלה');

INSERT INTO questions (question_id, language_id, topic_id, c_grade_id, level, question_text, explanation, interesting_fact)
VALUES ('305006101', 1, 5006, 1, 1, 'מי היה נשיאה הראשון של ארה"ב?', '', 'וושינגטון נבחר פעמיים לנשיאות ללא תחרות והוא ידוע בתור אחד מ"אבות המייסדים" של ארצות הברית.') ON CONFLICT (question_id) DO UPDATE SET language_id = 1 ,topic_id= 5006,c_grade_id =1,level=1,question_text='מי היה נשיאה הראשון של ארה"ב?',explanation='',interesting_fact='וושינגטון נבחר פעמיים לנשיאות ללא תחרות והוא ידוע בתור אחד מ"אבות המייסדים" של ארצות הברית.';


INSERT INTO answer_options (question_id, correct_answer, answer_text)
VALUES ('305006101', TRUE, 'ג`ורג וושינגטון') ;

INSERT INTO answer_options (question_id, correct_answer, answer_text)
VALUES ('305006101', FALSE, 'אברהם לינקולן');

INSERT INTO answer_options (question_id, correct_answer, answer_text)
VALUES ('305006101', FALSE, 'ג`ון פ. קנדי');

INSERT INTO answer_options (question_id, correct_answer, answer_text)
VALUES ('305006101', FALSE, 'תומאס ג`פרסון');

INSERT INTO questions (question_id, language_id, topic_id, c_grade_id, level, question_text, explanation, interesting_fact)
VALUES ('305006102', 1, 5006, 2, 2, 'מי הנשיא האמריקני המפורסם בשחרור העבדים?', '', 'לינקולן הוא הנשיא שהוביל את המאמצים לסיום מלחמת האזרחים בארה"ב וחתם על הצהרת השחרור ששיחררה את העבדים.') ON CONFLICT (question_id) DO UPDATE SET language_id = 1 ,topic_id= 5006,c_grade_id =2,level=2,question_text='מי הנשיא האמריקני המפורסם בשחרור העבדים?',explanation='',interesting_fact='לינקולן הוא הנשיא שהוביל את המאמצים לסיום מלחמת האזרחים בארה"ב וחתם על הצהרת השחרור ששיחררה את העבדים.';


INSERT INTO answer_options (question_id, correct_answer, answer_text)
VALUES ('305006102', TRUE, 'אברהם לינקולן') ;

INSERT INTO answer_options (question_id, correct_answer, answer_text)
VALUES ('305006102', FALSE, 'ברק אובמה');

INSERT INTO answer_options (question_id, correct_answer, answer_text)
VALUES ('305006102', FALSE, 'פרנקלין ד` רוזוולט');

INSERT INTO answer_options (question_id, correct_answer, answer_text)
VALUES ('305006102', FALSE, 'תומאס ג`פרסון');

INSERT INTO questions (question_id, language_id, topic_id, c_grade_id, level, question_text, explanation, interesting_fact)
VALUES ('305006103', 1, 5006, 3, 3, 'מי היה הנשיא האמריקני השחור הראשון?', '', 'אובמה, ששימש כנשיא ה-44 של ארה"ב, זכה גם בפרס נובל לשלום בשנת 2009.') ON CONFLICT (question_id) DO UPDATE SET language_id = 1 ,topic_id= 5006,c_grade_id =3,level=3,question_text='מי היה הנשיא האמריקני השחור הראשון?',explanation='',interesting_fact='אובמה, ששימש כנשיא ה-44 של ארה"ב, זכה גם בפרס נובל לשלום בשנת 2009.';


INSERT INTO answer_options (question_id, correct_answer, answer_text)
VALUES ('305006103', TRUE, 'ברק אובמה') ;

INSERT INTO answer_options (question_id, correct_answer, answer_text)
VALUES ('305006103', FALSE, 'ג`ו ביידן');

INSERT INTO answer_options (question_id, correct_answer, answer_text)
VALUES ('305006103', FALSE, 'פרנקלין ד` רוזוולט');

INSERT INTO answer_options (question_id, correct_answer, answer_text)
VALUES ('305006103', FALSE, 'ג`ון אדמס');

INSERT INTO questions (question_id, language_id, topic_id, c_grade_id, level, question_text, explanation, interesting_fact)
VALUES ('305006104', 1, 5006, 4, 4, 'מי הנשיא המבוגר ביותר של אמריקה?', '', 'ביידן נבחר לנשיאות בגיל 78, מה שהפך אותו לנשיא המבוגר ביותר שנבחר לתפקיד זה.') ON CONFLICT (question_id) DO UPDATE SET language_id = 1 ,topic_id= 5006,c_grade_id =4,level=4,question_text='מי הנשיא המבוגר ביותר של אמריקה?',explanation='',interesting_fact='ביידן נבחר לנשיאות בגיל 78, מה שהפך אותו לנשיא המבוגר ביותר שנבחר לתפקיד זה.';


INSERT INTO answer_options (question_id, correct_answer, answer_text)
VALUES ('305006104', TRUE, 'ג`ו ביידן') ;

INSERT INTO answer_options (question_id, correct_answer, answer_text)
VALUES ('305006104', FALSE, 'ג`יימס א. גארפילד');

INSERT INTO answer_options (question_id, correct_answer, answer_text)
VALUES ('305006104', FALSE, 'ויליאם הנרי הריסון');

INSERT INTO answer_options (question_id, correct_answer, answer_text)
VALUES ('305006104', FALSE, 'תומאס ג`פרסון');

INSERT INTO questions (question_id, language_id, topic_id, c_grade_id, level, question_text, explanation, interesting_fact)
VALUES ('305006105', 1, 5006, 5, 5, 'מי היה הנשיא האמריקני שהיה נכה ומשותק ברגליו?', '', 'רוזוולט שימש כנשיא ה-32 של ארה"ב והיה הנשיא היחיד ששימש בארבע קדנציות.') ON CONFLICT (question_id) DO UPDATE SET language_id = 1 ,topic_id= 5006,c_grade_id =5,level=5,question_text='מי היה הנשיא האמריקני שהיה נכה ומשותק ברגליו?',explanation='',interesting_fact='רוזוולט שימש כנשיא ה-32 של ארה"ב והיה הנשיא היחיד ששימש בארבע קדנציות.';


INSERT INTO answer_options (question_id, correct_answer, answer_text)
VALUES ('305006105', TRUE, 'פרנקלין ד` רוזוולט') ;

INSERT INTO answer_options (question_id, correct_answer, answer_text)
VALUES ('305006105', FALSE, 'תומאס ג`פרסון');

INSERT INTO answer_options (question_id, correct_answer, answer_text)
VALUES ('305006105', FALSE, 'ג`ורג` וושינגטון');

INSERT INTO answer_options (question_id, correct_answer, answer_text)
VALUES ('305006105', FALSE, 'תאודור רוזוולט');

INSERT INTO questions (question_id, language_id, topic_id, c_grade_id, level, question_text, explanation, interesting_fact)
VALUES ('305007101', 1, 5007, 1, 1, 'מה מצב הצבירה של המים כשהם קפואים?', '', 'כשמים קופאים, המולקולות מתארגנות לסריג קרח בצורה הקסגונלית, הגורמת לקרח להיות קל יותר ממים נוזליים שבאותו הנפח (אותו גודל מיכל).') ON CONFLICT (question_id) DO UPDATE SET language_id = 1 ,topic_id= 5007,c_grade_id =1,level=1,question_text='מה מצב הצבירה של המים כשהם קפואים?',explanation='',interesting_fact='כשמים קופאים, המולקולות מתארגנות לסריג קרח בצורה הקסגונלית, הגורמת לקרח להיות קל יותר ממים נוזליים שבאותו הנפח (אותו גודל מיכל).';


INSERT INTO answer_options (question_id, correct_answer, answer_text)
VALUES ('305007101', TRUE, 'מוצק') ;

INSERT INTO answer_options (question_id, correct_answer, answer_text)
VALUES ('305007101', FALSE, 'נוזל');

INSERT INTO answer_options (question_id, correct_answer, answer_text)
VALUES ('305007101', FALSE, 'גַז');

INSERT INTO answer_options (question_id, correct_answer, answer_text)
VALUES ('305007101', FALSE, 'פְּלַסמָה');

INSERT INTO questions (question_id, language_id, topic_id, c_grade_id, level, question_text, explanation, interesting_fact)
VALUES ('305007102', 1, 5007, 2, 2, 'איזה מהבאים הוא מצב צבירה של חומר שיכול לזרום וללבוש את צורת המיכל שלו?', '', 'נוזלים אינם מחזיקים צורה קבועה ומתאימים את עצמם לצורת המיכל שבו הם נמצאים.') ON CONFLICT (question_id) DO UPDATE SET language_id = 1 ,topic_id= 5007,c_grade_id =2,level=2,question_text='איזה מהבאים הוא מצב צבירה של חומר שיכול לזרום וללבוש את צורת המיכל שלו?',explanation='',interesting_fact='נוזלים אינם מחזיקים צורה קבועה ומתאימים את עצמם לצורת המיכל שבו הם נמצאים.';


INSERT INTO answer_options (question_id, correct_answer, answer_text)
VALUES ('305007102', TRUE, 'נוזל') ;

INSERT INTO answer_options (question_id, correct_answer, answer_text)
VALUES ('305007102', FALSE, 'מוצק');

INSERT INTO answer_options (question_id, correct_answer, answer_text)
VALUES ('305007102', FALSE, 'גַז');

INSERT INTO answer_options (question_id, correct_answer, answer_text)
VALUES ('305007102', FALSE, 'פְּלַסמָה');

INSERT INTO questions (question_id, language_id, topic_id, c_grade_id, level, question_text, explanation, interesting_fact)
VALUES ('305007103', 1, 5007, 3, 3, 'איזה מהבאים הוא גז שאנו נושמים כדי להישאר בחיים?', '', 'חמצן הוא היסוד השני הנפוץ ביותר באטמוספירת כדור הארץ וחיוני לתהליך הנשימה בגופים חיים.') ON CONFLICT (question_id) DO UPDATE SET language_id = 1 ,topic_id= 5007,c_grade_id =3,level=3,question_text='איזה מהבאים הוא גז שאנו נושמים כדי להישאר בחיים?',explanation='',interesting_fact='חמצן הוא היסוד השני הנפוץ ביותר באטמוספירת כדור הארץ וחיוני לתהליך הנשימה בגופים חיים.';


INSERT INTO answer_options (question_id, correct_answer, answer_text)
VALUES ('305007103', TRUE, 'חַמצָן') ;

INSERT INTO answer_options (question_id, correct_answer, answer_text)
VALUES ('305007103', FALSE, 'פחמן דו חמצני');

INSERT INTO answer_options (question_id, correct_answer, answer_text)
VALUES ('305007103', FALSE, 'מים');

INSERT INTO answer_options (question_id, correct_answer, answer_text)
VALUES ('305007103', FALSE, 'קִיטוֹר');

INSERT INTO questions (question_id, language_id, topic_id, c_grade_id, level, question_text, explanation, interesting_fact)
VALUES ('305007104', 1, 5007, 4, 4, 'מה מצב החומר של המים כשהם קפואים?', '', 'מים קפואים יכולים להיות בצורות שונות, כמו קרחונים ושלג, תלוי בטמפרטורה ובלחץ.') ON CONFLICT (question_id) DO UPDATE SET language_id = 1 ,topic_id= 5007,c_grade_id =4,level=4,question_text='מה מצב החומר של המים כשהם קפואים?',explanation='',interesting_fact='מים קפואים יכולים להיות בצורות שונות, כמו קרחונים ושלג, תלוי בטמפרטורה ובלחץ.';


INSERT INTO answer_options (question_id, correct_answer, answer_text)
VALUES ('305007104', TRUE, 'מוצק') ;

INSERT INTO answer_options (question_id, correct_answer, answer_text)
VALUES ('305007104', FALSE, 'נוזל');

INSERT INTO answer_options (question_id, correct_answer, answer_text)
VALUES ('305007104', FALSE, 'גַז');

INSERT INTO answer_options (question_id, correct_answer, answer_text)
VALUES ('305007104', FALSE, 'פְּלַסמָה');

INSERT INTO questions (question_id, language_id, topic_id, c_grade_id, level, question_text, explanation, interesting_fact)
VALUES ('305007105', 1, 5007, 5, 5, 'מה מצב החומר של המים כשהם מתאדים?', '', 'במצב הגזי, מולקולות המים מתרחקות זו מזו ונעות חופשיות באוויר.') ON CONFLICT (question_id) DO UPDATE SET language_id = 1 ,topic_id= 5007,c_grade_id =5,level=5,question_text='מה מצב החומר של המים כשהם מתאדים?',explanation='',interesting_fact='במצב הגזי, מולקולות המים מתרחקות זו מזו ונעות חופשיות באוויר.';


INSERT INTO answer_options (question_id, correct_answer, answer_text)
VALUES ('305007105', TRUE, 'גַז') ;

INSERT INTO answer_options (question_id, correct_answer, answer_text)
VALUES ('305007105', FALSE, 'נוזל');

INSERT INTO answer_options (question_id, correct_answer, answer_text)
VALUES ('305007105', FALSE, 'מוצק');

INSERT INTO answer_options (question_id, correct_answer, answer_text)
VALUES ('305007105', FALSE, 'פְּלַסמָה');

INSERT INTO questions (question_id, language_id, topic_id, c_grade_id, level, question_text, explanation, interesting_fact)
VALUES ('305008101', 1, 5008, 1, 1, 'מהי ההגדרה של מדבר?', '', 'מדבר ארקטי (מדבר "קר") – להבדיל מיתר המדבריות, יש בו מים בשפע, אך מכיוון שהם קפואים, אין הם שימושיים לצמחים ובעלי חיים.') ON CONFLICT (question_id) DO UPDATE SET language_id = 1 ,topic_id= 5008,c_grade_id =1,level=1,question_text='מהי ההגדרה של מדבר?',explanation='',interesting_fact='מדבר ארקטי (מדבר "קר") – להבדיל מיתר המדבריות, יש בו מים בשפע, אך מכיוון שהם קפואים, אין הם שימושיים לצמחים ובעלי חיים.';


INSERT INTO answer_options (question_id, correct_answer, answer_text)
VALUES ('305008101', TRUE, 'מקום בו יורדים מעט משקעים') ;

INSERT INTO answer_options (question_id, correct_answer, answer_text)
VALUES ('305008101', FALSE, 'מקום חם מאוד');

INSERT INTO answer_options (question_id, correct_answer, answer_text)
VALUES ('305008101', FALSE, 'מקום עם סלעים וחול');

INSERT INTO answer_options (question_id, correct_answer, answer_text)
VALUES ('305008101', FALSE, 'מקום עם שמש חזקה');

INSERT INTO questions (question_id, language_id, topic_id, c_grade_id, level, question_text, explanation, interesting_fact)
VALUES ('305008102', 1, 5008, 2, 2, 'באיזו יבשת נמצא מדבר סהרה?', '', 'מדבר סהרה הוא המדבר החם הגדול ביותר ומשתרע על פני צפון אפריקה.') ON CONFLICT (question_id) DO UPDATE SET language_id = 1 ,topic_id= 5008,c_grade_id =2,level=2,question_text='באיזו יבשת נמצא מדבר סהרה?',explanation='',interesting_fact='מדבר סהרה הוא המדבר החם הגדול ביותר ומשתרע על פני צפון אפריקה.';


INSERT INTO answer_options (question_id, correct_answer, answer_text)
VALUES ('305008102', TRUE, 'אַפְרִיקָה') ;

INSERT INTO answer_options (question_id, correct_answer, answer_text)
VALUES ('305008102', FALSE, 'אַסְיָה');

INSERT INTO answer_options (question_id, correct_answer, answer_text)
VALUES ('305008102', FALSE, 'דרום אמריקה');

INSERT INTO answer_options (question_id, correct_answer, answer_text)
VALUES ('305008102', FALSE, 'אֵירוֹפָּה');

INSERT INTO questions (question_id, language_id, topic_id, c_grade_id, level, question_text, explanation, interesting_fact)
VALUES ('305008103', 1, 5008, 3, 3, 'איזה מדבר מכונה לעתים קרובות "המדבר היבש ביותר על פני כדור הארץ"?', '', 'מדבר אטקמה בדרום אמריקה ידוע בכמות המשקעים הנמוכה ביותר שלו. בחלק מהאזורים יורד רק 1 מילימטר של גשם בשנה שלמה!') ON CONFLICT (question_id) DO UPDATE SET language_id = 1 ,topic_id= 5008,c_grade_id =3,level=3,question_text='איזה מדבר מכונה לעתים קרובות "המדבר היבש ביותר על פני כדור הארץ"?',explanation='',interesting_fact='מדבר אטקמה בדרום אמריקה ידוע בכמות המשקעים הנמוכה ביותר שלו. בחלק מהאזורים יורד רק 1 מילימטר של גשם בשנה שלמה!';


INSERT INTO answer_options (question_id, correct_answer, answer_text)
VALUES ('305008103', TRUE, 'אטקמה') ;

INSERT INTO answer_options (question_id, correct_answer, answer_text)
VALUES ('305008103', FALSE, 'סהרה');

INSERT INTO answer_options (question_id, correct_answer, answer_text)
VALUES ('305008103', FALSE, 'קלהארי');

INSERT INTO answer_options (question_id, correct_answer, answer_text)
VALUES ('305008103', FALSE, 'מוהאבי');

INSERT INTO questions (question_id, language_id, topic_id, c_grade_id, level, question_text, explanation, interesting_fact)
VALUES ('305008104', 1, 5008, 4, 4, 'מדבר גובי משתרע על פני אילו שתי מדינות?', '', 'מדבר גובי משתרע על פני צפון סין ודרום מונגוליה.') ON CONFLICT (question_id) DO UPDATE SET language_id = 1 ,topic_id= 5008,c_grade_id =4,level=4,question_text='מדבר גובי משתרע על פני אילו שתי מדינות?',explanation='',interesting_fact='מדבר גובי משתרע על פני צפון סין ודרום מונגוליה.';


INSERT INTO answer_options (question_id, correct_answer, answer_text)
VALUES ('305008104', TRUE, 'מונגוליה וסין') ;

INSERT INTO answer_options (question_id, correct_answer, answer_text)
VALUES ('305008104', FALSE, 'ערב הסעודית ותימן');

INSERT INTO answer_options (question_id, correct_answer, answer_text)
VALUES ('305008104', FALSE, 'מצרים וסודאן');

INSERT INTO answer_options (question_id, correct_answer, answer_text)
VALUES ('305008104', FALSE, 'אוסטרליה וניו זילנד');

INSERT INTO questions (question_id, language_id, topic_id, c_grade_id, level, question_text, explanation, interesting_fact)
VALUES ('305008105', 1, 5008, 5, 5, 'מדבר קלהרי נמצא בעיקר באיזו מדינה?', '', 'מדבר קלהארי משתרע על חלקים מבוצואנה, נמיביה ודרום אפריקה. באופן מדהים, כל שנה אלפי פילים חוצים את המדבר לאורך אלפי קילומטרים בחפשם אחר מים.') ON CONFLICT (question_id) DO UPDATE SET language_id = 1 ,topic_id= 5008,c_grade_id =5,level=5,question_text='מדבר קלהרי נמצא בעיקר באיזו מדינה?',explanation='',interesting_fact='מדבר קלהארי משתרע על חלקים מבוצואנה, נמיביה ודרום אפריקה. באופן מדהים, כל שנה אלפי פילים חוצים את המדבר לאורך אלפי קילומטרים בחפשם אחר מים.';


INSERT INTO answer_options (question_id, correct_answer, answer_text)
VALUES ('305008105', TRUE, 'בוצואנה') ;

INSERT INTO answer_options (question_id, correct_answer, answer_text)
VALUES ('305008105', FALSE, 'ערב הסעודית');

INSERT INTO answer_options (question_id, correct_answer, answer_text)
VALUES ('305008105', FALSE, 'מִצְרַיִם');

INSERT INTO answer_options (question_id, correct_answer, answer_text)
VALUES ('305008105', FALSE, 'דרום אפריקה');

INSERT INTO questions (question_id, language_id, topic_id, c_grade_id, level, question_text, explanation, interesting_fact)
VALUES ('305009101', 1, 5009, 1, 1, 'איזה סופר, הידוע בעיקר בזכות ספרו "הזקן והים", זכה בפרס נובל לספרות ב-1954?', '', '"הזקן והים" הוא אחד מספריו המוערכים ביותר של המינגווי, שעליו קיבל פרס פוליצר. הספר מתאר אדם זקן שעלה בחכתו דג עצום, אך הוא מתקשה לשמור עליו.') ON CONFLICT (question_id) DO UPDATE SET language_id = 1 ,topic_id= 5009,c_grade_id =1,level=1,question_text='איזה סופר, הידוע בעיקר בזכות ספרו "הזקן והים", זכה בפרס נובל לספרות ב-1954?',explanation='',interesting_fact='"הזקן והים" הוא אחד מספריו המוערכים ביותר של המינגווי, שעליו קיבל פרס פוליצר. הספר מתאר אדם זקן שעלה בחכתו דג עצום, אך הוא מתקשה לשמור עליו.';


INSERT INTO answer_options (question_id, correct_answer, answer_text)
VALUES ('305009101', TRUE, 'ארנסט המינגווי') ;

INSERT INTO answer_options (question_id, correct_answer, answer_text)
VALUES ('305009101', FALSE, 'ג`יי די סלינג`ר');

INSERT INTO answer_options (question_id, correct_answer, answer_text)
VALUES ('305009101', FALSE, 'רוברט פרוסט');

INSERT INTO answer_options (question_id, correct_answer, answer_text)
VALUES ('305009101', FALSE, 'סקוט פיצג`רלד');

INSERT INTO questions (question_id, language_id, topic_id, c_grade_id, level, question_text, explanation, interesting_fact)
VALUES ('305009102', 1, 5009, 2, 2, 'פרס נובל לספרות לשנת 2016 הוענק לזמר ומלחין יהודי מפורסם. מי זה היה?', '', 'בוב דילן זכה להכרה ביצירת ביטויים פיוטיים חדשים בתוך מסורת השירים האמריקאית הגדולה.') ON CONFLICT (question_id) DO UPDATE SET language_id = 1 ,topic_id= 5009,c_grade_id =2,level=2,question_text='פרס נובל לספרות לשנת 2016 הוענק לזמר ומלחין יהודי מפורסם. מי זה היה?',explanation='',interesting_fact='בוב דילן זכה להכרה ביצירת ביטויים פיוטיים חדשים בתוך מסורת השירים האמריקאית הגדולה.';


INSERT INTO answer_options (question_id, correct_answer, answer_text)
VALUES ('305009102', TRUE, 'בוב דילן') ;

INSERT INTO answer_options (question_id, correct_answer, answer_text)
VALUES ('305009102', FALSE, 'פול מקארטני');

INSERT INTO answer_options (question_id, correct_answer, answer_text)
VALUES ('305009102', FALSE, 'מיק ג`אגר');

INSERT INTO answer_options (question_id, correct_answer, answer_text)
VALUES ('305009102', FALSE, 'אלטון ג`ון');

INSERT INTO questions (question_id, language_id, topic_id, c_grade_id, level, question_text, explanation, interesting_fact)
VALUES ('305009103', 1, 5009, 3, 3, 'איזה סופר ישראלי זכה בפרס נובל לספרות?', '', 'שמואל יוסף עגנון הוא הישראלי היחיד עד כה שזכה בפרס נובל לספרות. הוא זכה בזכות כתיבתו המדויקת בנושאים של חיי העם היהודי') ON CONFLICT (question_id) DO UPDATE SET language_id = 1 ,topic_id= 5009,c_grade_id =3,level=3,question_text='איזה סופר ישראלי זכה בפרס נובל לספרות?',explanation='',interesting_fact='שמואל יוסף עגנון הוא הישראלי היחיד עד כה שזכה בפרס נובל לספרות. הוא זכה בזכות כתיבתו המדויקת בנושאים של חיי העם היהודי';


INSERT INTO answer_options (question_id, correct_answer, answer_text)
VALUES ('305009103', TRUE, 'ש"י עגנון') ;

INSERT INTO answer_options (question_id, correct_answer, answer_text)
VALUES ('305009103', FALSE, 'א.ב. יהושע');

INSERT INTO answer_options (question_id, correct_answer, answer_text)
VALUES ('305009103', FALSE, 'דויד גרוסמן');

INSERT INTO answer_options (question_id, correct_answer, answer_text)
VALUES ('305009103', FALSE, 'עמוס עוז');

INSERT INTO questions (question_id, language_id, topic_id, c_grade_id, level, question_text, explanation, interesting_fact)
VALUES ('305009104', 1, 5009, 4, 4, 'איזה זוכה פרס נובל בספרות היה כותב בשפת היידיש?', '', 'רוב אוצר המילים ביידיש הוא ממקורות גרמאניים, אך בין 20% ל-30% אחוז מהמילים הן ממקורות עבריים וארמיים') ON CONFLICT (question_id) DO UPDATE SET language_id = 1 ,topic_id= 5009,c_grade_id =4,level=4,question_text='איזה זוכה פרס נובל בספרות היה כותב בשפת היידיש?',explanation='',interesting_fact='רוב אוצר המילים ביידיש הוא ממקורות גרמאניים, אך בין 20% ל-30% אחוז מהמילים הן ממקורות עבריים וארמיים';


INSERT INTO answer_options (question_id, correct_answer, answer_text)
VALUES ('305009104', TRUE, 'יצחק בשביס זינגר') ;

INSERT INTO answer_options (question_id, correct_answer, answer_text)
VALUES ('305009104', FALSE, 'ש"י עגנון');

INSERT INTO answer_options (question_id, correct_answer, answer_text)
VALUES ('305009104', FALSE, 'עמוס עוז');

INSERT INTO answer_options (question_id, correct_answer, answer_text)
VALUES ('305009104', FALSE, 'מנדלה מוכר ספרים');

INSERT INTO questions (question_id, language_id, topic_id, c_grade_id, level, question_text, explanation, interesting_fact)
VALUES ('305009105', 1, 5009, 5, 5, 'איזו שפה היא שפת הכתיבה העיקרית של זוכי פרס הנובל בספרות?', '', 'אנגלית היא שפת יצירתם של 25% מזוכי פרס הנובל') ON CONFLICT (question_id) DO UPDATE SET language_id = 1 ,topic_id= 5009,c_grade_id =5,level=5,question_text='איזו שפה היא שפת הכתיבה העיקרית של זוכי פרס הנובל בספרות?',explanation='',interesting_fact='אנגלית היא שפת יצירתם של 25% מזוכי פרס הנובל';


INSERT INTO answer_options (question_id, correct_answer, answer_text)
VALUES ('305009105', TRUE, 'אנגלית') ;

INSERT INTO answer_options (question_id, correct_answer, answer_text)
VALUES ('305009105', FALSE, 'צרפתית');

INSERT INTO answer_options (question_id, correct_answer, answer_text)
VALUES ('305009105', FALSE, 'עברית');

INSERT INTO answer_options (question_id, correct_answer, answer_text)
VALUES ('305009105', FALSE, 'שבדית');

INSERT INTO questions (question_id, language_id, topic_id, c_grade_id, level, question_text, explanation, interesting_fact)
VALUES ('305010101', 1, 5010, 1, 1, 'מי צייר את יצירת האמנות המפורסמת שנקראת המונה ליזה?', '', '"המונה ליזה" היא אחת מהיצירות המפורסמות והנחקרות ביותר בעולם, והחיוך המסתורי שלה עדיין מעורר תיאוריות ודיונים.') ON CONFLICT (question_id) DO UPDATE SET language_id = 1 ,topic_id= 5010,c_grade_id =1,level=1,question_text='מי צייר את יצירת האמנות המפורסמת שנקראת המונה ליזה?',explanation='',interesting_fact='"המונה ליזה" היא אחת מהיצירות המפורסמות והנחקרות ביותר בעולם, והחיוך המסתורי שלה עדיין מעורר תיאוריות ודיונים.';


INSERT INTO answer_options (question_id, correct_answer, answer_text)
VALUES ('305010101', TRUE, 'לאונרדו דה וינצ`י') ;

INSERT INTO answer_options (question_id, correct_answer, answer_text)
VALUES ('305010101', FALSE, 'וינסנט ואן גוך');

INSERT INTO answer_options (question_id, correct_answer, answer_text)
VALUES ('305010101', FALSE, 'פאבלו פיקאסו');

INSERT INTO answer_options (question_id, correct_answer, answer_text)
VALUES ('305010101', FALSE, 'מיכלאנג`לו');

INSERT INTO questions (question_id, language_id, topic_id, c_grade_id, level, question_text, explanation, interesting_fact)
VALUES ('305010102', 1, 5010, 2, 2, 'מי הצייר עם השפם המוזר שצייר שעון נמס?', '', 'דאלי, אמן הסוריאליזם הבולט, ידוע ביצירותיו המוזרות והפנטסטיות ובציוריו המרהיבים של שעונים נמסים.') ON CONFLICT (question_id) DO UPDATE SET language_id = 1 ,topic_id= 5010,c_grade_id =2,level=2,question_text='מי הצייר עם השפם המוזר שצייר שעון נמס?',explanation='',interesting_fact='דאלי, אמן הסוריאליזם הבולט, ידוע ביצירותיו המוזרות והפנטסטיות ובציוריו המרהיבים של שעונים נמסים.';


INSERT INTO answer_options (question_id, correct_answer, answer_text)
VALUES ('305010102', TRUE, 'סלבדור דאלי') ;

INSERT INTO answer_options (question_id, correct_answer, answer_text)
VALUES ('305010102', FALSE, 'קלוד מונה');

INSERT INTO answer_options (question_id, correct_answer, answer_text)
VALUES ('305010102', FALSE, 'פאבלו פיקאסו');

INSERT INTO answer_options (question_id, correct_answer, answer_text)
VALUES ('305010102', FALSE, 'מיכלאנג`לו');

INSERT INTO questions (question_id, language_id, topic_id, c_grade_id, level, question_text, explanation, interesting_fact)
VALUES ('305010103', 1, 5010, 3, 3, 'מי הצייר המפורסם הידוע בציורי החמניות שלו?', '', 'ואן גוך צייר מספר גדול של ציורי חמניות, שהפכו לאחד הסמלים המוכרים של עבודתו והאמנות שלו.') ON CONFLICT (question_id) DO UPDATE SET language_id = 1 ,topic_id= 5010,c_grade_id =3,level=3,question_text='מי הצייר המפורסם הידוע בציורי החמניות שלו?',explanation='',interesting_fact='ואן גוך צייר מספר גדול של ציורי חמניות, שהפכו לאחד הסמלים המוכרים של עבודתו והאמנות שלו.';


INSERT INTO answer_options (question_id, correct_answer, answer_text)
VALUES ('305010103', TRUE, 'וינסנט ואן גוך') ;

INSERT INTO answer_options (question_id, correct_answer, answer_text)
VALUES ('305010103', FALSE, 'פאבלו פיקאסו');

INSERT INTO answer_options (question_id, correct_answer, answer_text)
VALUES ('305010103', FALSE, 'לאונרדו דה וינצ`י');

INSERT INTO answer_options (question_id, correct_answer, answer_text)
VALUES ('305010103', FALSE, 'מיכלאנג`לו');

INSERT INTO questions (question_id, language_id, topic_id, c_grade_id, level, question_text, explanation, interesting_fact)
VALUES ('305010104', 1, 5010, 4, 4, 'מי צייר את יצירת האמנות האיקונית בשם הצעקה?', '', '"הצעקה" של מונק היא אחת היצירות המזוהות ביותר עם הרגשות של חרדה וייאוש, והיא סמל לאמנות המודרנית.') ON CONFLICT (question_id) DO UPDATE SET language_id = 1 ,topic_id= 5010,c_grade_id =4,level=4,question_text='מי צייר את יצירת האמנות האיקונית בשם הצעקה?',explanation='',interesting_fact='"הצעקה" של מונק היא אחת היצירות המזוהות ביותר עם הרגשות של חרדה וייאוש, והיא סמל לאמנות המודרנית.';


INSERT INTO answer_options (question_id, correct_answer, answer_text)
VALUES ('305010104', TRUE, 'אדוארד מונק') ;

INSERT INTO answer_options (question_id, correct_answer, answer_text)
VALUES ('305010104', FALSE, 'פאבלו פיקאסו');

INSERT INTO answer_options (question_id, correct_answer, answer_text)
VALUES ('305010104', FALSE, 'לאונרדו דה וינצ`י');

INSERT INTO answer_options (question_id, correct_answer, answer_text)
VALUES ('305010104', FALSE, 'מיכלאנג`לו');

INSERT INTO questions (question_id, language_id, topic_id, c_grade_id, level, question_text, explanation, interesting_fact)
VALUES ('305010105', 1, 5010, 5, 5, 'איזה אמן רנסנס איטלקי ידוע בציורי הקיר שלו, כולל ציור הסעודה האחרונה?', '', 'ציור "הסעודה האחרונה" של לאונרדו דה וינצ`י הוא אחד היצירות המפורסמות ביותר בעולם ונמצא בכנסיה בעיר מילאנו. הציור לצערנו כבר דהה למדי ונמצא בנסיונות שיחזור קבועים.') ON CONFLICT (question_id) DO UPDATE SET language_id = 1 ,topic_id= 5010,c_grade_id =5,level=5,question_text='איזה אמן רנסנס איטלקי ידוע בציורי הקיר שלו, כולל ציור הסעודה האחרונה?',explanation='',interesting_fact='ציור "הסעודה האחרונה" של לאונרדו דה וינצ`י הוא אחד היצירות המפורסמות ביותר בעולם ונמצא בכנסיה בעיר מילאנו. הציור לצערנו כבר דהה למדי ונמצא בנסיונות שיחזור קבועים.';


INSERT INTO answer_options (question_id, correct_answer, answer_text)
VALUES ('305010105', TRUE, 'לאונרדו דה וינצ`י') ;

INSERT INTO answer_options (question_id, correct_answer, answer_text)
VALUES ('305010105', FALSE, 'רפאל');

INSERT INTO answer_options (question_id, correct_answer, answer_text)
VALUES ('305010105', FALSE, 'מיכלאנג`לו');

INSERT INTO answer_options (question_id, correct_answer, answer_text)
VALUES ('305010105', FALSE, 'סנדרו בוטיצ`לי');

INSERT INTO questions (question_id, language_id, topic_id, c_grade_id, level, question_text, explanation, interesting_fact)
VALUES ('305011101', 1, 5011, 1, 1, 'מי היה הפילוסוף היווני הנודע הידוע במשפט המתימטי על משולשים ישרי זוית?', '', 'משפט פיתגורס, הקובע שבמשולש ישר-זווית, ריבוע היתר הוא שווה בשטחו לסכום ריבועי הניצבים, הוא אחד היסודות הבסיסיים בגיאומטריה.') ON CONFLICT (question_id) DO UPDATE SET language_id = 1 ,topic_id= 5011,c_grade_id =1,level=1,question_text='מי היה הפילוסוף היווני הנודע הידוע במשפט המתימטי על משולשים ישרי זוית?',explanation='',interesting_fact='משפט פיתגורס, הקובע שבמשולש ישר-זווית, ריבוע היתר הוא שווה בשטחו לסכום ריבועי הניצבים, הוא אחד היסודות הבסיסיים בגיאומטריה.';


INSERT INTO answer_options (question_id, correct_answer, answer_text)
VALUES ('305011101', TRUE, 'פיתגורס') ;

INSERT INTO answer_options (question_id, correct_answer, answer_text)
VALUES ('305011101', FALSE, 'אוקלידס');

INSERT INTO answer_options (question_id, correct_answer, answer_text)
VALUES ('305011101', FALSE, 'ארכימדס');

INSERT INTO answer_options (question_id, correct_answer, answer_text)
VALUES ('305011101', FALSE, 'היפוקרטס');

INSERT INTO questions (question_id, language_id, topic_id, c_grade_id, level, question_text, explanation, interesting_fact)
VALUES ('305011102', 1, 5011, 2, 2, 'איזה פילוסוף קדום נחשב לאבי הרפואה וכתב את "שבועת הרופא"?', '', 'היפוקרטס נחשב לאחד הדמויות המשפיעות ביותר בתחום הרפואה ו"שבועת הרופא" שנכתבה על שמו עדיין נחשבת לאחד המסמכים המוסריים הבסיסיים ברפואה.') ON CONFLICT (question_id) DO UPDATE SET language_id = 1 ,topic_id= 5011,c_grade_id =2,level=2,question_text='איזה פילוסוף קדום נחשב לאבי הרפואה וכתב את "שבועת הרופא"?',explanation='',interesting_fact='היפוקרטס נחשב לאחד הדמויות המשפיעות ביותר בתחום הרפואה ו"שבועת הרופא" שנכתבה על שמו עדיין נחשבת לאחד המסמכים המוסריים הבסיסיים ברפואה.';


INSERT INTO answer_options (question_id, correct_answer, answer_text)
VALUES ('305011102', TRUE, 'היפוקרטס') ;

INSERT INTO answer_options (question_id, correct_answer, answer_text)
VALUES ('305011102', FALSE, 'סוקרטס');

INSERT INTO answer_options (question_id, correct_answer, answer_text)
VALUES ('305011102', FALSE, 'דיוגנס מסינופה');

INSERT INTO answer_options (question_id, correct_answer, answer_text)
VALUES ('305011102', FALSE, 'ארכימדס');

INSERT INTO questions (question_id, language_id, topic_id, c_grade_id, level, question_text, explanation, interesting_fact)
VALUES ('305011103', 1, 5011, 3, 3, 'איזה פילוסוף יווני מפורסם בתרומתו לגיאומטריה?', '', 'אוקלידס, נחשב ל"אבי הגיאומטריה" וספרו "היסודות" מהווה את הבסיס להבנת הגיאומטריה המודרנית.') ON CONFLICT (question_id) DO UPDATE SET language_id = 1 ,topic_id= 5011,c_grade_id =3,level=3,question_text='איזה פילוסוף יווני מפורסם בתרומתו לגיאומטריה?',explanation='',interesting_fact='אוקלידס, נחשב ל"אבי הגיאומטריה" וספרו "היסודות" מהווה את הבסיס להבנת הגיאומטריה המודרנית.';


INSERT INTO answer_options (question_id, correct_answer, answer_text)
VALUES ('305011103', TRUE, 'אוקלידס') ;

INSERT INTO answer_options (question_id, correct_answer, answer_text)
VALUES ('305011103', FALSE, 'ארכימדס');

INSERT INTO answer_options (question_id, correct_answer, answer_text)
VALUES ('305011103', FALSE, 'אריסטו');

INSERT INTO answer_options (question_id, correct_answer, answer_text)
VALUES ('305011103', FALSE, 'אפלטון');

INSERT INTO questions (question_id, language_id, topic_id, c_grade_id, level, question_text, explanation, interesting_fact)
VALUES ('305011104', 1, 5011, 4, 4, 'מי היה הפילוסוף הסיני, הידוע בתורתו על אתיקה, ערכי משפחה והרמוניה חברתית?', '', 'קונפוציוס השפיע רבות על התרבות והחברה בסין ובמזרח הרחוק בכלל, ותורתו עדיין משפיעה על חברות רבות בעולם.') ON CONFLICT (question_id) DO UPDATE SET language_id = 1 ,topic_id= 5011,c_grade_id =4,level=4,question_text='מי היה הפילוסוף הסיני, הידוע בתורתו על אתיקה, ערכי משפחה והרמוניה חברתית?',explanation='',interesting_fact='קונפוציוס השפיע רבות על התרבות והחברה בסין ובמזרח הרחוק בכלל, ותורתו עדיין משפיעה על חברות רבות בעולם.';


INSERT INTO answer_options (question_id, correct_answer, answer_text)
VALUES ('305011104', TRUE, 'קונפוציוס') ;

INSERT INTO answer_options (question_id, correct_answer, answer_text)
VALUES ('305011104', FALSE, 'לאוזי');

INSERT INTO answer_options (question_id, correct_answer, answer_text)
VALUES ('305011104', FALSE, 'Sun Tzu');

INSERT INTO answer_options (question_id, correct_answer, answer_text)
VALUES ('305011104', FALSE, 'הקיסר צ`ין שי הואנג');

INSERT INTO questions (question_id, language_id, topic_id, c_grade_id, level, question_text, explanation, interesting_fact)
VALUES ('305011105', 1, 5011, 5, 5, 'איזה פילוסוף יווני ידוע בשיטת החקירה שלו ונחשב למייסד הפילוסופיה המערבית?', '', 'סוקרטס ידוע בשיטת הדיאלוג שלו, המכונה "מערכת סוקרטית", שבה הוא שואל שאלות כדי לחשוף ידע והבנות חדשות.') ON CONFLICT (question_id) DO UPDATE SET language_id = 1 ,topic_id= 5011,c_grade_id =5,level=5,question_text='איזה פילוסוף יווני ידוע בשיטת החקירה שלו ונחשב למייסד הפילוסופיה המערבית?',explanation='',interesting_fact='סוקרטס ידוע בשיטת הדיאלוג שלו, המכונה "מערכת סוקרטית", שבה הוא שואל שאלות כדי לחשוף ידע והבנות חדשות.';


INSERT INTO answer_options (question_id, correct_answer, answer_text)
VALUES ('305011105', TRUE, 'סוקרטס') ;

INSERT INTO answer_options (question_id, correct_answer, answer_text)
VALUES ('305011105', FALSE, 'אוקלידס');

INSERT INTO answer_options (question_id, correct_answer, answer_text)
VALUES ('305011105', FALSE, 'ארכימדס');

INSERT INTO answer_options (question_id, correct_answer, answer_text)
VALUES ('305011105', FALSE, 'היפוקרטס');

INSERT INTO questions (question_id, language_id, topic_id, c_grade_id, level, question_text, explanation, interesting_fact)
VALUES ('305012101', 1, 5012, 1, 1, 'איזה מהבאים אינו ספר תורה (מחומשי תורה)?', '', 'חמשת חומשי התורה הם הספר החשוב ביותר במסורת היהודית. לפי המסורת משה רבינו כתב את התורה מלבד 5 הפסוקים האחרונים שלאחר מותו, אותם כתב יהושע.') ON CONFLICT (question_id) DO UPDATE SET language_id = 1 ,topic_id= 5012,c_grade_id =1,level=1,question_text='איזה מהבאים אינו ספר תורה (מחומשי תורה)?',explanation='',interesting_fact='חמשת חומשי התורה הם הספר החשוב ביותר במסורת היהודית. לפי המסורת משה רבינו כתב את התורה מלבד 5 הפסוקים האחרונים שלאחר מותו, אותם כתב יהושע.';


INSERT INTO answer_options (question_id, correct_answer, answer_text)
VALUES ('305012101', TRUE, 'הסנה הבוער') ;

INSERT INTO answer_options (question_id, correct_answer, answer_text)
VALUES ('305012101', FALSE, 'שמות');

INSERT INTO answer_options (question_id, correct_answer, answer_text)
VALUES ('305012101', FALSE, 'דברים');

INSERT INTO answer_options (question_id, correct_answer, answer_text)
VALUES ('305012101', FALSE, 'במדבר');

INSERT INTO questions (question_id, language_id, topic_id, c_grade_id, level, question_text, explanation, interesting_fact)
VALUES ('305012102', 1, 5012, 2, 2, 'איזה נביא עזר לבני ישראל לברוח ממצרים?', '', 'משה נחשב לאחד מהנביאים החשובים ביותר ביהדות וכפי שמסופר בתנ"ך, הוא הוביל את יציאת בני ישראל מעבדות במצרים.') ON CONFLICT (question_id) DO UPDATE SET language_id = 1 ,topic_id= 5012,c_grade_id =2,level=2,question_text='איזה נביא עזר לבני ישראל לברוח ממצרים?',explanation='',interesting_fact='משה נחשב לאחד מהנביאים החשובים ביותר ביהדות וכפי שמסופר בתנ"ך, הוא הוביל את יציאת בני ישראל מעבדות במצרים.';


INSERT INTO answer_options (question_id, correct_answer, answer_text)
VALUES ('305012102', TRUE, 'משה רבנו') ;

INSERT INTO answer_options (question_id, correct_answer, answer_text)
VALUES ('305012102', FALSE, 'אדם');

INSERT INTO answer_options (question_id, correct_answer, answer_text)
VALUES ('305012102', FALSE, 'יוסף');

INSERT INTO answer_options (question_id, correct_answer, answer_text)
VALUES ('305012102', FALSE, 'דוד המלך');

INSERT INTO questions (question_id, language_id, topic_id, c_grade_id, level, question_text, explanation, interesting_fact)
VALUES ('305012103', 1, 5012, 3, 3, 'מה היה שמו של המגדל הגבוה בתנ"ך שבו אנשים ניסו להגיע לשמים?', '', 'לפי המסופר בתנ"ך, בניית מגדל בבל נעצרה כשאלוהים בלבל את שפת הבניינים, מה שהוביל לפיזורם ברחבי העולם.') ON CONFLICT (question_id) DO UPDATE SET language_id = 1 ,topic_id= 5012,c_grade_id =3,level=3,question_text='מה היה שמו של המגדל הגבוה בתנ"ך שבו אנשים ניסו להגיע לשמים?',explanation='',interesting_fact='לפי המסופר בתנ"ך, בניית מגדל בבל נעצרה כשאלוהים בלבל את שפת הבניינים, מה שהוביל לפיזורם ברחבי העולם.';


INSERT INTO answer_options (question_id, correct_answer, answer_text)
VALUES ('305012103', TRUE, 'מגדל בבל') ;

INSERT INTO answer_options (question_id, correct_answer, answer_text)
VALUES ('305012103', FALSE, 'מגדל פיזה');

INSERT INTO answer_options (question_id, correct_answer, answer_text)
VALUES ('305012103', FALSE, 'מגדל אייפל');

INSERT INTO answer_options (question_id, correct_answer, answer_text)
VALUES ('305012103', FALSE, 'מגדל דוד');

INSERT INTO questions (question_id, language_id, topic_id, c_grade_id, level, question_text, explanation, interesting_fact)
VALUES ('305012104', 1, 5012, 4, 4, 'מה היה שם החפץ המקודש שהכיל את עשרת הדברות?', '', 'ארון הברית, לפי התנ"ך, היה מכיל את לוחות הברית עליהן חקוקות עשרת הדברות, ונחשב לחפץ קדוש ביותר.') ON CONFLICT (question_id) DO UPDATE SET language_id = 1 ,topic_id= 5012,c_grade_id =4,level=4,question_text='מה היה שם החפץ המקודש שהכיל את עשרת הדברות?',explanation='',interesting_fact='ארון הברית, לפי התנ"ך, היה מכיל את לוחות הברית עליהן חקוקות עשרת הדברות, ונחשב לחפץ קדוש ביותר.';


INSERT INTO answer_options (question_id, correct_answer, answer_text)
VALUES ('305012104', TRUE, 'ארון הברית') ;

INSERT INTO answer_options (question_id, correct_answer, answer_text)
VALUES ('305012104', FALSE, 'ארמון דוד');

INSERT INTO answer_options (question_id, correct_answer, answer_text)
VALUES ('305012104', FALSE, 'מקדש שלמה');

INSERT INTO answer_options (question_id, correct_answer, answer_text)
VALUES ('305012104', FALSE, 'מגדל בבל');

INSERT INTO questions (question_id, language_id, topic_id, c_grade_id, level, question_text, explanation, interesting_fact)
VALUES ('305012105', 1, 5012, 5, 5, 'מי היה נביא ששמע את קולו של אלוהים מסנה בוער?', '', 'באירוע הסנה הבוער, לפי התנ"ך, משה שמע את קול אלוהים לראשונה וקיבל את המשימה להוביל את בני ישראל ממצרים.') ON CONFLICT (question_id) DO UPDATE SET language_id = 1 ,topic_id= 5012,c_grade_id =5,level=5,question_text='מי היה נביא ששמע את קולו של אלוהים מסנה בוער?',explanation='',interesting_fact='באירוע הסנה הבוער, לפי התנ"ך, משה שמע את קול אלוהים לראשונה וקיבל את המשימה להוביל את בני ישראל ממצרים.';


INSERT INTO answer_options (question_id, correct_answer, answer_text)
VALUES ('305012105', TRUE, 'משה רבנו') ;

INSERT INTO answer_options (question_id, correct_answer, answer_text)
VALUES ('305012105', FALSE, 'אדם');

INSERT INTO answer_options (question_id, correct_answer, answer_text)
VALUES ('305012105', FALSE, 'נוח');

INSERT INTO answer_options (question_id, correct_answer, answer_text)
VALUES ('305012105', FALSE, 'יונה');

INSERT INTO questions (question_id, language_id, topic_id, c_grade_id, level, question_text, explanation, interesting_fact)
VALUES ('305013101', 1, 5013, 1, 1, 'מיהו מלך האלים היווניים ושליט הר האולימפוס?', '', 'במיתולוגיה היוונית, זאוס הוא מלך האלים ואל השמים והרעם. הוא האלוהות החזקה ביותר ושולט על כל שאר האלים מהר האולימפוס.') ON CONFLICT (question_id) DO UPDATE SET language_id = 1 ,topic_id= 5013,c_grade_id =1,level=1,question_text='מיהו מלך האלים היווניים ושליט הר האולימפוס?',explanation='',interesting_fact='במיתולוגיה היוונית, זאוס הוא מלך האלים ואל השמים והרעם. הוא האלוהות החזקה ביותר ושולט על כל שאר האלים מהר האולימפוס.';


INSERT INTO answer_options (question_id, correct_answer, answer_text)
VALUES ('305013101', TRUE, 'זאוס') ;

INSERT INTO answer_options (question_id, correct_answer, answer_text)
VALUES ('305013101', FALSE, 'פוסידון');

INSERT INTO answer_options (question_id, correct_answer, answer_text)
VALUES ('305013101', FALSE, 'האדס אל השְׁאוֹל');

INSERT INTO answer_options (question_id, correct_answer, answer_text)
VALUES ('305013101', FALSE, 'אפולו');

INSERT INTO questions (question_id, language_id, topic_id, c_grade_id, level, question_text, explanation, interesting_fact)
VALUES ('305013102', 1, 5013, 2, 2, 'מי היא אלת החוכמה במיתולוגיה היוונית שעל שמה עיר הבירה של יוון?', '', 'אתנה נחשבת לאלת החוכמה, האומנות, המלחמה האסטרטגית והעיר המוגנת, והיא קשורה קשר הדוק לעיר אתונה.') ON CONFLICT (question_id) DO UPDATE SET language_id = 1 ,topic_id= 5013,c_grade_id =2,level=2,question_text='מי היא אלת החוכמה במיתולוגיה היוונית שעל שמה עיר הבירה של יוון?',explanation='',interesting_fact='אתנה נחשבת לאלת החוכמה, האומנות, המלחמה האסטרטגית והעיר המוגנת, והיא קשורה קשר הדוק לעיר אתונה.';


INSERT INTO answer_options (question_id, correct_answer, answer_text)
VALUES ('305013102', TRUE, 'אתנה') ;

INSERT INTO answer_options (question_id, correct_answer, answer_text)
VALUES ('305013102', FALSE, 'דמטר');

INSERT INTO answer_options (question_id, correct_answer, answer_text)
VALUES ('305013102', FALSE, 'הרה');

INSERT INTO answer_options (question_id, correct_answer, answer_text)
VALUES ('305013102', FALSE, 'דיאנה');

INSERT INTO questions (question_id, language_id, topic_id, c_grade_id, level, question_text, explanation, interesting_fact)
VALUES ('305013103', 1, 5013, 3, 3, 'מיהו האל היווני של היין, ההילולה והתיאטרון?', '', 'דיוניסוס, הידוע גם כאל היין והחגיגה, מיוחסים לו פסטיבלים שבהם שילוב של רגשות שחרור והתלהבות.') ON CONFLICT (question_id) DO UPDATE SET language_id = 1 ,topic_id= 5013,c_grade_id =3,level=3,question_text='מיהו האל היווני של היין, ההילולה והתיאטרון?',explanation='',interesting_fact='דיוניסוס, הידוע גם כאל היין והחגיגה, מיוחסים לו פסטיבלים שבהם שילוב של רגשות שחרור והתלהבות.';


INSERT INTO answer_options (question_id, correct_answer, answer_text)
VALUES ('305013103', TRUE, 'דיוניסוס') ;

INSERT INTO answer_options (question_id, correct_answer, answer_text)
VALUES ('305013103', FALSE, 'הרמס');

INSERT INTO answer_options (question_id, correct_answer, answer_text)
VALUES ('305013103', FALSE, 'אפולו');

INSERT INTO answer_options (question_id, correct_answer, answer_text)
VALUES ('305013103', FALSE, 'האדס');

INSERT INTO questions (question_id, language_id, topic_id, c_grade_id, level, question_text, explanation, interesting_fact)
VALUES ('305013104', 1, 5013, 4, 4, 'מיהו האל היווני של המוזיקה, השירה והרפואה?', '', 'אפולו, בנו של זאוס ואהובתו לטו, היה גם אל השמש והאור ומיוחסים לו יכולות של ניבוי העתיד.') ON CONFLICT (question_id) DO UPDATE SET language_id = 1 ,topic_id= 5013,c_grade_id =4,level=4,question_text='מיהו האל היווני של המוזיקה, השירה והרפואה?',explanation='',interesting_fact='אפולו, בנו של זאוס ואהובתו לטו, היה גם אל השמש והאור ומיוחסים לו יכולות של ניבוי העתיד.';


INSERT INTO answer_options (question_id, correct_answer, answer_text)
VALUES ('305013104', TRUE, 'אפולו') ;

INSERT INTO answer_options (question_id, correct_answer, answer_text)
VALUES ('305013104', FALSE, 'הרמס');

INSERT INTO answer_options (question_id, correct_answer, answer_text)
VALUES ('305013104', FALSE, 'דיוניסוס');

INSERT INTO answer_options (question_id, correct_answer, answer_text)
VALUES ('305013104', FALSE, 'שְׁאוֹל');

INSERT INTO questions (question_id, language_id, topic_id, c_grade_id, level, question_text, explanation, interesting_fact)
VALUES ('305013105', 1, 5013, 5, 5, 'על שם איזה מהאלים היוונים קרוי כוכב לכת במערכת השמש?', '', 'גם על שם יופיטר (צדק) מרקוריוס (כוכב חמה) וונוס (נוגה) יש כוכבי לכת, אולם הם היו אלים רומיים ולא יוונים.') ON CONFLICT (question_id) DO UPDATE SET language_id = 1 ,topic_id= 5013,c_grade_id =5,level=5,question_text='על שם איזה מהאלים היוונים קרוי כוכב לכת במערכת השמש?',explanation='',interesting_fact='גם על שם יופיטר (צדק) מרקוריוס (כוכב חמה) וונוס (נוגה) יש כוכבי לכת, אולם הם היו אלים רומיים ולא יוונים.';


INSERT INTO answer_options (question_id, correct_answer, answer_text)
VALUES ('305013105', TRUE, 'אורנוס') ;

INSERT INTO answer_options (question_id, correct_answer, answer_text)
VALUES ('305013105', FALSE, 'יופיטר');

INSERT INTO answer_options (question_id, correct_answer, answer_text)
VALUES ('305013105', FALSE, 'מרקוריוס');

INSERT INTO answer_options (question_id, correct_answer, answer_text)
VALUES ('305013105', FALSE, 'ונוס');

INSERT INTO questions (question_id, language_id, topic_id, c_grade_id, level, question_text, explanation, interesting_fact)
VALUES ('305014101', 1, 5014, 1, 1, 'איזו חיה ידועה במעטפת הגרומה והמשוריינת שלה?', '', 'לארמדילו יש שריון ייחודי העשוי מלוחות עצם המכוסים בעור עבה וקשה.') ON CONFLICT (question_id) DO UPDATE SET language_id = 1 ,topic_id= 5014,c_grade_id =1,level=1,question_text='איזו חיה ידועה במעטפת הגרומה והמשוריינת שלה?',explanation='',interesting_fact='לארמדילו יש שריון ייחודי העשוי מלוחות עצם המכוסים בעור עבה וקשה.';


INSERT INTO answer_options (question_id, correct_answer, answer_text)
VALUES ('305014101', TRUE, 'אַרמָדִיל') ;

INSERT INTO answer_options (question_id, correct_answer, answer_text)
VALUES ('305014101', FALSE, 'פיל');

INSERT INTO answer_options (question_id, correct_answer, answer_text)
VALUES ('305014101', FALSE, 'קַרנַף');

INSERT INTO answer_options (question_id, correct_answer, answer_text)
VALUES ('305014101', FALSE, 'היפופוטם');

INSERT INTO questions (question_id, language_id, topic_id, c_grade_id, level, question_text, explanation, interesting_fact)
VALUES ('305014102', 1, 5014, 2, 2, 'לאיזה יונק גדול יש עור עבה ומשוריין שעומקו יכול להיות בערך סנטימטר?', '', 'לקרנפים יש עור עבה שמתנהג כמו שריון גוף טבעי, מגן עליהם מקוצים ועשבים חדים.') ON CONFLICT (question_id) DO UPDATE SET language_id = 1 ,topic_id= 5014,c_grade_id =2,level=2,question_text='לאיזה יונק גדול יש עור עבה ומשוריין שעומקו יכול להיות בערך סנטימטר?',explanation='',interesting_fact='לקרנפים יש עור עבה שמתנהג כמו שריון גוף טבעי, מגן עליהם מקוצים ועשבים חדים.';


INSERT INTO answer_options (question_id, correct_answer, answer_text)
VALUES ('305014102', TRUE, 'קַרנַף') ;

INSERT INTO answer_options (question_id, correct_answer, answer_text)
VALUES ('305014102', FALSE, 'פיל');

INSERT INTO answer_options (question_id, correct_answer, answer_text)
VALUES ('305014102', FALSE, 'סוּס הַיְאוֹר');

INSERT INTO answer_options (question_id, correct_answer, answer_text)
VALUES ('305014102', FALSE, 'ג`ִירָפָה');

INSERT INTO questions (question_id, language_id, topic_id, c_grade_id, level, question_text, explanation, interesting_fact)
VALUES ('305014103', 1, 5014, 3, 3, 'מהו היונק היחיד בעל קשקשים?', '', 'פנגולינים מכוסים בקשקשי קרטין מגנים, מה שהופך אותם ליונקים הידועים היחידים עם תכונה זו.') ON CONFLICT (question_id) DO UPDATE SET language_id = 1 ,topic_id= 5014,c_grade_id =3,level=3,question_text='מהו היונק היחיד בעל קשקשים?',explanation='',interesting_fact='פנגולינים מכוסים בקשקשי קרטין מגנים, מה שהופך אותם ליונקים הידועים היחידים עם תכונה זו.';


INSERT INTO answer_options (question_id, correct_answer, answer_text)
VALUES ('305014103', TRUE, 'פנגולין') ;

INSERT INTO answer_options (question_id, correct_answer, answer_text)
VALUES ('305014103', FALSE, 'דוב');

INSERT INTO answer_options (question_id, correct_answer, answer_text)
VALUES ('305014103', FALSE, 'אַריֵה');

INSERT INTO answer_options (question_id, correct_answer, answer_text)
VALUES ('305014103', FALSE, 'זְאֵב');

INSERT INTO questions (question_id, language_id, topic_id, c_grade_id, level, question_text, explanation, interesting_fact)
VALUES ('305014104', 1, 5014, 4, 4, 'לאיזה חיה ימית יש שלד חיצוני קשיח ומגן שעליו להשיל על מנת לגדול?', '', 'לובסטרים חייבים להשיל את השלד החיצוני שלהם בתהליך שנקרא היתוך כדי לגדל שלד חדש וגדול יותר.') ON CONFLICT (question_id) DO UPDATE SET language_id = 1 ,topic_id= 5014,c_grade_id =4,level=4,question_text='לאיזה חיה ימית יש שלד חיצוני קשיח ומגן שעליו להשיל על מנת לגדול?',explanation='',interesting_fact='לובסטרים חייבים להשיל את השלד החיצוני שלהם בתהליך שנקרא היתוך כדי לגדל שלד חדש וגדול יותר.';


INSERT INTO answer_options (question_id, correct_answer, answer_text)
VALUES ('305014104', TRUE, 'לובסטר') ;

INSERT INTO answer_options (question_id, correct_answer, answer_text)
VALUES ('305014104', FALSE, 'שרימפ');

INSERT INTO answer_options (question_id, correct_answer, answer_text)
VALUES ('305014104', FALSE, 'סרטן קצר בטן');

INSERT INTO answer_options (question_id, correct_answer, answer_text)
VALUES ('305014104', FALSE, 'תמנון');

INSERT INTO questions (question_id, language_id, topic_id, c_grade_id, level, question_text, explanation, interesting_fact)
VALUES ('305014105', 1, 5014, 5, 5, 'איזה זוחל ידוע בקליפה הקשה והמגינה שלו שלתוכה הוא יכול לסגת?', '', 'שריון הצב נוצר באבולוציה מהצלעות ומעמוד השדרה. לשבלול וצדפה אמנם יש קונכיה אולם הם אינם זוחלים אלא רכיכות.') ON CONFLICT (question_id) DO UPDATE SET language_id = 1 ,topic_id= 5014,c_grade_id =5,level=5,question_text='איזה זוחל ידוע בקליפה הקשה והמגינה שלו שלתוכה הוא יכול לסגת?',explanation='',interesting_fact='שריון הצב נוצר באבולוציה מהצלעות ומעמוד השדרה. לשבלול וצדפה אמנם יש קונכיה אולם הם אינם זוחלים אלא רכיכות.';


INSERT INTO answer_options (question_id, correct_answer, answer_text)
VALUES ('305014105', TRUE, 'צָב') ;

INSERT INTO answer_options (question_id, correct_answer, answer_text)
VALUES ('305014105', FALSE, 'נָחָשׁ');

INSERT INTO answer_options (question_id, correct_answer, answer_text)
VALUES ('305014105', FALSE, 'צדפה');

INSERT INTO answer_options (question_id, correct_answer, answer_text)
VALUES ('305014105', FALSE, 'שבלול');

INSERT INTO questions (question_id, language_id, topic_id, c_grade_id, level, question_text, explanation, interesting_fact)
VALUES ('305015101', 1, 5015, 1, 1, 'איזו שנה סימנה את תחילתה של מלחמת העצמאות הישראלית?', '', 'יום לאחר הכרזת העצמאות של דוד בן גוריון ב 1948, התקיפו צבאות ערב את מדינת ישראל') ON CONFLICT (question_id) DO UPDATE SET language_id = 1 ,topic_id= 5015,c_grade_id =1,level=1,question_text='איזו שנה סימנה את תחילתה של מלחמת העצמאות הישראלית?',explanation='',interesting_fact='יום לאחר הכרזת העצמאות של דוד בן גוריון ב 1948, התקיפו צבאות ערב את מדינת ישראל';


INSERT INTO answer_options (question_id, correct_answer, answer_text)
VALUES ('305015101', TRUE, '1948') ;

INSERT INTO answer_options (question_id, correct_answer, answer_text)
VALUES ('305015101', FALSE, '1914');

INSERT INTO answer_options (question_id, correct_answer, answer_text)
VALUES ('305015101', FALSE, '1967');

INSERT INTO answer_options (question_id, correct_answer, answer_text)
VALUES ('305015101', FALSE, '1973');

INSERT INTO questions (question_id, language_id, topic_id, c_grade_id, level, question_text, explanation, interesting_fact)
VALUES ('305015102', 1, 5015, 2, 2, 'מי היה התוקפן העיקרי במלחמת לבנון 2006?', '', 'מלחמת לבנון ב-2006 הייתה בעיקרה בין ישראל לחיזבאללה, קבוצה מיליטנטית אסלאמיסטית שיעית שבסיסה בלבנון.') ON CONFLICT (question_id) DO UPDATE SET language_id = 1 ,topic_id= 5015,c_grade_id =2,level=2,question_text='מי היה התוקפן העיקרי במלחמת לבנון 2006?',explanation='',interesting_fact='מלחמת לבנון ב-2006 הייתה בעיקרה בין ישראל לחיזבאללה, קבוצה מיליטנטית אסלאמיסטית שיעית שבסיסה בלבנון.';


INSERT INTO answer_options (question_id, correct_answer, answer_text)
VALUES ('305015102', TRUE, 'חיזבאללה') ;

INSERT INTO answer_options (question_id, correct_answer, answer_text)
VALUES ('305015102', FALSE, 'חמאס');

INSERT INTO answer_options (question_id, correct_answer, answer_text)
VALUES ('305015102', FALSE, 'אל-קאעידה');

INSERT INTO answer_options (question_id, correct_answer, answer_text)
VALUES ('305015102', FALSE, 'המדינה האסלאמית');

INSERT INTO questions (question_id, language_id, topic_id, c_grade_id, level, question_text, explanation, interesting_fact)
VALUES ('305015103', 1, 5015, 3, 3, 'איזה אזור בצפון ישראל נכבש במלחמת ששת הימים?', '', 'כיבוש רמת הגולן מסוריה היה ניצחון אסטרטגי לישראל במלחמת ששת הימים.') ON CONFLICT (question_id) DO UPDATE SET language_id = 1 ,topic_id= 5015,c_grade_id =3,level=3,question_text='איזה אזור בצפון ישראל נכבש במלחמת ששת הימים?',explanation='',interesting_fact='כיבוש רמת הגולן מסוריה היה ניצחון אסטרטגי לישראל במלחמת ששת הימים.';


INSERT INTO answer_options (question_id, correct_answer, answer_text)
VALUES ('305015103', TRUE, 'רמת הגולן') ;

INSERT INTO answer_options (question_id, correct_answer, answer_text)
VALUES ('305015103', FALSE, 'חצי האי סיני');

INSERT INTO answer_options (question_id, correct_answer, answer_text)
VALUES ('305015103', FALSE, 'הגדה המערבית');

INSERT INTO answer_options (question_id, correct_answer, answer_text)
VALUES ('305015103', FALSE, 'רצועת עזה');

INSERT INTO questions (question_id, language_id, topic_id, c_grade_id, level, question_text, explanation, interesting_fact)
VALUES ('305015104', 1, 5015, 4, 4, 'איזה הסכם נחתם בין ישראל לירדן ב-1994?', '', 'הסכם השלום בין ישראל לירדן נרמל את היחסים בין שתי המדינות, והפך את ירדן למדינה הערבית השנייה שחותמת על הסכם שלום עם ישראל.') ON CONFLICT (question_id) DO UPDATE SET language_id = 1 ,topic_id= 5015,c_grade_id =4,level=4,question_text='איזה הסכם נחתם בין ישראל לירדן ב-1994?',explanation='',interesting_fact='הסכם השלום בין ישראל לירדן נרמל את היחסים בין שתי המדינות, והפך את ירדן למדינה הערבית השנייה שחותמת על הסכם שלום עם ישראל.';


INSERT INTO answer_options (question_id, correct_answer, answer_text)
VALUES ('305015104', TRUE, 'הסכם השלום בין ישראל לירדן') ;

INSERT INTO answer_options (question_id, correct_answer, answer_text)
VALUES ('305015104', FALSE, 'הסכמי אוסלו');

INSERT INTO answer_options (question_id, correct_answer, answer_text)
VALUES ('305015104', FALSE, 'הסכמי קמפ דייוויד');

INSERT INTO answer_options (question_id, correct_answer, answer_text)
VALUES ('305015104', FALSE, 'הסכם ואדי עראבה');

INSERT INTO questions (question_id, language_id, topic_id, c_grade_id, level, question_text, explanation, interesting_fact)
VALUES ('305015105', 1, 5015, 5, 5, 'באיזה שנה לא היתה לישראל מלחמה אלא הסכם שלום?', '', 'ב1979 נחתם הסכם שלום בין ישראל למצריים.') ON CONFLICT (question_id) DO UPDATE SET language_id = 1 ,topic_id= 5015,c_grade_id =5,level=5,question_text='באיזה שנה לא היתה לישראל מלחמה אלא הסכם שלום?',explanation='',interesting_fact='ב1979 נחתם הסכם שלום בין ישראל למצריים.';


INSERT INTO answer_options (question_id, correct_answer, answer_text)
VALUES ('305015105', TRUE, '1979') ;

INSERT INTO answer_options (question_id, correct_answer, answer_text)
VALUES ('305015105', FALSE, '1967');

INSERT INTO answer_options (question_id, correct_answer, answer_text)
VALUES ('305015105', FALSE, '1973');

INSERT INTO answer_options (question_id, correct_answer, answer_text)
VALUES ('305015105', FALSE, '1948');

INSERT INTO questions (question_id, language_id, topic_id, c_grade_id, level, question_text, explanation, interesting_fact)
VALUES ('305016101', 1, 5016, 1, 1, 'מהי קבוצה של תווים מוזיקליים שנשמעים טוב ביחד?', '', 'אקורד הוא קבוצה של תווים המושמעים בו זמנית ונשמעים יפה ביחד.') ON CONFLICT (question_id) DO UPDATE SET language_id = 1 ,topic_id= 5016,c_grade_id =1,level=1,question_text='מהי קבוצה של תווים מוזיקליים שנשמעים טוב ביחד?',explanation='',interesting_fact='אקורד הוא קבוצה של תווים המושמעים בו זמנית ונשמעים יפה ביחד.';


INSERT INTO answer_options (question_id, correct_answer, answer_text)
VALUES ('305016101', TRUE, 'אַקוֹרד') ;

INSERT INTO answer_options (question_id, correct_answer, answer_text)
VALUES ('305016101', FALSE, 'סוּלָם');

INSERT INTO answer_options (question_id, correct_answer, answer_text)
VALUES ('305016101', FALSE, 'לחן');

INSERT INTO answer_options (question_id, correct_answer, answer_text)
VALUES ('305016101', FALSE, 'מַנגִינָה');

INSERT INTO questions (question_id, language_id, topic_id, c_grade_id, level, question_text, explanation, interesting_fact)
VALUES ('305016102', 1, 5016, 2, 2, 'איך קוראים במוסיקה למהירות בה מנוגנת המנגינה?', '', 'טמפו (Tempo) היא מהירות המוזיקה. זה יכול להיות מהיר כמו מכונית מירוץ או איטי כמו צב!') ON CONFLICT (question_id) DO UPDATE SET language_id = 1 ,topic_id= 5016,c_grade_id =2,level=2,question_text='איך קוראים במוסיקה למהירות בה מנוגנת המנגינה?',explanation='',interesting_fact='טמפו (Tempo) היא מהירות המוזיקה. זה יכול להיות מהיר כמו מכונית מירוץ או איטי כמו צב!';


INSERT INTO answer_options (question_id, correct_answer, answer_text)
VALUES ('305016102', TRUE, 'טֶמפּוֹ') ;

INSERT INTO answer_options (question_id, correct_answer, answer_text)
VALUES ('305016102', FALSE, 'גובה הצליל');

INSERT INTO answer_options (question_id, correct_answer, answer_text)
VALUES ('305016102', FALSE, 'קֶצֶב');

INSERT INTO answer_options (question_id, correct_answer, answer_text)
VALUES ('305016102', FALSE, 'דִינָמִיקָה');

INSERT INTO questions (question_id, language_id, topic_id, c_grade_id, level, question_text, explanation, interesting_fact)
VALUES ('305016103', 1, 5016, 3, 3, 'מהו המונח המוזיקלי שפירושו "איטי ועדין"?', '', 'Andante פירושו "איטי ועדין" במוזיקה. זה כמו טיול מוזיקלי, שבו התווים מנוגנים בקצב רגוע.') ON CONFLICT (question_id) DO UPDATE SET language_id = 1 ,topic_id= 5016,c_grade_id =3,level=3,question_text='מהו המונח המוזיקלי שפירושו "איטי ועדין"?',explanation='',interesting_fact='Andante פירושו "איטי ועדין" במוזיקה. זה כמו טיול מוזיקלי, שבו התווים מנוגנים בקצב רגוע.';


INSERT INTO answer_options (question_id, correct_answer, answer_text)
VALUES ('305016103', TRUE, 'אנדנטה') ;

INSERT INTO answer_options (question_id, correct_answer, answer_text)
VALUES ('305016103', FALSE, 'אלגרו');

INSERT INTO answer_options (question_id, correct_answer, answer_text)
VALUES ('305016103', FALSE, 'פרסטו');

INSERT INTO answer_options (question_id, correct_answer, answer_text)
VALUES ('305016103', FALSE, 'אדג`יו');

INSERT INTO questions (question_id, language_id, topic_id, c_grade_id, level, question_text, explanation, interesting_fact)
VALUES ('305016104', 1, 5016, 4, 4, 'איזה כלי שומר על הקצב הקבוע במוזיקה?', '', 'מטרונום הוא כלי מוזיקלי שעוזר למוזיקאים לשמור על פעימה יציבה בזמן הנגינה. זה כמו שעון מוזיקלי!') ON CONFLICT (question_id) DO UPDATE SET language_id = 1 ,topic_id= 5016,c_grade_id =4,level=4,question_text='איזה כלי שומר על הקצב הקבוע במוזיקה?',explanation='',interesting_fact='מטרונום הוא כלי מוזיקלי שעוזר למוזיקאים לשמור על פעימה יציבה בזמן הנגינה. זה כמו שעון מוזיקלי!';


INSERT INTO answer_options (question_id, correct_answer, answer_text)
VALUES ('305016104', TRUE, 'מֶטרוֹנוֹם') ;

INSERT INTO answer_options (question_id, correct_answer, answer_text)
VALUES ('305016104', FALSE, 'מַנגִינָה');

INSERT INTO answer_options (question_id, correct_answer, answer_text)
VALUES ('305016104', FALSE, 'סוּלָם');

INSERT INTO answer_options (question_id, correct_answer, answer_text)
VALUES ('305016104', FALSE, 'אַקוֹרד');

INSERT INTO questions (question_id, language_id, topic_id, c_grade_id, level, question_text, explanation, interesting_fact)
VALUES ('305016105', 1, 5016, 5, 5, 'איך קוראים לזה כשהמוזיקה מתחזקת בהדרגה?', '', 'קרשנדו הוא כמו רמפת ווליום מוזיקלית. זה אומר לך להשמיע את המוזיקה חזק יותר בהדרגה.') ON CONFLICT (question_id) DO UPDATE SET language_id = 1 ,topic_id= 5016,c_grade_id =5,level=5,question_text='איך קוראים לזה כשהמוזיקה מתחזקת בהדרגה?',explanation='',interesting_fact='קרשנדו הוא כמו רמפת ווליום מוזיקלית. זה אומר לך להשמיע את המוזיקה חזק יותר בהדרגה.';


INSERT INTO answer_options (question_id, correct_answer, answer_text)
VALUES ('305016105', TRUE, 'קרשנדו') ;

INSERT INTO answer_options (question_id, correct_answer, answer_text)
VALUES ('305016105', FALSE, 'דקרשנדו');

INSERT INTO answer_options (question_id, correct_answer, answer_text)
VALUES ('305016105', FALSE, 'סטַקָטוֹ');

INSERT INTO answer_options (question_id, correct_answer, answer_text)
VALUES ('305016105', FALSE, 'לגטו');

INSERT INTO questions (question_id, language_id, topic_id, c_grade_id, level, question_text, explanation, interesting_fact)
VALUES ('305017101', 1, 5017, 1, 1, 'איך אנחנו קוראים למדען שחוקר דינוזאורים?', '', 'פליאונטולוג הוא מדען שחוקר דינוזאורים ולומד על חייהם ממאובנים.') ON CONFLICT (question_id) DO UPDATE SET language_id = 1 ,topic_id= 5017,c_grade_id =1,level=1,question_text='איך אנחנו קוראים למדען שחוקר דינוזאורים?',explanation='',interesting_fact='פליאונטולוג הוא מדען שחוקר דינוזאורים ולומד על חייהם ממאובנים.';


INSERT INTO answer_options (question_id, correct_answer, answer_text)
VALUES ('305017101', TRUE, 'פליאונטולוג') ;

INSERT INTO answer_options (question_id, correct_answer, answer_text)
VALUES ('305017101', FALSE, 'אַרכֵיאוֹלוֹג');

INSERT INTO answer_options (question_id, correct_answer, answer_text)
VALUES ('305017101', FALSE, 'אַסטרוֹנוֹם');

INSERT INTO answer_options (question_id, correct_answer, answer_text)
VALUES ('305017101', FALSE, 'בּוֹטָנַאִי');

INSERT INTO questions (question_id, language_id, topic_id, c_grade_id, level, question_text, explanation, interesting_fact)
VALUES ('305017102', 1, 5017, 2, 2, 'לאיזה דינוזאור היו שלוש קרניים על ראשו?', '', 'הדינוזאור עם שלוש קרניים על ראשו הוא טריצרטופס. ההברה "טרי" באה מהמילה שלוש Three בשפות לועזיות רבות.') ON CONFLICT (question_id) DO UPDATE SET language_id = 1 ,topic_id= 5017,c_grade_id =2,level=2,question_text='לאיזה דינוזאור היו שלוש קרניים על ראשו?',explanation='',interesting_fact='הדינוזאור עם שלוש קרניים על ראשו הוא טריצרטופס. ההברה "טרי" באה מהמילה שלוש Three בשפות לועזיות רבות.';


INSERT INTO answer_options (question_id, correct_answer, answer_text)
VALUES ('305017102', TRUE, 'טריצרטופס') ;

INSERT INTO answer_options (question_id, correct_answer, answer_text)
VALUES ('305017102', FALSE, 'טי-רקס');

INSERT INTO answer_options (question_id, correct_answer, answer_text)
VALUES ('305017102', FALSE, 'אנקילוזאורוס');

INSERT INTO answer_options (question_id, correct_answer, answer_text)
VALUES ('305017102', FALSE, 'ספינוזאורוס');

INSERT INTO questions (question_id, language_id, topic_id, c_grade_id, level, question_text, explanation, interesting_fact)
VALUES ('305017103', 1, 5017, 3, 3, 'מי מהבאים הוא דינוזאור ענק ארוך צוואר?', '', 'הדינוזאור ארוך הצוואר ברכיוזאורוס, היה צמחוני, וצווארו הארוך עזר לו להגיע לעלים על עצים גבוהים.') ON CONFLICT (question_id) DO UPDATE SET language_id = 1 ,topic_id= 5017,c_grade_id =3,level=3,question_text='מי מהבאים הוא דינוזאור ענק ארוך צוואר?',explanation='',interesting_fact='הדינוזאור ארוך הצוואר ברכיוזאורוס, היה צמחוני, וצווארו הארוך עזר לו להגיע לעלים על עצים גבוהים.';


INSERT INTO answer_options (question_id, correct_answer, answer_text)
VALUES ('305017103', TRUE, 'ברכיוזאורוס') ;

INSERT INTO answer_options (question_id, correct_answer, answer_text)
VALUES ('305017103', FALSE, 'טי רקס');

INSERT INTO answer_options (question_id, correct_answer, answer_text)
VALUES ('305017103', FALSE, 'סטגוזאורוס');

INSERT INTO answer_options (question_id, correct_answer, answer_text)
VALUES ('305017103', FALSE, 'Velociraptor');

INSERT INTO questions (question_id, language_id, topic_id, c_grade_id, level, question_text, explanation, interesting_fact)
VALUES ('305017104', 1, 5017, 4, 4, 'איזה בעל חיים החי כיום הוא שריד מתקופת הדינוזאורים?', '', 'תנין נקרא גם תִמסָח או קרוקודיל') ON CONFLICT (question_id) DO UPDATE SET language_id = 1 ,topic_id= 5017,c_grade_id =4,level=4,question_text='איזה בעל חיים החי כיום הוא שריד מתקופת הדינוזאורים?',explanation='',interesting_fact='תנין נקרא גם תִמסָח או קרוקודיל';


INSERT INTO answer_options (question_id, correct_answer, answer_text)
VALUES ('305017104', TRUE, 'תנין') ;

INSERT INTO answer_options (question_id, correct_answer, answer_text)
VALUES ('305017104', FALSE, 'ג`ירפה');

INSERT INTO answer_options (question_id, correct_answer, answer_text)
VALUES ('305017104', FALSE, 'היפופוטם');

INSERT INTO answer_options (question_id, correct_answer, answer_text)
VALUES ('305017104', FALSE, 'שן-חרב');

INSERT INTO questions (question_id, language_id, topic_id, c_grade_id, level, question_text, explanation, interesting_fact)
VALUES ('305017105', 1, 5017, 5, 5, 'מה שמו של הדינוזאור שאולי היה הגדול מכולם והתגלה לראשונה בארגנטינה?', '', 'הדינוזאור שאולי היה הגדול מכולם הוא הארגנטינוזאורוס. הוא נקרא כך משום שעצמות שלו נמצאו לראשונה בארגנטינה. הוא היה ארוך יותר ממטוס בואינג 737.') ON CONFLICT (question_id) DO UPDATE SET language_id = 1 ,topic_id= 5017,c_grade_id =5,level=5,question_text='מה שמו של הדינוזאור שאולי היה הגדול מכולם והתגלה לראשונה בארגנטינה?',explanation='',interesting_fact='הדינוזאור שאולי היה הגדול מכולם הוא הארגנטינוזאורוס. הוא נקרא כך משום שעצמות שלו נמצאו לראשונה בארגנטינה. הוא היה ארוך יותר ממטוס בואינג 737.';


INSERT INTO answer_options (question_id, correct_answer, answer_text)
VALUES ('305017105', TRUE, 'ארגנטינוזאורוס') ;

INSERT INTO answer_options (question_id, correct_answer, answer_text)
VALUES ('305017105', FALSE, 'טי רקס');

INSERT INTO answer_options (question_id, correct_answer, answer_text)
VALUES ('305017105', FALSE, 'ברכיוזאורוס');

INSERT INTO answer_options (question_id, correct_answer, answer_text)
VALUES ('305017105', FALSE, 'אנקילוזאורוס');

INSERT INTO questions (question_id, language_id, topic_id, c_grade_id, level, question_text, explanation, interesting_fact)
VALUES ('305018101', 1, 5018, 1, 1, 'איך אנחנו קוראים לכסף שאנשים משלמים לממשלה?', '', 'מס הוא הכסף שאנשים משלמים לממשלה, והוא עוזר לממשלה לספק שירותים ולבנות דברים.') ON CONFLICT (question_id) DO UPDATE SET language_id = 1 ,topic_id= 5018,c_grade_id =1,level=1,question_text='איך אנחנו קוראים לכסף שאנשים משלמים לממשלה?',explanation='',interesting_fact='מס הוא הכסף שאנשים משלמים לממשלה, והוא עוזר לממשלה לספק שירותים ולבנות דברים.';


INSERT INTO answer_options (question_id, correct_answer, answer_text)
VALUES ('305018101', TRUE, 'מַס') ;

INSERT INTO answer_options (question_id, correct_answer, answer_text)
VALUES ('305018101', FALSE, 'חוֹב');

INSERT INTO answer_options (question_id, correct_answer, answer_text)
VALUES ('305018101', FALSE, 'אִינפלַצִיָה');

INSERT INTO answer_options (question_id, correct_answer, answer_text)
VALUES ('305018101', FALSE, 'חסכון');

INSERT INTO questions (question_id, language_id, topic_id, c_grade_id, level, question_text, explanation, interesting_fact)
VALUES ('305018102', 1, 5018, 2, 2, 'מה המונח למאמץ שאנשים משקיעים בייצור סחורות ובמתן שירותים?', '', 'העבודה שאנשים עושים כדי ליצור דברים כמו צעצועים או לספק שירותים כמו תספורת או שירות בבנק.') ON CONFLICT (question_id) DO UPDATE SET language_id = 1 ,topic_id= 5018,c_grade_id =2,level=2,question_text='מה המונח למאמץ שאנשים משקיעים בייצור סחורות ובמתן שירותים?',explanation='',interesting_fact='העבודה שאנשים עושים כדי ליצור דברים כמו צעצועים או לספק שירותים כמו תספורת או שירות בבנק.';


INSERT INTO answer_options (question_id, correct_answer, answer_text)
VALUES ('305018102', TRUE, 'עבודה') ;

INSERT INTO answer_options (question_id, correct_answer, answer_text)
VALUES ('305018102', FALSE, 'חוב');

INSERT INTO answer_options (question_id, correct_answer, answer_text)
VALUES ('305018102', FALSE, 'יזמות');

INSERT INTO answer_options (question_id, correct_answer, answer_text)
VALUES ('305018102', FALSE, 'אִינפלַצִיָה');

INSERT INTO questions (question_id, language_id, topic_id, c_grade_id, level, question_text, explanation, interesting_fact)
VALUES ('305018103', 1, 5018, 3, 3, 'מה השם של תוכנית שמראה כמה כסף אתה מצפה להרוויח וכמה אתה מתכנן להוציא?', '', 'תקציב הוא תוכנית שעוזרת לך לעקוב אחר הכסף שלך. אתה מפרט כמה תרוויח וכמה תוציא.') ON CONFLICT (question_id) DO UPDATE SET language_id = 1 ,topic_id= 5018,c_grade_id =3,level=3,question_text='מה השם של תוכנית שמראה כמה כסף אתה מצפה להרוויח וכמה אתה מתכנן להוציא?',explanation='',interesting_fact='תקציב הוא תוכנית שעוזרת לך לעקוב אחר הכסף שלך. אתה מפרט כמה תרוויח וכמה תוציא.';


INSERT INTO answer_options (question_id, correct_answer, answer_text)
VALUES ('305018103', TRUE, 'תַקצִיב') ;

INSERT INTO answer_options (question_id, correct_answer, answer_text)
VALUES ('305018103', FALSE, 'חיסכון');

INSERT INTO answer_options (question_id, correct_answer, answer_text)
VALUES ('305018103', FALSE, 'חוֹב');

INSERT INTO answer_options (question_id, correct_answer, answer_text)
VALUES ('305018103', FALSE, 'הַכנָסָה');

INSERT INTO questions (question_id, language_id, topic_id, c_grade_id, level, question_text, explanation, interesting_fact)
VALUES ('305018104', 1, 5018, 4, 4, 'איך אנחנו קוראים לכסף הנוסף שאנשים צריכים לשלם כשהם לווים כסף?', '', 'ריבית היא הכסף הנוסף שאנשים משלמים כשהם לווים כסף, וזה כמו תשלום עמלה על שימוש בכסף של מישהו אחר.') ON CONFLICT (question_id) DO UPDATE SET language_id = 1 ,topic_id= 5018,c_grade_id =4,level=4,question_text='איך אנחנו קוראים לכסף הנוסף שאנשים צריכים לשלם כשהם לווים כסף?',explanation='',interesting_fact='ריבית היא הכסף הנוסף שאנשים משלמים כשהם לווים כסף, וזה כמו תשלום עמלה על שימוש בכסף של מישהו אחר.';


INSERT INTO answer_options (question_id, correct_answer, answer_text)
VALUES ('305018104', TRUE, 'ריבית') ;

INSERT INTO answer_options (question_id, correct_answer, answer_text)
VALUES ('305018104', FALSE, 'מַס');

INSERT INTO answer_options (question_id, correct_answer, answer_text)
VALUES ('305018104', FALSE, 'הַכנָסָה');

INSERT INTO answer_options (question_id, correct_answer, answer_text)
VALUES ('305018104', FALSE, 'חיסכון');

INSERT INTO questions (question_id, language_id, topic_id, c_grade_id, level, question_text, explanation, interesting_fact)
VALUES ('305018105', 1, 5018, 5, 5, 'איזה מונח מגדיר משבר גדול הגורם לאובדן מקומות עבודה ולבעיות פיננסיות בכל רחבי העולם?', '', 'המשבר הפיננסי של 2008 היה משבר כלכלי כלל עולמי שהוביל לאובדן מקומות עבודה, כישלונות בנקים וקשיים לעסקים ומשפחות רבות.') ON CONFLICT (question_id) DO UPDATE SET language_id = 1 ,topic_id= 5018,c_grade_id =5,level=5,question_text='איזה מונח מגדיר משבר גדול הגורם לאובדן מקומות עבודה ולבעיות פיננסיות בכל רחבי העולם?',explanation='',interesting_fact='המשבר הפיננסי של 2008 היה משבר כלכלי כלל עולמי שהוביל לאובדן מקומות עבודה, כישלונות בנקים וקשיים לעסקים ומשפחות רבות.';


INSERT INTO answer_options (question_id, correct_answer, answer_text)
VALUES ('305018105', TRUE, 'משבר כלכלי') ;

INSERT INTO answer_options (question_id, correct_answer, answer_text)
VALUES ('305018105', FALSE, 'משבר סביבתי');

INSERT INTO answer_options (question_id, correct_answer, answer_text)
VALUES ('305018105', FALSE, 'משבר רפואי');

INSERT INTO answer_options (question_id, correct_answer, answer_text)
VALUES ('305018105', FALSE, 'משבר טכנולוגי');

INSERT INTO questions (question_id, language_id, topic_id, c_grade_id, level, question_text, explanation, interesting_fact)
VALUES ('305019101', 1, 5019, 1, 1, 'אגן נהר האמזונס משתרע על פני מספר מדינות, איזו העיקרית?', '', 'אגן נהר האמזונס ממוקם בעיקר בברזיל, ומשתרע על שטח עצום. זהו אחד האזורים עם המגוון הביולוגי הגדול ביותר על פני כדור הארץ ובית למגוון רחב של מיני צמחים ובעלי חיים.') ON CONFLICT (question_id) DO UPDATE SET language_id = 1 ,topic_id= 5019,c_grade_id =1,level=1,question_text='אגן נהר האמזונס משתרע על פני מספר מדינות, איזו העיקרית?',explanation='',interesting_fact='אגן נהר האמזונס ממוקם בעיקר בברזיל, ומשתרע על שטח עצום. זהו אחד האזורים עם המגוון הביולוגי הגדול ביותר על פני כדור הארץ ובית למגוון רחב של מיני צמחים ובעלי חיים.';


INSERT INTO answer_options (question_id, correct_answer, answer_text)
VALUES ('305019101', TRUE, 'ברזיל') ;

INSERT INTO answer_options (question_id, correct_answer, answer_text)
VALUES ('305019101', FALSE, 'הודו');

INSERT INTO answer_options (question_id, correct_answer, answer_text)
VALUES ('305019101', FALSE, 'יפן');

INSERT INTO answer_options (question_id, correct_answer, answer_text)
VALUES ('305019101', FALSE, 'אוסטרליה');

INSERT INTO questions (question_id, language_id, topic_id, c_grade_id, level, question_text, explanation, interesting_fact)
VALUES ('305019102', 1, 5019, 2, 2, 'מהו הנהר הארוך ביותר באפריקה?', '', 'הנילוס הוא הנהר הארוך ביותר באפריקה, זורם דרך מספר מדינות וממלא תפקיד חיוני בהיסטוריה, בתרבות ובמערכות האקולוגיות של האזור.') ON CONFLICT (question_id) DO UPDATE SET language_id = 1 ,topic_id= 5019,c_grade_id =2,level=2,question_text='מהו הנהר הארוך ביותר באפריקה?',explanation='',interesting_fact='הנילוס הוא הנהר הארוך ביותר באפריקה, זורם דרך מספר מדינות וממלא תפקיד חיוני בהיסטוריה, בתרבות ובמערכות האקולוגיות של האזור.';


INSERT INTO answer_options (question_id, correct_answer, answer_text)
VALUES ('305019102', TRUE, 'נִילוֹס') ;

INSERT INTO answer_options (question_id, correct_answer, answer_text)
VALUES ('305019102', FALSE, 'קונגו');

INSERT INTO answer_options (question_id, correct_answer, answer_text)
VALUES ('305019102', FALSE, 'ניז`ר');

INSERT INTO answer_options (question_id, correct_answer, answer_text)
VALUES ('305019102', FALSE, 'זמבזי');

INSERT INTO questions (question_id, language_id, topic_id, c_grade_id, level, question_text, explanation, interesting_fact)
VALUES ('305019103', 1, 5019, 3, 3, 'נהר התמזה זורם דרך איזו עיר בירה?', '', 'נהר התמזה זורם דרך עיר הבירה של אנגליה, לונדון. זהו נהר איקוני בהיסטוריה ובתרבות הבריטית, והוא ממלא תפקיד חיוני בתחבורה ובתיירות של העיר.') ON CONFLICT (question_id) DO UPDATE SET language_id = 1 ,topic_id= 5019,c_grade_id =3,level=3,question_text='נהר התמזה זורם דרך איזו עיר בירה?',explanation='',interesting_fact='נהר התמזה זורם דרך עיר הבירה של אנגליה, לונדון. זהו נהר איקוני בהיסטוריה ובתרבות הבריטית, והוא ממלא תפקיד חיוני בתחבורה ובתיירות של העיר.';


INSERT INTO answer_options (question_id, correct_answer, answer_text)
VALUES ('305019103', TRUE, 'לונדון') ;

INSERT INTO answer_options (question_id, correct_answer, answer_text)
VALUES ('305019103', FALSE, 'פריז');

INSERT INTO answer_options (question_id, correct_answer, answer_text)
VALUES ('305019103', FALSE, 'רומא');

INSERT INTO answer_options (question_id, correct_answer, answer_text)
VALUES ('305019103', FALSE, 'ברלין');

INSERT INTO questions (question_id, language_id, topic_id, c_grade_id, level, question_text, explanation, interesting_fact)
VALUES ('305019104', 1, 5019, 4, 4, 'נהר הדנובה זורם דרך כמה מדינות באיזו יבשת?', '', 'אירופה. נהר הדנובה הוא הנהר השני באורכו באירופה והוא זורם בעשר מדינות, ביניהן גרמניה, אוסטריה, הונגריה ורומניה. הוא משמש נתיב מים חיוני למסחר ותחבורה באזור.') ON CONFLICT (question_id) DO UPDATE SET language_id = 1 ,topic_id= 5019,c_grade_id =4,level=4,question_text='נהר הדנובה זורם דרך כמה מדינות באיזו יבשת?',explanation='',interesting_fact='אירופה. נהר הדנובה הוא הנהר השני באורכו באירופה והוא זורם בעשר מדינות, ביניהן גרמניה, אוסטריה, הונגריה ורומניה. הוא משמש נתיב מים חיוני למסחר ותחבורה באזור.';


INSERT INTO answer_options (question_id, correct_answer, answer_text)
VALUES ('305019104', TRUE, 'אירופה') ;

INSERT INTO answer_options (question_id, correct_answer, answer_text)
VALUES ('305019104', FALSE, 'צפון אמריקה');

INSERT INTO answer_options (question_id, correct_answer, answer_text)
VALUES ('305019104', FALSE, 'דרום אמריקה');

INSERT INTO answer_options (question_id, correct_answer, answer_text)
VALUES ('305019104', FALSE, 'אסיה');

INSERT INTO questions (question_id, language_id, topic_id, c_grade_id, level, question_text, explanation, interesting_fact)
VALUES ('305019105', 1, 5019, 5, 5, 'מהו הנהר הארוך ביותר שעובר בהודו?', '', 'הברהמאפוטרה. מקורות הנהר הם ברכס הרי ההימאליה.') ON CONFLICT (question_id) DO UPDATE SET language_id = 1 ,topic_id= 5019,c_grade_id =5,level=5,question_text='מהו הנהר הארוך ביותר שעובר בהודו?',explanation='',interesting_fact='הברהמאפוטרה. מקורות הנהר הם ברכס הרי ההימאליה.';


INSERT INTO answer_options (question_id, correct_answer, answer_text)
VALUES ('305019105', TRUE, 'נהר ברהמאפוטרה') ;

INSERT INTO answer_options (question_id, correct_answer, answer_text)
VALUES ('305019105', FALSE, 'גנגס');

INSERT INTO answer_options (question_id, correct_answer, answer_text)
VALUES ('305019105', FALSE, 'נהר האינדוס');

INSERT INTO answer_options (question_id, correct_answer, answer_text)
VALUES ('305019105', FALSE, 'נהר התמזה');

INSERT INTO questions (question_id, language_id, topic_id, c_grade_id, level, question_text, explanation, interesting_fact)
VALUES ('305020101', 1, 5020, 1, 1, 'מי היה ילד צעיר שהביס ענק עם קלע?', '', 'דוד הביס את הפלישתי גוליית באמצעות קלע ואבן, והמעשה הזה הוא אחד מהסיפורים המפורסמים ביותר בתנ"ך.') ON CONFLICT (question_id) DO UPDATE SET language_id = 1 ,topic_id= 5020,c_grade_id =1,level=1,question_text='מי היה ילד צעיר שהביס ענק עם קלע?',explanation='',interesting_fact='דוד הביס את הפלישתי גוליית באמצעות קלע ואבן, והמעשה הזה הוא אחד מהסיפורים המפורסמים ביותר בתנ"ך.';


INSERT INTO answer_options (question_id, correct_answer, answer_text)
VALUES ('305020101', TRUE, 'דוד') ;

INSERT INTO answer_options (question_id, correct_answer, answer_text)
VALUES ('305020101', FALSE, 'שמשון');

INSERT INTO answer_options (question_id, correct_answer, answer_text)
VALUES ('305020101', FALSE, 'דניאל');

INSERT INTO answer_options (question_id, correct_answer, answer_text)
VALUES ('305020101', FALSE, 'משה רבנו');

INSERT INTO questions (question_id, language_id, topic_id, c_grade_id, level, question_text, explanation, interesting_fact)
VALUES ('305020102', 1, 5020, 2, 2, 'איזה מהבאים אינו מספרי הנביאים?', '', 'ספרי הנביאים בתנ"ך - מיהושע עד נביאי תרי עשר, עוסקים במסרים שהעבירו הנביאים לעם ישראל ובאירועים ההיסטוריים של תקופתם.') ON CONFLICT (question_id) DO UPDATE SET language_id = 1 ,topic_id= 5020,c_grade_id =2,level=2,question_text='איזה מהבאים אינו מספרי הנביאים?',explanation='',interesting_fact='ספרי הנביאים בתנ"ך - מיהושע עד נביאי תרי עשר, עוסקים במסרים שהעבירו הנביאים לעם ישראל ובאירועים ההיסטוריים של תקופתם.';


INSERT INTO answer_options (question_id, correct_answer, answer_text)
VALUES ('305020102', TRUE, 'מגילת אסתר') ;

INSERT INTO answer_options (question_id, correct_answer, answer_text)
VALUES ('305020102', FALSE, 'מלכים');

INSERT INTO answer_options (question_id, correct_answer, answer_text)
VALUES ('305020102', FALSE, 'יהושע');

INSERT INTO answer_options (question_id, correct_answer, answer_text)
VALUES ('305020102', FALSE, 'יונה');

INSERT INTO questions (question_id, language_id, topic_id, c_grade_id, level, question_text, explanation, interesting_fact)
VALUES ('305020103', 1, 5020, 3, 3, 'מה היה שם העיר שיהושע ובני ישראל כבשו לאחר שצעדו סביבה שבעה ימים?', '', 'כיבוש יריחו נחשב לאחד האירועים הראשונים של כיבוש ארץ ישראל על ידי בני ישראל לאחר יציאתם ממצרים.') ON CONFLICT (question_id) DO UPDATE SET language_id = 1 ,topic_id= 5020,c_grade_id =3,level=3,question_text='מה היה שם העיר שיהושע ובני ישראל כבשו לאחר שצעדו סביבה שבעה ימים?',explanation='',interesting_fact='כיבוש יריחו נחשב לאחד האירועים הראשונים של כיבוש ארץ ישראל על ידי בני ישראל לאחר יציאתם ממצרים.';


INSERT INTO answer_options (question_id, correct_answer, answer_text)
VALUES ('305020103', TRUE, 'יְרִיחוֹ') ;

INSERT INTO answer_options (question_id, correct_answer, answer_text)
VALUES ('305020103', FALSE, 'ירושלים');

INSERT INTO answer_options (question_id, correct_answer, answer_text)
VALUES ('305020103', FALSE, 'בית לחם');

INSERT INTO answer_options (question_id, correct_answer, answer_text)
VALUES ('305020103', FALSE, 'זה לא קרה');

INSERT INTO questions (question_id, language_id, topic_id, c_grade_id, level, question_text, explanation, interesting_fact)
VALUES ('305020104', 1, 5020, 4, 4, 'מי היה מלך חכם הידוע בחוכמתו וכתב משלים רבים?', '', 'שלמה המלך נחשב לאחד הדמויות המרכזיות בתנ"ך ומיוחסים לו ספרי משלי, שיר השירים וקהלת.') ON CONFLICT (question_id) DO UPDATE SET language_id = 1 ,topic_id= 5020,c_grade_id =4,level=4,question_text='מי היה מלך חכם הידוע בחוכמתו וכתב משלים רבים?',explanation='',interesting_fact='שלמה המלך נחשב לאחד הדמויות המרכזיות בתנ"ך ומיוחסים לו ספרי משלי, שיר השירים וקהלת.';


INSERT INTO answer_options (question_id, correct_answer, answer_text)
VALUES ('305020104', TRUE, 'שלמה') ;

INSERT INTO answer_options (question_id, correct_answer, answer_text)
VALUES ('305020104', FALSE, 'דוד');

INSERT INTO answer_options (question_id, correct_answer, answer_text)
VALUES ('305020104', FALSE, 'יצחק');

INSERT INTO answer_options (question_id, correct_answer, answer_text)
VALUES ('305020104', FALSE, 'יעקב');

INSERT INTO questions (question_id, language_id, topic_id, c_grade_id, level, question_text, explanation, interesting_fact)
VALUES ('305020105', 1, 5020, 5, 5, 'מה שמו של המקדש הגדול שנבנה בירושלים על ידי שלמה המלך?', '', 'בית המקדש הראשון היה מרכז רוחני ודתי מרכזי לעם ישראל והיה קיים כ-400 שנה לפני שנהרס על ידי הבבלים.') ON CONFLICT (question_id) DO UPDATE SET language_id = 1 ,topic_id= 5020,c_grade_id =5,level=5,question_text='מה שמו של המקדש הגדול שנבנה בירושלים על ידי שלמה המלך?',explanation='',interesting_fact='בית המקדש הראשון היה מרכז רוחני ודתי מרכזי לעם ישראל והיה קיים כ-400 שנה לפני שנהרס על ידי הבבלים.';


INSERT INTO answer_options (question_id, correct_answer, answer_text)
VALUES ('305020105', TRUE, 'מקדש שלמה') ;

INSERT INTO answer_options (question_id, correct_answer, answer_text)
VALUES ('305020105', FALSE, 'מקדש דוד');

INSERT INTO answer_options (question_id, correct_answer, answer_text)
VALUES ('305020105', FALSE, 'מקדש משה');

INSERT INTO answer_options (question_id, correct_answer, answer_text)
VALUES ('305020105', FALSE, 'הר האוורסט');

INSERT INTO questions (question_id, language_id, topic_id, c_grade_id, level, question_text, explanation, interesting_fact)
VALUES ('305021101', 1, 5021, 1, 1, 'אילו חיות יולדות ולדות חיים ומניקות אותם בחלב?', '', 'יונקים הם בעלי חיים שיולדים תינוקות חיים ומאכילים אותם בחלב, כמו כלבים ובני אדם.') ON CONFLICT (question_id) DO UPDATE SET language_id = 1 ,topic_id= 5021,c_grade_id =1,level=1,question_text='אילו חיות יולדות ולדות חיים ומניקות אותם בחלב?',explanation='',interesting_fact='יונקים הם בעלי חיים שיולדים תינוקות חיים ומאכילים אותם בחלב, כמו כלבים ובני אדם.';


INSERT INTO answer_options (question_id, correct_answer, answer_text)
VALUES ('305021101', TRUE, 'יונקים') ;

INSERT INTO answer_options (question_id, correct_answer, answer_text)
VALUES ('305021101', FALSE, 'ציפורים');

INSERT INTO answer_options (question_id, correct_answer, answer_text)
VALUES ('305021101', FALSE, 'זוחלים');

INSERT INTO answer_options (question_id, correct_answer, answer_text)
VALUES ('305021101', FALSE, 'דו-חיים');

INSERT INTO questions (question_id, language_id, topic_id, c_grade_id, level, question_text, explanation, interesting_fact)
VALUES ('305021102', 1, 5021, 2, 2, 'איך קוראים לבעלי חיים שאוכלים חיות אחרות?', '', 'טורפים הם בעלי חיים שאוכלים חיות אחרות, כמו אריות ונשרים.') ON CONFLICT (question_id) DO UPDATE SET language_id = 1 ,topic_id= 5021,c_grade_id =2,level=2,question_text='איך קוראים לבעלי חיים שאוכלים חיות אחרות?',explanation='',interesting_fact='טורפים הם בעלי חיים שאוכלים חיות אחרות, כמו אריות ונשרים.';


INSERT INTO answer_options (question_id, correct_answer, answer_text)
VALUES ('305021102', TRUE, 'טורפים') ;

INSERT INTO answer_options (question_id, correct_answer, answer_text)
VALUES ('305021102', FALSE, 'אוכלי עשב');

INSERT INTO answer_options (question_id, correct_answer, answer_text)
VALUES ('305021102', FALSE, 'אוכלי כל');

INSERT INTO answer_options (question_id, correct_answer, answer_text)
VALUES ('305021102', FALSE, 'חרקים');

INSERT INTO questions (question_id, language_id, topic_id, c_grade_id, level, question_text, explanation, interesting_fact)
VALUES ('305021103', 1, 5021, 3, 3, 'איך קוראים לבעלי חיים שאוכלים רק צמחים?', '', 'אוכלי עשב הם בעלי חיים שאוכלים רק צמחים, כמו פרות וצבאים.') ON CONFLICT (question_id) DO UPDATE SET language_id = 1 ,topic_id= 5021,c_grade_id =3,level=3,question_text='איך קוראים לבעלי חיים שאוכלים רק צמחים?',explanation='',interesting_fact='אוכלי עשב הם בעלי חיים שאוכלים רק צמחים, כמו פרות וצבאים.';


INSERT INTO answer_options (question_id, correct_answer, answer_text)
VALUES ('305021103', TRUE, 'אוכלי עשב') ;

INSERT INTO answer_options (question_id, correct_answer, answer_text)
VALUES ('305021103', FALSE, 'טורפים');

INSERT INTO answer_options (question_id, correct_answer, answer_text)
VALUES ('305021103', FALSE, 'אוכלי כל');

INSERT INTO answer_options (question_id, correct_answer, answer_text)
VALUES ('305021103', FALSE, 'חרקים');

INSERT INTO questions (question_id, language_id, topic_id, c_grade_id, level, question_text, explanation, interesting_fact)
VALUES ('305021104', 1, 5021, 4, 4, 'לאילו מהבאים יש קשקשים, דם קר ומטלים ביצים?', '', 'זוחלים הם בעלי חיים כמו נחשים ולטאות, עם קשקשים, דם קר, והם בדרך כלל מטילים ביצים.') ON CONFLICT (question_id) DO UPDATE SET language_id = 1 ,topic_id= 5021,c_grade_id =4,level=4,question_text='לאילו מהבאים יש קשקשים, דם קר ומטלים ביצים?',explanation='',interesting_fact='זוחלים הם בעלי חיים כמו נחשים ולטאות, עם קשקשים, דם קר, והם בדרך כלל מטילים ביצים.';


INSERT INTO answer_options (question_id, correct_answer, answer_text)
VALUES ('305021104', TRUE, 'זוחלים') ;

INSERT INTO answer_options (question_id, correct_answer, answer_text)
VALUES ('305021104', FALSE, 'יונקים');

INSERT INTO answer_options (question_id, correct_answer, answer_text)
VALUES ('305021104', FALSE, 'ציפורים');

INSERT INTO answer_options (question_id, correct_answer, answer_text)
VALUES ('305021104', FALSE, 'דו-חיים');

INSERT INTO questions (question_id, language_id, topic_id, c_grade_id, level, question_text, explanation, interesting_fact)
VALUES ('305021105', 1, 5021, 5, 5, 'האם פרה אוכלת עשב, טורפת או אוכלת כל?', '', 'לפרה יש 4 קיבות! מכיון שהיא אוכלת עשב הקשה לעיכול, היא נזקקת לארבע קיבות בכדי לעכל טוב את המזון.') ON CONFLICT (question_id) DO UPDATE SET language_id = 1 ,topic_id= 5021,c_grade_id =5,level=5,question_text='האם פרה אוכלת עשב, טורפת או אוכלת כל?',explanation='',interesting_fact='לפרה יש 4 קיבות! מכיון שהיא אוכלת עשב הקשה לעיכול, היא נזקקת לארבע קיבות בכדי לעכל טוב את המזון.';


INSERT INTO answer_options (question_id, correct_answer, answer_text)
VALUES ('305021105', TRUE, 'אוכלת עשב') ;

INSERT INTO answer_options (question_id, correct_answer, answer_text)
VALUES ('305021105', FALSE, 'טורף');

INSERT INTO answer_options (question_id, correct_answer, answer_text)
VALUES ('305021105', FALSE, 'אוכל כל');

INSERT INTO answer_options (question_id, correct_answer, answer_text)
VALUES ('305021105', FALSE, 'אוכלי חרקים');

INSERT INTO questions (question_id, language_id, topic_id, c_grade_id, level, question_text, explanation, interesting_fact)
VALUES ('305022101', 1, 5022, 1, 1, 'איזה איבר בגופנו הוא משאיבה המזרימה דם?', '', 'הלב שואב ומזרים את הדם המספק חמצן וחומרי מזון לחלקים שונים בגוף.') ON CONFLICT (question_id) DO UPDATE SET language_id = 1 ,topic_id= 5022,c_grade_id =1,level=1,question_text='איזה איבר בגופנו הוא משאיבה המזרימה דם?',explanation='',interesting_fact='הלב שואב ומזרים את הדם המספק חמצן וחומרי מזון לחלקים שונים בגוף.';


INSERT INTO answer_options (question_id, correct_answer, answer_text)
VALUES ('305022101', TRUE, 'לֵב') ;

INSERT INTO answer_options (question_id, correct_answer, answer_text)
VALUES ('305022101', FALSE, 'כָּבֵד');

INSERT INTO answer_options (question_id, correct_answer, answer_text)
VALUES ('305022101', FALSE, 'ריאות');

INSERT INTO answer_options (question_id, correct_answer, answer_text)
VALUES ('305022101', FALSE, 'בֶּטֶן');

INSERT INTO questions (question_id, language_id, topic_id, c_grade_id, level, question_text, explanation, interesting_fact)
VALUES ('305022102', 1, 5022, 2, 2, 'מה התפקיד העיקרי של הריאות שלנו?', '', 'הריאות עוזרות לנו לנשום על ידי נטילת חמצן מהאוויר ושחרור פחמן דו חמצני כאשר אנו נושפים.') ON CONFLICT (question_id) DO UPDATE SET language_id = 1 ,topic_id= 5022,c_grade_id =2,level=2,question_text='מה התפקיד העיקרי של הריאות שלנו?',explanation='',interesting_fact='הריאות עוזרות לנו לנשום על ידי נטילת חמצן מהאוויר ושחרור פחמן דו חמצני כאשר אנו נושפים.';


INSERT INTO answer_options (question_id, correct_answer, answer_text)
VALUES ('305022102', TRUE, 'נְשִׁימָה') ;

INSERT INTO answer_options (question_id, correct_answer, answer_text)
VALUES ('305022102', FALSE, 'עיכּוּל');

INSERT INTO answer_options (question_id, correct_answer, answer_text)
VALUES ('305022102', FALSE, 'שאיבת דם');

INSERT INTO answer_options (question_id, correct_answer, answer_text)
VALUES ('305022102', FALSE, 'סינון פסולת');

INSERT INTO questions (question_id, language_id, topic_id, c_grade_id, level, question_text, explanation, interesting_fact)
VALUES ('305022103', 1, 5022, 3, 3, 'מהו האיבר שמנקה רעלים מהדם?', '', 'הכבד מבצע פונקציות מרובות, כולל ייצור מרה לעיכול שומן וחומרים לניקוי רעלים בדם.') ON CONFLICT (question_id) DO UPDATE SET language_id = 1 ,topic_id= 5022,c_grade_id =3,level=3,question_text='מהו האיבר שמנקה רעלים מהדם?',explanation='',interesting_fact='הכבד מבצע פונקציות מרובות, כולל ייצור מרה לעיכול שומן וחומרים לניקוי רעלים בדם.';


INSERT INTO answer_options (question_id, correct_answer, answer_text)
VALUES ('305022103', TRUE, 'כָּבֵד') ;

INSERT INTO answer_options (question_id, correct_answer, answer_text)
VALUES ('305022103', FALSE, 'בֶּטֶן');

INSERT INTO answer_options (question_id, correct_answer, answer_text)
VALUES ('305022103', FALSE, 'לֵב');

INSERT INTO answer_options (question_id, correct_answer, answer_text)
VALUES ('305022103', FALSE, 'כליות');

INSERT INTO questions (question_id, language_id, topic_id, c_grade_id, level, question_text, explanation, interesting_fact)
VALUES ('305022104', 1, 5022, 4, 4, 'מהו האיבר שמסנן פסולת מהדם ומייצר שתן?', '', 'הכליות עוזרות לסנן פסולת ומים מיותרים מהדם, הן מייצרות שתן שמסלקם מהגוף.') ON CONFLICT (question_id) DO UPDATE SET language_id = 1 ,topic_id= 5022,c_grade_id =4,level=4,question_text='מהו האיבר שמסנן פסולת מהדם ומייצר שתן?',explanation='',interesting_fact='הכליות עוזרות לסנן פסולת ומים מיותרים מהדם, הן מייצרות שתן שמסלקם מהגוף.';


INSERT INTO answer_options (question_id, correct_answer, answer_text)
VALUES ('305022104', TRUE, 'כליות') ;

INSERT INTO answer_options (question_id, correct_answer, answer_text)
VALUES ('305022104', FALSE, 'כָּבֵד');

INSERT INTO answer_options (question_id, correct_answer, answer_text)
VALUES ('305022104', FALSE, 'ריאות');

INSERT INTO answer_options (question_id, correct_answer, answer_text)
VALUES ('305022104', FALSE, 'בֶּטֶן');

INSERT INTO questions (question_id, language_id, topic_id, c_grade_id, level, question_text, explanation, interesting_fact)
VALUES ('305022105', 1, 5022, 5, 5, 'מהי העצם המעוקלת שיוצרת את דופן החזה ומגינה על הלב והריאות?', '', 'הצלעות הן עצמות מעוקלות היוצרות את דופן החזה ומגנות על איברים חיוניים כמו הלב והריאות.') ON CONFLICT (question_id) DO UPDATE SET language_id = 1 ,topic_id= 5022,c_grade_id =5,level=5,question_text='מהי העצם המעוקלת שיוצרת את דופן החזה ומגינה על הלב והריאות?',explanation='',interesting_fact='הצלעות הן עצמות מעוקלות היוצרות את דופן החזה ומגנות על איברים חיוניים כמו הלב והריאות.';


INSERT INTO answer_options (question_id, correct_answer, answer_text)
VALUES ('305022105', TRUE, 'צֵלָע') ;

INSERT INTO answer_options (question_id, correct_answer, answer_text)
VALUES ('305022105', FALSE, 'גולגולת');

INSERT INTO answer_options (question_id, correct_answer, answer_text)
VALUES ('305022105', FALSE, 'עֶצֶם הַיָרֵך');

INSERT INTO answer_options (question_id, correct_answer, answer_text)
VALUES ('305022105', FALSE, 'עַמוּד הַשִׁדרָה');

INSERT INTO questions (question_id, language_id, topic_id, c_grade_id, level, question_text, explanation, interesting_fact)
VALUES ('305023101', 1, 5023, 1, 1, 'באיזה מטבע משתמשים ברוסיה?', '', 'לרובל הרוסי היסטוריה ארוכה ועשירה החל מהמאה ה-14. זהו אחד המטבעות העתיקים בעולם שעדיין בשימוש כיום.') ON CONFLICT (question_id) DO UPDATE SET language_id = 1 ,topic_id= 5023,c_grade_id =1,level=1,question_text='באיזה מטבע משתמשים ברוסיה?',explanation='',interesting_fact='לרובל הרוסי היסטוריה ארוכה ועשירה החל מהמאה ה-14. זהו אחד המטבעות העתיקים בעולם שעדיין בשימוש כיום.';


INSERT INTO answer_options (question_id, correct_answer, answer_text)
VALUES ('305023101', TRUE, 'רוּבָּל') ;

INSERT INTO answer_options (question_id, correct_answer, answer_text)
VALUES ('305023101', FALSE, 'פרַנק');

INSERT INTO answer_options (question_id, correct_answer, answer_text)
VALUES ('305023101', FALSE, 'לב');

INSERT INTO answer_options (question_id, correct_answer, answer_text)
VALUES ('305023101', FALSE, 'דוֹלָר');

INSERT INTO questions (question_id, language_id, topic_id, c_grade_id, level, question_text, explanation, interesting_fact)
VALUES ('305023102', 1, 5023, 2, 2, 'מהו שם המטבע המשותף למקסיקו צ`ילה וארגנטינה?', '', 'הריאל הברזילאי הוא המטבע המשמש בברזיל, הידוע בעיצוביו הייחודיים והצבעוניים החוגגים את פלאי הטבע והמגוון התרבותי של המדינה.') ON CONFLICT (question_id) DO UPDATE SET language_id = 1 ,topic_id= 5023,c_grade_id =2,level=2,question_text='מהו שם המטבע המשותף למקסיקו צ`ילה וארגנטינה?',explanation='',interesting_fact='הריאל הברזילאי הוא המטבע המשמש בברזיל, הידוע בעיצוביו הייחודיים והצבעוניים החוגגים את פלאי הטבע והמגוון התרבותי של המדינה.';


INSERT INTO answer_options (question_id, correct_answer, answer_text)
VALUES ('305023102', TRUE, 'פֶּסוֹ') ;

INSERT INTO answer_options (question_id, correct_answer, answer_text)
VALUES ('305023102', FALSE, 'לִירָה');

INSERT INTO answer_options (question_id, correct_answer, answer_text)
VALUES ('305023102', FALSE, 'דוֹלָר');

INSERT INTO answer_options (question_id, correct_answer, answer_text)
VALUES ('305023102', FALSE, 'יוֹרוֹ');

INSERT INTO questions (question_id, language_id, topic_id, c_grade_id, level, question_text, explanation, interesting_fact)
VALUES ('305023103', 1, 5023, 3, 3, 'באיזה מטבע משתמשים בבריטניה?', '', 'מטבע 1 פאונד הוא המטבע המשמש בבריטניה ומוכר בזכות עיצובו הנושא את דיוקן מלכת אנגליה.') ON CONFLICT (question_id) DO UPDATE SET language_id = 1 ,topic_id= 5023,c_grade_id =3,level=3,question_text='באיזה מטבע משתמשים בבריטניה?',explanation='',interesting_fact='מטבע 1 פאונד הוא המטבע המשמש בבריטניה ומוכר בזכות עיצובו הנושא את דיוקן מלכת אנגליה.';


INSERT INTO answer_options (question_id, correct_answer, answer_text)
VALUES ('305023103', TRUE, 'לִירָה סטרלינג') ;

INSERT INTO answer_options (question_id, correct_answer, answer_text)
VALUES ('305023103', FALSE, 'יוֹרוֹ');

INSERT INTO answer_options (question_id, correct_answer, answer_text)
VALUES ('305023103', FALSE, 'דוֹלָר');

INSERT INTO answer_options (question_id, correct_answer, answer_text)
VALUES ('305023103', FALSE, 'ראנד');

INSERT INTO questions (question_id, language_id, topic_id, c_grade_id, level, question_text, explanation, interesting_fact)
VALUES ('305023104', 1, 5023, 4, 4, 'איזה מטבע קשור להודו?', '', 'לרופי ההודי יש היסטוריה עשירה עוד מימי קדם ומקורותיו במאה ה-6 לפני הספירה. המונח "רופי" נגזר מהמילה "רופיה" בסנסקריט, שפירושה "כסף מחושל" או "מטבע כסף".') ON CONFLICT (question_id) DO UPDATE SET language_id = 1 ,topic_id= 5023,c_grade_id =4,level=4,question_text='איזה מטבע קשור להודו?',explanation='',interesting_fact='לרופי ההודי יש היסטוריה עשירה עוד מימי קדם ומקורותיו במאה ה-6 לפני הספירה. המונח "רופי" נגזר מהמילה "רופיה" בסנסקריט, שפירושה "כסף מחושל" או "מטבע כסף".';


INSERT INTO answer_options (question_id, correct_answer, answer_text)
VALUES ('305023104', TRUE, 'רוּפּיָה') ;

INSERT INTO answer_options (question_id, correct_answer, answer_text)
VALUES ('305023104', FALSE, 'ראנד');

INSERT INTO answer_options (question_id, correct_answer, answer_text)
VALUES ('305023104', FALSE, 'ריאל');

INSERT INTO answer_options (question_id, correct_answer, answer_text)
VALUES ('305023104', FALSE, 'דִינָר');

INSERT INTO questions (question_id, language_id, topic_id, c_grade_id, level, question_text, explanation, interesting_fact)
VALUES ('305023105', 1, 5023, 5, 5, 'איזה מהבאים אינו מטבע אפריקאי?', '', 'הנאירה naira הוא המטבע המשמש בניגריה. הסדי cedi הוא המטבע המשמש בגאנה.') ON CONFLICT (question_id) DO UPDATE SET language_id = 1 ,topic_id= 5023,c_grade_id =5,level=5,question_text='איזה מהבאים אינו מטבע אפריקאי?',explanation='',interesting_fact='הנאירה naira הוא המטבע המשמש בניגריה. הסדי cedi הוא המטבע המשמש בגאנה.';


INSERT INTO answer_options (question_id, correct_answer, answer_text)
VALUES ('305023105', TRUE, 'פֶּסוֹ') ;

INSERT INTO answer_options (question_id, correct_answer, answer_text)
VALUES ('305023105', FALSE, 'נאירה');

INSERT INTO answer_options (question_id, correct_answer, answer_text)
VALUES ('305023105', FALSE, 'שִׁילִינג');

INSERT INTO answer_options (question_id, correct_answer, answer_text)
VALUES ('305023105', FALSE, 'סדי');

INSERT INTO questions (question_id, language_id, topic_id, c_grade_id, level, question_text, explanation, interesting_fact)
VALUES ('305024101', 1, 5024, 1, 1, 'מי היה ראש הממשלה שהנהיג את הממלכה המאוחדת במהלך מלחמת העולם ה-II?', '', 'צ`רצ`יל היה ראש ממשלת בריטניה במהלך מלחמת העולם השנייה ומילא תפקיד קריטי בהובלת המדינה לניצחון מול גרמניה הנאצית. נאומיו ונחישותו במהלך המלחמה הפכו אותו למנהיג משפיע הנחשב כאחד ממנהיגי המלחמה הגדולים בהיסטוריה.') ON CONFLICT (question_id) DO UPDATE SET language_id = 1 ,topic_id= 5024,c_grade_id =1,level=1,question_text='מי היה ראש הממשלה שהנהיג את הממלכה המאוחדת במהלך מלחמת העולם ה-II?',explanation='',interesting_fact='צ`רצ`יל היה ראש ממשלת בריטניה במהלך מלחמת העולם השנייה ומילא תפקיד קריטי בהובלת המדינה לניצחון מול גרמניה הנאצית. נאומיו ונחישותו במהלך המלחמה הפכו אותו למנהיג משפיע הנחשב כאחד ממנהיגי המלחמה הגדולים בהיסטוריה.';


INSERT INTO answer_options (question_id, correct_answer, answer_text)
VALUES ('305024101', TRUE, 'וינסטון צ`רצ`יל') ;

INSERT INTO answer_options (question_id, correct_answer, answer_text)
VALUES ('305024101', FALSE, 'פרנקלין ד` רוזוולט');

INSERT INTO answer_options (question_id, correct_answer, answer_text)
VALUES ('305024101', FALSE, 'ג`ון פ. קנדי');

INSERT INTO answer_options (question_id, correct_answer, answer_text)
VALUES ('305024101', FALSE, 'נלסון מנדלה');

INSERT INTO questions (question_id, language_id, topic_id, c_grade_id, level, question_text, explanation, interesting_fact)
VALUES ('305024102', 1, 5024, 2, 2, 'מי היה מנהיג זכויות אדם מפורסם שנלחם נגד גזענות ונשא את הנאום הידוע "יש לי חלום"?', '', 'הוא היה מנהיג זכויות אזרח בעל חזון שדגל בשוויון גזעי וצדק. נאומיו החזקים של קינג, כולל הנאום האיקוני "יש לי חלום", היוו השראה לדור ומילאו תפקיד מכריע בקידום התנועה לזכויות האזרח בארצות הברית. המורשת שלו ממשיכה לעורר השראה בקרב אנשים ברחבי העולם.') ON CONFLICT (question_id) DO UPDATE SET language_id = 1 ,topic_id= 5024,c_grade_id =2,level=2,question_text='מי היה מנהיג זכויות אדם מפורסם שנלחם נגד גזענות ונשא את הנאום הידוע "יש לי חלום"?',explanation='',interesting_fact='הוא היה מנהיג זכויות אזרח בעל חזון שדגל בשוויון גזעי וצדק. נאומיו החזקים של קינג, כולל הנאום האיקוני "יש לי חלום", היוו השראה לדור ומילאו תפקיד מכריע בקידום התנועה לזכויות האזרח בארצות הברית. המורשת שלו ממשיכה לעורר השראה בקרב אנשים ברחבי העולם.';


INSERT INTO answer_options (question_id, correct_answer, answer_text)
VALUES ('305024102', TRUE, 'מרטין לות`ר קינג ג`וניור.') ;

INSERT INTO answer_options (question_id, correct_answer, answer_text)
VALUES ('305024102', FALSE, 'נלסון מנדלה');

INSERT INTO answer_options (question_id, correct_answer, answer_text)
VALUES ('305024102', FALSE, 'מהטמה גנדי');

INSERT INTO answer_options (question_id, correct_answer, answer_text)
VALUES ('305024102', FALSE, 'רוזה פארקס');

INSERT INTO questions (question_id, language_id, topic_id, c_grade_id, level, question_text, explanation, interesting_fact)
VALUES ('305024103', 1, 5024, 3, 3, 'מי היה מנהיג הודי מפורסם שהוביל הפגנות לא אלימות נגד השלטון הבריטי?', '', 'מהטמה גנדי היה דמות מפתח במאבקה של הודו לעצמאות מהשלטון הקולוניאלי הבריטי. פילוסופיית ההתנגדות הבלתי אלימה של גנדי, הנקראת Satyagraha, נתנה השראה למנהיגי זכויות האזרח ברחבי העולם, כולל השיטות השלוות והמחויבות לצדק של מרטין לותר קינג גנדי ממשיכות להוות השראה לתנועות חברתיות ופוליטיות ברחבי העולם.') ON CONFLICT (question_id) DO UPDATE SET language_id = 1 ,topic_id= 5024,c_grade_id =3,level=3,question_text='מי היה מנהיג הודי מפורסם שהוביל הפגנות לא אלימות נגד השלטון הבריטי?',explanation='',interesting_fact='מהטמה גנדי היה דמות מפתח במאבקה של הודו לעצמאות מהשלטון הקולוניאלי הבריטי. פילוסופיית ההתנגדות הבלתי אלימה של גנדי, הנקראת Satyagraha, נתנה השראה למנהיגי זכויות האזרח ברחבי העולם, כולל השיטות השלוות והמחויבות לצדק של מרטין לותר קינג גנדי ממשיכות להוות השראה לתנועות חברתיות ופוליטיות ברחבי העולם.';


INSERT INTO answer_options (question_id, correct_answer, answer_text)
VALUES ('305024103', TRUE, 'מהטמה גנדי') ;

INSERT INTO answer_options (question_id, correct_answer, answer_text)
VALUES ('305024103', FALSE, 'נלסון מנדלה');

INSERT INTO answer_options (question_id, correct_answer, answer_text)
VALUES ('305024103', FALSE, 'מרטין לות`ר קינג ג`וניור.');

INSERT INTO answer_options (question_id, correct_answer, answer_text)
VALUES ('305024103', FALSE, 'וינסטון צ`רצ`יל');

INSERT INTO questions (question_id, language_id, topic_id, c_grade_id, level, question_text, explanation, interesting_fact)
VALUES ('305024104', 1, 5024, 4, 4, 'מי היה טייס מפורסם שנודע בטיסתו הטרנס-אטלנטית?', '', 'צ`ארלס לינדברג היה טייס חלוץ שעשה את טיסת הסולו הטרנס-אטלנטית הראשונה ללא הפסקה, ועזר לקדם את התעופה ולהעניק השראה לדורות הבאים של טייסים.') ON CONFLICT (question_id) DO UPDATE SET language_id = 1 ,topic_id= 5024,c_grade_id =4,level=4,question_text='מי היה טייס מפורסם שנודע בטיסתו הטרנס-אטלנטית?',explanation='',interesting_fact='צ`ארלס לינדברג היה טייס חלוץ שעשה את טיסת הסולו הטרנס-אטלנטית הראשונה ללא הפסקה, ועזר לקדם את התעופה ולהעניק השראה לדורות הבאים של טייסים.';


INSERT INTO answer_options (question_id, correct_answer, answer_text)
VALUES ('305024104', TRUE, 'צ`ארלס לינדברג') ;

INSERT INTO answer_options (question_id, correct_answer, answer_text)
VALUES ('305024104', FALSE, 'אמיליה אירהארט');

INSERT INTO answer_options (question_id, correct_answer, answer_text)
VALUES ('305024104', FALSE, 'האחים רייט');

INSERT INTO answer_options (question_id, correct_answer, answer_text)
VALUES ('305024104', FALSE, 'סאלי סולנברגר');

INSERT INTO questions (question_id, language_id, topic_id, c_grade_id, level, question_text, explanation, interesting_fact)
VALUES ('305024105', 1, 5024, 5, 5, 'מי היה הטייס הסובייטי וקוסמונאוט שהפך לאדם הראשון שנסע אל החלל החיצון?', '', 'יורי אלכסייביץ` גגארין היה קוסמונאוט סובייטי. האדם הראשון בהיסטוריה ששהה בחלל, והראשון שחג סביב כדור הארץ. ב-12 באפריל 1961 השלימה החללית "ווסטוק 1" בה טס הקפה סביב כדור הארץ והשיבה את גגארין בשלום לאדמת ברית המועצות.') ON CONFLICT (question_id) DO UPDATE SET language_id = 1 ,topic_id= 5024,c_grade_id =5,level=5,question_text='מי היה הטייס הסובייטי וקוסמונאוט שהפך לאדם הראשון שנסע אל החלל החיצון?',explanation='',interesting_fact='יורי אלכסייביץ` גגארין היה קוסמונאוט סובייטי. האדם הראשון בהיסטוריה ששהה בחלל, והראשון שחג סביב כדור הארץ. ב-12 באפריל 1961 השלימה החללית "ווסטוק 1" בה טס הקפה סביב כדור הארץ והשיבה את גגארין בשלום לאדמת ברית המועצות.';


INSERT INTO answer_options (question_id, correct_answer, answer_text)
VALUES ('305024105', TRUE, 'יורי אלכסייביץ` גגרין') ;

INSERT INTO answer_options (question_id, correct_answer, answer_text)
VALUES ('305024105', FALSE, 'ג`ון גלן');

INSERT INTO answer_options (question_id, correct_answer, answer_text)
VALUES ('305024105', FALSE, 'ניל ארמסטרונג');

INSERT INTO answer_options (question_id, correct_answer, answer_text)
VALUES ('305024105', FALSE, 'צ`ארלס לינדברג');

INSERT INTO questions (question_id, language_id, topic_id, c_grade_id, level, question_text, explanation, interesting_fact)
VALUES ('305025101', 1, 5025, 1, 1, 'איזה רכס הרים משתרע לאורך החוף המערבי של דרום אמריקה?', '', 'הרי האנדים הוא רכס ההרים הארוך ביותר בעולם, העובר לאורך החוף המערבי של דרום אמריקה ועובר בכמה מדינות.') ON CONFLICT (question_id) DO UPDATE SET language_id = 1 ,topic_id= 5025,c_grade_id =1,level=1,question_text='איזה רכס הרים משתרע לאורך החוף המערבי של דרום אמריקה?',explanation='',interesting_fact='הרי האנדים הוא רכס ההרים הארוך ביותר בעולם, העובר לאורך החוף המערבי של דרום אמריקה ועובר בכמה מדינות.';


INSERT INTO answer_options (question_id, correct_answer, answer_text)
VALUES ('305025101', TRUE, 'האנדים') ;

INSERT INTO answer_options (question_id, correct_answer, answer_text)
VALUES ('305025101', FALSE, 'הרי הרוקי');

INSERT INTO answer_options (question_id, correct_answer, answer_text)
VALUES ('305025101', FALSE, 'האלפים');

INSERT INTO answer_options (question_id, correct_answer, answer_text)
VALUES ('305025101', FALSE, 'הרי ההימלאיה');

INSERT INTO questions (question_id, language_id, topic_id, c_grade_id, level, question_text, explanation, interesting_fact)
VALUES ('305025102', 1, 5025, 2, 2, 'באיזה רכס הרים נמצא המאצ`ו פיצ`ו המפורסם?', '', 'מאצ`ו פיצ`ו ממוקם ברכס הרי האנדים בפרו והיא מצודה עתיקה של האינקה, המוכרת כיום כאתר מורשת עולמית של אונסק"ו.') ON CONFLICT (question_id) DO UPDATE SET language_id = 1 ,topic_id= 5025,c_grade_id =2,level=2,question_text='באיזה רכס הרים נמצא המאצ`ו פיצ`ו המפורסם?',explanation='',interesting_fact='מאצ`ו פיצ`ו ממוקם ברכס הרי האנדים בפרו והיא מצודה עתיקה של האינקה, המוכרת כיום כאתר מורשת עולמית של אונסק"ו.';


INSERT INTO answer_options (question_id, correct_answer, answer_text)
VALUES ('305025102', TRUE, 'האנדים') ;

INSERT INTO answer_options (question_id, correct_answer, answer_text)
VALUES ('305025102', FALSE, 'הרי ההימלאיה');

INSERT INTO answer_options (question_id, correct_answer, answer_text)
VALUES ('305025102', FALSE, 'הרי הרוקי');

INSERT INTO answer_options (question_id, correct_answer, answer_text)
VALUES ('305025102', FALSE, 'האלפים');

INSERT INTO questions (question_id, language_id, topic_id, c_grade_id, level, question_text, explanation, interesting_fact)
VALUES ('305025103', 1, 5025, 3, 3, 'איזה רכס הרים מפורסם נמצא באירופה?', '', 'המטרהורן והמון בלאן ממוקמים בהרי האלפים, רכס הרים בולט באירופה המשתרע על פני מספר מדינות.') ON CONFLICT (question_id) DO UPDATE SET language_id = 1 ,topic_id= 5025,c_grade_id =3,level=3,question_text='איזה רכס הרים מפורסם נמצא באירופה?',explanation='',interesting_fact='המטרהורן והמון בלאן ממוקמים בהרי האלפים, רכס הרים בולט באירופה המשתרע על פני מספר מדינות.';


INSERT INTO answer_options (question_id, correct_answer, answer_text)
VALUES ('305025103', TRUE, 'האלפים') ;

INSERT INTO answer_options (question_id, correct_answer, answer_text)
VALUES ('305025103', FALSE, 'האנדים');

INSERT INTO answer_options (question_id, correct_answer, answer_text)
VALUES ('305025103', FALSE, 'הרי הרוקי');

INSERT INTO answer_options (question_id, correct_answer, answer_text)
VALUES ('305025103', FALSE, 'הרי ההימלאיה');

INSERT INTO questions (question_id, language_id, topic_id, c_grade_id, level, question_text, explanation, interesting_fact)
VALUES ('305025104', 1, 5025, 4, 4, 'איזה רכס הרים ידוע בשם "רוקיז"?', '', 'הרי הרוקי, המכונים לעתים קרובות "רוקי", משתרעים על פני מערב צפון אמריקה, מקנדה ועד ארצות הברית.') ON CONFLICT (question_id) DO UPDATE SET language_id = 1 ,topic_id= 5025,c_grade_id =4,level=4,question_text='איזה רכס הרים ידוע בשם "רוקיז"?',explanation='',interesting_fact='הרי הרוקי, המכונים לעתים קרובות "רוקי", משתרעים על פני מערב צפון אמריקה, מקנדה ועד ארצות הברית.';


INSERT INTO answer_options (question_id, correct_answer, answer_text)
VALUES ('305025104', TRUE, 'הרי הרוקי') ;

INSERT INTO answer_options (question_id, correct_answer, answer_text)
VALUES ('305025104', FALSE, 'האנדים');

INSERT INTO answer_options (question_id, correct_answer, answer_text)
VALUES ('305025104', FALSE, 'האלפים');

INSERT INTO answer_options (question_id, correct_answer, answer_text)
VALUES ('305025104', FALSE, 'הרי האפלצ`ים');

INSERT INTO questions (question_id, language_id, topic_id, c_grade_id, level, question_text, explanation, interesting_fact)
VALUES ('305025105', 1, 5025, 5, 5, 'איזה רכס הרים מפריד בין אירופה לאסיה?', '', 'הרי אורל נחשבים לגבול המסורתי בין אירופה לאסיה, המשתרע על פני רוסיה.') ON CONFLICT (question_id) DO UPDATE SET language_id = 1 ,topic_id= 5025,c_grade_id =5,level=5,question_text='איזה רכס הרים מפריד בין אירופה לאסיה?',explanation='',interesting_fact='הרי אורל נחשבים לגבול המסורתי בין אירופה לאסיה, המשתרע על פני רוסיה.';


INSERT INTO answer_options (question_id, correct_answer, answer_text)
VALUES ('305025105', TRUE, 'הרי אורל') ;

INSERT INTO answer_options (question_id, correct_answer, answer_text)
VALUES ('305025105', FALSE, 'הרי ההימלאיה');

INSERT INTO answer_options (question_id, correct_answer, answer_text)
VALUES ('305025105', FALSE, 'הרי הרוקי');

INSERT INTO answer_options (question_id, correct_answer, answer_text)
VALUES ('305025105', FALSE, 'האנדים');

INSERT INTO questions (question_id, language_id, topic_id, c_grade_id, level, question_text, explanation, interesting_fact)
VALUES ('305026101', 1, 5026, 1, 1, 'איזה נס עשה אלוהים כדי להגן על דניאל בגוב האריות?', '', 'דניאל הוכנס לגוב האריות על פי צו המלך דריווש, אך ניצל בנס כאשר האריות לא פגעו בו.') ON CONFLICT (question_id) DO UPDATE SET language_id = 1 ,topic_id= 5026,c_grade_id =1,level=1,question_text='איזה נס עשה אלוהים כדי להגן על דניאל בגוב האריות?',explanation='',interesting_fact='דניאל הוכנס לגוב האריות על פי צו המלך דריווש, אך ניצל בנס כאשר האריות לא פגעו בו.';


INSERT INTO answer_options (question_id, correct_answer, answer_text)
VALUES ('305026101', TRUE, 'סגר את פיות האריות') ;

INSERT INTO answer_options (question_id, correct_answer, answer_text)
VALUES ('305026101', FALSE, 'הפך את דניאל לבלתי נראה');

INSERT INTO answer_options (question_id, correct_answer, answer_text)
VALUES ('305026101', FALSE, 'הפך את האריות לחתולים ידידותיים');

INSERT INTO answer_options (question_id, correct_answer, answer_text)
VALUES ('305026101', FALSE, 'הפך את דניאל לענק');

INSERT INTO questions (question_id, language_id, topic_id, c_grade_id, level, question_text, explanation, interesting_fact)
VALUES ('305026102', 1, 5026, 2, 2, 'איזו מהמגילות הבאות אינה אחת ממגילות התנ"ך?', '', 'כל אחת מהמגילות קשורה לחג יהודי ונקראת בו.') ON CONFLICT (question_id) DO UPDATE SET language_id = 1 ,topic_id= 5026,c_grade_id =2,level=2,question_text='איזו מהמגילות הבאות אינה אחת ממגילות התנ"ך?',explanation='',interesting_fact='כל אחת מהמגילות קשורה לחג יהודי ונקראת בו.';


INSERT INTO answer_options (question_id, correct_answer, answer_text)
VALUES ('305026102', TRUE, 'מגילת העצמאות') ;

INSERT INTO answer_options (question_id, correct_answer, answer_text)
VALUES ('305026102', FALSE, 'מגילת קהלת');

INSERT INTO answer_options (question_id, correct_answer, answer_text)
VALUES ('305026102', FALSE, 'מגילת רות');

INSERT INTO answer_options (question_id, correct_answer, answer_text)
VALUES ('305026102', FALSE, 'שיר השירים');

INSERT INTO questions (question_id, language_id, topic_id, c_grade_id, level, question_text, explanation, interesting_fact)
VALUES ('305026103', 1, 5026, 3, 3, 'לאיזה מלך מיוחסת בעיקר כתיבת ספר תהילים?', '', 'דוד המלך נחשב למחבר העיקרי של ספר תהילים, אך יש מזמורי תהילים שמיוחסים גם למחברים אחרים.') ON CONFLICT (question_id) DO UPDATE SET language_id = 1 ,topic_id= 5026,c_grade_id =3,level=3,question_text='לאיזה מלך מיוחסת בעיקר כתיבת ספר תהילים?',explanation='',interesting_fact='דוד המלך נחשב למחבר העיקרי של ספר תהילים, אך יש מזמורי תהילים שמיוחסים גם למחברים אחרים.';


INSERT INTO answer_options (question_id, correct_answer, answer_text)
VALUES ('305026103', TRUE, 'דוד') ;

INSERT INTO answer_options (question_id, correct_answer, answer_text)
VALUES ('305026103', FALSE, 'שלמה');

INSERT INTO answer_options (question_id, correct_answer, answer_text)
VALUES ('305026103', FALSE, 'שאול');

INSERT INTO answer_options (question_id, correct_answer, answer_text)
VALUES ('305026103', FALSE, 'חזקיה');

INSERT INTO questions (question_id, language_id, topic_id, c_grade_id, level, question_text, explanation, interesting_fact)
VALUES ('305026104', 1, 5026, 4, 4, 'איזו מגילה בתנ"ך היא בכיה על חורבן ירושלים והמקדש?', '', 'מגילת איכה, שמיוחסת לנביא ירמיהו, מתארת את חורבן ירושלים ובית המקדש הראשון.') ON CONFLICT (question_id) DO UPDATE SET language_id = 1 ,topic_id= 5026,c_grade_id =4,level=4,question_text='איזו מגילה בתנ"ך היא בכיה על חורבן ירושלים והמקדש?',explanation='',interesting_fact='מגילת איכה, שמיוחסת לנביא ירמיהו, מתארת את חורבן ירושלים ובית המקדש הראשון.';


INSERT INTO answer_options (question_id, correct_answer, answer_text)
VALUES ('305026104', TRUE, 'מגילת איכה') ;

INSERT INTO answer_options (question_id, correct_answer, answer_text)
VALUES ('305026104', FALSE, 'מגילת רות');

INSERT INTO answer_options (question_id, correct_answer, answer_text)
VALUES ('305026104', FALSE, 'מגילת אסתר');

INSERT INTO answer_options (question_id, correct_answer, answer_text)
VALUES ('305026104', FALSE, 'מגילת קהלת');

INSERT INTO questions (question_id, language_id, topic_id, c_grade_id, level, question_text, explanation, interesting_fact)
VALUES ('305026105', 1, 5026, 5, 5, 'איזה מהבאים אינו מספרי הכתובים?', '', 'ספרי הכתובים הם החלק השלישי והאחרון של התנ"ך. הם כוללים את 5 המגילות, את ספרי "החכמה" (קהלת, משלי ואיוב), את מזמורי התהילים ועוד.') ON CONFLICT (question_id) DO UPDATE SET language_id = 1 ,topic_id= 5026,c_grade_id =5,level=5,question_text='איזה מהבאים אינו מספרי הכתובים?',explanation='',interesting_fact='ספרי הכתובים הם החלק השלישי והאחרון של התנ"ך. הם כוללים את 5 המגילות, את ספרי "החכמה" (קהלת, משלי ואיוב), את מזמורי התהילים ועוד.';


INSERT INTO answer_options (question_id, correct_answer, answer_text)
VALUES ('305026105', TRUE, 'שופטים') ;

INSERT INTO answer_options (question_id, correct_answer, answer_text)
VALUES ('305026105', FALSE, 'משלי');

INSERT INTO answer_options (question_id, correct_answer, answer_text)
VALUES ('305026105', FALSE, 'מגילת אסתר');

INSERT INTO answer_options (question_id, correct_answer, answer_text)
VALUES ('305026105', FALSE, 'מגילת רות');

INSERT INTO questions (question_id, language_id, topic_id, c_grade_id, level, question_text, explanation, interesting_fact)
VALUES ('305027101', 1, 5027, 1, 1, 'איזה יער גשם מכונה לעתים "ריאות כדור הארץ" בשל תפקידו החיוני בייצור חמצן?', '', 'יער הגשם של האמזונס, הממוקם בדרום אמריקה, ידוע בתרומתו המשמעותית לייצור חמצן.') ON CONFLICT (question_id) DO UPDATE SET language_id = 1 ,topic_id= 5027,c_grade_id =1,level=1,question_text='איזה יער גשם מכונה לעתים "ריאות כדור הארץ" בשל תפקידו החיוני בייצור חמצן?',explanation='',interesting_fact='יער הגשם של האמזונס, הממוקם בדרום אמריקה, ידוע בתרומתו המשמעותית לייצור חמצן.';


INSERT INTO answer_options (question_id, correct_answer, answer_text)
VALUES ('305027101', TRUE, 'יער הגשם האמזונס') ;

INSERT INTO answer_options (question_id, correct_answer, answer_text)
VALUES ('305027101', FALSE, 'יער הגשם של קונגו');

INSERT INTO answer_options (question_id, correct_answer, answer_text)
VALUES ('305027101', FALSE, 'יער הגשם של בורנאו');

INSERT INTO answer_options (question_id, correct_answer, answer_text)
VALUES ('305027101', FALSE, 'יער הגשם של מדגסקר');

INSERT INTO questions (question_id, language_id, topic_id, c_grade_id, level, question_text, explanation, interesting_fact)
VALUES ('305027102', 1, 5027, 2, 2, 'באיזו יבשת נמצא יער הגשם של קונגו?', '', 'יער הגשם של קונגו ממוקם באפריקה ומשתרע על פני מספר מדינות בחלקים המרכזיים והמערביים של היבשת.') ON CONFLICT (question_id) DO UPDATE SET language_id = 1 ,topic_id= 5027,c_grade_id =2,level=2,question_text='באיזו יבשת נמצא יער הגשם של קונגו?',explanation='',interesting_fact='יער הגשם של קונגו ממוקם באפריקה ומשתרע על פני מספר מדינות בחלקים המרכזיים והמערביים של היבשת.';


INSERT INTO answer_options (question_id, correct_answer, answer_text)
VALUES ('305027102', TRUE, 'אַפְרִיקָה') ;

INSERT INTO answer_options (question_id, correct_answer, answer_text)
VALUES ('305027102', FALSE, 'דרום אמריקה');

INSERT INTO answer_options (question_id, correct_answer, answer_text)
VALUES ('305027102', FALSE, 'אַסְיָה');

INSERT INTO answer_options (question_id, correct_answer, answer_text)
VALUES ('305027102', FALSE, 'אוֹסטְרַלִיָה');

INSERT INTO questions (question_id, language_id, topic_id, c_grade_id, level, question_text, explanation, interesting_fact)
VALUES ('305027103', 1, 5027, 3, 3, 'באיזו מדינה בעיקר ממוקם "יער הגשם של הדוב הגדול"?', '', 'יער הגשם של הדוב הגדול ממוקם בקנדה, לאורך החוף המערבי של קולומביה הבריטית.') ON CONFLICT (question_id) DO UPDATE SET language_id = 1 ,topic_id= 5027,c_grade_id =3,level=3,question_text='באיזו מדינה בעיקר ממוקם "יער הגשם של הדוב הגדול"?',explanation='',interesting_fact='יער הגשם של הדוב הגדול ממוקם בקנדה, לאורך החוף המערבי של קולומביה הבריטית.';


INSERT INTO answer_options (question_id, correct_answer, answer_text)
VALUES ('305027103', TRUE, 'קנדה') ;

INSERT INTO answer_options (question_id, correct_answer, answer_text)
VALUES ('305027103', FALSE, 'בְּרָזִיל');

INSERT INTO answer_options (question_id, correct_answer, answer_text)
VALUES ('305027103', FALSE, 'קונגו');

INSERT INTO answer_options (question_id, correct_answer, answer_text)
VALUES ('305027103', FALSE, 'אוֹסטְרַלִיָה');

INSERT INTO questions (question_id, language_id, topic_id, c_grade_id, level, question_text, explanation, interesting_fact)
VALUES ('305027104', 1, 5027, 4, 4, 'איזה יער גשם מפורסם בשל מגוון חיות הבר שלו, כולל אורנגאוטנים ונמרים?', '', 'יער הגשם של בורנאו בדרום מזרח אסיה הוא ביתם של מינים שונים, כולל אורנגאוטנים ונמרים.') ON CONFLICT (question_id) DO UPDATE SET language_id = 1 ,topic_id= 5027,c_grade_id =4,level=4,question_text='איזה יער גשם מפורסם בשל מגוון חיות הבר שלו, כולל אורנגאוטנים ונמרים?',explanation='',interesting_fact='יער הגשם של בורנאו בדרום מזרח אסיה הוא ביתם של מינים שונים, כולל אורנגאוטנים ונמרים.';


INSERT INTO answer_options (question_id, correct_answer, answer_text)
VALUES ('305027104', TRUE, 'יער הגשם של בורנאו') ;

INSERT INTO answer_options (question_id, correct_answer, answer_text)
VALUES ('305027104', FALSE, 'יער הגשם האמזונס');

INSERT INTO answer_options (question_id, correct_answer, answer_text)
VALUES ('305027104', FALSE, 'יער הגשם של קונגו');

INSERT INTO answer_options (question_id, correct_answer, answer_text)
VALUES ('305027104', FALSE, 'יער הגשם של מדגסקר');

INSERT INTO questions (question_id, language_id, topic_id, c_grade_id, level, question_text, explanation, interesting_fact)
VALUES ('305027105', 1, 5027, 5, 5, 'איזו חיה אופיינית ליער גשם ממוזג?', '', 'משמעות השם "עיטם" הוא צירוף המילים "עיט" ו"ים"') ON CONFLICT (question_id) DO UPDATE SET language_id = 1 ,topic_id= 5027,c_grade_id =5,level=5,question_text='איזו חיה אופיינית ליער גשם ממוזג?',explanation='',interesting_fact='משמעות השם "עיטם" הוא צירוף המילים "עיט" ו"ים"';


INSERT INTO answer_options (question_id, correct_answer, answer_text)
VALUES ('305027105', TRUE, 'עיטם') ;

INSERT INTO answer_options (question_id, correct_answer, answer_text)
VALUES ('305027105', FALSE, 'דב קואלה');

INSERT INTO answer_options (question_id, correct_answer, answer_text)
VALUES ('305027105', FALSE, 'טיגריס בנגלי');

INSERT INTO answer_options (question_id, correct_answer, answer_text)
VALUES ('305027105', FALSE, 'ביגפוט');

INSERT INTO questions (question_id, language_id, topic_id, c_grade_id, level, question_text, explanation, interesting_fact)
VALUES ('305028101', 1, 5028, 1, 1, 'איזו מדינה ידועה בשם "ארץ השמש העולה"?', '', 'יפן ידועה בשם "ארץ השמש העולה" מכיוון שהיא ממוקמת מזרחה ולעתים קרובות מזוהה עם הזריחה.') ON CONFLICT (question_id) DO UPDATE SET language_id = 1 ,topic_id= 5028,c_grade_id =1,level=1,question_text='איזו מדינה ידועה בשם "ארץ השמש העולה"?',explanation='',interesting_fact='יפן ידועה בשם "ארץ השמש העולה" מכיוון שהיא ממוקמת מזרחה ולעתים קרובות מזוהה עם הזריחה.';


INSERT INTO answer_options (question_id, correct_answer, answer_text)
VALUES ('305028101', TRUE, 'יפן') ;

INSERT INTO answer_options (question_id, correct_answer, answer_text)
VALUES ('305028101', FALSE, 'סין');

INSERT INTO answer_options (question_id, correct_answer, answer_text)
VALUES ('305028101', FALSE, 'הוֹדוּ');

INSERT INTO answer_options (question_id, correct_answer, answer_text)
VALUES ('305028101', FALSE, 'בְּרָזִיל');

INSERT INTO questions (question_id, language_id, topic_id, c_grade_id, level, question_text, explanation, interesting_fact)
VALUES ('305028102', 1, 5028, 2, 2, 'איזו עיר ידועה בשם "התפוח הגדול"?', '', 'העיר ניו יורק ידועה בשם "התפוח הגדול" בשל הפופולריות ושפע ההזדמנויות שלה, שאנשים השוו לתפוח גדול ועסיסי.') ON CONFLICT (question_id) DO UPDATE SET language_id = 1 ,topic_id= 5028,c_grade_id =2,level=2,question_text='איזו עיר ידועה בשם "התפוח הגדול"?',explanation='',interesting_fact='העיר ניו יורק ידועה בשם "התפוח הגדול" בשל הפופולריות ושפע ההזדמנויות שלה, שאנשים השוו לתפוח גדול ועסיסי.';


INSERT INTO answer_options (question_id, correct_answer, answer_text)
VALUES ('305028102', TRUE, 'ניו יורק') ;

INSERT INTO answer_options (question_id, correct_answer, answer_text)
VALUES ('305028102', FALSE, 'לוס אנג`לס');

INSERT INTO answer_options (question_id, correct_answer, answer_text)
VALUES ('305028102', FALSE, 'שיקגו');

INSERT INTO answer_options (question_id, correct_answer, answer_text)
VALUES ('305028102', FALSE, 'לונדון');

INSERT INTO questions (question_id, language_id, topic_id, c_grade_id, level, question_text, explanation, interesting_fact)
VALUES ('305028103', 1, 5028, 3, 3, 'איזו מדינה ידועה בשם "ארץ האש והקרח"?', '', 'איסלנד ידועה בשם "ארץ האש והקרח" מכיוון שיש בה מספר רב של הרי געש פעילים (אש) וקרחונים (קרח) המתקיימים במקביל באי.') ON CONFLICT (question_id) DO UPDATE SET language_id = 1 ,topic_id= 5028,c_grade_id =3,level=3,question_text='איזו מדינה ידועה בשם "ארץ האש והקרח"?',explanation='',interesting_fact='איסלנד ידועה בשם "ארץ האש והקרח" מכיוון שיש בה מספר רב של הרי געש פעילים (אש) וקרחונים (קרח) המתקיימים במקביל באי.';


INSERT INTO answer_options (question_id, correct_answer, answer_text)
VALUES ('305028103', TRUE, 'אִיסלַנד') ;

INSERT INTO answer_options (question_id, correct_answer, answer_text)
VALUES ('305028103', FALSE, 'אוֹסטְרַלִיָה');

INSERT INTO answer_options (question_id, correct_answer, answer_text)
VALUES ('305028103', FALSE, 'קנדה');

INSERT INTO answer_options (question_id, correct_answer, answer_text)
VALUES ('305028103', FALSE, 'מִצְרַיִם');

INSERT INTO questions (question_id, language_id, topic_id, c_grade_id, level, question_text, explanation, interesting_fact)
VALUES ('305028104', 1, 5028, 4, 4, 'איזו עיר ידועה בשם "עיר הגשרים"?', '', 'ונציה ידועה בשם "עיר הגשרים" מכיוון שהיא בנויה על יותר מ-100 איים קטנים המחוברים באמצעות תעלות וגשרים רבים.') ON CONFLICT (question_id) DO UPDATE SET language_id = 1 ,topic_id= 5028,c_grade_id =4,level=4,question_text='איזו עיר ידועה בשם "עיר הגשרים"?',explanation='',interesting_fact='ונציה ידועה בשם "עיר הגשרים" מכיוון שהיא בנויה על יותר מ-100 איים קטנים המחוברים באמצעות תעלות וגשרים רבים.';


INSERT INTO answer_options (question_id, correct_answer, answer_text)
VALUES ('305028104', TRUE, 'ונציה') ;

INSERT INTO answer_options (question_id, correct_answer, answer_text)
VALUES ('305028104', FALSE, 'אמסטרדם');

INSERT INTO answer_options (question_id, correct_answer, answer_text)
VALUES ('305028104', FALSE, 'פריז');

INSERT INTO answer_options (question_id, correct_answer, answer_text)
VALUES ('305028104', FALSE, 'לונדון');

INSERT INTO questions (question_id, language_id, topic_id, c_grade_id, level, question_text, explanation, interesting_fact)
VALUES ('305028105', 1, 5028, 5, 5, 'איזו מדינה ידועה בשם "ארץ החופשיים"?', '', 'ארה"ב ידועה בשם "ארץ החופשיים" בשל מחויבותה לחירות הפרט ולדמוקרטיה, כפי שהיא משתקפת בהמנון הלאומי שלה.') ON CONFLICT (question_id) DO UPDATE SET language_id = 1 ,topic_id= 5028,c_grade_id =5,level=5,question_text='איזו מדינה ידועה בשם "ארץ החופשיים"?',explanation='',interesting_fact='ארה"ב ידועה בשם "ארץ החופשיים" בשל מחויבותה לחירות הפרט ולדמוקרטיה, כפי שהיא משתקפת בהמנון הלאומי שלה.';


INSERT INTO answer_options (question_id, correct_answer, answer_text)
VALUES ('305028105', TRUE, 'ארה"ב') ;

INSERT INTO answer_options (question_id, correct_answer, answer_text)
VALUES ('305028105', FALSE, 'קנדה');

INSERT INTO answer_options (question_id, correct_answer, answer_text)
VALUES ('305028105', FALSE, 'אוֹסטְרַלִיָה');

INSERT INTO answer_options (question_id, correct_answer, answer_text)
VALUES ('305028105', FALSE, 'שבדיה');

INSERT INTO questions (question_id, language_id, topic_id, c_grade_id, level, question_text, explanation, interesting_fact)
VALUES ('305029101', 1, 5029, 1, 1, 'מהי תחנת החלל הבינלאומית (ISS)?', '', 'ה-ISS היא חללית גדולה המקיפה את כדור הארץ ומשמשת כמעבדת חלל שבה אסטרונאוטים וקוסמונאוטים ממדינות שונות עורכים מחקר מדעי. היא גם מספקת מגורים לצוות במהלך משימותיהם בחלל. ה-ISS מאוכלס ברציפות מאז נובמבר 2000.') ON CONFLICT (question_id) DO UPDATE SET language_id = 1 ,topic_id= 5029,c_grade_id =1,level=1,question_text='מהי תחנת החלל הבינלאומית (ISS)?',explanation='',interesting_fact='ה-ISS היא חללית גדולה המקיפה את כדור הארץ ומשמשת כמעבדת חלל שבה אסטרונאוטים וקוסמונאוטים ממדינות שונות עורכים מחקר מדעי. היא גם מספקת מגורים לצוות במהלך משימותיהם בחלל. ה-ISS מאוכלס ברציפות מאז נובמבר 2000.';


INSERT INTO answer_options (question_id, correct_answer, answer_text)
VALUES ('305029101', TRUE, 'מעבדת חלל לאסטרונאוטים ומדענים') ;

INSERT INTO answer_options (question_id, correct_answer, answer_text)
VALUES ('305029101', FALSE, 'חללית מיוחדת שנשלחה למאדים');

INSERT INTO answer_options (question_id, correct_answer, answer_text)
VALUES ('305029101', FALSE, 'מלון חלל לתיירים');

INSERT INTO answer_options (question_id, correct_answer, answer_text)
VALUES ('305029101', FALSE, 'לוויין למזג האוויר');

INSERT INTO questions (question_id, language_id, topic_id, c_grade_id, level, question_text, explanation, interesting_fact)
VALUES ('305029102', 1, 5029, 2, 2, 'מה שמה של מעבורת החלל הראשונה ששוגרה אי פעם?', '', 'מעבורת החלל קולומביה הייתה מעבורת החלל הראשונה בצי של נאס"א ועשתה את טיסת הבכורה שלה ב-12 באפריל 1981. תוכנית מעבורות החלל חוללה מהפכה במסעות בחלל, ואיפשרה לשגר אסטרונאוטים ומטענים ולשלוף אותם חזרה. באופן טרגי, קולומביה אבדה במהלך הכניסה המחודשת ב-1 בפברואר 2003.') ON CONFLICT (question_id) DO UPDATE SET language_id = 1 ,topic_id= 5029,c_grade_id =2,level=2,question_text='מה שמה של מעבורת החלל הראשונה ששוגרה אי פעם?',explanation='',interesting_fact='מעבורת החלל קולומביה הייתה מעבורת החלל הראשונה בצי של נאס"א ועשתה את טיסת הבכורה שלה ב-12 באפריל 1981. תוכנית מעבורות החלל חוללה מהפכה במסעות בחלל, ואיפשרה לשגר אסטרונאוטים ומטענים ולשלוף אותם חזרה. באופן טרגי, קולומביה אבדה במהלך הכניסה המחודשת ב-1 בפברואר 2003.';


INSERT INTO answer_options (question_id, correct_answer, answer_text)
VALUES ('305029102', TRUE, 'קולומביה') ;

INSERT INTO answer_options (question_id, correct_answer, answer_text)
VALUES ('305029102', FALSE, 'תַגלִית');

INSERT INTO answer_options (question_id, correct_answer, answer_text)
VALUES ('305029102', FALSE, 'צ`לנג`ר');

INSERT INTO answer_options (question_id, correct_answer, answer_text)
VALUES ('305029102', FALSE, 'אטלנטיס');

INSERT INTO questions (question_id, language_id, topic_id, c_grade_id, level, question_text, explanation, interesting_fact)
VALUES ('305029103', 1, 5029, 3, 3, 'מי היה האסטרונאוט הראשון שטס לחלל והקיף את כדור הארץ?', '', 'ב-12 באפריל 1961, הקוסמונאוט הסובייטי יורי גגרין עשה היסטוריה בכך שהפך לאדם הראשון שנסע לחלל והקיף את כדור הארץ על גבי החללית ווסטוק 1. משימתו נמשכה כ-108 דקות וסימנה אבן דרך חשובה בחקר החלל.') ON CONFLICT (question_id) DO UPDATE SET language_id = 1 ,topic_id= 5029,c_grade_id =3,level=3,question_text='מי היה האסטרונאוט הראשון שטס לחלל והקיף את כדור הארץ?',explanation='',interesting_fact='ב-12 באפריל 1961, הקוסמונאוט הסובייטי יורי גגרין עשה היסטוריה בכך שהפך לאדם הראשון שנסע לחלל והקיף את כדור הארץ על גבי החללית ווסטוק 1. משימתו נמשכה כ-108 דקות וסימנה אבן דרך חשובה בחקר החלל.';


INSERT INTO answer_options (question_id, correct_answer, answer_text)
VALUES ('305029103', TRUE, 'יורי גגרין') ;

INSERT INTO answer_options (question_id, correct_answer, answer_text)
VALUES ('305029103', FALSE, 'ג`יימס ווב');

INSERT INTO answer_options (question_id, correct_answer, answer_text)
VALUES ('305029103', FALSE, 'ניל ארמסטרונג');

INSERT INTO answer_options (question_id, correct_answer, answer_text)
VALUES ('305029103', FALSE, 'אלן שפרד');

INSERT INTO questions (question_id, language_id, topic_id, c_grade_id, level, question_text, explanation, interesting_fact)
VALUES ('305029104', 1, 5029, 4, 4, 'מי מהחיות הבאות מעולם לא יצא לחלל', '', 'כרישים יכולים להצמיח שיניים חדשות במשך כל חייהם') ON CONFLICT (question_id) DO UPDATE SET language_id = 1 ,topic_id= 5029,c_grade_id =4,level=4,question_text='מי מהחיות הבאות מעולם לא יצא לחלל',explanation='',interesting_fact='כרישים יכולים להצמיח שיניים חדשות במשך כל חייהם';


INSERT INTO answer_options (question_id, correct_answer, answer_text)
VALUES ('305029104', TRUE, 'כרישים') ;

INSERT INTO answer_options (question_id, correct_answer, answer_text)
VALUES ('305029104', FALSE, 'זבובי פירות');

INSERT INTO answer_options (question_id, correct_answer, answer_text)
VALUES ('305029104', FALSE, 'קופים');

INSERT INTO answer_options (question_id, correct_answer, answer_text)
VALUES ('305029104', FALSE, 'כלבים');

INSERT INTO questions (question_id, language_id, topic_id, c_grade_id, level, question_text, explanation, interesting_fact)
VALUES ('305029105', 1, 5029, 5, 5, 'מה היה שמה של הכלבה הראשונה שטסה לחלל במסלול סביב כדור הארץ?', '', 'לייקה הייתה כלבה משוטטת מרחובות מוסקבה. ב-3 בנובמבר 1957, על גבי החללית הסובייטית ספוטניק 2, היא הפכה ליצור החי הראשון שנשלח לחלל למסלול סביב כדור הארץ. למרבה הצער, לייקה לא שרדה את המשימה, אך מסעה סלל את דרך לטיסה אנושית בחלל.') ON CONFLICT (question_id) DO UPDATE SET language_id = 1 ,topic_id= 5029,c_grade_id =5,level=5,question_text='מה היה שמה של הכלבה הראשונה שטסה לחלל במסלול סביב כדור הארץ?',explanation='',interesting_fact='לייקה הייתה כלבה משוטטת מרחובות מוסקבה. ב-3 בנובמבר 1957, על גבי החללית הסובייטית ספוטניק 2, היא הפכה ליצור החי הראשון שנשלח לחלל למסלול סביב כדור הארץ. למרבה הצער, לייקה לא שרדה את המשימה, אך מסעה סלל את דרך לטיסה אנושית בחלל.';


INSERT INTO answer_options (question_id, correct_answer, answer_text)
VALUES ('305029105', TRUE, 'לייקה') ;

INSERT INTO answer_options (question_id, correct_answer, answer_text)
VALUES ('305029105', FALSE, 'מיצי');

INSERT INTO answer_options (question_id, correct_answer, answer_text)
VALUES ('305029105', FALSE, 'סאלי');

INSERT INTO answer_options (question_id, correct_answer, answer_text)
VALUES ('305029105', FALSE, 'מושקה');

INSERT INTO questions (question_id, language_id, topic_id, c_grade_id, level, question_text, explanation, interesting_fact)
VALUES ('305030101', 1, 5030, 1, 1, 'מהו חיית הכיס המוכרת ביותר באוסטרליה?', '', 'קנגורו יכול לזנק עד פי שלושה מאורך גופם בניתור אחד.') ON CONFLICT (question_id) DO UPDATE SET language_id = 1 ,topic_id= 5030,c_grade_id =1,level=1,question_text='מהו חיית הכיס המוכרת ביותר באוסטרליה?',explanation='',interesting_fact='קנגורו יכול לזנק עד פי שלושה מאורך גופם בניתור אחד.';


INSERT INTO answer_options (question_id, correct_answer, answer_text)
VALUES ('305030101', TRUE, 'קנגרו') ;

INSERT INTO answer_options (question_id, correct_answer, answer_text)
VALUES ('305030101', FALSE, 'פיל');

INSERT INTO answer_options (question_id, correct_answer, answer_text)
VALUES ('305030101', FALSE, 'אַריֵה');

INSERT INTO answer_options (question_id, correct_answer, answer_text)
VALUES ('305030101', FALSE, 'דוב');

INSERT INTO questions (question_id, language_id, topic_id, c_grade_id, level, question_text, explanation, interesting_fact)
VALUES ('305030102', 1, 5030, 2, 2, 'מה תפקיד הכיס של חיות כיס?', '', 'בכיס מצויות פטמות חלב, שמהן ניתז חלב לפיותיהם של הוולדות הלא-מפותחים.') ON CONFLICT (question_id) DO UPDATE SET language_id = 1 ,topic_id= 5030,c_grade_id =2,level=2,question_text='מה תפקיד הכיס של חיות כיס?',explanation='',interesting_fact='בכיס מצויות פטמות חלב, שמהן ניתז חלב לפיותיהם של הוולדות הלא-מפותחים.';


INSERT INTO answer_options (question_id, correct_answer, answer_text)
VALUES ('305030102', TRUE, 'לגדל בו את הולדות כשהם קטנים') ;

INSERT INTO answer_options (question_id, correct_answer, answer_text)
VALUES ('305030102', FALSE, 'לשמור שם אוכל');

INSERT INTO answer_options (question_id, correct_answer, answer_text)
VALUES ('305030102', FALSE, 'לחמם את הידיים והפנים כשקר מאוד');

INSERT INTO answer_options (question_id, correct_answer, answer_text)
VALUES ('305030102', FALSE, 'כל התשובות נכונות');

INSERT INTO questions (question_id, language_id, topic_id, c_grade_id, level, question_text, explanation, interesting_fact)
VALUES ('305030103', 1, 5030, 3, 3, 'איזה חיית כיס אוסטרלית דומה לקנגורו קטן?', '', 'וואלאבי הם כמו גרסאות קטנות יותר של קנגורו והם גם חיות כיס.') ON CONFLICT (question_id) DO UPDATE SET language_id = 1 ,topic_id= 5030,c_grade_id =3,level=3,question_text='איזה חיית כיס אוסטרלית דומה לקנגורו קטן?',explanation='',interesting_fact='וואלאבי הם כמו גרסאות קטנות יותר של קנגורו והם גם חיות כיס.';


INSERT INTO answer_options (question_id, correct_answer, answer_text)
VALUES ('305030103', TRUE, 'וואלאבי') ;

INSERT INTO answer_options (question_id, correct_answer, answer_text)
VALUES ('305030103', FALSE, 'שד טזמני');

INSERT INTO answer_options (question_id, correct_answer, answer_text)
VALUES ('305030103', FALSE, 'אַנְטִילוֹפָּה');

INSERT INTO answer_options (question_id, correct_answer, answer_text)
VALUES ('305030103', FALSE, 'קואלה');

INSERT INTO questions (question_id, language_id, topic_id, c_grade_id, level, question_text, explanation, interesting_fact)
VALUES ('305030104', 1, 5030, 4, 4, 'איזה חיית כיס ידועה גולשת בין עצים?', '', 'כיסנאי דואה יכול לגלוש למרחקים של מעל 50 מטר בין עצים.') ON CONFLICT (question_id) DO UPDATE SET language_id = 1 ,topic_id= 5030,c_grade_id =4,level=4,question_text='איזה חיית כיס ידועה גולשת בין עצים?',explanation='',interesting_fact='כיסנאי דואה יכול לגלוש למרחקים של מעל 50 מטר בין עצים.';


INSERT INTO answer_options (question_id, correct_answer, answer_text)
VALUES ('305030104', TRUE, 'כיסנאי דואה') ;

INSERT INTO answer_options (question_id, correct_answer, answer_text)
VALUES ('305030104', FALSE, 'נשר');

INSERT INTO answer_options (question_id, correct_answer, answer_text)
VALUES ('305030104', FALSE, 'בַּז');

INSERT INTO answer_options (question_id, correct_answer, answer_text)
VALUES ('305030104', FALSE, 'עטלף');

INSERT INTO questions (question_id, language_id, topic_id, c_grade_id, level, question_text, explanation, interesting_fact)
VALUES ('305030105', 1, 5030, 5, 5, 'איזו חיית כיס ידועה בכך שדווקא הזכר הוא שנושא את הולדות בכיסו?', '', 'השטן הטזמני הוא ייחודי בקרב חיות הכיס שעושה כך') ON CONFLICT (question_id) DO UPDATE SET language_id = 1 ,topic_id= 5030,c_grade_id =5,level=5,question_text='איזו חיית כיס ידועה בכך שדווקא הזכר הוא שנושא את הולדות בכיסו?',explanation='',interesting_fact='השטן הטזמני הוא ייחודי בקרב חיות הכיס שעושה כך';


INSERT INTO answer_options (question_id, correct_answer, answer_text)
VALUES ('305030105', TRUE, 'שד טזמני') ;

INSERT INTO answer_options (question_id, correct_answer, answer_text)
VALUES ('305030105', FALSE, 'קואלה');

INSERT INTO answer_options (question_id, correct_answer, answer_text)
VALUES ('305030105', FALSE, 'בַּרדְלָס');

INSERT INTO answer_options (question_id, correct_answer, answer_text)
VALUES ('305030105', FALSE, 'זְאֵב');

INSERT INTO questions (question_id, language_id, topic_id, c_grade_id, level, question_text, explanation, interesting_fact)
VALUES ('305031101', 1, 5031, 1, 1, 'מיהו מנהיג הכנסייה הקתולית?', '', 'האפיפיור הוא המנהיג הרוחני של הקתולים ברחבי העולם. הוא גר במדינת הותיקן ונושא נאומים למאמינים ממרפסת מפורסמת.') ON CONFLICT (question_id) DO UPDATE SET language_id = 1 ,topic_id= 5031,c_grade_id =1,level=1,question_text='מיהו מנהיג הכנסייה הקתולית?',explanation='',interesting_fact='האפיפיור הוא המנהיג הרוחני של הקתולים ברחבי העולם. הוא גר במדינת הותיקן ונושא נאומים למאמינים ממרפסת מפורסמת.';


INSERT INTO answer_options (question_id, correct_answer, answer_text)
VALUES ('305031101', TRUE, 'אַפִּיפיוֹר') ;

INSERT INTO answer_options (question_id, correct_answer, answer_text)
VALUES ('305031101', FALSE, 'בִּישׁוֹף');

INSERT INTO answer_options (question_id, correct_answer, answer_text)
VALUES ('305031101', FALSE, 'כּוֹמֶר');

INSERT INTO answer_options (question_id, correct_answer, answer_text)
VALUES ('305031101', FALSE, 'נְזִירָה');

INSERT INTO questions (question_id, language_id, topic_id, c_grade_id, level, question_text, explanation, interesting_fact)
VALUES ('305031102', 1, 5031, 2, 2, 'היכן ממוקם המטה הראשי של הכנסייה הקתולית?', '', 'קריית הוותיקן היא עיר-מדינה עצמאית המובלעת בתוך רומא, איטליה.') ON CONFLICT (question_id) DO UPDATE SET language_id = 1 ,topic_id= 5031,c_grade_id =2,level=2,question_text='היכן ממוקם המטה הראשי של הכנסייה הקתולית?',explanation='',interesting_fact='קריית הוותיקן היא עיר-מדינה עצמאית המובלעת בתוך רומא, איטליה.';


INSERT INTO answer_options (question_id, correct_answer, answer_text)
VALUES ('305031102', TRUE, 'מדינת הותיקן') ;

INSERT INTO answer_options (question_id, correct_answer, answer_text)
VALUES ('305031102', FALSE, 'פריז');

INSERT INTO answer_options (question_id, correct_answer, answer_text)
VALUES ('305031102', FALSE, 'לונדון');

INSERT INTO answer_options (question_id, correct_answer, answer_text)
VALUES ('305031102', FALSE, 'ניו יורק');

INSERT INTO questions (question_id, language_id, topic_id, c_grade_id, level, question_text, explanation, interesting_fact)
VALUES ('305031103', 1, 5031, 3, 3, 'איזה ספר/ים נחשב החשוב ביותר בכנסייה הקתולית?', '', 'לפי האמונה הנוצרית כתבי הקודש כוללים את התנ"ך (הברית הישנה) אך גם ספרים נוספים המתארים את נבואותיו של ישו ושליחיו (הברית החדשה)') ON CONFLICT (question_id) DO UPDATE SET language_id = 1 ,topic_id= 5031,c_grade_id =3,level=3,question_text='איזה ספר/ים נחשב החשוב ביותר בכנסייה הקתולית?',explanation='',interesting_fact='לפי האמונה הנוצרית כתבי הקודש כוללים את התנ"ך (הברית הישנה) אך גם ספרים נוספים המתארים את נבואותיו של ישו ושליחיו (הברית החדשה)';


INSERT INTO answer_options (question_id, correct_answer, answer_text)
VALUES ('305031103', TRUE, 'התנ"ך והברית החדשה') ;

INSERT INTO answer_options (question_id, correct_answer, answer_text)
VALUES ('305031103', FALSE, 'הקוראן');

INSERT INTO answer_options (question_id, correct_answer, answer_text)
VALUES ('305031103', FALSE, 'התוֹרָה');

INSERT INTO answer_options (question_id, correct_answer, answer_text)
VALUES ('305031103', FALSE, 'הוודות');

INSERT INTO questions (question_id, language_id, topic_id, c_grade_id, level, question_text, explanation, interesting_fact)
VALUES ('305031104', 1, 5031, 4, 4, 'הכנסייה הקתולית חוגגת את הולדתו של ישו באיזה יום?', '', 'ה-25 בדצמבר נחגג כיום חג המולד. "מולד" מלשון הולדה.') ON CONFLICT (question_id) DO UPDATE SET language_id = 1 ,topic_id= 5031,c_grade_id =4,level=4,question_text='הכנסייה הקתולית חוגגת את הולדתו של ישו באיזה יום?',explanation='',interesting_fact='ה-25 בדצמבר נחגג כיום חג המולד. "מולד" מלשון הולדה.';


INSERT INTO answer_options (question_id, correct_answer, answer_text)
VALUES ('305031104', TRUE, '25 בדצמבר') ;

INSERT INTO answer_options (question_id, correct_answer, answer_text)
VALUES ('305031104', FALSE, '31 בדצמבר');

INSERT INTO answer_options (question_id, correct_answer, answer_text)
VALUES ('305031104', FALSE, '1 בינואר');

INSERT INTO answer_options (question_id, correct_answer, answer_text)
VALUES ('305031104', FALSE, 'בחג הפסחא');

INSERT INTO questions (question_id, language_id, topic_id, c_grade_id, level, question_text, explanation, interesting_fact)
VALUES ('305031105', 1, 5031, 5, 5, 'היכן בילה ישו את ילדותו ואת חייו הבוגרים המוקדמים?', '', 'נצרת היא גם המקום שבו ע"פ הנצרות הכריז המלאך גבריאל למרים על הולדתו הצפויה של ישו.') ON CONFLICT (question_id) DO UPDATE SET language_id = 1 ,topic_id= 5031,c_grade_id =5,level=5,question_text='היכן בילה ישו את ילדותו ואת חייו הבוגרים המוקדמים?',explanation='',interesting_fact='נצרת היא גם המקום שבו ע"פ הנצרות הכריז המלאך גבריאל למרים על הולדתו הצפויה של ישו.';


INSERT INTO answer_options (question_id, correct_answer, answer_text)
VALUES ('305031105', TRUE, 'נצרת') ;

INSERT INTO answer_options (question_id, correct_answer, answer_text)
VALUES ('305031105', FALSE, 'בית לחם');

INSERT INTO answer_options (question_id, correct_answer, answer_text)
VALUES ('305031105', FALSE, 'ירושלים');

INSERT INTO answer_options (question_id, correct_answer, answer_text)
VALUES ('305031105', FALSE, 'כפר נחום');

INSERT INTO questions (question_id, language_id, topic_id, c_grade_id, level, question_text, explanation, interesting_fact)
VALUES ('305032101', 1, 5032, 1, 1, 'באיזה רומן איטלקי תמצאו בובת עץ שרוצה להיות ילד אמיתי?', '', '"פינוקיו" הוא סיפור ילדים קלאסי שנכתב על ידי קרלו קולודי.') ON CONFLICT (question_id) DO UPDATE SET language_id = 1 ,topic_id= 5032,c_grade_id =1,level=1,question_text='באיזה רומן איטלקי תמצאו בובת עץ שרוצה להיות ילד אמיתי?',explanation='',interesting_fact='"פינוקיו" הוא סיפור ילדים קלאסי שנכתב על ידי קרלו קולודי.';


INSERT INTO answer_options (question_id, correct_answer, answer_text)
VALUES ('305032101', TRUE, 'פינוקיו') ;

INSERT INTO answer_options (question_id, correct_answer, answer_text)
VALUES ('305032101', FALSE, 'רומאו ויוליה');

INSERT INTO answer_options (question_id, correct_answer, answer_text)
VALUES ('305032101', FALSE, 'שם הוורד');

INSERT INTO answer_options (question_id, correct_answer, answer_text)
VALUES ('305032101', FALSE, 'סינדרלה');

INSERT INTO questions (question_id, language_id, topic_id, c_grade_id, level, question_text, explanation, interesting_fact)
VALUES ('305032102', 1, 5032, 2, 2, 'מי הילד שמעולם לא גדל, וחי בארץ "לעולם לא"?', '', 'פיטר פן הוא דמות בדיונית שנוצרה על ידי הסופר J.M. Barrie. הוא ידוע כמי שחי בעולם הקסום שבו ילדים לעולם לא גדלים. בארץ לעולם לא, פיטר פן מוביל קבוצה של נערים אבודים ועוסק בהרפתקאות, נלחם בפיראטים ונתקל בפיות. פיטר פן הופיע לראשונה ברומן "הציפור הלבנה הקטנה" משנת 1902.') ON CONFLICT (question_id) DO UPDATE SET language_id = 1 ,topic_id= 5032,c_grade_id =2,level=2,question_text='מי הילד שמעולם לא גדל, וחי בארץ "לעולם לא"?',explanation='',interesting_fact='פיטר פן הוא דמות בדיונית שנוצרה על ידי הסופר J.M. Barrie. הוא ידוע כמי שחי בעולם הקסום שבו ילדים לעולם לא גדלים. בארץ לעולם לא, פיטר פן מוביל קבוצה של נערים אבודים ועוסק בהרפתקאות, נלחם בפיראטים ונתקל בפיות. פיטר פן הופיע לראשונה ברומן "הציפור הלבנה הקטנה" משנת 1902.';


INSERT INTO answer_options (question_id, correct_answer, answer_text)
VALUES ('305032102', TRUE, 'פיטר פן') ;

INSERT INTO answer_options (question_id, correct_answer, answer_text)
VALUES ('305032102', FALSE, 'הארי פוטר');

INSERT INTO answer_options (question_id, correct_answer, answer_text)
VALUES ('305032102', FALSE, 'ווילי וונקה');

INSERT INTO answer_options (question_id, correct_answer, answer_text)
VALUES ('305032102', FALSE, 'אוליבר טוויסט');

INSERT INTO questions (question_id, language_id, topic_id, c_grade_id, level, question_text, explanation, interesting_fact)
VALUES ('305032103', 1, 5032, 3, 3, 'מי נועלת נעל זכוכית לנשף מלכותי אבל חייבת לצאת לפני חצות?', '', 'בליל הנשף הקסום על סינדרלה לעזוב לפני שהכרכרה שלה תהפוך בחזרה לדלעת.') ON CONFLICT (question_id) DO UPDATE SET language_id = 1 ,topic_id= 5032,c_grade_id =3,level=3,question_text='מי נועלת נעל זכוכית לנשף מלכותי אבל חייבת לצאת לפני חצות?',explanation='',interesting_fact='בליל הנשף הקסום על סינדרלה לעזוב לפני שהכרכרה שלה תהפוך בחזרה לדלעת.';


INSERT INTO answer_options (question_id, correct_answer, answer_text)
VALUES ('305032103', TRUE, 'לִכלוּכִית (סינדרלה)') ;

INSERT INTO answer_options (question_id, correct_answer, answer_text)
VALUES ('305032103', FALSE, 'שלגיה');

INSERT INTO answer_options (question_id, correct_answer, answer_text)
VALUES ('305032103', FALSE, 'היְפֵהפִיָה הנרדמת');

INSERT INTO answer_options (question_id, correct_answer, answer_text)
VALUES ('305032103', FALSE, 'אריאל');

INSERT INTO questions (question_id, language_id, topic_id, c_grade_id, level, question_text, explanation, interesting_fact)
VALUES ('305032104', 1, 5032, 4, 4, 'באיזה רומן מופיעה דמות בשם קפטן אחאב המנסה לצוד לוויתן ענק?', '', 'מובי-דיק הוא רומן מאת הרמן מלוויל על האובססיה של קפטן ספינה לצוד לווייתן לבן.') ON CONFLICT (question_id) DO UPDATE SET language_id = 1 ,topic_id= 5032,c_grade_id =4,level=4,question_text='באיזה רומן מופיעה דמות בשם קפטן אחאב המנסה לצוד לוויתן ענק?',explanation='',interesting_fact='מובי-דיק הוא רומן מאת הרמן מלוויל על האובססיה של קפטן ספינה לצוד לווייתן לבן.';


INSERT INTO answer_options (question_id, correct_answer, answer_text)
VALUES ('305032104', TRUE, 'מובי-דיק') ;

INSERT INTO answer_options (question_id, correct_answer, answer_text)
VALUES ('305032104', FALSE, 'אוליבר טוויסט');

INSERT INTO answer_options (question_id, correct_answer, answer_text)
VALUES ('305032104', FALSE, 'מלחמה ושלום');

INSERT INTO answer_options (question_id, correct_answer, answer_text)
VALUES ('305032104', FALSE, 'גטסבי הגדול');

INSERT INTO questions (question_id, language_id, topic_id, c_grade_id, level, question_text, explanation, interesting_fact)
VALUES ('305032105', 1, 5032, 5, 5, 'מי היא הנסיכה שאוכלת תפוח מורעל ונכנסת לשינה עמוקה?', '', 'שלגיה היא אגדה שהפכה לפופולרית על ידי האחים גרים.') ON CONFLICT (question_id) DO UPDATE SET language_id = 1 ,topic_id= 5032,c_grade_id =5,level=5,question_text='מי היא הנסיכה שאוכלת תפוח מורעל ונכנסת לשינה עמוקה?',explanation='',interesting_fact='שלגיה היא אגדה שהפכה לפופולרית על ידי האחים גרים.';


INSERT INTO answer_options (question_id, correct_answer, answer_text)
VALUES ('305032105', TRUE, 'שלגיה') ;

INSERT INTO answer_options (question_id, correct_answer, answer_text)
VALUES ('305032105', FALSE, 'היפיפייה הנרדמת');

INSERT INTO answer_options (question_id, correct_answer, answer_text)
VALUES ('305032105', FALSE, 'רפונזל');

INSERT INTO answer_options (question_id, correct_answer, answer_text)
VALUES ('305032105', FALSE, 'לִכלוּכִית (סינדרלה)');

INSERT INTO questions (question_id, language_id, topic_id, c_grade_id, level, question_text, explanation, interesting_fact)
VALUES ('305033101', 1, 5033, 1, 1, 'באיזו מדינה נוסד פרס נובל?', '', 'פרס נובל הוקם על פי צוואתו של אלפרד נובל, ממציא שוודי, שהמציא בין היתר את חומר הנפץ דינמיט.') ON CONFLICT (question_id) DO UPDATE SET language_id = 1 ,topic_id= 5033,c_grade_id =1,level=1,question_text='באיזו מדינה נוסד פרס נובל?',explanation='',interesting_fact='פרס נובל הוקם על פי צוואתו של אלפרד נובל, ממציא שוודי, שהמציא בין היתר את חומר הנפץ דינמיט.';


INSERT INTO answer_options (question_id, correct_answer, answer_text)
VALUES ('305033101', TRUE, 'שבדיה') ;

INSERT INTO answer_options (question_id, correct_answer, answer_text)
VALUES ('305033101', FALSE, 'ארה"ב');

INSERT INTO answer_options (question_id, correct_answer, answer_text)
VALUES ('305033101', FALSE, 'בְּרִיטַנִיָה');

INSERT INTO answer_options (question_id, correct_answer, answer_text)
VALUES ('305033101', FALSE, 'צָרְפַת');

INSERT INTO questions (question_id, language_id, topic_id, c_grade_id, level, question_text, explanation, interesting_fact)
VALUES ('305033102', 1, 5033, 2, 2, 'איזו מהבאות אינה קטגוריה לפרסי נובל?', '', 'פרסי נובל אינם כוללים פרסי משחק.') ON CONFLICT (question_id) DO UPDATE SET language_id = 1 ,topic_id= 5033,c_grade_id =2,level=2,question_text='איזו מהבאות אינה קטגוריה לפרסי נובל?',explanation='',interesting_fact='פרסי נובל אינם כוללים פרסי משחק.';


INSERT INTO answer_options (question_id, correct_answer, answer_text)
VALUES ('305033102', TRUE, 'השחקן הטוב ביותר') ;

INSERT INTO answer_options (question_id, correct_answer, answer_text)
VALUES ('305033102', FALSE, 'שָׁלוֹם');

INSERT INTO answer_options (question_id, correct_answer, answer_text)
VALUES ('305033102', FALSE, 'סִפְרוּת');

INSERT INTO answer_options (question_id, correct_answer, answer_text)
VALUES ('305033102', FALSE, 'פיזיקה');

INSERT INTO questions (question_id, language_id, topic_id, c_grade_id, level, question_text, explanation, interesting_fact)
VALUES ('305033103', 1, 5033, 3, 3, 'על איזו המצאה מוכר בעיקר אלפרד נובל?', '', 'אלפרד נובל ידוע בעיקר בזכות המצאת הדינמיט שנועדה להקל על הכריה במכרות') ON CONFLICT (question_id) DO UPDATE SET language_id = 1 ,topic_id= 5033,c_grade_id =3,level=3,question_text='על איזו המצאה מוכר בעיקר אלפרד נובל?',explanation='',interesting_fact='אלפרד נובל ידוע בעיקר בזכות המצאת הדינמיט שנועדה להקל על הכריה במכרות';


INSERT INTO answer_options (question_id, correct_answer, answer_text)
VALUES ('305033103', TRUE, 'דִינָמִיט') ;

INSERT INTO answer_options (question_id, correct_answer, answer_text)
VALUES ('305033103', FALSE, 'טֵלֶסקוֹפּ');

INSERT INTO answer_options (question_id, correct_answer, answer_text)
VALUES ('305033103', FALSE, 'מטוס');

INSERT INTO answer_options (question_id, correct_answer, answer_text)
VALUES ('305033103', FALSE, 'נורה');

INSERT INTO questions (question_id, language_id, topic_id, c_grade_id, level, question_text, explanation, interesting_fact)
VALUES ('305033104', 1, 5033, 4, 4, 'באיזו שנה הוענקו לראשונה פרסי נובל?', '', 'פרסי נובל הראשונים הוענקו בשנת 1901.') ON CONFLICT (question_id) DO UPDATE SET language_id = 1 ,topic_id= 5033,c_grade_id =4,level=4,question_text='באיזו שנה הוענקו לראשונה פרסי נובל?',explanation='',interesting_fact='פרסי נובל הראשונים הוענקו בשנת 1901.';


INSERT INTO answer_options (question_id, correct_answer, answer_text)
VALUES ('305033104', TRUE, '1901') ;

INSERT INTO answer_options (question_id, correct_answer, answer_text)
VALUES ('305033104', FALSE, '1888');

INSERT INTO answer_options (question_id, correct_answer, answer_text)
VALUES ('305033104', FALSE, '1920');

INSERT INTO answer_options (question_id, correct_answer, answer_text)
VALUES ('305033104', FALSE, '1945');

INSERT INTO questions (question_id, language_id, topic_id, c_grade_id, level, question_text, explanation, interesting_fact)
VALUES ('305033105', 1, 5033, 5, 5, 'מדוע לא הוענק פרס נובל בקטגוריות שונות בשנים 1940-1942?', '', 'מלחמת העולם השנייה מנעה את התכנסות ועדות נובל כדי להחליט על זוכי פרס.') ON CONFLICT (question_id) DO UPDATE SET language_id = 1 ,topic_id= 5033,c_grade_id =5,level=5,question_text='מדוע לא הוענק פרס נובל בקטגוריות שונות בשנים 1940-1942?',explanation='',interesting_fact='מלחמת העולם השנייה מנעה את התכנסות ועדות נובל כדי להחליט על זוכי פרס.';


INSERT INTO answer_options (question_id, correct_answer, answer_text)
VALUES ('305033105', TRUE, 'מלחמת העולם השנייה') ;

INSERT INTO answer_options (question_id, correct_answer, answer_text)
VALUES ('305033105', FALSE, 'האטה כלכלית');

INSERT INTO answer_options (question_id, correct_answer, answer_text)
VALUES ('305033105', FALSE, 'שינויים ארגוניים');

INSERT INTO answer_options (question_id, correct_answer, answer_text)
VALUES ('305033105', FALSE, 'מחסור במועמדים מתאימים');

INSERT INTO questions (question_id, language_id, topic_id, c_grade_id, level, question_text, explanation, interesting_fact)
VALUES ('305034101', 1, 5034, 1, 1, 'באיזה אוקיינוס נמצא מפרץ פרל הארבור שבאי הוואי?', '', 'בפרל הארבור תקפו היפנים את הצי האמריקאי ב 1941. אירוע זה גרם לארצות הברית להצטרף למלחמת העולם השנייה.') ON CONFLICT (question_id) DO UPDATE SET language_id = 1 ,topic_id= 5034,c_grade_id =1,level=1,question_text='באיזה אוקיינוס נמצא מפרץ פרל הארבור שבאי הוואי?',explanation='',interesting_fact='בפרל הארבור תקפו היפנים את הצי האמריקאי ב 1941. אירוע זה גרם לארצות הברית להצטרף למלחמת העולם השנייה.';


INSERT INTO answer_options (question_id, correct_answer, answer_text)
VALUES ('305034101', TRUE, 'האוקיינוס השקט') ;

INSERT INTO answer_options (question_id, correct_answer, answer_text)
VALUES ('305034101', FALSE, 'האוקיינוס האטלנטי');

INSERT INTO answer_options (question_id, correct_answer, answer_text)
VALUES ('305034101', FALSE, 'האוקיינוס ההודי');

INSERT INTO answer_options (question_id, correct_answer, answer_text)
VALUES ('305034101', FALSE, 'האוקיינוס הארקטי');

INSERT INTO questions (question_id, language_id, topic_id, c_grade_id, level, question_text, explanation, interesting_fact)
VALUES ('305034102', 1, 5034, 2, 2, 'איזה ים סובב את האי סיציליה?', '', 'האי סיציליה ממוקם בים התיכון. בסיציליה נמצא הר אתנה, אחד מהרי הגעש הפעילים בעולם, וגם הר הגעש הגבוה באירופה. תיירים מבקרים בהר הגעש כדי לחזות בפעילותו ולחקור את שדות הלבה והמכתשים.') ON CONFLICT (question_id) DO UPDATE SET language_id = 1 ,topic_id= 5034,c_grade_id =2,level=2,question_text='איזה ים סובב את האי סיציליה?',explanation='',interesting_fact='האי סיציליה ממוקם בים התיכון. בסיציליה נמצא הר אתנה, אחד מהרי הגעש הפעילים בעולם, וגם הר הגעש הגבוה באירופה. תיירים מבקרים בהר הגעש כדי לחזות בפעילותו ולחקור את שדות הלבה והמכתשים.';


INSERT INTO answer_options (question_id, correct_answer, answer_text)
VALUES ('305034102', TRUE, 'הים התיכון') ;

INSERT INTO answer_options (question_id, correct_answer, answer_text)
VALUES ('305034102', FALSE, 'ים סוף');

INSERT INTO answer_options (question_id, correct_answer, answer_text)
VALUES ('305034102', FALSE, 'הים השחור');

INSERT INTO answer_options (question_id, correct_answer, answer_text)
VALUES ('305034102', FALSE, 'הים הכספי');

INSERT INTO questions (question_id, language_id, topic_id, c_grade_id, level, question_text, explanation, interesting_fact)
VALUES ('305034103', 1, 5034, 3, 3, 'איזה אוקיינוס מקיף את האי מדגסקר?', '', 'האי מדגסקר מוקף באוקיינוס ההודי. הוא התנתק מיבשת אפריקה לפני כ 150 מיליון שנה ולכן יש עליו חיות שהתפתחו שם ואין בשום מקום אחר.') ON CONFLICT (question_id) DO UPDATE SET language_id = 1 ,topic_id= 5034,c_grade_id =3,level=3,question_text='איזה אוקיינוס מקיף את האי מדגסקר?',explanation='',interesting_fact='האי מדגסקר מוקף באוקיינוס ההודי. הוא התנתק מיבשת אפריקה לפני כ 150 מיליון שנה ולכן יש עליו חיות שהתפתחו שם ואין בשום מקום אחר.';


INSERT INTO answer_options (question_id, correct_answer, answer_text)
VALUES ('305034103', TRUE, 'האוקיינוס ההודי') ;

INSERT INTO answer_options (question_id, correct_answer, answer_text)
VALUES ('305034103', FALSE, 'האוקיינוס האטלנטי');

INSERT INTO answer_options (question_id, correct_answer, answer_text)
VALUES ('305034103', FALSE, 'האוקיינוס הדרומי');

INSERT INTO answer_options (question_id, correct_answer, answer_text)
VALUES ('305034103', FALSE, 'האוקיינוס הארקטי');

INSERT INTO questions (question_id, language_id, topic_id, c_grade_id, level, question_text, explanation, interesting_fact)
VALUES ('305034104', 1, 5034, 4, 4, 'באיזה אוקיינוס נמצא האי איסלנד?', '', 'האי איסלנד ממוקם בצפון האוקיינוס האטלנטי, ליד החוג הארקטי.') ON CONFLICT (question_id) DO UPDATE SET language_id = 1 ,topic_id= 5034,c_grade_id =4,level=4,question_text='באיזה אוקיינוס נמצא האי איסלנד?',explanation='',interesting_fact='האי איסלנד ממוקם בצפון האוקיינוס האטלנטי, ליד החוג הארקטי.';


INSERT INTO answer_options (question_id, correct_answer, answer_text)
VALUES ('305034104', TRUE, 'האוקיינוס האטלנטי') ;

INSERT INTO answer_options (question_id, correct_answer, answer_text)
VALUES ('305034104', FALSE, 'האוקיינוס השקט');

INSERT INTO answer_options (question_id, correct_answer, answer_text)
VALUES ('305034104', FALSE, 'האוקיינוס ההודי');

INSERT INTO answer_options (question_id, correct_answer, answer_text)
VALUES ('305034104', FALSE, 'האוקיינוס הארקטי');

INSERT INTO questions (question_id, language_id, topic_id, c_grade_id, level, question_text, explanation, interesting_fact)
VALUES ('305034105', 1, 5034, 5, 5, 'איי גלפגוס הם חלק מאיזה אוקיינוס?', '', 'איי גלפגוס ממוקמים במזרח האוקיינוס השקט, מול חופי אקוודור.') ON CONFLICT (question_id) DO UPDATE SET language_id = 1 ,topic_id= 5034,c_grade_id =5,level=5,question_text='איי גלפגוס הם חלק מאיזה אוקיינוס?',explanation='',interesting_fact='איי גלפגוס ממוקמים במזרח האוקיינוס השקט, מול חופי אקוודור.';


INSERT INTO answer_options (question_id, correct_answer, answer_text)
VALUES ('305034105', TRUE, 'האוקיינוס השקט') ;

INSERT INTO answer_options (question_id, correct_answer, answer_text)
VALUES ('305034105', FALSE, 'האוקיינוס האטלנטי');

INSERT INTO answer_options (question_id, correct_answer, answer_text)
VALUES ('305034105', FALSE, 'האוקיינוס ההודי');

INSERT INTO answer_options (question_id, correct_answer, answer_text)
VALUES ('305034105', FALSE, 'האוקיינוס הדרומי');

INSERT INTO questions (question_id, language_id, topic_id, c_grade_id, level, question_text, explanation, interesting_fact)
VALUES ('305035101', 1, 5035, 1, 1, 'טקס הענקת פרס נובל לשלום, בניגוד לטקסי נובל אחרים, מתקיים באיזו עיר?', '', 'טקס הענקת פרס נובל לשלום מתקיים בנורבגיה ולא בשבדיה') ON CONFLICT (question_id) DO UPDATE SET language_id = 1 ,topic_id= 5035,c_grade_id =1,level=1,question_text='טקס הענקת פרס נובל לשלום, בניגוד לטקסי נובל אחרים, מתקיים באיזו עיר?',explanation='',interesting_fact='טקס הענקת פרס נובל לשלום מתקיים בנורבגיה ולא בשבדיה';


INSERT INTO answer_options (question_id, correct_answer, answer_text)
VALUES ('305035101', TRUE, 'אוסלו') ;

INSERT INTO answer_options (question_id, correct_answer, answer_text)
VALUES ('305035101', FALSE, 'שטוקהולם');

INSERT INTO answer_options (question_id, correct_answer, answer_text)
VALUES ('305035101', FALSE, 'ז`נבה');

INSERT INTO answer_options (question_id, correct_answer, answer_text)
VALUES ('305035101', FALSE, 'קופנהגן');

INSERT INTO questions (question_id, language_id, topic_id, c_grade_id, level, question_text, explanation, interesting_fact)
VALUES ('305035102', 1, 5035, 2, 2, 'איזה מנהיג שחור זכה בפרס נובל לשלום ב-1964 על תרומתו לזכויות האזרח?', '', 'מרטין לותר קינג ג`וניור זכה להכרה במאבקו הלא אלים למען זכויות האזרח.') ON CONFLICT (question_id) DO UPDATE SET language_id = 1 ,topic_id= 5035,c_grade_id =2,level=2,question_text='איזה מנהיג שחור זכה בפרס נובל לשלום ב-1964 על תרומתו לזכויות האזרח?',explanation='',interesting_fact='מרטין לותר קינג ג`וניור זכה להכרה במאבקו הלא אלים למען זכויות האזרח.';


INSERT INTO answer_options (question_id, correct_answer, answer_text)
VALUES ('305035102', TRUE, 'מרטין לות`ר קינג ג`וניור.') ;

INSERT INTO answer_options (question_id, correct_answer, answer_text)
VALUES ('305035102', FALSE, 'וינסטון צ`רצ`יל');

INSERT INTO answer_options (question_id, correct_answer, answer_text)
VALUES ('305035102', FALSE, 'נלסון מנדלה');

INSERT INTO answer_options (question_id, correct_answer, answer_text)
VALUES ('305035102', FALSE, 'מהטמה גנדי');

INSERT INTO questions (question_id, language_id, topic_id, c_grade_id, level, question_text, explanation, interesting_fact)
VALUES ('305035103', 1, 5035, 3, 3, 'איזה נשיא ארה"ב זכה בפרס נובל לשלום ב-2009 עוד באותה השנה בה נבחר לתפקיד?', '', 'ברק אובמה זכה בפרס על מאמציו לחזק את הדיפלומטיה הבינלאומית.') ON CONFLICT (question_id) DO UPDATE SET language_id = 1 ,topic_id= 5035,c_grade_id =3,level=3,question_text='איזה נשיא ארה"ב זכה בפרס נובל לשלום ב-2009 עוד באותה השנה בה נבחר לתפקיד?',explanation='',interesting_fact='ברק אובמה זכה בפרס על מאמציו לחזק את הדיפלומטיה הבינלאומית.';


INSERT INTO answer_options (question_id, correct_answer, answer_text)
VALUES ('305035103', TRUE, 'ברק אובמה') ;

INSERT INTO answer_options (question_id, correct_answer, answer_text)
VALUES ('305035103', FALSE, 'ג`ורג` וו. בוש');

INSERT INTO answer_options (question_id, correct_answer, answer_text)
VALUES ('305035103', FALSE, 'ביל קלינטון');

INSERT INTO answer_options (question_id, correct_answer, answer_text)
VALUES ('305035103', FALSE, 'רונלד רייגן');

INSERT INTO questions (question_id, language_id, topic_id, c_grade_id, level, question_text, explanation, interesting_fact)
VALUES ('305035104', 1, 5035, 4, 4, 'מי האדם הראשון שזכה בפרס נובל לשלום?', '', 'למרות שזה נקרא הצלב האדום יש לזה יותר צורה של + (פלוס)') ON CONFLICT (question_id) DO UPDATE SET language_id = 1 ,topic_id= 5035,c_grade_id =4,level=4,question_text='מי האדם הראשון שזכה בפרס נובל לשלום?',explanation='',interesting_fact='למרות שזה נקרא הצלב האדום יש לזה יותר צורה של + (פלוס)';


INSERT INTO answer_options (question_id, correct_answer, answer_text)
VALUES ('305035104', TRUE, 'מקים ארגון הצלב האדום') ;

INSERT INTO answer_options (question_id, correct_answer, answer_text)
VALUES ('305035104', FALSE, 'מקים תחנת החלל הבינלאומית');

INSERT INTO answer_options (question_id, correct_answer, answer_text)
VALUES ('305035104', FALSE, 'מקים ארגון האומות המאוחדות');

INSERT INTO answer_options (question_id, correct_answer, answer_text)
VALUES ('305035104', FALSE, 'מקים ארגון Black Lives Mater');

INSERT INTO questions (question_id, language_id, topic_id, c_grade_id, level, question_text, explanation, interesting_fact)
VALUES ('305035105', 1, 5035, 5, 5, 'מיהו חתן פרס נובל הצעיר ביותר אי פעם, שזכה בפרס השלום בגיל 17?', '', 'מלאלה יוספזאי ידועה בתמיכה שלה בחינוך בנות בפקיסטן.') ON CONFLICT (question_id) DO UPDATE SET language_id = 1 ,topic_id= 5035,c_grade_id =5,level=5,question_text='מיהו חתן פרס נובל הצעיר ביותר אי פעם, שזכה בפרס השלום בגיל 17?',explanation='',interesting_fact='מלאלה יוספזאי ידועה בתמיכה שלה בחינוך בנות בפקיסטן.';


INSERT INTO answer_options (question_id, correct_answer, answer_text)
VALUES ('305035105', TRUE, 'מלאלה יוספזאי') ;

INSERT INTO answer_options (question_id, correct_answer, answer_text)
VALUES ('305035105', FALSE, 'אנה פרנק');

INSERT INTO answer_options (question_id, correct_answer, answer_text)
VALUES ('305035105', FALSE, 'סברן קוליס-סוזוקי');

INSERT INTO answer_options (question_id, correct_answer, answer_text)
VALUES ('305035105', FALSE, 'גרטה תונברג');

INSERT INTO questions (question_id, language_id, topic_id, c_grade_id, level, question_text, explanation, interesting_fact)
VALUES ('305036101', 1, 5036, 1, 1, 'איזו מהשפות הללו כתובה מימין לשמאל?', '', 'כתב ערבי נכתב מימין לשמאל כמו עברית') ON CONFLICT (question_id) DO UPDATE SET language_id = 1 ,topic_id= 5036,c_grade_id =1,level=1,question_text='איזו מהשפות הללו כתובה מימין לשמאל?',explanation='',interesting_fact='כתב ערבי נכתב מימין לשמאל כמו עברית';


INSERT INTO answer_options (question_id, correct_answer, answer_text)
VALUES ('305036101', TRUE, 'ערבית') ;

INSERT INTO answer_options (question_id, correct_answer, answer_text)
VALUES ('305036101', FALSE, 'אנגלית');

INSERT INTO answer_options (question_id, correct_answer, answer_text)
VALUES ('305036101', FALSE, 'ספרדית');

INSERT INTO answer_options (question_id, correct_answer, answer_text)
VALUES ('305036101', FALSE, 'רוּסִית');

INSERT INTO questions (question_id, language_id, topic_id, c_grade_id, level, question_text, explanation, interesting_fact)
VALUES ('305036102', 1, 5036, 2, 2, 'באיזו שפה נכתבים רבים מהביטויים המדעיים בביולגיה?', '', 'הלטינית אינה מדוברת במקור אלא משמשת בעיקר בהקשרים מדעיים, משפטיים ודתיים.') ON CONFLICT (question_id) DO UPDATE SET language_id = 1 ,topic_id= 5036,c_grade_id =2,level=2,question_text='באיזו שפה נכתבים רבים מהביטויים המדעיים בביולגיה?',explanation='',interesting_fact='הלטינית אינה מדוברת במקור אלא משמשת בעיקר בהקשרים מדעיים, משפטיים ודתיים.';


INSERT INTO answer_options (question_id, correct_answer, answer_text)
VALUES ('305036102', TRUE, 'לָטִינִית') ;

INSERT INTO answer_options (question_id, correct_answer, answer_text)
VALUES ('305036102', FALSE, 'אִיטַלְקִית');

INSERT INTO answer_options (question_id, correct_answer, answer_text)
VALUES ('305036102', FALSE, 'סוואהילית');

INSERT INTO answer_options (question_id, correct_answer, answer_text)
VALUES ('305036102', FALSE, 'סִינִית');

INSERT INTO questions (question_id, language_id, topic_id, c_grade_id, level, question_text, explanation, interesting_fact)
VALUES ('305036103', 1, 5036, 3, 3, 'מה מקור האות א` (אלף) בעברית?', '', 'בזמן קדם, הצורה של האות א` היתה ממש דומה לראש של שור.') ON CONFLICT (question_id) DO UPDATE SET language_id = 1 ,topic_id= 5036,c_grade_id =3,level=3,question_text='מה מקור האות א` (אלף) בעברית?',explanation='',interesting_fact='בזמן קדם, הצורה של האות א` היתה ממש דומה לראש של שור.';


INSERT INTO answer_options (question_id, correct_answer, answer_text)
VALUES ('305036103', TRUE, 'אות המזכירה שור') ;

INSERT INTO answer_options (question_id, correct_answer, answer_text)
VALUES ('305036103', FALSE, 'שיבוש של האות A');

INSERT INTO answer_options (question_id, correct_answer, answer_text)
VALUES ('305036103', FALSE, 'אות המזכירה את הספרה 1');

INSERT INTO answer_options (question_id, correct_answer, answer_text)
VALUES ('305036103', FALSE, 'אות המזכירה את האל');

INSERT INTO questions (question_id, language_id, topic_id, c_grade_id, level, question_text, explanation, interesting_fact)
VALUES ('305036104', 1, 5036, 4, 4, 'איזו שפה משתמשת במערכת אותיות הידועה בשם "קירילית"?', '', 'רוסית ועוד כמה שפות סלאביות משתמשות בכתב הקירילי.') ON CONFLICT (question_id) DO UPDATE SET language_id = 1 ,topic_id= 5036,c_grade_id =4,level=4,question_text='איזו שפה משתמשת במערכת אותיות הידועה בשם "קירילית"?',explanation='',interesting_fact='רוסית ועוד כמה שפות סלאביות משתמשות בכתב הקירילי.';


INSERT INTO answer_options (question_id, correct_answer, answer_text)
VALUES ('305036104', TRUE, 'רוּסִית') ;

INSERT INTO answer_options (question_id, correct_answer, answer_text)
VALUES ('305036104', FALSE, 'אִיטַלְקִית');

INSERT INTO answer_options (question_id, correct_answer, answer_text)
VALUES ('305036104', FALSE, 'יַפָּנִית');

INSERT INTO answer_options (question_id, correct_answer, answer_text)
VALUES ('305036104', FALSE, 'עֲרָבִית');

INSERT INTO questions (question_id, language_id, topic_id, c_grade_id, level, question_text, explanation, interesting_fact)
VALUES ('305036105', 1, 5036, 5, 5, 'באיזו שפה משתמשים לייצוג מידע עם שתי אפשרויות בלבד, לעתים קרובות 0 ו-1?', '', 'קוד בינארי הוא השפה הבסיסית של מחשבים. הכל למעשה מיוצג ברצפים של 0 ו- 1. דולק או לא דולק.') ON CONFLICT (question_id) DO UPDATE SET language_id = 1 ,topic_id= 5036,c_grade_id =5,level=5,question_text='באיזו שפה משתמשים לייצוג מידע עם שתי אפשרויות בלבד, לעתים קרובות 0 ו-1?',explanation='',interesting_fact='קוד בינארי הוא השפה הבסיסית של מחשבים. הכל למעשה מיוצג ברצפים של 0 ו- 1. דולק או לא דולק.';


INSERT INTO answer_options (question_id, correct_answer, answer_text)
VALUES ('305036105', TRUE, 'בינארית') ;

INSERT INTO answer_options (question_id, correct_answer, answer_text)
VALUES ('305036105', FALSE, 'שפת C++');

INSERT INTO answer_options (question_id, correct_answer, answer_text)
VALUES ('305036105', FALSE, 'קומפיילר');

INSERT INTO answer_options (question_id, correct_answer, answer_text)
VALUES ('305036105', FALSE, 'שפה דוּ לְשׁוֹנִית');

INSERT INTO questions (question_id, language_id, topic_id, c_grade_id, level, question_text, explanation, interesting_fact)
VALUES ('305037101', 1, 5037, 1, 1, 'מהי השפה הרשמית של טייסים ברחבי העולם?', '', 'אנגלית היא התקן הבינלאומי לתקשורת תעופה.') ON CONFLICT (question_id) DO UPDATE SET language_id = 1 ,topic_id= 5037,c_grade_id =1,level=1,question_text='מהי השפה הרשמית של טייסים ברחבי העולם?',explanation='',interesting_fact='אנגלית היא התקן הבינלאומי לתקשורת תעופה.';


INSERT INTO answer_options (question_id, correct_answer, answer_text)
VALUES ('305037101', TRUE, 'אנגלית') ;

INSERT INTO answer_options (question_id, correct_answer, answer_text)
VALUES ('305037101', FALSE, 'צָרְפָתִית');

INSERT INTO answer_options (question_id, correct_answer, answer_text)
VALUES ('305037101', FALSE, 'ספרדית');

INSERT INTO answer_options (question_id, correct_answer, answer_text)
VALUES ('305037101', FALSE, 'גֶרמָנִיָת');

INSERT INTO questions (question_id, language_id, topic_id, c_grade_id, level, question_text, explanation, interesting_fact)
VALUES ('305037102', 1, 5037, 2, 2, 'מי נחשבים כממציאים של המטוס המצליח הראשון?', '', 'אורוויל ווילבור רייט הטיסו בהצלחה את מטוסם ב-1903.') ON CONFLICT (question_id) DO UPDATE SET language_id = 1 ,topic_id= 5037,c_grade_id =2,level=2,question_text='מי נחשבים כממציאים של המטוס המצליח הראשון?',explanation='',interesting_fact='אורוויל ווילבור רייט הטיסו בהצלחה את מטוסם ב-1903.';


INSERT INTO answer_options (question_id, correct_answer, answer_text)
VALUES ('305037102', TRUE, 'האחים רייט') ;

INSERT INTO answer_options (question_id, correct_answer, answer_text)
VALUES ('305037102', FALSE, 'האחים אדיסון');

INSERT INTO answer_options (question_id, correct_answer, answer_text)
VALUES ('305037102', FALSE, 'האחים דה וינצ`י');

INSERT INTO answer_options (question_id, correct_answer, answer_text)
VALUES ('305037102', FALSE, 'האחים גרים');

INSERT INTO questions (question_id, language_id, topic_id, c_grade_id, level, question_text, explanation, interesting_fact)
VALUES ('305037103', 1, 5037, 3, 3, 'מה המטרה העיקרית של הקופסה השחורה במטוס?', '', 'זה עוזר בחקירת הנסיבות במקרה של תאונה אוירית.') ON CONFLICT (question_id) DO UPDATE SET language_id = 1 ,topic_id= 5037,c_grade_id =3,level=3,question_text='מה המטרה העיקרית של הקופסה השחורה במטוס?',explanation='',interesting_fact='זה עוזר בחקירת הנסיבות במקרה של תאונה אוירית.';


INSERT INTO answer_options (question_id, correct_answer, answer_text)
VALUES ('305037103', TRUE, 'הקלטת נתוני טיסה וקולות תא הטייס') ;

INSERT INTO answer_options (question_id, correct_answer, answer_text)
VALUES ('305037103', FALSE, 'מנגן מוזיקה');

INSERT INTO answer_options (question_id, correct_answer, answer_text)
VALUES ('305037103', FALSE, 'שמירת פרטי הנוסע');

INSERT INTO answer_options (question_id, correct_answer, answer_text)
VALUES ('305037103', FALSE, 'ניווט');

INSERT INTO questions (question_id, language_id, topic_id, c_grade_id, level, question_text, explanation, interesting_fact)
VALUES ('305037104', 1, 5037, 4, 4, 'איזה טייס ידוע בטיסת הסולו הבלתי פוסקת שלו מסביב לעולם ב"רוח סנט לואיס"?', '', 'הטיסה ההיסטורית של לינדברג הייתה ב-1927.') ON CONFLICT (question_id) DO UPDATE SET language_id = 1 ,topic_id= 5037,c_grade_id =4,level=4,question_text='איזה טייס ידוע בטיסת הסולו הבלתי פוסקת שלו מסביב לעולם ב"רוח סנט לואיס"?',explanation='',interesting_fact='הטיסה ההיסטורית של לינדברג הייתה ב-1927.';


INSERT INTO answer_options (question_id, correct_answer, answer_text)
VALUES ('305037104', TRUE, 'צ`ארלס לינדברג') ;

INSERT INTO answer_options (question_id, correct_answer, answer_text)
VALUES ('305037104', FALSE, 'הווארד יוז');

INSERT INTO answer_options (question_id, correct_answer, answer_text)
VALUES ('305037104', FALSE, 'צ`אק ייגר');

INSERT INTO answer_options (question_id, correct_answer, answer_text)
VALUES ('305037104', FALSE, 'ריצ`רד ברנסון');

INSERT INTO questions (question_id, language_id, topic_id, c_grade_id, level, question_text, explanation, interesting_fact)
VALUES ('305037105', 1, 5037, 5, 5, 'באיזו מלחמה נעשה לראשונה שימוש נרחב בתעופה ללחימה?', '', 'במלחמת העולם הראשונה היה השימוש המשמעותי הראשון במטוסים ללחימה. בתחילה, מטוסים שימשו בעיקר לצורך סיור ואיסוף מידע, אך מאוחר יותר התקדמות טכנולוגית חדשה אפשרה לטייסים להטיל פצצות ולהפיל מטוסי אויב.') ON CONFLICT (question_id) DO UPDATE SET language_id = 1 ,topic_id= 5037,c_grade_id =5,level=5,question_text='באיזו מלחמה נעשה לראשונה שימוש נרחב בתעופה ללחימה?',explanation='',interesting_fact='במלחמת העולם הראשונה היה השימוש המשמעותי הראשון במטוסים ללחימה. בתחילה, מטוסים שימשו בעיקר לצורך סיור ואיסוף מידע, אך מאוחר יותר התקדמות טכנולוגית חדשה אפשרה לטייסים להטיל פצצות ולהפיל מטוסי אויב.';


INSERT INTO answer_options (question_id, correct_answer, answer_text)
VALUES ('305037105', TRUE, 'מלחמת העולם הראשונה') ;

INSERT INTO answer_options (question_id, correct_answer, answer_text)
VALUES ('305037105', FALSE, 'מלחמת האזרחים באמריקה');

INSERT INTO answer_options (question_id, correct_answer, answer_text)
VALUES ('305037105', FALSE, 'מלחמת העולם השנייה');

INSERT INTO answer_options (question_id, correct_answer, answer_text)
VALUES ('305037105', FALSE, 'מלחמת וייטנאם');

INSERT INTO questions (question_id, language_id, topic_id, c_grade_id, level, question_text, explanation, interesting_fact)
VALUES ('305038101', 1, 5038, 1, 1, 'מהו היסוד הקל ביותר והראשון בטבלה המחזורית?', '', 'למימן יש רק פרוטון אחד, מה שהופך אותו ליסוד הראשון.') ON CONFLICT (question_id) DO UPDATE SET language_id = 1 ,topic_id= 5038,c_grade_id =1,level=1,question_text='מהו היסוד הקל ביותר והראשון בטבלה המחזורית?',explanation='',interesting_fact='למימן יש רק פרוטון אחד, מה שהופך אותו ליסוד הראשון.';


INSERT INTO answer_options (question_id, correct_answer, answer_text)
VALUES ('305038101', TRUE, 'מֵימָן') ;

INSERT INTO answer_options (question_id, correct_answer, answer_text)
VALUES ('305038101', FALSE, 'הֶלִיוּם');

INSERT INTO answer_options (question_id, correct_answer, answer_text)
VALUES ('305038101', FALSE, 'חַמצָן');

INSERT INTO answer_options (question_id, correct_answer, answer_text)
VALUES ('305038101', FALSE, 'פַּחמָן');

INSERT INTO questions (question_id, language_id, topic_id, c_grade_id, level, question_text, explanation, interesting_fact)
VALUES ('305038102', 1, 5038, 2, 2, 'איזה יסוד חיוני ליצירת העצמות שלנו ונמצא בחלב?', '', 'סידן חיוני עבור עצמות ושיניים חזקות.') ON CONFLICT (question_id) DO UPDATE SET language_id = 1 ,topic_id= 5038,c_grade_id =2,level=2,question_text='איזה יסוד חיוני ליצירת העצמות שלנו ונמצא בחלב?',explanation='',interesting_fact='סידן חיוני עבור עצמות ושיניים חזקות.';


INSERT INTO answer_options (question_id, correct_answer, answer_text)
VALUES ('305038102', TRUE, 'סִידָן') ;

INSERT INTO answer_options (question_id, correct_answer, answer_text)
VALUES ('305038102', FALSE, 'בַּרזֶל');

INSERT INTO answer_options (question_id, correct_answer, answer_text)
VALUES ('305038102', FALSE, 'מגנזיום');

INSERT INTO answer_options (question_id, correct_answer, answer_text)
VALUES ('305038102', FALSE, 'נתרן');

INSERT INTO questions (question_id, language_id, topic_id, c_grade_id, level, question_text, explanation, interesting_fact)
VALUES ('305038103', 1, 5038, 3, 3, 'איזה מהיסודות הללו הוא מתכת שהיא נוזל בטמפרטורת החדר?', '', 'כספית היא ייחודית בין מתכות מכיוון שהיא נוזלית בטמפרטורת החדר.') ON CONFLICT (question_id) DO UPDATE SET language_id = 1 ,topic_id= 5038,c_grade_id =3,level=3,question_text='איזה מהיסודות הללו הוא מתכת שהיא נוזל בטמפרטורת החדר?',explanation='',interesting_fact='כספית היא ייחודית בין מתכות מכיוון שהיא נוזלית בטמפרטורת החדר.';


INSERT INTO answer_options (question_id, correct_answer, answer_text)
VALUES ('305038103', TRUE, 'כַּספִּית') ;

INSERT INTO answer_options (question_id, correct_answer, answer_text)
VALUES ('305038103', FALSE, 'זהב');

INSERT INTO answer_options (question_id, correct_answer, answer_text)
VALUES ('305038103', FALSE, 'בַּרזֶל');

INSERT INTO answer_options (question_id, correct_answer, answer_text)
VALUES ('305038103', FALSE, 'סִילִיקוֹן');

INSERT INTO questions (question_id, language_id, topic_id, c_grade_id, level, question_text, explanation, interesting_fact)
VALUES ('305038104', 1, 5038, 4, 4, 'מהו היסוד הכבד ביותר בטבע המשמש גם לבניית פצצות אטום?', '', 'פצצת אטום אינה מתפוצצת עם הפגיעה בקרקע אלא היא מתפוצצת כבר באויר.') ON CONFLICT (question_id) DO UPDATE SET language_id = 1 ,topic_id= 5038,c_grade_id =4,level=4,question_text='מהו היסוד הכבד ביותר בטבע המשמש גם לבניית פצצות אטום?',explanation='',interesting_fact='פצצת אטום אינה מתפוצצת עם הפגיעה בקרקע אלא היא מתפוצצת כבר באויר.';


INSERT INTO answer_options (question_id, correct_answer, answer_text)
VALUES ('305038104', TRUE, 'אוּרָנִיוּם') ;

INSERT INTO answer_options (question_id, correct_answer, answer_text)
VALUES ('305038104', FALSE, 'חַמצָן');

INSERT INTO answer_options (question_id, correct_answer, answer_text)
VALUES ('305038104', FALSE, 'אֲלוּמִינְיוּם');

INSERT INTO answer_options (question_id, correct_answer, answer_text)
VALUES ('305038104', FALSE, 'כסף');

INSERT INTO questions (question_id, language_id, topic_id, c_grade_id, level, question_text, explanation, interesting_fact)
VALUES ('305038105', 1, 5038, 5, 5, 'איזה יסוד חיוני לחיי אדם ומהווה כ-60% ממשקל גוף האדם?', '', 'חמצן חיוני לנשימה ומהווה מרכיב מרכזי בגוף האדם גם כחלק ממולקולות המים.') ON CONFLICT (question_id) DO UPDATE SET language_id = 1 ,topic_id= 5038,c_grade_id =5,level=5,question_text='איזה יסוד חיוני לחיי אדם ומהווה כ-60% ממשקל גוף האדם?',explanation='',interesting_fact='חמצן חיוני לנשימה ומהווה מרכיב מרכזי בגוף האדם גם כחלק ממולקולות המים.';


INSERT INTO answer_options (question_id, correct_answer, answer_text)
VALUES ('305038105', TRUE, 'חַמצָן') ;

INSERT INTO answer_options (question_id, correct_answer, answer_text)
VALUES ('305038105', FALSE, 'מֵימָן');

INSERT INTO answer_options (question_id, correct_answer, answer_text)
VALUES ('305038105', FALSE, 'פַּחמָן');

INSERT INTO answer_options (question_id, correct_answer, answer_text)
VALUES ('305038105', FALSE, 'חַנקָן');

INSERT INTO questions (question_id, language_id, topic_id, c_grade_id, level, question_text, explanation, interesting_fact)
VALUES ('305039101', 1, 5039, 1, 1, 'איזה סוג של קוף ידוע בגודלו הגדול ובגבו הכסוף?', '', 'הגורילות ידועות בגודלן הגדול ובגב הכסוף הייחודי אצל זכרים.') ON CONFLICT (question_id) DO UPDATE SET language_id = 1 ,topic_id= 5039,c_grade_id =1,level=1,question_text='איזה סוג של קוף ידוע בגודלו הגדול ובגבו הכסוף?',explanation='',interesting_fact='הגורילות ידועות בגודלן הגדול ובגב הכסוף הייחודי אצל זכרים.';


INSERT INTO answer_options (question_id, correct_answer, answer_text)
VALUES ('305039101', TRUE, 'גוֹרִילָה') ;

INSERT INTO answer_options (question_id, correct_answer, answer_text)
VALUES ('305039101', FALSE, 'שִׁימפַּנזָה');

INSERT INTO answer_options (question_id, correct_answer, answer_text)
VALUES ('305039101', FALSE, 'בַּבּוּן');

INSERT INTO answer_options (question_id, correct_answer, answer_text)
VALUES ('305039101', FALSE, 'אורנגאוטן');

INSERT INTO questions (question_id, language_id, topic_id, c_grade_id, level, question_text, explanation, interesting_fact)
VALUES ('305039102', 1, 5039, 2, 2, 'איזה סוג של קוף ידוע כמי שחי במדגסקר?', '', 'הלמורים הם ילידי מדגסקר והם מפורסמים בעיניהם הרחבות ובזנבותיהם הארוכים.') ON CONFLICT (question_id) DO UPDATE SET language_id = 1 ,topic_id= 5039,c_grade_id =2,level=2,question_text='איזה סוג של קוף ידוע כמי שחי במדגסקר?',explanation='',interesting_fact='הלמורים הם ילידי מדגסקר והם מפורסמים בעיניהם הרחבות ובזנבותיהם הארוכים.';


INSERT INTO answer_options (question_id, correct_answer, answer_text)
VALUES ('305039102', TRUE, 'לֵמוּר') ;

INSERT INTO answer_options (question_id, correct_answer, answer_text)
VALUES ('305039102', FALSE, 'גוֹרִילָה');

INSERT INTO answer_options (question_id, correct_answer, answer_text)
VALUES ('305039102', FALSE, 'אורנגאוטן');

INSERT INTO answer_options (question_id, correct_answer, answer_text)
VALUES ('305039102', FALSE, 'גיבון');

INSERT INTO questions (question_id, language_id, topic_id, c_grade_id, level, question_text, explanation, interesting_fact)
VALUES ('305039103', 1, 5039, 3, 3, 'איזה קוף ידוע ביללתו החזקה הנשמעת לאורך קילומטרים?', '', 'השאגן משמיע מעין נביחות, הנשמעות למרחק של 2-3 קילומטר. כאשר ירגיש מאוים, יטיל השאגן צואה לתוך ידיו וישליך אותה לעבר הגורם המטריד על-מנת לסלקו.') ON CONFLICT (question_id) DO UPDATE SET language_id = 1 ,topic_id= 5039,c_grade_id =3,level=3,question_text='איזה קוף ידוע ביללתו החזקה הנשמעת לאורך קילומטרים?',explanation='',interesting_fact='השאגן משמיע מעין נביחות, הנשמעות למרחק של 2-3 קילומטר. כאשר ירגיש מאוים, יטיל השאגן צואה לתוך ידיו וישליך אותה לעבר הגורם המטריד על-מנת לסלקו.';


INSERT INTO answer_options (question_id, correct_answer, answer_text)
VALUES ('305039103', TRUE, 'השאגן') ;

INSERT INTO answer_options (question_id, correct_answer, answer_text)
VALUES ('305039103', FALSE, 'קוף עכביש');

INSERT INTO answer_options (question_id, correct_answer, answer_text)
VALUES ('305039103', FALSE, 'הגורילה');

INSERT INTO answer_options (question_id, correct_answer, answer_text)
VALUES ('305039103', FALSE, 'לֵמוּר');

INSERT INTO questions (question_id, language_id, topic_id, c_grade_id, level, question_text, explanation, interesting_fact)
VALUES ('305039104', 1, 5039, 4, 4, 'איזה קוף ידוע בפניו האדומות והכחולות הייחודיות ובשיני הכלבים הגדולות?', '', 'בבונים ידועים בצבע פניהם המרשים ובשיניים הגדולות, במיוחד אצל זכרים.') ON CONFLICT (question_id) DO UPDATE SET language_id = 1 ,topic_id= 5039,c_grade_id =4,level=4,question_text='איזה קוף ידוע בפניו האדומות והכחולות הייחודיות ובשיני הכלבים הגדולות?',explanation='',interesting_fact='בבונים ידועים בצבע פניהם המרשים ובשיניים הגדולות, במיוחד אצל זכרים.';


INSERT INTO answer_options (question_id, correct_answer, answer_text)
VALUES ('305039104', TRUE, 'בַּבּוּן') ;

INSERT INTO answer_options (question_id, correct_answer, answer_text)
VALUES ('305039104', FALSE, 'שִׁימפַּנזָה');

INSERT INTO answer_options (question_id, correct_answer, answer_text)
VALUES ('305039104', FALSE, 'אורנגאוטן');

INSERT INTO answer_options (question_id, correct_answer, answer_text)
VALUES ('305039104', FALSE, 'לֵמוּר');

INSERT INTO questions (question_id, language_id, topic_id, c_grade_id, level, question_text, explanation, interesting_fact)
VALUES ('305039105', 1, 5039, 5, 5, 'היכן נמצאים אורנגאוטנים באופן טבעי?', '', 'האורנגאוטנים הם הקופים הגדולים היחידים ילידי אסיה ומבלים את רוב חייהם בעצים.') ON CONFLICT (question_id) DO UPDATE SET language_id = 1 ,topic_id= 5039,c_grade_id =5,level=5,question_text='היכן נמצאים אורנגאוטנים באופן טבעי?',explanation='',interesting_fact='האורנגאוטנים הם הקופים הגדולים היחידים ילידי אסיה ומבלים את רוב חייהם בעצים.';


INSERT INTO answer_options (question_id, correct_answer, answer_text)
VALUES ('305039105', TRUE, 'אינדונזיה ומלזיה') ;

INSERT INTO answer_options (question_id, correct_answer, answer_text)
VALUES ('305039105', FALSE, 'בְּרָזִיל');

INSERT INTO answer_options (question_id, correct_answer, answer_text)
VALUES ('305039105', FALSE, 'הוֹדוּ');

INSERT INTO answer_options (question_id, correct_answer, answer_text)
VALUES ('305039105', FALSE, 'מדגסקר');

INSERT INTO questions (question_id, language_id, topic_id, c_grade_id, level, question_text, explanation, interesting_fact)
VALUES ('305040101', 1, 5040, 1, 1, 'באיזה מטבע השתמשה גרמניה לפני היורו?', '', 'גרמניה השתמשה במארק לפני האירו. אולם היה לה בעבר גם מטבע בשם טאלר. מקור שם ה"דולר" האמריקני הוא במטבע הגרמני הזה הטאלר Thaler.') ON CONFLICT (question_id) DO UPDATE SET language_id = 1 ,topic_id= 5040,c_grade_id =1,level=1,question_text='באיזה מטבע השתמשה גרמניה לפני היורו?',explanation='',interesting_fact='גרמניה השתמשה במארק לפני האירו. אולם היה לה בעבר גם מטבע בשם טאלר. מקור שם ה"דולר" האמריקני הוא במטבע הגרמני הזה הטאלר Thaler.';


INSERT INTO answer_options (question_id, correct_answer, answer_text)
VALUES ('305040101', TRUE, 'מארק') ;

INSERT INTO answer_options (question_id, correct_answer, answer_text)
VALUES ('305040101', FALSE, 'פרַנק');

INSERT INTO answer_options (question_id, correct_answer, answer_text)
VALUES ('305040101', FALSE, 'טאלר');

INSERT INTO answer_options (question_id, correct_answer, answer_text)
VALUES ('305040101', FALSE, 'לִירָה');

INSERT INTO questions (question_id, language_id, topic_id, c_grade_id, level, question_text, explanation, interesting_fact)
VALUES ('305040102', 1, 5040, 2, 2, 'לאיזו מדינה היו מטבעות רבים עם חור באמצע?', '', 'המטבע עם חור באמצע שהיה בשימוש ביפן נקרא mon. החור הקל על קשירת המטבעות הללו יחד בשרשרת.') ON CONFLICT (question_id) DO UPDATE SET language_id = 1 ,topic_id= 5040,c_grade_id =2,level=2,question_text='לאיזו מדינה היו מטבעות רבים עם חור באמצע?',explanation='',interesting_fact='המטבע עם חור באמצע שהיה בשימוש ביפן נקרא mon. החור הקל על קשירת המטבעות הללו יחד בשרשרת.';


INSERT INTO answer_options (question_id, correct_answer, answer_text)
VALUES ('305040102', TRUE, 'יפן') ;

INSERT INTO answer_options (question_id, correct_answer, answer_text)
VALUES ('305040102', FALSE, 'ישראל');

INSERT INTO answer_options (question_id, correct_answer, answer_text)
VALUES ('305040102', FALSE, 'צרפת');

INSERT INTO answer_options (question_id, correct_answer, answer_text)
VALUES ('305040102', FALSE, 'ספרד');

INSERT INTO questions (question_id, language_id, topic_id, c_grade_id, level, question_text, explanation, interesting_fact)
VALUES ('305040103', 1, 5040, 3, 3, 'באיזו מתכת השתמשו לעתים קרובות לייצור מטבעות עתיקים כמו דינרים רומיים?', '', 'מטבעות עתיקים כמו דנרים רומיים נעשו לעתים קרובות מכסף. זו מתכת מבריקה ששימשה למסחר בעבר.') ON CONFLICT (question_id) DO UPDATE SET language_id = 1 ,topic_id= 5040,c_grade_id =3,level=3,question_text='באיזו מתכת השתמשו לעתים קרובות לייצור מטבעות עתיקים כמו דינרים רומיים?',explanation='',interesting_fact='מטבעות עתיקים כמו דנרים רומיים נעשו לעתים קרובות מכסף. זו מתכת מבריקה ששימשה למסחר בעבר.';


INSERT INTO answer_options (question_id, correct_answer, answer_text)
VALUES ('305040103', TRUE, 'כסף') ;

INSERT INTO answer_options (question_id, correct_answer, answer_text)
VALUES ('305040103', FALSE, 'ברזל');

INSERT INTO answer_options (question_id, correct_answer, answer_text)
VALUES ('305040103', FALSE, 'אלומיניום');

INSERT INTO answer_options (question_id, correct_answer, answer_text)
VALUES ('305040103', FALSE, 'בְּרוֹנזָה');

INSERT INTO questions (question_id, language_id, topic_id, c_grade_id, level, question_text, explanation, interesting_fact)
VALUES ('305040104', 1, 5040, 4, 4, 'מה היה המטבע של איטליה לפני היורו?', '', 'המטבע של איטליה לפני היורו היה לירה. מקור השם לירה, בדומה לשקל, הוא במידת משקל בשם ליברה (בלטינית: Libra) שקיימת עד היום. ליברה אחת שקולה ל־0.45359237 קילוגרם.') ON CONFLICT (question_id) DO UPDATE SET language_id = 1 ,topic_id= 5040,c_grade_id =4,level=4,question_text='מה היה המטבע של איטליה לפני היורו?',explanation='',interesting_fact='המטבע של איטליה לפני היורו היה לירה. מקור השם לירה, בדומה לשקל, הוא במידת משקל בשם ליברה (בלטינית: Libra) שקיימת עד היום. ליברה אחת שקולה ל־0.45359237 קילוגרם.';


INSERT INTO answer_options (question_id, correct_answer, answer_text)
VALUES ('305040104', TRUE, 'לִירָה') ;

INSERT INTO answer_options (question_id, correct_answer, answer_text)
VALUES ('305040104', FALSE, 'פרַנק');

INSERT INTO answer_options (question_id, correct_answer, answer_text)
VALUES ('305040104', FALSE, 'מארק');

INSERT INTO answer_options (question_id, correct_answer, answer_text)
VALUES ('305040104', FALSE, 'פסו');

INSERT INTO questions (question_id, language_id, topic_id, c_grade_id, level, question_text, explanation, interesting_fact)
VALUES ('305040105', 1, 5040, 5, 5, 'איזו ציוויליזציה עתיקה השתמשה במשקולת ברזל כמטבע?', '', 'הציוויליזציה העתיקה שהשתמשה באלות ברזל כמטבע הייתה ספרטה. זה אולי נשמע מפתיע, אך הם השתמשו בחתיכות ברזל כבדות הללו למסחר!') ON CONFLICT (question_id) DO UPDATE SET language_id = 1 ,topic_id= 5040,c_grade_id =5,level=5,question_text='איזו ציוויליזציה עתיקה השתמשה במשקולת ברזל כמטבע?',explanation='',interesting_fact='הציוויליזציה העתיקה שהשתמשה באלות ברזל כמטבע הייתה ספרטה. זה אולי נשמע מפתיע, אך הם השתמשו בחתיכות ברזל כבדות הללו למסחר!';


INSERT INTO answer_options (question_id, correct_answer, answer_text)
VALUES ('305040105', TRUE, 'ספרטה') ;

INSERT INTO answer_options (question_id, correct_answer, answer_text)
VALUES ('305040105', FALSE, 'בָּבֶל');

INSERT INTO answer_options (question_id, correct_answer, answer_text)
VALUES ('305040105', FALSE, 'מִצְרַיִם');

INSERT INTO answer_options (question_id, correct_answer, answer_text)
VALUES ('305040105', FALSE, 'רומא');

INSERT INTO questions (question_id, language_id, topic_id, c_grade_id, level, question_text, explanation, interesting_fact)
VALUES ('305041101', 1, 5041, 1, 1, 'מהי השפה המדוברת ביותר בעולם כשפת אם?', '', 'לסינית מנדרינית יש הכי הרבה דוברי שפת אם בעולם. אולם רובם המכריע גרים ב...סין.') ON CONFLICT (question_id) DO UPDATE SET language_id = 1 ,topic_id= 5041,c_grade_id =1,level=1,question_text='מהי השפה המדוברת ביותר בעולם כשפת אם?',explanation='',interesting_fact='לסינית מנדרינית יש הכי הרבה דוברי שפת אם בעולם. אולם רובם המכריע גרים ב...סין.';


INSERT INTO answer_options (question_id, correct_answer, answer_text)
VALUES ('305041101', TRUE, 'מנדרינית') ;

INSERT INTO answer_options (question_id, correct_answer, answer_text)
VALUES ('305041101', FALSE, 'אנגלית');

INSERT INTO answer_options (question_id, correct_answer, answer_text)
VALUES ('305041101', FALSE, 'ספרדית');

INSERT INTO answer_options (question_id, correct_answer, answer_text)
VALUES ('305041101', FALSE, 'הינדי');

INSERT INTO questions (question_id, language_id, topic_id, c_grade_id, level, question_text, explanation, interesting_fact)
VALUES ('305041102', 1, 5041, 2, 2, 'מה הייתה השפה באימפריה הרומית ושנחשבת כיום "מתה" (כמעט ואינה מדוברת)?', '', 'הלטינית אינה מדוברת במקור אלא משמשת בעיקר בהקשרים מדעיים, משפטיים ודתיים.') ON CONFLICT (question_id) DO UPDATE SET language_id = 1 ,topic_id= 5041,c_grade_id =2,level=2,question_text='מה הייתה השפה באימפריה הרומית ושנחשבת כיום "מתה" (כמעט ואינה מדוברת)?',explanation='',interesting_fact='הלטינית אינה מדוברת במקור אלא משמשת בעיקר בהקשרים מדעיים, משפטיים ודתיים.';


INSERT INTO answer_options (question_id, correct_answer, answer_text)
VALUES ('305041102', TRUE, 'לָטִינִית') ;

INSERT INTO answer_options (question_id, correct_answer, answer_text)
VALUES ('305041102', FALSE, 'אִיטַלְקִית');

INSERT INTO answer_options (question_id, correct_answer, answer_text)
VALUES ('305041102', FALSE, 'סוואהילית');

INSERT INTO answer_options (question_id, correct_answer, answer_text)
VALUES ('305041102', FALSE, 'סִינִית');

INSERT INTO questions (question_id, language_id, topic_id, c_grade_id, level, question_text, explanation, interesting_fact)
VALUES ('305041103', 1, 5041, 3, 3, 'איזו מהשפות הבאות היא השפה החדשה ביותר שנבנתה?', '', 'אספרנטו נוצרה בסוף המאה ה-19 במטרה לאפשר תקשורת גלובלית, אולם זה לא הצליח.') ON CONFLICT (question_id) DO UPDATE SET language_id = 1 ,topic_id= 5041,c_grade_id =3,level=3,question_text='איזו מהשפות הבאות היא השפה החדשה ביותר שנבנתה?',explanation='',interesting_fact='אספרנטו נוצרה בסוף המאה ה-19 במטרה לאפשר תקשורת גלובלית, אולם זה לא הצליח.';


INSERT INTO answer_options (question_id, correct_answer, answer_text)
VALUES ('305041103', TRUE, 'אֶסְפֵּרַנְטוֹ') ;

INSERT INTO answer_options (question_id, correct_answer, answer_text)
VALUES ('305041103', FALSE, 'לָטִינִית');

INSERT INTO answer_options (question_id, correct_answer, answer_text)
VALUES ('305041103', FALSE, 'סנסקריט');

INSERT INTO answer_options (question_id, correct_answer, answer_text)
VALUES ('305041103', FALSE, 'יווני');

INSERT INTO questions (question_id, language_id, topic_id, c_grade_id, level, question_text, explanation, interesting_fact)
VALUES ('305041104', 1, 5041, 4, 4, 'איזו מהן היא שפת תכנות מחשב?', '', 'פייתון (Python) היא שפת תכנות הנמצאת בשימוש נרחב.') ON CONFLICT (question_id) DO UPDATE SET language_id = 1 ,topic_id= 5041,c_grade_id =4,level=4,question_text='איזו מהן היא שפת תכנות מחשב?',explanation='',interesting_fact='פייתון (Python) היא שפת תכנות הנמצאת בשימוש נרחב.';


INSERT INTO answer_options (question_id, correct_answer, answer_text)
VALUES ('305041104', TRUE, 'פִּייתוֹן') ;

INSERT INTO answer_options (question_id, correct_answer, answer_text)
VALUES ('305041104', FALSE, 'קוֹבּרָה');

INSERT INTO answer_options (question_id, correct_answer, answer_text)
VALUES ('305041104', FALSE, 'צֶפַע');

INSERT INTO answer_options (question_id, correct_answer, answer_text)
VALUES ('305041104', FALSE, 'חַנָק');

INSERT INTO questions (question_id, language_id, topic_id, c_grade_id, level, question_text, explanation, interesting_fact)
VALUES ('305041105', 1, 5041, 5, 5, 'מהי השפה הרשמית של ברזיל?', '', 'ברזיל הייתה מושבה פורטוגזית, לכן הם מדברים פורטוגזית.') ON CONFLICT (question_id) DO UPDATE SET language_id = 1 ,topic_id= 5041,c_grade_id =5,level=5,question_text='מהי השפה הרשמית של ברזיל?',explanation='',interesting_fact='ברזיל הייתה מושבה פורטוגזית, לכן הם מדברים פורטוגזית.';


INSERT INTO answer_options (question_id, correct_answer, answer_text)
VALUES ('305041105', TRUE, 'פורטוגזית') ;

INSERT INTO answer_options (question_id, correct_answer, answer_text)
VALUES ('305041105', FALSE, 'ספרדית');

INSERT INTO answer_options (question_id, correct_answer, answer_text)
VALUES ('305041105', FALSE, 'צָרְפָתִית');

INSERT INTO answer_options (question_id, correct_answer, answer_text)
VALUES ('305041105', FALSE, 'אנגלית');

INSERT INTO questions (question_id, language_id, topic_id, c_grade_id, level, question_text, explanation, interesting_fact)
VALUES ('305042101', 1, 5042, 1, 1, 'מהי הציפור הגדולה בעולם?', '', 'היען הוא הציפור הגדולה בעולם לפי גובה ומשקל.') ON CONFLICT (question_id) DO UPDATE SET language_id = 1 ,topic_id= 5042,c_grade_id =1,level=1,question_text='מהי הציפור הגדולה בעולם?',explanation='',interesting_fact='היען הוא הציפור הגדולה בעולם לפי גובה ומשקל.';


INSERT INTO answer_options (question_id, correct_answer, answer_text)
VALUES ('305042101', TRUE, 'יען') ;

INSERT INTO answer_options (question_id, correct_answer, answer_text)
VALUES ('305042101', FALSE, 'נשר');

INSERT INTO answer_options (question_id, correct_answer, answer_text)
VALUES ('305042101', FALSE, 'פינגווין');

INSERT INTO answer_options (question_id, correct_answer, answer_text)
VALUES ('305042101', FALSE, 'אַלבַּטרוֹס');

INSERT INTO questions (question_id, language_id, topic_id, c_grade_id, level, question_text, explanation, interesting_fact)
VALUES ('305042102', 1, 5042, 2, 2, 'איזו ציפור ידועה בכישורי החיקוי המרשימים שלה?', '', 'תוכים ידועים ביכולתם לחקות צלילים ודיבור אנושי.') ON CONFLICT (question_id) DO UPDATE SET language_id = 1 ,topic_id= 5042,c_grade_id =2,level=2,question_text='איזו ציפור ידועה בכישורי החיקוי המרשימים שלה?',explanation='',interesting_fact='תוכים ידועים ביכולתם לחקות צלילים ודיבור אנושי.';


INSERT INTO answer_options (question_id, correct_answer, answer_text)
VALUES ('305042102', TRUE, 'תוּכִּי') ;

INSERT INTO answer_options (question_id, correct_answer, answer_text)
VALUES ('305042102', FALSE, 'עורב');

INSERT INTO answer_options (question_id, correct_answer, answer_text)
VALUES ('305042102', FALSE, 'דְרוֹר');

INSERT INTO answer_options (question_id, correct_answer, answer_text)
VALUES ('305042102', FALSE, 'יוֹנָה');

INSERT INTO questions (question_id, language_id, topic_id, c_grade_id, level, question_text, explanation, interesting_fact)
VALUES ('305042103', 1, 5042, 3, 3, 'איזו משפחה של ציפורים יכולה לעוף לאחור?', '', 'קולברים הם הציפורים היחידות שיכולות לעוף לאחור.') ON CONFLICT (question_id) DO UPDATE SET language_id = 1 ,topic_id= 5042,c_grade_id =3,level=3,question_text='איזו משפחה של ציפורים יכולה לעוף לאחור?',explanation='',interesting_fact='קולברים הם הציפורים היחידות שיכולות לעוף לאחור.';


INSERT INTO answer_options (question_id, correct_answer, answer_text)
VALUES ('305042103', TRUE, 'קוליברי') ;

INSERT INTO answer_options (question_id, correct_answer, answer_text)
VALUES ('305042103', FALSE, 'בַּז');

INSERT INTO answer_options (question_id, correct_answer, answer_text)
VALUES ('305042103', FALSE, 'בַּרבּוּר');

INSERT INTO answer_options (question_id, correct_answer, answer_text)
VALUES ('305042103', FALSE, 'ברווז');

INSERT INTO questions (question_id, language_id, topic_id, c_grade_id, level, question_text, explanation, interesting_fact)
VALUES ('305042104', 1, 5042, 4, 4, 'לאיזו ציפור מוטת הכנפיים הארוכה ביותר?', '', 'לאלבטרוס הנודד יש את מוטת הכנפיים הארוכה ביותר מכל ציפור, שמגיעה עד 3.5 מטר (11 רגל).') ON CONFLICT (question_id) DO UPDATE SET language_id = 1 ,topic_id= 5042,c_grade_id =4,level=4,question_text='לאיזו ציפור מוטת הכנפיים הארוכה ביותר?',explanation='',interesting_fact='לאלבטרוס הנודד יש את מוטת הכנפיים הארוכה ביותר מכל ציפור, שמגיעה עד 3.5 מטר (11 רגל).';


INSERT INTO answer_options (question_id, correct_answer, answer_text)
VALUES ('305042104', TRUE, 'אלבטרוס נודד') ;

INSERT INTO answer_options (question_id, correct_answer, answer_text)
VALUES ('305042104', FALSE, 'קונדור');

INSERT INTO answer_options (question_id, correct_answer, answer_text)
VALUES ('305042104', FALSE, 'בַּרבּוּר');

INSERT INTO answer_options (question_id, correct_answer, answer_text)
VALUES ('305042104', FALSE, 'נשר');

INSERT INTO questions (question_id, language_id, topic_id, c_grade_id, level, question_text, explanation, interesting_fact)
VALUES ('305042105', 1, 5042, 5, 5, 'איזו ציפור ידועה כסמל לשלום?', '', 'יונים שימשו כסמל לשלום ופציפיזם מאז מלחמת העולם הראשונה, לעתים קרובות מוצגות בתמונות של תנועות אנטי-מלחמתיות.') ON CONFLICT (question_id) DO UPDATE SET language_id = 1 ,topic_id= 5042,c_grade_id =5,level=5,question_text='איזו ציפור ידועה כסמל לשלום?',explanation='',interesting_fact='יונים שימשו כסמל לשלום ופציפיזם מאז מלחמת העולם הראשונה, לעתים קרובות מוצגות בתמונות של תנועות אנטי-מלחמתיות.';


INSERT INTO answer_options (question_id, correct_answer, answer_text)
VALUES ('305042105', TRUE, 'יוֹנָה') ;

INSERT INTO answer_options (question_id, correct_answer, answer_text)
VALUES ('305042105', FALSE, 'נֵץ');

INSERT INTO answer_options (question_id, correct_answer, answer_text)
VALUES ('305042105', FALSE, 'עורב');

INSERT INTO answer_options (question_id, correct_answer, answer_text)
VALUES ('305042105', FALSE, 'נשר');

INSERT INTO questions (question_id, language_id, topic_id, c_grade_id, level, question_text, explanation, interesting_fact)
VALUES ('305043101', 1, 5043, 1, 1, 'מי היה ראש ממשלת בריטניה במשך רוב מלחמת העולם ה-2? ידוע בסיגר הקבוע שבפיו.', '', 'מנהיגותו של וינסטון צ`רצ`יל הייתה מכרעת במהלך מלחמת העולם השנייה, במיוחד במהלך הקרב על בריטניה.') ON CONFLICT (question_id) DO UPDATE SET language_id = 1 ,topic_id= 5043,c_grade_id =1,level=1,question_text='מי היה ראש ממשלת בריטניה במשך רוב מלחמת העולם ה-2? ידוע בסיגר הקבוע שבפיו.',explanation='',interesting_fact='מנהיגותו של וינסטון צ`רצ`יל הייתה מכרעת במהלך מלחמת העולם השנייה, במיוחד במהלך הקרב על בריטניה.';


INSERT INTO answer_options (question_id, correct_answer, answer_text)
VALUES ('305043101', TRUE, 'וינסטון צ`רצ`יל') ;

INSERT INTO answer_options (question_id, correct_answer, answer_text)
VALUES ('305043101', FALSE, 'נוויל צ`מברליין');

INSERT INTO answer_options (question_id, correct_answer, answer_text)
VALUES ('305043101', FALSE, 'אדולף היטלר');

INSERT INTO answer_options (question_id, correct_answer, answer_text)
VALUES ('305043101', FALSE, 'יוזף סטאלין');

INSERT INTO questions (question_id, language_id, topic_id, c_grade_id, level, question_text, explanation, interesting_fact)
VALUES ('305043102', 1, 5043, 2, 2, 'מי היתה המדינה העיקרית שלחמה לצד גרמניה במלחמת העולם השנייה?', '', 'את מדינות הציר הובילו גרמניה של היטלר, איטליה של מוסוליני ויפן האימפריאלית.') ON CONFLICT (question_id) DO UPDATE SET language_id = 1 ,topic_id= 5043,c_grade_id =2,level=2,question_text='מי היתה המדינה העיקרית שלחמה לצד גרמניה במלחמת העולם השנייה?',explanation='',interesting_fact='את מדינות הציר הובילו גרמניה של היטלר, איטליה של מוסוליני ויפן האימפריאלית.';


INSERT INTO answer_options (question_id, correct_answer, answer_text)
VALUES ('305043102', TRUE, 'יפן') ;

INSERT INTO answer_options (question_id, correct_answer, answer_text)
VALUES ('305043102', FALSE, 'סין');

INSERT INTO answer_options (question_id, correct_answer, answer_text)
VALUES ('305043102', FALSE, 'ספרד');

INSERT INTO answer_options (question_id, correct_answer, answer_text)
VALUES ('305043102', FALSE, 'ברזיל');

INSERT INTO questions (question_id, language_id, topic_id, c_grade_id, level, question_text, explanation, interesting_fact)
VALUES ('305043103', 1, 5043, 3, 3, 'מה הייתה העיר הראשונה שהותקפה בפצצת אטום?', '', 'הפצצת האטום של הירושימה ב-6 באוגוסט 1945 סימנה את השימוש הראשון בנשק גרעיני בלחימה.') ON CONFLICT (question_id) DO UPDATE SET language_id = 1 ,topic_id= 5043,c_grade_id =3,level=3,question_text='מה הייתה העיר הראשונה שהותקפה בפצצת אטום?',explanation='',interesting_fact='הפצצת האטום של הירושימה ב-6 באוגוסט 1945 סימנה את השימוש הראשון בנשק גרעיני בלחימה.';


INSERT INTO answer_options (question_id, correct_answer, answer_text)
VALUES ('305043103', TRUE, 'הירושימה') ;

INSERT INTO answer_options (question_id, correct_answer, answer_text)
VALUES ('305043103', FALSE, 'נגסאקי');

INSERT INTO answer_options (question_id, correct_answer, answer_text)
VALUES ('305043103', FALSE, 'טוקיו');

INSERT INTO answer_options (question_id, correct_answer, answer_text)
VALUES ('305043103', FALSE, 'ברלין');

INSERT INTO questions (question_id, language_id, topic_id, c_grade_id, level, question_text, explanation, interesting_fact)
VALUES ('305043104', 1, 5043, 4, 4, 'איזו מדינה ספגה את מספר ההרוגים הגבוה ביותר במלחמת העולם השנייה?', '', 'ברית המועצות ספגה את מספר ההרוגים הגבוה ביותר, המוערך בלמעלה מ-20 מיליון.') ON CONFLICT (question_id) DO UPDATE SET language_id = 1 ,topic_id= 5043,c_grade_id =4,level=4,question_text='איזו מדינה ספגה את מספר ההרוגים הגבוה ביותר במלחמת העולם השנייה?',explanation='',interesting_fact='ברית המועצות ספגה את מספר ההרוגים הגבוה ביותר, המוערך בלמעלה מ-20 מיליון.';


INSERT INTO answer_options (question_id, correct_answer, answer_text)
VALUES ('305043104', TRUE, 'ברית המועצות') ;

INSERT INTO answer_options (question_id, correct_answer, answer_text)
VALUES ('305043104', FALSE, 'גֶרמָנִיָה');

INSERT INTO answer_options (question_id, correct_answer, answer_text)
VALUES ('305043104', FALSE, 'יפן');

INSERT INTO answer_options (question_id, correct_answer, answer_text)
VALUES ('305043104', FALSE, 'ארצות הברית');

INSERT INTO questions (question_id, language_id, topic_id, c_grade_id, level, question_text, explanation, interesting_fact)
VALUES ('305043105', 1, 5043, 5, 5, 'איך קראו לאירוע השמדת יהודי אירופה במלחמת העולם השניה?', '', 'השואה הובילה לרצח עם שיטתי של שישה מיליון יהודים, יחד עם מיליוני אחרים שנחשבו בלתי רצויים על ידי הנאצים.') ON CONFLICT (question_id) DO UPDATE SET language_id = 1 ,topic_id= 5043,c_grade_id =5,level=5,question_text='איך קראו לאירוע השמדת יהודי אירופה במלחמת העולם השניה?',explanation='',interesting_fact='השואה הובילה לרצח עם שיטתי של שישה מיליון יהודים, יחד עם מיליוני אחרים שנחשבו בלתי רצויים על ידי הנאצים.';


INSERT INTO answer_options (question_id, correct_answer, answer_text)
VALUES ('305043105', TRUE, 'השואה') ;

INSERT INTO answer_options (question_id, correct_answer, answer_text)
VALUES ('305043105', FALSE, 'ליל הבדולח');

INSERT INTO answer_options (question_id, correct_answer, answer_text)
VALUES ('305043105', FALSE, 'הפתרון הסופי');

INSERT INTO answer_options (question_id, correct_answer, answer_text)
VALUES ('305043105', FALSE, 'חוקי נירנברג');

INSERT INTO questions (question_id, language_id, topic_id, c_grade_id, level, question_text, explanation, interesting_fact)
VALUES ('305044101', 1, 5044, 1, 1, 'באיזו שנה נערכו המשחקים האולימפיים הראשונים שתועדו?', '', 'המשחקים האולימפיים הראשונים שנרשמו בשנת 776 לפני הספירה כללו רק אירוע אחד - ספרינט קצר.') ON CONFLICT (question_id) DO UPDATE SET language_id = 1 ,topic_id= 5044,c_grade_id =1,level=1,question_text='באיזו שנה נערכו המשחקים האולימפיים הראשונים שתועדו?',explanation='',interesting_fact='המשחקים האולימפיים הראשונים שנרשמו בשנת 776 לפני הספירה כללו רק אירוע אחד - ספרינט קצר.';


INSERT INTO answer_options (question_id, correct_answer, answer_text)
VALUES ('305044101', TRUE, 'בשנת 776 לפני הספירה') ;

INSERT INTO answer_options (question_id, correct_answer, answer_text)
VALUES ('305044101', FALSE, 'בתקופת משה רבינו');

INSERT INTO answer_options (question_id, correct_answer, answer_text)
VALUES ('305044101', FALSE, 'בשנת 136 לפני הספירה');

INSERT INTO answer_options (question_id, correct_answer, answer_text)
VALUES ('305044101', FALSE, 'בזמן אחשוורוש (בערך 450 לפנה"ס)');

INSERT INTO questions (question_id, language_id, topic_id, c_grade_id, level, question_text, explanation, interesting_fact)
VALUES ('305044102', 1, 5044, 2, 2, 'איזו מדינה ייסדה את המשחקים האולימפיים הראשונים?', '', 'יוון היא גם המדינה הראשונה שייסדה סוג של דמוקרטיה.') ON CONFLICT (question_id) DO UPDATE SET language_id = 1 ,topic_id= 5044,c_grade_id =2,level=2,question_text='איזו מדינה ייסדה את המשחקים האולימפיים הראשונים?',explanation='',interesting_fact='יוון היא גם המדינה הראשונה שייסדה סוג של דמוקרטיה.';


INSERT INTO answer_options (question_id, correct_answer, answer_text)
VALUES ('305044102', TRUE, 'יוון') ;

INSERT INTO answer_options (question_id, correct_answer, answer_text)
VALUES ('305044102', FALSE, 'רומא');

INSERT INTO answer_options (question_id, correct_answer, answer_text)
VALUES ('305044102', FALSE, 'האימפריה הביזנטית');

INSERT INTO answer_options (question_id, correct_answer, answer_text)
VALUES ('305044102', FALSE, 'ארצות הברית');

INSERT INTO questions (question_id, language_id, topic_id, c_grade_id, level, question_text, explanation, interesting_fact)
VALUES ('305044103', 1, 5044, 3, 3, 'באיזו תדירות נערכו המשחקים האולימפיים העתיקים?', '', 'כמו היום, המשחקים האולימפיים העתיקים נערכו כל ארבע שנים, תקופה המכונה אולימפיאדה.') ON CONFLICT (question_id) DO UPDATE SET language_id = 1 ,topic_id= 5044,c_grade_id =3,level=3,question_text='באיזו תדירות נערכו המשחקים האולימפיים העתיקים?',explanation='',interesting_fact='כמו היום, המשחקים האולימפיים העתיקים נערכו כל ארבע שנים, תקופה המכונה אולימפיאדה.';


INSERT INTO answer_options (question_id, correct_answer, answer_text)
VALUES ('305044103', TRUE, 'כל ארבע שנים') ;

INSERT INTO answer_options (question_id, correct_answer, answer_text)
VALUES ('305044103', FALSE, 'כל שנה');

INSERT INTO answer_options (question_id, correct_answer, answer_text)
VALUES ('305044103', FALSE, 'כל שנתיים');

INSERT INTO answer_options (question_id, correct_answer, answer_text)
VALUES ('305044103', FALSE, 'כל חמש שנים');

INSERT INTO questions (question_id, language_id, topic_id, c_grade_id, level, question_text, explanation, interesting_fact)
VALUES ('305044104', 1, 5044, 4, 4, 'לכבוד איזה אל נערכו המשחקים האולימפיים העתיקים?', '', 'המשחקים האולימפיים העתיקים נערכו לכבודו של זאוס, מלך האלים היווניים.') ON CONFLICT (question_id) DO UPDATE SET language_id = 1 ,topic_id= 5044,c_grade_id =4,level=4,question_text='לכבוד איזה אל נערכו המשחקים האולימפיים העתיקים?',explanation='',interesting_fact='המשחקים האולימפיים העתיקים נערכו לכבודו של זאוס, מלך האלים היווניים.';


INSERT INTO answer_options (question_id, correct_answer, answer_text)
VALUES ('305044104', TRUE, 'זאוס אבי האלים') ;

INSERT INTO answer_options (question_id, correct_answer, answer_text)
VALUES ('305044104', FALSE, 'אפולו אל השמש');

INSERT INTO answer_options (question_id, correct_answer, answer_text)
VALUES ('305044104', FALSE, 'אלת החכמה אתנה');

INSERT INTO answer_options (question_id, correct_answer, answer_text)
VALUES ('305044104', FALSE, 'ארס אל המלחמה');

INSERT INTO questions (question_id, language_id, topic_id, c_grade_id, level, question_text, explanation, interesting_fact)
VALUES ('305044105', 1, 5044, 5, 5, 'איזה אירוע ספורט לא נכלל בתחרויות האולימפיות בעת העתיקה?', '', 'המשחקים האולימפיים העתיקים כללו חמישה אירועים: קפיצה לרוחק, הטלת כידון, זריקת דיסקוס, מרוץ אצטדיון והיאבקות.') ON CONFLICT (question_id) DO UPDATE SET language_id = 1 ,topic_id= 5044,c_grade_id =5,level=5,question_text='איזה אירוע ספורט לא נכלל בתחרויות האולימפיות בעת העתיקה?',explanation='',interesting_fact='המשחקים האולימפיים העתיקים כללו חמישה אירועים: קפיצה לרוחק, הטלת כידון, זריקת דיסקוס, מרוץ אצטדיון והיאבקות.';


INSERT INTO answer_options (question_id, correct_answer, answer_text)
VALUES ('305044105', TRUE, 'סִיוּף') ;

INSERT INTO answer_options (question_id, correct_answer, answer_text)
VALUES ('305044105', FALSE, 'קפיצה לרוחק');

INSERT INTO answer_options (question_id, correct_answer, answer_text)
VALUES ('305044105', FALSE, 'זריקת דיסקוס');

INSERT INTO answer_options (question_id, correct_answer, answer_text)
VALUES ('305044105', FALSE, 'היאבקות');

INSERT INTO questions (question_id, language_id, topic_id, c_grade_id, level, question_text, explanation, interesting_fact)
VALUES ('305045101', 1, 5045, 1, 1, 'איזה מהבאים אינו חרק?', '', 'בשונה מחרקים להם יש 6 רגליים, לעכביש יש 8 רגליים והוא שייך למחלקת העכבישנים.') ON CONFLICT (question_id) DO UPDATE SET language_id = 1 ,topic_id= 5045,c_grade_id =1,level=1,question_text='איזה מהבאים אינו חרק?',explanation='',interesting_fact='בשונה מחרקים להם יש 6 רגליים, לעכביש יש 8 רגליים והוא שייך למחלקת העכבישנים.';


INSERT INTO answer_options (question_id, correct_answer, answer_text)
VALUES ('305045101', TRUE, 'עכביש') ;

INSERT INTO answer_options (question_id, correct_answer, answer_text)
VALUES ('305045101', FALSE, 'פַּרְפַּר');

INSERT INTO answer_options (question_id, correct_answer, answer_text)
VALUES ('305045101', FALSE, 'דבורה');

INSERT INTO answer_options (question_id, correct_answer, answer_text)
VALUES ('305045101', FALSE, 'נְמָלָה');

INSERT INTO questions (question_id, language_id, topic_id, c_grade_id, level, question_text, explanation, interesting_fact)
VALUES ('305045102', 1, 5045, 2, 2, 'איזה חרק ידוע ביכולתו לקפוץ פי 100 יותר מאורך גופו?', '', 'יכולת קפיצתו של פרעוש ביחס לגופו היא כאילו שאדם היה מנתר מעל בניין בן 50 קומות') ON CONFLICT (question_id) DO UPDATE SET language_id = 1 ,topic_id= 5045,c_grade_id =2,level=2,question_text='איזה חרק ידוע ביכולתו לקפוץ פי 100 יותר מאורך גופו?',explanation='',interesting_fact='יכולת קפיצתו של פרעוש ביחס לגופו היא כאילו שאדם היה מנתר מעל בניין בן 50 קומות';


INSERT INTO answer_options (question_id, correct_answer, answer_text)
VALUES ('305045102', TRUE, 'פרעוש') ;

INSERT INTO answer_options (question_id, correct_answer, answer_text)
VALUES ('305045102', FALSE, 'נְמָלָה');

INSERT INTO answer_options (question_id, correct_answer, answer_text)
VALUES ('305045102', FALSE, 'חיפושית');

INSERT INTO answer_options (question_id, correct_answer, answer_text)
VALUES ('305045102', FALSE, 'זבוב');

INSERT INTO questions (question_id, language_id, topic_id, c_grade_id, level, question_text, explanation, interesting_fact)
VALUES ('305045103', 1, 5045, 3, 3, 'איזה חרק ידוע ביכולתו להפוך מזחל לחיה מעופפת?', '', 'פרפרים עוברים "מטמורפוזה" - תהליך שהופך אותם מזחל לגולם ואז לפרפר.') ON CONFLICT (question_id) DO UPDATE SET language_id = 1 ,topic_id= 5045,c_grade_id =3,level=3,question_text='איזה חרק ידוע ביכולתו להפוך מזחל לחיה מעופפת?',explanation='',interesting_fact='פרפרים עוברים "מטמורפוזה" - תהליך שהופך אותם מזחל לגולם ואז לפרפר.';


INSERT INTO answer_options (question_id, correct_answer, answer_text)
VALUES ('305045103', TRUE, 'פַּרְפַּר') ;

INSERT INTO answer_options (question_id, correct_answer, answer_text)
VALUES ('305045103', FALSE, 'דבורה');

INSERT INTO answer_options (question_id, correct_answer, answer_text)
VALUES ('305045103', FALSE, 'נְמָלָה');

INSERT INTO answer_options (question_id, correct_answer, answer_text)
VALUES ('305045103', FALSE, 'זבוב');

INSERT INTO questions (question_id, language_id, topic_id, c_grade_id, level, question_text, explanation, interesting_fact)
VALUES ('305045104', 1, 5045, 4, 4, 'לאיזה חרק יש כנפיים צבעוניות וידוע שהוא טועם בכפות רגליו?', '', 'הפרפרים ידועים בכנפיים הצבעוניות וביכולת הטעם שלהם ברגליים.') ON CONFLICT (question_id) DO UPDATE SET language_id = 1 ,topic_id= 5045,c_grade_id =4,level=4,question_text='לאיזה חרק יש כנפיים צבעוניות וידוע שהוא טועם בכפות רגליו?',explanation='',interesting_fact='הפרפרים ידועים בכנפיים הצבעוניות וביכולת הטעם שלהם ברגליים.';


INSERT INTO answer_options (question_id, correct_answer, answer_text)
VALUES ('305045104', TRUE, 'פַּרְפַּר') ;

INSERT INTO answer_options (question_id, correct_answer, answer_text)
VALUES ('305045104', FALSE, 'חָגָב');

INSERT INTO answer_options (question_id, correct_answer, answer_text)
VALUES ('305045104', FALSE, 'שַׁפִּירִית');

INSERT INTO answer_options (question_id, correct_answer, answer_text)
VALUES ('305045104', FALSE, 'פָּרַת מֹשֶׁה רַבֵּנוּ');

INSERT INTO questions (question_id, language_id, topic_id, c_grade_id, level, question_text, explanation, interesting_fact)
VALUES ('305045105', 1, 5045, 5, 5, 'איזה חרק ידוע כמשמיע צליל ציוץ על ידי שפשוף רגליו?', '', 'צרצרים ידועים בציוץ, המופק על ידי שפשוף רגליהם זו בזו.') ON CONFLICT (question_id) DO UPDATE SET language_id = 1 ,topic_id= 5045,c_grade_id =5,level=5,question_text='איזה חרק ידוע כמשמיע צליל ציוץ על ידי שפשוף רגליו?',explanation='',interesting_fact='צרצרים ידועים בציוץ, המופק על ידי שפשוף רגליהם זו בזו.';


INSERT INTO answer_options (question_id, correct_answer, answer_text)
VALUES ('305045105', TRUE, 'צרצר') ;

INSERT INTO answer_options (question_id, correct_answer, answer_text)
VALUES ('305045105', FALSE, 'יַתוּשׁ');

INSERT INTO answer_options (question_id, correct_answer, answer_text)
VALUES ('305045105', FALSE, 'צרעה');

INSERT INTO answer_options (question_id, correct_answer, answer_text)
VALUES ('305045105', FALSE, 'חיפושית');

INSERT INTO questions (question_id, language_id, topic_id, c_grade_id, level, question_text, explanation, interesting_fact)
VALUES ('305046101', 1, 5046, 1, 1, 'מי היה הקיסר הרומי הראשון?', '', 'אוגוסטוס היה בנו המאומץ של יוליוס קיסר ויורשו. לאחר מות אביו המאמץ הוא צירף לשמו את השם קיסר ומאז נחשב לקיסר הראשון.') ON CONFLICT (question_id) DO UPDATE SET language_id = 1 ,topic_id= 5046,c_grade_id =1,level=1,question_text='מי היה הקיסר הרומי הראשון?',explanation='',interesting_fact='אוגוסטוס היה בנו המאומץ של יוליוס קיסר ויורשו. לאחר מות אביו המאמץ הוא צירף לשמו את השם קיסר ומאז נחשב לקיסר הראשון.';


INSERT INTO answer_options (question_id, correct_answer, answer_text)
VALUES ('305046101', TRUE, 'אוגוסטוס') ;

INSERT INTO answer_options (question_id, correct_answer, answer_text)
VALUES ('305046101', FALSE, 'נירון');

INSERT INTO answer_options (question_id, correct_answer, answer_text)
VALUES ('305046101', FALSE, 'יוליוס קיסר');

INSERT INTO answer_options (question_id, correct_answer, answer_text)
VALUES ('305046101', FALSE, 'קליגולה');

INSERT INTO questions (question_id, language_id, topic_id, c_grade_id, level, question_text, explanation, interesting_fact)
VALUES ('305046102', 1, 5046, 2, 2, 'על שם מי כונו שליטי רומא "קיסרים"?', '', 'לאחר מות אביו המאמץ אוגוסטוס שהיה בנו המאומץ של יוליוס קיסר צירף לשמו את השם קיסר ומאז כך עשו כולם') ON CONFLICT (question_id) DO UPDATE SET language_id = 1 ,topic_id= 5046,c_grade_id =2,level=2,question_text='על שם מי כונו שליטי רומא "קיסרים"?',explanation='',interesting_fact='לאחר מות אביו המאמץ אוגוסטוס שהיה בנו המאומץ של יוליוס קיסר צירף לשמו את השם קיסר ומאז כך עשו כולם';


INSERT INTO answer_options (question_id, correct_answer, answer_text)
VALUES ('305046102', TRUE, 'יוליוס קיסר') ;

INSERT INTO answer_options (question_id, correct_answer, answer_text)
VALUES ('305046102', FALSE, 'קיסר סין שבנה את החומה הגדולה');

INSERT INTO answer_options (question_id, correct_answer, answer_text)
VALUES ('305046102', FALSE, 'קיסר יפן');

INSERT INTO answer_options (question_id, correct_answer, answer_text)
VALUES ('305046102', FALSE, 'אלכסנדר מוקדון');

INSERT INTO questions (question_id, language_id, topic_id, c_grade_id, level, question_text, explanation, interesting_fact)
VALUES ('305046103', 1, 5046, 3, 3, 'איזה שעשוע אכזרי נערך באיצטדיונים וצפו בו אנשים רבים?', '', 'לעיתים היו קרבות בין עבדים לאריות וטיגריסים.') ON CONFLICT (question_id) DO UPDATE SET language_id = 1 ,topic_id= 5046,c_grade_id =3,level=3,question_text='איזה שעשוע אכזרי נערך באיצטדיונים וצפו בו אנשים רבים?',explanation='',interesting_fact='לעיתים היו קרבות בין עבדים לאריות וטיגריסים.';


INSERT INTO answer_options (question_id, correct_answer, answer_text)
VALUES ('305046103', TRUE, 'קרבות גלדיאטורים') ;

INSERT INTO answer_options (question_id, correct_answer, answer_text)
VALUES ('305046103', FALSE, 'קרבות אגרוף');

INSERT INTO answer_options (question_id, correct_answer, answer_text)
VALUES ('305046103', FALSE, 'קליעה למטרה');

INSERT INTO answer_options (question_id, correct_answer, answer_text)
VALUES ('305046103', FALSE, 'תחרויות קראטה');

INSERT INTO questions (question_id, language_id, topic_id, c_grade_id, level, question_text, explanation, interesting_fact)
VALUES ('305046104', 1, 5046, 4, 4, 'מי היה הקיסר הרומי שעל שמו נקראה העיר טבריה?', '', 'טיבריוס היה קיסר רומא משנת 14 עד 37 לספירה, בתקופת צליבתו של ישו.') ON CONFLICT (question_id) DO UPDATE SET language_id = 1 ,topic_id= 5046,c_grade_id =4,level=4,question_text='מי היה הקיסר הרומי שעל שמו נקראה העיר טבריה?',explanation='',interesting_fact='טיבריוס היה קיסר רומא משנת 14 עד 37 לספירה, בתקופת צליבתו של ישו.';


INSERT INTO answer_options (question_id, correct_answer, answer_text)
VALUES ('305046104', TRUE, 'טיבריוס') ;

INSERT INTO answer_options (question_id, correct_answer, answer_text)
VALUES ('305046104', FALSE, 'קלאודיוס');

INSERT INTO answer_options (question_id, correct_answer, answer_text)
VALUES ('305046104', FALSE, 'טראיאנוס');

INSERT INTO answer_options (question_id, correct_answer, answer_text)
VALUES ('305046104', FALSE, 'אוגוסטוס');

INSERT INTO questions (question_id, language_id, topic_id, c_grade_id, level, question_text, explanation, interesting_fact)
VALUES ('305046105', 1, 5046, 5, 5, 'מה היתה הסיבה שהאימפריה הרומית התחלקה ל 2 חלקים (מזרח ומערב)?', '', 'קונסטנטינופול בירת האימפריה הרומית המזרחית הייתה ידועה בעושרה הרב ויופיה.') ON CONFLICT (question_id) DO UPDATE SET language_id = 1 ,topic_id= 5046,c_grade_id =5,level=5,question_text='מה היתה הסיבה שהאימפריה הרומית התחלקה ל 2 חלקים (מזרח ומערב)?',explanation='',interesting_fact='קונסטנטינופול בירת האימפריה הרומית המזרחית הייתה ידועה בעושרה הרב ויופיה.';


INSERT INTO answer_options (question_id, correct_answer, answer_text)
VALUES ('305046105', TRUE, 'היא היתה גדולה מדי לשלטון יחיד') ;

INSERT INTO answer_options (question_id, correct_answer, answer_text)
VALUES ('305046105', FALSE, 'מרד של חלק מהעם');

INSERT INTO answer_options (question_id, correct_answer, answer_text)
VALUES ('305046105', FALSE, 'מרד של אחד השליטים');

INSERT INTO answer_options (question_id, correct_answer, answer_text)
VALUES ('305046105', FALSE, 'האימפריה הרומית לא התחלקה כלל');

INSERT INTO questions (question_id, language_id, topic_id, c_grade_id, level, question_text, explanation, interesting_fact)
VALUES ('305047101', 1, 5047, 1, 1, 'על פי מה נקבעים החודשים בלוח השנה העברי?', '', 'הלוח העברי (תשרי, חשוון, ,...) הוא לוח שנה בו החודשים ולכן גם החגים היהודיים נקבעים לפי מולד הירח.') ON CONFLICT (question_id) DO UPDATE SET language_id = 1 ,topic_id= 5047,c_grade_id =1,level=1,question_text='על פי מה נקבעים החודשים בלוח השנה העברי?',explanation='',interesting_fact='הלוח העברי (תשרי, חשוון, ,...) הוא לוח שנה בו החודשים ולכן גם החגים היהודיים נקבעים לפי מולד הירח.';


INSERT INTO answer_options (question_id, correct_answer, answer_text)
VALUES ('305047101', TRUE, 'הירח') ;

INSERT INTO answer_options (question_id, correct_answer, answer_text)
VALUES ('305047101', FALSE, 'השמש');

INSERT INTO answer_options (question_id, correct_answer, answer_text)
VALUES ('305047101', FALSE, 'גם השמש וגם הירח');

INSERT INTO answer_options (question_id, correct_answer, answer_text)
VALUES ('305047101', FALSE, 'כוכבי הלכת');

INSERT INTO questions (question_id, language_id, topic_id, c_grade_id, level, question_text, explanation, interesting_fact)
VALUES ('305047102', 1, 5047, 2, 2, 'כמה ימים יש בלוח השנה השמשי (המבוסס על סיבוב כדור הארץ סביב השמש)?', '', 'כדוא הארץ מקיף את השמש כל 365 ורבע ימים בקירוב.') ON CONFLICT (question_id) DO UPDATE SET language_id = 1 ,topic_id= 5047,c_grade_id =2,level=2,question_text='כמה ימים יש בלוח השנה השמשי (המבוסס על סיבוב כדור הארץ סביב השמש)?',explanation='',interesting_fact='כדוא הארץ מקיף את השמש כל 365 ורבע ימים בקירוב.';


INSERT INTO answer_options (question_id, correct_answer, answer_text)
VALUES ('305047102', TRUE, '365') ;

INSERT INTO answer_options (question_id, correct_answer, answer_text)
VALUES ('305047102', FALSE, '360');

INSERT INTO answer_options (question_id, correct_answer, answer_text)
VALUES ('305047102', FALSE, '30');

INSERT INTO answer_options (question_id, correct_answer, answer_text)
VALUES ('305047102', FALSE, '12');

INSERT INTO questions (question_id, language_id, topic_id, c_grade_id, level, question_text, explanation, interesting_fact)
VALUES ('305047103', 1, 5047, 3, 3, 'בלוח העברי, מה שם החודש שמתווסף בשנה מעוברת?', '', 'אדר ב` מתווסף כחודש שני של אדר בשנים מעוברות כדי לשמור על התאמה של לוח השנה לשנת השמש.') ON CONFLICT (question_id) DO UPDATE SET language_id = 1 ,topic_id= 5047,c_grade_id =3,level=3,question_text='בלוח העברי, מה שם החודש שמתווסף בשנה מעוברת?',explanation='',interesting_fact='אדר ב` מתווסף כחודש שני של אדר בשנים מעוברות כדי לשמור על התאמה של לוח השנה לשנת השמש.';


INSERT INTO answer_options (question_id, correct_answer, answer_text)
VALUES ('305047103', TRUE, 'אדר ב`') ;

INSERT INTO answer_options (question_id, correct_answer, answer_text)
VALUES ('305047103', FALSE, 'תשרי');

INSERT INTO answer_options (question_id, correct_answer, answer_text)
VALUES ('305047103', FALSE, 'ניסן');

INSERT INTO answer_options (question_id, correct_answer, answer_text)
VALUES ('305047103', FALSE, 'אֱלוּל');

INSERT INTO questions (question_id, language_id, topic_id, c_grade_id, level, question_text, explanation, interesting_fact)
VALUES ('305047104', 1, 5047, 4, 4, 'לוח השנה באיזו תרבות כלל מחזור של 52 שנה, שאחריו האמינו שהעולם עלול להסתיים?', '', 'לוח השנה האצטקי כלל מחזור של 52 שנה המכונה "סבב לוח השנה", שבסיומו ערכו טקסים כדי להבטיח את המשך העולם.') ON CONFLICT (question_id) DO UPDATE SET language_id = 1 ,topic_id= 5047,c_grade_id =4,level=4,question_text='לוח השנה באיזו תרבות כלל מחזור של 52 שנה, שאחריו האמינו שהעולם עלול להסתיים?',explanation='',interesting_fact='לוח השנה האצטקי כלל מחזור של 52 שנה המכונה "סבב לוח השנה", שבסיומו ערכו טקסים כדי להבטיח את המשך העולם.';


INSERT INTO answer_options (question_id, correct_answer, answer_text)
VALUES ('305047104', TRUE, 'אצטקי') ;

INSERT INTO answer_options (question_id, correct_answer, answer_text)
VALUES ('305047104', FALSE, 'רוֹמִי');

INSERT INTO answer_options (question_id, correct_answer, answer_text)
VALUES ('305047104', FALSE, 'מִצרִי');

INSERT INTO answer_options (question_id, correct_answer, answer_text)
VALUES ('305047104', FALSE, 'בַּבְלִי');

INSERT INTO questions (question_id, language_id, topic_id, c_grade_id, level, question_text, explanation, interesting_fact)
VALUES ('305047105', 1, 5047, 5, 5, 'ממתי ספרו שנים בלוח השנה הרומי?', '', 'הלוח הרומי מנה במקור שנים מיום הקמתה האגדית של רומא.') ON CONFLICT (question_id) DO UPDATE SET language_id = 1 ,topic_id= 5047,c_grade_id =5,level=5,question_text='ממתי ספרו שנים בלוח השנה הרומי?',explanation='',interesting_fact='הלוח הרומי מנה במקור שנים מיום הקמתה האגדית של רומא.';


INSERT INTO answer_options (question_id, correct_answer, answer_text)
VALUES ('305047105', TRUE, 'מאז הקמת העיר רומא') ;

INSERT INTO answer_options (question_id, correct_answer, answer_text)
VALUES ('305047105', FALSE, 'מתקופת שלטונו של הקיסר הנוכחי');

INSERT INTO answer_options (question_id, correct_answer, answer_text)
VALUES ('305047105', FALSE, 'מבריאת העולם');

INSERT INTO answer_options (question_id, correct_answer, answer_text)
VALUES ('305047105', FALSE, 'מאז האולימפיאדה');

INSERT INTO questions (question_id, language_id, topic_id, c_grade_id, level, question_text, explanation, interesting_fact)
VALUES ('305048101', 1, 5048, 1, 1, 'איזה פרעה מצרי ידוע בבניית הפירמידה הגדולה של גיזה?', '', 'פירמידת חופו היא הגדולה והעתיקה ביותר מבין שלוש הפירמידות הגדולות בגיזה והיא אחד מפלאי העולם העתיק.') ON CONFLICT (question_id) DO UPDATE SET language_id = 1 ,topic_id= 5048,c_grade_id =1,level=1,question_text='איזה פרעה מצרי ידוע בבניית הפירמידה הגדולה של גיזה?',explanation='',interesting_fact='פירמידת חופו היא הגדולה והעתיקה ביותר מבין שלוש הפירמידות הגדולות בגיזה והיא אחד מפלאי העולם העתיק.';


INSERT INTO answer_options (question_id, correct_answer, answer_text)
VALUES ('305048101', TRUE, 'ח`ופו') ;

INSERT INTO answer_options (question_id, correct_answer, answer_text)
VALUES ('305048101', FALSE, 'רעמסס השני');

INSERT INTO answer_options (question_id, correct_answer, answer_text)
VALUES ('305048101', FALSE, 'תות ענח אמון');

INSERT INTO answer_options (question_id, correct_answer, answer_text)
VALUES ('305048101', FALSE, 'חניבעל');

INSERT INTO questions (question_id, language_id, topic_id, c_grade_id, level, question_text, explanation, interesting_fact)
VALUES ('305048102', 1, 5048, 2, 2, 'מי היה המלך המקדוני שכבש את האימפריה הפרסית במאה ה-4 לפני הספירה?', '', 'אלכסנדר הגדול (מוקדון) כבש ויצר את אחת האימפריות הגדולות בהיסטוריה. הוא מת בגיל 32, תוך שהותיר אחריו מורשת ששינתה את פני העולם העתיק.') ON CONFLICT (question_id) DO UPDATE SET language_id = 1 ,topic_id= 5048,c_grade_id =2,level=2,question_text='מי היה המלך המקדוני שכבש את האימפריה הפרסית במאה ה-4 לפני הספירה?',explanation='',interesting_fact='אלכסנדר הגדול (מוקדון) כבש ויצר את אחת האימפריות הגדולות בהיסטוריה. הוא מת בגיל 32, תוך שהותיר אחריו מורשת ששינתה את פני העולם העתיק.';


INSERT INTO answer_options (question_id, correct_answer, answer_text)
VALUES ('305048102', TRUE, 'אלכסנדר הגדול') ;

INSERT INTO answer_options (question_id, correct_answer, answer_text)
VALUES ('305048102', FALSE, 'חניבעל');

INSERT INTO answer_options (question_id, correct_answer, answer_text)
VALUES ('305048102', FALSE, 'יוליוס קיסר');

INSERT INTO answer_options (question_id, correct_answer, answer_text)
VALUES ('305048102', FALSE, 'רעמסס השני');

INSERT INTO questions (question_id, language_id, topic_id, c_grade_id, level, question_text, explanation, interesting_fact)
VALUES ('305048103', 1, 5048, 3, 3, 'מי היה הגנרל הקרתגי שבמלחמתו עם רומא חצה את הרי האלפים עם פילים?', '', 'חניבעל נחשב לאחד המצביאים הגדולים בהיסטוריה ומסעו דרך האלפים נחשב לאחד המעללים הצבאיים המרשימים ביותר.') ON CONFLICT (question_id) DO UPDATE SET language_id = 1 ,topic_id= 5048,c_grade_id =3,level=3,question_text='מי היה הגנרל הקרתגי שבמלחמתו עם רומא חצה את הרי האלפים עם פילים?',explanation='',interesting_fact='חניבעל נחשב לאחד המצביאים הגדולים בהיסטוריה ומסעו דרך האלפים נחשב לאחד המעללים הצבאיים המרשימים ביותר.';


INSERT INTO answer_options (question_id, correct_answer, answer_text)
VALUES ('305048103', TRUE, 'חניבעל') ;

INSERT INTO answer_options (question_id, correct_answer, answer_text)
VALUES ('305048103', FALSE, 'יוליוס קיסר');

INSERT INTO answer_options (question_id, correct_answer, answer_text)
VALUES ('305048103', FALSE, 'מרקוס אורליוס');

INSERT INTO answer_options (question_id, correct_answer, answer_text)
VALUES ('305048103', FALSE, 'אוגוסטוס קיסר');

INSERT INTO questions (question_id, language_id, topic_id, c_grade_id, level, question_text, explanation, interesting_fact)
VALUES ('305048104', 1, 5048, 4, 4, 'מי היה המצביא והרודן הרומי המפורסם שהפך את רומא לאימפריה? על שמו קרוי חודש בשנה.', '', 'יוליוס קיסר הוא אחת הדמויות המרכזיות בהיסטוריה הרומית. הוא נרצח בדקירה לאחר שמינה עצמו לדיקטטור לכל ימי חייו ופגע בסמכויות הסנאט.') ON CONFLICT (question_id) DO UPDATE SET language_id = 1 ,topic_id= 5048,c_grade_id =4,level=4,question_text='מי היה המצביא והרודן הרומי המפורסם שהפך את רומא לאימפריה? על שמו קרוי חודש בשנה.',explanation='',interesting_fact='יוליוס קיסר הוא אחת הדמויות המרכזיות בהיסטוריה הרומית. הוא נרצח בדקירה לאחר שמינה עצמו לדיקטטור לכל ימי חייו ופגע בסמכויות הסנאט.';


INSERT INTO answer_options (question_id, correct_answer, answer_text)
VALUES ('305048104', TRUE, 'יוליוס קיסר') ;

INSERT INTO answer_options (question_id, correct_answer, answer_text)
VALUES ('305048104', FALSE, 'אוגוסטוס קיסר');

INSERT INTO answer_options (question_id, correct_answer, answer_text)
VALUES ('305048104', FALSE, 'אלכסנדר הגדול');

INSERT INTO answer_options (question_id, correct_answer, answer_text)
VALUES ('305048104', FALSE, 'מרקוס אורליוס');

INSERT INTO questions (question_id, language_id, topic_id, c_grade_id, level, question_text, explanation, interesting_fact)
VALUES ('305048105', 1, 5048, 5, 5, 'מי הייתה המלכה המפורסמת של מצרים העתיקה הידועה ביופיה ובאהבתה לנחשים?', '', 'קליאופטרה הייתה מלכה משכילה ומוכשרת, שדיברה מספר שפות ושלטה במצרים במשך כמעט שני עשורים.') ON CONFLICT (question_id) DO UPDATE SET language_id = 1 ,topic_id= 5048,c_grade_id =5,level=5,question_text='מי הייתה המלכה המפורסמת של מצרים העתיקה הידועה ביופיה ובאהבתה לנחשים?',explanation='',interesting_fact='קליאופטרה הייתה מלכה משכילה ומוכשרת, שדיברה מספר שפות ושלטה במצרים במשך כמעט שני עשורים.';


INSERT INTO answer_options (question_id, correct_answer, answer_text)
VALUES ('305048105', TRUE, 'קליאופטרה') ;

INSERT INTO answer_options (question_id, correct_answer, answer_text)
VALUES ('305048105', FALSE, 'נפרטיטי');

INSERT INTO answer_options (question_id, correct_answer, answer_text)
VALUES ('305048105', FALSE, 'מארי אנטואנט');

INSERT INTO answer_options (question_id, correct_answer, answer_text)
VALUES ('305048105', FALSE, 'המלכה ויקטוריה');

INSERT INTO questions (question_id, language_id, topic_id, c_grade_id, level, question_text, explanation, interesting_fact)
VALUES ('305049101', 1, 5049, 1, 1, 'מהו החודש הקצר ביותר בלוח הגרגוריאני(הנוצרי)?', '', 'פברואר הוא החודש הקצר ביותר, עם 28 ימים בשנים נפוצות ו-29 ימים בשנים מעוברות.') ON CONFLICT (question_id) DO UPDATE SET language_id = 1 ,topic_id= 5049,c_grade_id =1,level=1,question_text='מהו החודש הקצר ביותר בלוח הגרגוריאני(הנוצרי)?',explanation='',interesting_fact='פברואר הוא החודש הקצר ביותר, עם 28 ימים בשנים נפוצות ו-29 ימים בשנים מעוברות.';


INSERT INTO answer_options (question_id, correct_answer, answer_text)
VALUES ('305049101', TRUE, 'פברואר') ;

INSERT INTO answer_options (question_id, correct_answer, answer_text)
VALUES ('305049101', FALSE, 'אַפּרִיל');

INSERT INTO answer_options (question_id, correct_answer, answer_text)
VALUES ('305049101', FALSE, 'יוני');

INSERT INTO answer_options (question_id, correct_answer, answer_text)
VALUES ('305049101', FALSE, 'נוֹבֶמבֶּר');

INSERT INTO questions (question_id, language_id, topic_id, c_grade_id, level, question_text, explanation, interesting_fact)
VALUES ('305049102', 1, 5049, 2, 2, 'משמו של איזה קיסר רומי נגזר חודש יולי?', '', 'יולי נקרא לכבוד יוליוס קיסר בעקבות הרפורמה שלו בלוח השנה. חודש זה נקרא בעבר קווינטיליס (החמישי בלטינית).') ON CONFLICT (question_id) DO UPDATE SET language_id = 1 ,topic_id= 5049,c_grade_id =2,level=2,question_text='משמו של איזה קיסר רומי נגזר חודש יולי?',explanation='',interesting_fact='יולי נקרא לכבוד יוליוס קיסר בעקבות הרפורמה שלו בלוח השנה. חודש זה נקרא בעבר קווינטיליס (החמישי בלטינית).';


INSERT INTO answer_options (question_id, correct_answer, answer_text)
VALUES ('305049102', TRUE, 'יוליוס קיסר') ;

INSERT INTO answer_options (question_id, correct_answer, answer_text)
VALUES ('305049102', FALSE, 'אוגוסטוס קיסר');

INSERT INTO answer_options (question_id, correct_answer, answer_text)
VALUES ('305049102', FALSE, 'נירון');

INSERT INTO answer_options (question_id, correct_answer, answer_text)
VALUES ('305049102', FALSE, 'קליגולה');

INSERT INTO questions (question_id, language_id, topic_id, c_grade_id, level, question_text, explanation, interesting_fact)
VALUES ('305049103', 1, 5049, 3, 3, 'שם איזה חודש בא מהמילה הלטינית למספר שבע?', '', 'שמו של ספטמבר בא מ"ספטם" שבשפה לטינית זה המספר שבע, שכן זה היה החודש השביעי בלוח הרומי העתיק. גם בשפות צרפתית ואיטלקית הצליל למספר 7 הוא דומה.') ON CONFLICT (question_id) DO UPDATE SET language_id = 1 ,topic_id= 5049,c_grade_id =3,level=3,question_text='שם איזה חודש בא מהמילה הלטינית למספר שבע?',explanation='',interesting_fact='שמו של ספטמבר בא מ"ספטם" שבשפה לטינית זה המספר שבע, שכן זה היה החודש השביעי בלוח הרומי העתיק. גם בשפות צרפתית ואיטלקית הצליל למספר 7 הוא דומה.';


INSERT INTO answer_options (question_id, correct_answer, answer_text)
VALUES ('305049103', TRUE, 'סֶפּטֶמבֶּר') ;

INSERT INTO answer_options (question_id, correct_answer, answer_text)
VALUES ('305049103', FALSE, 'אוֹקְטוֹבֶּר');

INSERT INTO answer_options (question_id, correct_answer, answer_text)
VALUES ('305049103', FALSE, 'נוֹבֶמבֶּר');

INSERT INTO answer_options (question_id, correct_answer, answer_text)
VALUES ('305049103', FALSE, 'דֵצֶמבֶּר');

INSERT INTO questions (question_id, language_id, topic_id, c_grade_id, level, question_text, explanation, interesting_fact)
VALUES ('305049104', 1, 5049, 4, 4, 'מה מקור השם "אפריל"?', '', 'מאמינים שהשם "אפריל" מגיע מהמילה הלטינית "אפרי", שמשמעותה "לפתוח", אולי מתייחסת לפתיחה או פריחה של פרחים ועצים בחודש זה.') ON CONFLICT (question_id) DO UPDATE SET language_id = 1 ,topic_id= 5049,c_grade_id =4,level=4,question_text='מה מקור השם "אפריל"?',explanation='',interesting_fact='מאמינים שהשם "אפריל" מגיע מהמילה הלטינית "אפרי", שמשמעותה "לפתוח", אולי מתייחסת לפתיחה או פריחה של פרחים ועצים בחודש זה.';


INSERT INTO answer_options (question_id, correct_answer, answer_text)
VALUES ('305049104', TRUE, 'המילה הלטינית "אפרי" (לפתוח)') ;

INSERT INTO answer_options (question_id, correct_answer, answer_text)
VALUES ('305049104', FALSE, 'האלה הרומית אפרודיטה');

INSERT INTO answer_options (question_id, correct_answer, answer_text)
VALUES ('305049104', FALSE, 'מילה לטינית ל"אביב"');

INSERT INTO answer_options (question_id, correct_answer, answer_text)
VALUES ('305049104', FALSE, 'קיסר רומי');

INSERT INTO questions (question_id, language_id, topic_id, c_grade_id, level, question_text, explanation, interesting_fact)
VALUES ('305049105', 1, 5049, 5, 5, 'לכמה מחודשי השנה יש 31 ימים בלוח הגרגוריאני (נוצרי)?', '', 'לשבעה חודשים בשנה יש 31 ימים: ינואר, מרץ, מאי, יולי, אוגוסט, אוקטובר ודצמבר.') ON CONFLICT (question_id) DO UPDATE SET language_id = 1 ,topic_id= 5049,c_grade_id =5,level=5,question_text='לכמה מחודשי השנה יש 31 ימים בלוח הגרגוריאני (נוצרי)?',explanation='',interesting_fact='לשבעה חודשים בשנה יש 31 ימים: ינואר, מרץ, מאי, יולי, אוגוסט, אוקטובר ודצמבר.';


INSERT INTO answer_options (question_id, correct_answer, answer_text)
VALUES ('305049105', TRUE, '7') ;

INSERT INTO answer_options (question_id, correct_answer, answer_text)
VALUES ('305049105', FALSE, '6');

INSERT INTO answer_options (question_id, correct_answer, answer_text)
VALUES ('305049105', FALSE, '5');

INSERT INTO answer_options (question_id, correct_answer, answer_text)
VALUES ('305049105', FALSE, '8');

INSERT INTO questions (question_id, language_id, topic_id, c_grade_id, level, question_text, explanation, interesting_fact)
VALUES ('305050101', 1, 5050, 1, 1, 'מי הפליג ב-1492 וזכה להכרה כמגלה יבשת אמריקה?', '', 'מסעו של קולומבוס ב-1492 הוביל למגע האירופי המתמשך הראשון עם אמריקה. ידוע כי הויקינגים ועמים נוספים הגיעו לאמריקה עוד לפני אולם לא נשארו שם.') ON CONFLICT (question_id) DO UPDATE SET language_id = 1 ,topic_id= 5050,c_grade_id =1,level=1,question_text='מי הפליג ב-1492 וזכה להכרה כמגלה יבשת אמריקה?',explanation='',interesting_fact='מסעו של קולומבוס ב-1492 הוביל למגע האירופי המתמשך הראשון עם אמריקה. ידוע כי הויקינגים ועמים נוספים הגיעו לאמריקה עוד לפני אולם לא נשארו שם.';


INSERT INTO answer_options (question_id, correct_answer, answer_text)
VALUES ('305050101', TRUE, 'כריסטופר קולומבוס') ;

INSERT INTO answer_options (question_id, correct_answer, answer_text)
VALUES ('305050101', FALSE, 'פרדיננד מגלן');

INSERT INTO answer_options (question_id, correct_answer, answer_text)
VALUES ('305050101', FALSE, 'ג`יימס קוק');

INSERT INTO answer_options (question_id, correct_answer, answer_text)
VALUES ('305050101', FALSE, 'ואסקו דה גאמה');

INSERT INTO questions (question_id, language_id, topic_id, c_grade_id, level, question_text, explanation, interesting_fact)
VALUES ('305050102', 1, 5050, 2, 2, 'איזה חוקר ידוע בהקפת כדור הארץ הראשונה?', '', 'משלחתו של מגלן השלימה את ההקפה הראשונה, אם כי הוא מת במהלך המסע ב-1521.') ON CONFLICT (question_id) DO UPDATE SET language_id = 1 ,topic_id= 5050,c_grade_id =2,level=2,question_text='איזה חוקר ידוע בהקפת כדור הארץ הראשונה?',explanation='',interesting_fact='משלחתו של מגלן השלימה את ההקפה הראשונה, אם כי הוא מת במהלך המסע ב-1521.';


INSERT INTO answer_options (question_id, correct_answer, answer_text)
VALUES ('305050102', TRUE, 'פרדיננד מגלן') ;

INSERT INTO answer_options (question_id, correct_answer, answer_text)
VALUES ('305050102', FALSE, 'מרקו פולו');

INSERT INTO answer_options (question_id, correct_answer, answer_text)
VALUES ('305050102', FALSE, 'ג`ון קאבוט');

INSERT INTO answer_options (question_id, correct_answer, answer_text)
VALUES ('305050102', FALSE, 'הרנן קורטס');

INSERT INTO questions (question_id, language_id, topic_id, c_grade_id, level, question_text, explanation, interesting_fact)
VALUES ('305050103', 1, 5050, 3, 3, 'על שם מי נקראת יבשת אמריקה?', '', 'ההכרה של וספוצ`י בכך שהאדמות שגילה קולומבוס הן יבשת נפרדת הובילה לשימוש בשם "אמריקה". שכן קולומבוס האמין עד יומו האחרון שבעצם הגיע להודו.') ON CONFLICT (question_id) DO UPDATE SET language_id = 1 ,topic_id= 5050,c_grade_id =3,level=3,question_text='על שם מי נקראת יבשת אמריקה?',explanation='',interesting_fact='ההכרה של וספוצ`י בכך שהאדמות שגילה קולומבוס הן יבשת נפרדת הובילה לשימוש בשם "אמריקה". שכן קולומבוס האמין עד יומו האחרון שבעצם הגיע להודו.';


INSERT INTO answer_options (question_id, correct_answer, answer_text)
VALUES ('305050103', TRUE, 'אמריגו וספוצ`י') ;

INSERT INTO answer_options (question_id, correct_answer, answer_text)
VALUES ('305050103', FALSE, 'פרדיננד מגלן');

INSERT INTO answer_options (question_id, correct_answer, answer_text)
VALUES ('305050103', FALSE, 'כריסטופר קולומבוס');

INSERT INTO answer_options (question_id, correct_answer, answer_text)
VALUES ('305050103', FALSE, 'ואסקו דה גאמה');

INSERT INTO questions (question_id, language_id, topic_id, c_grade_id, level, question_text, explanation, interesting_fact)
VALUES ('305050104', 1, 5050, 4, 4, 'מה עשה החוקר הסקוטי דיוויד ליווינגסטון באפריקה במאה ה-19?', '', 'דייוויד ליווינגסטון ידוע בעיקר בזכות חקר אפריקה וגילוי מפלי ויקטוריה.') ON CONFLICT (question_id) DO UPDATE SET language_id = 1 ,topic_id= 5050,c_grade_id =4,level=4,question_text='מה עשה החוקר הסקוטי דיוויד ליווינגסטון באפריקה במאה ה-19?',explanation='',interesting_fact='דייוויד ליווינגסטון ידוע בעיקר בזכות חקר אפריקה וגילוי מפלי ויקטוריה.';


INSERT INTO answer_options (question_id, correct_answer, answer_text)
VALUES ('305050104', TRUE, 'חיפש את מקור נהר הנילוס') ;

INSERT INTO answer_options (question_id, correct_answer, answer_text)
VALUES ('305050104', FALSE, 'גילה את מפלי ויקטוריה');

INSERT INTO answer_options (question_id, correct_answer, answer_text)
VALUES ('305050104', FALSE, 'הוקף את אגם ויקטוריה');

INSERT INTO answer_options (question_id, correct_answer, answer_text)
VALUES ('305050104', FALSE, 'חקר את מדבר סהרה');

INSERT INTO questions (question_id, language_id, topic_id, c_grade_id, level, question_text, explanation, interesting_fact)
VALUES ('305050105', 1, 5050, 5, 5, 'למה הובילו מסעותיו של מרקו פולו לאורך דרך המשי במאה ה-13?', '', 'חוויות מסעו של מרקו פולו לסין רוכזו מאוחר יותר בספר הידוע בשם "מסעותיו של מרקו פולו", שהפך לאחד הספרים הפופולריים באירופה.') ON CONFLICT (question_id) DO UPDATE SET language_id = 1 ,topic_id= 5050,c_grade_id =5,level=5,question_text='למה הובילו מסעותיו של מרקו פולו לאורך דרך המשי במאה ה-13?',explanation='',interesting_fact='חוויות מסעו של מרקו פולו לסין רוכזו מאוחר יותר בספר הידוע בשם "מסעותיו של מרקו פולו", שהפך לאחד הספרים הפופולריים באירופה.';


INSERT INTO answer_options (question_id, correct_answer, answer_text)
VALUES ('305050105', TRUE, 'סחר משופר בין אירופה לאסיה') ;

INSERT INTO answer_options (question_id, correct_answer, answer_text)
VALUES ('305050105', FALSE, 'גילוי אמריקה');

INSERT INTO answer_options (question_id, correct_answer, answer_text)
VALUES ('305050105', FALSE, 'המפה הראשונה של העולם');

INSERT INTO answer_options (question_id, correct_answer, answer_text)
VALUES ('305050105', FALSE, 'המסע הראשון סביב אפריקה');

INSERT INTO questions (question_id, language_id, topic_id, c_grade_id, level, question_text, explanation, interesting_fact)
VALUES ('305051101', 1, 5051, 1, 1, 'היכן בעיקר נמצאים אריות בטבע?', '', 'אריות נמצאים בעיקר באפריקה, עם אוכלוסייה קטנה בהודו.') ON CONFLICT (question_id) DO UPDATE SET language_id = 1 ,topic_id= 5051,c_grade_id =1,level=1,question_text='היכן בעיקר נמצאים אריות בטבע?',explanation='',interesting_fact='אריות נמצאים בעיקר באפריקה, עם אוכלוסייה קטנה בהודו.';


INSERT INTO answer_options (question_id, correct_answer, answer_text)
VALUES ('305051101', TRUE, 'אַפְרִיקָה') ;

INSERT INTO answer_options (question_id, correct_answer, answer_text)
VALUES ('305051101', FALSE, 'דרום אמריקה');

INSERT INTO answer_options (question_id, correct_answer, answer_text)
VALUES ('305051101', FALSE, 'צפון אמריקה');

INSERT INTO answer_options (question_id, correct_answer, answer_text)
VALUES ('305051101', FALSE, 'אוֹסטְרַלִיָה');

INSERT INTO questions (question_id, language_id, topic_id, c_grade_id, level, question_text, explanation, interesting_fact)
VALUES ('305051102', 1, 5051, 2, 2, 'היכן בעיקר מתגורר הפומה, המכונה גם קוגר או אריה הרים?', '', 'פומות נמצאות ברחבי אמריקה בעיקר בצפונה.') ON CONFLICT (question_id) DO UPDATE SET language_id = 1 ,topic_id= 5051,c_grade_id =2,level=2,question_text='היכן בעיקר מתגורר הפומה, המכונה גם קוגר או אריה הרים?',explanation='',interesting_fact='פומות נמצאות ברחבי אמריקה בעיקר בצפונה.';


INSERT INTO answer_options (question_id, correct_answer, answer_text)
VALUES ('305051102', TRUE, 'אמריקה') ;

INSERT INTO answer_options (question_id, correct_answer, answer_text)
VALUES ('305051102', FALSE, 'אַפְרִיקָה');

INSERT INTO answer_options (question_id, correct_answer, answer_text)
VALUES ('305051102', FALSE, 'אַסְיָה');

INSERT INTO answer_options (question_id, correct_answer, answer_text)
VALUES ('305051102', FALSE, 'אֵירוֹפָּה');

INSERT INTO questions (question_id, language_id, topic_id, c_grade_id, level, question_text, explanation, interesting_fact)
VALUES ('305051103', 1, 5051, 3, 3, 'היכן לא ניתן למצוא נמרים בטבע?', '', 'נמרים נמצאים בעיקר בחלקים שונים של אסיה ואפריקה') ON CONFLICT (question_id) DO UPDATE SET language_id = 1 ,topic_id= 5051,c_grade_id =3,level=3,question_text='היכן לא ניתן למצוא נמרים בטבע?',explanation='',interesting_fact='נמרים נמצאים בעיקר בחלקים שונים של אסיה ואפריקה';


INSERT INTO answer_options (question_id, correct_answer, answer_text)
VALUES ('305051103', TRUE, 'אֵירוֹפָּה') ;

INSERT INTO answer_options (question_id, correct_answer, answer_text)
VALUES ('305051103', FALSE, 'אַפְרִיקָה');

INSERT INTO answer_options (question_id, correct_answer, answer_text)
VALUES ('305051103', FALSE, 'המזרח התיכון');

INSERT INTO answer_options (question_id, correct_answer, answer_text)
VALUES ('305051103', FALSE, 'אַסְיָה');

INSERT INTO questions (question_id, language_id, topic_id, c_grade_id, level, question_text, explanation, interesting_fact)
VALUES ('305051104', 1, 5051, 4, 4, 'איזה חתול בר קטן ידוע במיומנות ה`דייג` שלו?', '', 'חתול הדגים הנמרי מיומן בלכידת דגים ובעל חברבורות כנמר, ומכאן שמו.') ON CONFLICT (question_id) DO UPDATE SET language_id = 1 ,topic_id= 5051,c_grade_id =4,level=4,question_text='איזה חתול בר קטן ידוע במיומנות ה`דייג` שלו?',explanation='',interesting_fact='חתול הדגים הנמרי מיומן בלכידת דגים ובעל חברבורות כנמר, ומכאן שמו.';


INSERT INTO answer_options (question_id, correct_answer, answer_text)
VALUES ('305051104', TRUE, 'חתול דגים נמרי') ;

INSERT INTO answer_options (question_id, correct_answer, answer_text)
VALUES ('305051104', FALSE, 'חֲתוּל הַבָּר');

INSERT INTO answer_options (question_id, correct_answer, answer_text)
VALUES ('305051104', FALSE, 'קרקל');

INSERT INTO answer_options (question_id, correct_answer, answer_text)
VALUES ('305051104', FALSE, 'סרוואל');

INSERT INTO questions (question_id, language_id, topic_id, c_grade_id, level, question_text, explanation, interesting_fact)
VALUES ('305051105', 1, 5051, 5, 5, 'מיהו החתול הגדול הידוע בפרוותו השונה, והנדיר מאוד לצפיה?', '', 'פרוותם השחורה נובעת ממוטציה גנטית בשם מלניזם. הפנתרים השחורים מתגוררים ביערות עבותים, הם פעילים בעיקר בלילה ולכן מפאת צבעם נדיר מאוד לראותם בטבע.') ON CONFLICT (question_id) DO UPDATE SET language_id = 1 ,topic_id= 5051,c_grade_id =5,level=5,question_text='מיהו החתול הגדול הידוע בפרוותו השונה, והנדיר מאוד לצפיה?',explanation='',interesting_fact='פרוותם השחורה נובעת ממוטציה גנטית בשם מלניזם. הפנתרים השחורים מתגוררים ביערות עבותים, הם פעילים בעיקר בלילה ולכן מפאת צבעם נדיר מאוד לראותם בטבע.';


INSERT INTO answer_options (question_id, correct_answer, answer_text)
VALUES ('305051105', TRUE, 'פנתר שחור') ;

INSERT INTO answer_options (question_id, correct_answer, answer_text)
VALUES ('305051105', FALSE, 'בַּרדְלָס');

INSERT INTO answer_options (question_id, correct_answer, answer_text)
VALUES ('305051105', FALSE, 'פּוּמָה');

INSERT INTO answer_options (question_id, correct_answer, answer_text)
VALUES ('305051105', FALSE, 'נמר שלג');

INSERT INTO questions (question_id, language_id, topic_id, c_grade_id, level, question_text, explanation, interesting_fact)
VALUES ('305052101', 1, 5052, 1, 1, 'איזה מונח מתאר את הפחד (פוביה) ממקומות סגורים?', '', 'קלסטרופוביה יכולה לגרום להתקפי פאניקה במעליות או חללים קטנים אחרים.') ON CONFLICT (question_id) DO UPDATE SET language_id = 1 ,topic_id= 5052,c_grade_id =1,level=1,question_text='איזה מונח מתאר את הפחד (פוביה) ממקומות סגורים?',explanation='',interesting_fact='קלסטרופוביה יכולה לגרום להתקפי פאניקה במעליות או חללים קטנים אחרים.';


INSERT INTO answer_options (question_id, correct_answer, answer_text)
VALUES ('305052101', TRUE, 'קלָאוּסטרוֹפוֹבִּיָה') ;

INSERT INTO answer_options (question_id, correct_answer, answer_text)
VALUES ('305052101', FALSE, 'אנטומופוביה');

INSERT INTO answer_options (question_id, correct_answer, answer_text)
VALUES ('305052101', FALSE, 'ניקטופוביה');

INSERT INTO answer_options (question_id, correct_answer, answer_text)
VALUES ('305052101', FALSE, 'גלוסופוביה');

INSERT INTO questions (question_id, language_id, topic_id, c_grade_id, level, question_text, explanation, interesting_fact)
VALUES ('305052102', 1, 5052, 2, 2, 'מהו הפחד המכונה ארכנופוביה?', '', 'ארכנופוביה היא אחת הפוביות (פחדים) הנפוצות ביותר.') ON CONFLICT (question_id) DO UPDATE SET language_id = 1 ,topic_id= 5052,c_grade_id =2,level=2,question_text='מהו הפחד המכונה ארכנופוביה?',explanation='',interesting_fact='ארכנופוביה היא אחת הפוביות (פחדים) הנפוצות ביותר.';


INSERT INTO answer_options (question_id, correct_answer, answer_text)
VALUES ('305052102', TRUE, 'פחד מעכבישים') ;

INSERT INTO answer_options (question_id, correct_answer, answer_text)
VALUES ('305052102', FALSE, 'פחד מנחשים');

INSERT INTO answer_options (question_id, correct_answer, answer_text)
VALUES ('305052102', FALSE, 'פחד מכלבים נובחים');

INSERT INTO answer_options (question_id, correct_answer, answer_text)
VALUES ('305052102', FALSE, 'פחד גבהים');

INSERT INTO questions (question_id, language_id, topic_id, c_grade_id, level, question_text, explanation, interesting_fact)
VALUES ('305052103', 1, 5052, 3, 3, 'איך נקרא הפחד מחיידקים או לכלוך?', '', 'מיסופוביה יכולה לפעמים להוביל לשטיפת ידיים אובססיבית עשרות פעמים ביום.') ON CONFLICT (question_id) DO UPDATE SET language_id = 1 ,topic_id= 5052,c_grade_id =3,level=3,question_text='איך נקרא הפחד מחיידקים או לכלוך?',explanation='',interesting_fact='מיסופוביה יכולה לפעמים להוביל לשטיפת ידיים אובססיבית עשרות פעמים ביום.';


INSERT INTO answer_options (question_id, correct_answer, answer_text)
VALUES ('305052103', TRUE, 'מיסופוביה') ;

INSERT INTO answer_options (question_id, correct_answer, answer_text)
VALUES ('305052103', FALSE, 'אסטרפוביה');

INSERT INTO answer_options (question_id, correct_answer, answer_text)
VALUES ('305052103', FALSE, 'מגלופוביה');

INSERT INTO answer_options (question_id, correct_answer, answer_text)
VALUES ('305052103', FALSE, 'קלָאוּסטרוֹפוֹבִּיָה');

INSERT INTO questions (question_id, language_id, topic_id, c_grade_id, level, question_text, explanation, interesting_fact)
VALUES ('305052104', 1, 5052, 4, 4, 'למה מתייחסת ניקטופוביה?', '', 'ניקטופוביה נצפית בדרך כלל בילדים אך יכולה להשפיע גם על מבוגרים.') ON CONFLICT (question_id) DO UPDATE SET language_id = 1 ,topic_id= 5052,c_grade_id =4,level=4,question_text='למה מתייחסת ניקטופוביה?',explanation='',interesting_fact='ניקטופוביה נצפית בדרך כלל בילדים אך יכולה להשפיע גם על מבוגרים.';


INSERT INTO answer_options (question_id, correct_answer, answer_text)
VALUES ('305052104', TRUE, 'פחד מהחושך') ;

INSERT INTO answer_options (question_id, correct_answer, answer_text)
VALUES ('305052104', FALSE, 'פחד מחתולים');

INSERT INTO answer_options (question_id, correct_answer, answer_text)
VALUES ('305052104', FALSE, 'פחד גבהים');

INSERT INTO answer_options (question_id, correct_answer, answer_text)
VALUES ('305052104', FALSE, 'פחד ממים');

INSERT INTO questions (question_id, language_id, topic_id, c_grade_id, level, question_text, explanation, interesting_fact)
VALUES ('305052105', 1, 5052, 5, 5, 'מה זה אקרופוביה?', '', 'אקרופוביה מובילה לעתים קרובות לתחושת פאניקה גם כאשר האדם אינו נמצא במקום גבוה במיוחד.') ON CONFLICT (question_id) DO UPDATE SET language_id = 1 ,topic_id= 5052,c_grade_id =5,level=5,question_text='מה זה אקרופוביה?',explanation='',interesting_fact='אקרופוביה מובילה לעתים קרובות לתחושת פאניקה גם כאשר האדם אינו נמצא במקום גבוה במיוחד.';


INSERT INTO answer_options (question_id, correct_answer, answer_text)
VALUES ('305052105', TRUE, 'פַּחַד גְבָהִים') ;

INSERT INTO answer_options (question_id, correct_answer, answer_text)
VALUES ('305052105', FALSE, 'פחד מהחושך');

INSERT INTO answer_options (question_id, correct_answer, answer_text)
VALUES ('305052105', FALSE, 'פחד מחתולים');

INSERT INTO answer_options (question_id, correct_answer, answer_text)
VALUES ('305052105', FALSE, 'פחד מעכבישים');

INSERT INTO questions (question_id, language_id, topic_id, c_grade_id, level, question_text, explanation, interesting_fact)
VALUES ('305053101', 1, 5053, 1, 1, 'איזו תרבות עתיקה התקיימה ביבשת אמריקה עד לפני כ 500 שנה?', '', 'האימפריה האצטקית הייתה בשיאה מתחילת המאה ה-14 ועד הכיבוש הספרדי במאה ה-16.') ON CONFLICT (question_id) DO UPDATE SET language_id = 1 ,topic_id= 5053,c_grade_id =1,level=1,question_text='איזו תרבות עתיקה התקיימה ביבשת אמריקה עד לפני כ 500 שנה?',explanation='',interesting_fact='האימפריה האצטקית הייתה בשיאה מתחילת המאה ה-14 ועד הכיבוש הספרדי במאה ה-16.';


INSERT INTO answer_options (question_id, correct_answer, answer_text)
VALUES ('305053101', TRUE, 'אצטקים') ;

INSERT INTO answer_options (question_id, correct_answer, answer_text)
VALUES ('305053101', FALSE, 'פרעונים');

INSERT INTO answer_options (question_id, correct_answer, answer_text)
VALUES ('305053101', FALSE, 'צוענים');

INSERT INTO answer_options (question_id, correct_answer, answer_text)
VALUES ('305053101', FALSE, 'מאורים');

INSERT INTO questions (question_id, language_id, topic_id, c_grade_id, level, question_text, explanation, interesting_fact)
VALUES ('305053102', 1, 5053, 2, 2, 'איזו תרבות עתיקה בנתה את העיר העתיקה מאצ`ו פיצ`ו?', '', 'מאצ`ו פיצ`ו, הממוקם בפרו של ימינו, הוא אחד השרידים האייקוניים ביותר של תרבות האינקה.') ON CONFLICT (question_id) DO UPDATE SET language_id = 1 ,topic_id= 5053,c_grade_id =2,level=2,question_text='איזו תרבות עתיקה בנתה את העיר העתיקה מאצ`ו פיצ`ו?',explanation='',interesting_fact='מאצ`ו פיצ`ו, הממוקם בפרו של ימינו, הוא אחד השרידים האייקוניים ביותר של תרבות האינקה.';


INSERT INTO answer_options (question_id, correct_answer, answer_text)
VALUES ('305053102', TRUE, 'אינקה') ;

INSERT INTO answer_options (question_id, correct_answer, answer_text)
VALUES ('305053102', FALSE, 'אצטקית');

INSERT INTO answer_options (question_id, correct_answer, answer_text)
VALUES ('305053102', FALSE, 'מאיה');

INSERT INTO answer_options (question_id, correct_answer, answer_text)
VALUES ('305053102', FALSE, 'צוענית');

INSERT INTO questions (question_id, language_id, topic_id, c_grade_id, level, question_text, explanation, interesting_fact)
VALUES ('305053103', 1, 5053, 3, 3, 'איזו תרבות עתיקה ביבשת אמריקה ידועה בפירמידות המדרגות שלה ובעיר צ`יצ`ן איצה?', '', 'בני המאיה בנו פירמידות מדרגות מרשימות, כאשר צ`יצ`ן איצה הוא אחד מהאתרים הארכיאולוגיים המפורסמים ביותר.') ON CONFLICT (question_id) DO UPDATE SET language_id = 1 ,topic_id= 5053,c_grade_id =3,level=3,question_text='איזו תרבות עתיקה ביבשת אמריקה ידועה בפירמידות המדרגות שלה ובעיר צ`יצ`ן איצה?',explanation='',interesting_fact='בני המאיה בנו פירמידות מדרגות מרשימות, כאשר צ`יצ`ן איצה הוא אחד מהאתרים הארכיאולוגיים המפורסמים ביותר.';


INSERT INTO answer_options (question_id, correct_answer, answer_text)
VALUES ('305053103', TRUE, 'מאיה') ;

INSERT INTO answer_options (question_id, correct_answer, answer_text)
VALUES ('305053103', FALSE, 'אצטקי');

INSERT INTO answer_options (question_id, correct_answer, answer_text)
VALUES ('305053103', FALSE, 'אינקה');

INSERT INTO answer_options (question_id, correct_answer, answer_text)
VALUES ('305053103', FALSE, 'אולמק');

INSERT INTO questions (question_id, language_id, topic_id, c_grade_id, level, question_text, explanation, interesting_fact)
VALUES ('305053104', 1, 5053, 4, 4, 'מה היה היבול העיקרי שגידלו המאיה העתיקה?', '', 'תירס היה הגידול העיקרי של בני המאיה. באותה תקופה, התירס לא היה מוכר עדיין באירופה ויתר חלקי העולם.') ON CONFLICT (question_id) DO UPDATE SET language_id = 1 ,topic_id= 5053,c_grade_id =4,level=4,question_text='מה היה היבול העיקרי שגידלו המאיה העתיקה?',explanation='',interesting_fact='תירס היה הגידול העיקרי של בני המאיה. באותה תקופה, התירס לא היה מוכר עדיין באירופה ויתר חלקי העולם.';


INSERT INTO answer_options (question_id, correct_answer, answer_text)
VALUES ('305053104', TRUE, 'תירס') ;

INSERT INTO answer_options (question_id, correct_answer, answer_text)
VALUES ('305053104', FALSE, 'חיטה');

INSERT INTO answer_options (question_id, correct_answer, answer_text)
VALUES ('305053104', FALSE, 'קינואה');

INSERT INTO answer_options (question_id, correct_answer, answer_text)
VALUES ('305053104', FALSE, 'שעועית');

INSERT INTO questions (question_id, language_id, topic_id, c_grade_id, level, question_text, explanation, interesting_fact)
VALUES ('305053105', 1, 5053, 5, 5, 'איזו תרבות שהתקיימה ביבשת אמריקה ידועה בפסלי ראש ענקיים?', '', 'האולמקים ידועים בפסלי ראשי האבן העצומים שלהם, שעדיין מסקרנים את הארכיאולוגים כיום.') ON CONFLICT (question_id) DO UPDATE SET language_id = 1 ,topic_id= 5053,c_grade_id =5,level=5,question_text='איזו תרבות שהתקיימה ביבשת אמריקה ידועה בפסלי ראש ענקיים?',explanation='',interesting_fact='האולמקים ידועים בפסלי ראשי האבן העצומים שלהם, שעדיין מסקרנים את הארכיאולוגים כיום.';


INSERT INTO answer_options (question_id, correct_answer, answer_text)
VALUES ('305053105', TRUE, 'אולמק') ;

INSERT INTO answer_options (question_id, correct_answer, answer_text)
VALUES ('305053105', FALSE, 'אצטקי');

INSERT INTO answer_options (question_id, correct_answer, answer_text)
VALUES ('305053105', FALSE, 'מאיה');

INSERT INTO answer_options (question_id, correct_answer, answer_text)
VALUES ('305053105', FALSE, 'אינקה');

INSERT INTO questions (question_id, language_id, topic_id, c_grade_id, level, question_text, explanation, interesting_fact)
VALUES ('305054101', 1, 5054, 1, 1, 'איזה מין כלבים ידוע ביללתו הייחודית?', '', 'יללות הזאבים נשמעות על פני שטחים של עד 50 מייל רבוע (130 קמ"ר).') ON CONFLICT (question_id) DO UPDATE SET language_id = 1 ,topic_id= 5054,c_grade_id =1,level=1,question_text='איזה מין כלבים ידוע ביללתו הייחודית?',explanation='',interesting_fact='יללות הזאבים נשמעות על פני שטחים של עד 50 מייל רבוע (130 קמ"ר).';


INSERT INTO answer_options (question_id, correct_answer, answer_text)
VALUES ('305054101', TRUE, 'זאב אפור') ;

INSERT INTO answer_options (question_id, correct_answer, answer_text)
VALUES ('305054101', FALSE, 'דינגו');

INSERT INTO answer_options (question_id, correct_answer, answer_text)
VALUES ('305054101', FALSE, 'כלב בית');

INSERT INTO answer_options (question_id, correct_answer, answer_text)
VALUES ('305054101', FALSE, 'זְאֵב עֲרָבוֹת');

INSERT INTO questions (question_id, language_id, topic_id, c_grade_id, level, question_text, explanation, interesting_fact)
VALUES ('305054102', 1, 5054, 2, 2, 'מי ממשפחת הכלביים ידוע בזכות זנבו השופע והאוזניים המחודדות?', '', 'שועלים אדומים משתמשים בזנבותיהם, המכונה `מברשות`, לצורך איזון וכדי לתקשר עם שועלים אחרים.') ON CONFLICT (question_id) DO UPDATE SET language_id = 1 ,topic_id= 5054,c_grade_id =2,level=2,question_text='מי ממשפחת הכלביים ידוע בזכות זנבו השופע והאוזניים המחודדות?',explanation='',interesting_fact='שועלים אדומים משתמשים בזנבותיהם, המכונה `מברשות`, לצורך איזון וכדי לתקשר עם שועלים אחרים.';


INSERT INTO answer_options (question_id, correct_answer, answer_text)
VALUES ('305054102', TRUE, 'שועל אדום') ;

INSERT INTO answer_options (question_id, correct_answer, answer_text)
VALUES ('305054102', FALSE, 'זאב אפור');

INSERT INTO answer_options (question_id, correct_answer, answer_text)
VALUES ('305054102', FALSE, 'כלב בר אפריקאי');

INSERT INTO answer_options (question_id, correct_answer, answer_text)
VALUES ('305054102', FALSE, 'כלב בית');

INSERT INTO questions (question_id, language_id, topic_id, c_grade_id, level, question_text, explanation, interesting_fact)
VALUES ('305054103', 1, 5054, 3, 3, 'באיזו יבשת אפשר למצוא את הדינגו, מין כלב בר?', '', 'דינגו הם הטורף היבשתי הגדול ביותר באוסטרליה וממלאים תפקיד מכריע במערכת האקולוגית.') ON CONFLICT (question_id) DO UPDATE SET language_id = 1 ,topic_id= 5054,c_grade_id =3,level=3,question_text='באיזו יבשת אפשר למצוא את הדינגו, מין כלב בר?',explanation='',interesting_fact='דינגו הם הטורף היבשתי הגדול ביותר באוסטרליה וממלאים תפקיד מכריע במערכת האקולוגית.';


INSERT INTO answer_options (question_id, correct_answer, answer_text)
VALUES ('305054103', TRUE, 'אוֹסטְרַלִיָה') ;

INSERT INTO answer_options (question_id, correct_answer, answer_text)
VALUES ('305054103', FALSE, 'צפון אמריקה');

INSERT INTO answer_options (question_id, correct_answer, answer_text)
VALUES ('305054103', FALSE, 'אַפְרִיקָה');

INSERT INTO answer_options (question_id, correct_answer, answer_text)
VALUES ('305054103', FALSE, 'אַסְיָה');

INSERT INTO questions (question_id, language_id, topic_id, c_grade_id, level, question_text, explanation, interesting_fact)
VALUES ('305054104', 1, 5054, 4, 4, 'מהו החבר המהיר ביותר בין הכלבים?', '', 'כלבי גרייהאונד יכולים להגיע למהירות של עד 45 מייל לשעה, מה שהופך אותם לאחד מגזעי הכלבים המהירים ביותר.') ON CONFLICT (question_id) DO UPDATE SET language_id = 1 ,topic_id= 5054,c_grade_id =4,level=4,question_text='מהו החבר המהיר ביותר בין הכלבים?',explanation='',interesting_fact='כלבי גרייהאונד יכולים להגיע למהירות של עד 45 מייל לשעה, מה שהופך אותם לאחד מגזעי הכלבים המהירים ביותר.';


INSERT INTO answer_options (question_id, correct_answer, answer_text)
VALUES ('305054104', TRUE, 'גרייהאונד (כלב בית)') ;

INSERT INTO answer_options (question_id, correct_answer, answer_text)
VALUES ('305054104', FALSE, 'זאב אפור');

INSERT INTO answer_options (question_id, correct_answer, answer_text)
VALUES ('305054104', FALSE, 'זְאֵב עֲרָבוֹת');

INSERT INTO answer_options (question_id, correct_answer, answer_text)
VALUES ('305054104', FALSE, 'דינגו');

INSERT INTO questions (question_id, language_id, topic_id, c_grade_id, level, question_text, explanation, interesting_fact)
VALUES ('305054105', 1, 5054, 5, 5, 'איזה גזע של כלבי בית ידוע בחוש הריח יוצא הדופן שלו ומשמש לעתים קרובות למעקב או הצלה?', '', 'לכלבי דם (בלאדהאונד) יש חוש ריח יוצא דופן והם משמשים לעתים קרובות במשימות חיפוש והצלה וככלבי גילוי של חומרים מסוכנים.') ON CONFLICT (question_id) DO UPDATE SET language_id = 1 ,topic_id= 5054,c_grade_id =5,level=5,question_text='איזה גזע של כלבי בית ידוע בחוש הריח יוצא הדופן שלו ומשמש לעתים קרובות למעקב או הצלה?',explanation='',interesting_fact='לכלבי דם (בלאדהאונד) יש חוש ריח יוצא דופן והם משמשים לעתים קרובות במשימות חיפוש והצלה וככלבי גילוי של חומרים מסוכנים.';


INSERT INTO answer_options (question_id, correct_answer, answer_text)
VALUES ('305054105', TRUE, 'בלאדהאונד') ;

INSERT INTO answer_options (question_id, correct_answer, answer_text)
VALUES ('305054105', FALSE, 'רועה גרמני');

INSERT INTO answer_options (question_id, correct_answer, answer_text)
VALUES ('305054105', FALSE, 'לברדור רטריבר');

INSERT INTO answer_options (question_id, correct_answer, answer_text)
VALUES ('305054105', FALSE, 'ביגל');

INSERT INTO questions (question_id, language_id, topic_id, c_grade_id, level, question_text, explanation, interesting_fact)
VALUES ('305055101', 1, 5055, 1, 1, 'מה היה סגנון הלחימה העיקרי במלחמת העולם הראשונה?', '', 'מלחמת תעלות הובילה לקיפאון במשך רוב המלחמה. כל צד שהיה מנסה להתקדם היה נהדף חזרה לתעלה שלו.') ON CONFLICT (question_id) DO UPDATE SET language_id = 1 ,topic_id= 5055,c_grade_id =1,level=1,question_text='מה היה סגנון הלחימה העיקרי במלחמת העולם הראשונה?',explanation='',interesting_fact='מלחמת תעלות הובילה לקיפאון במשך רוב המלחמה. כל צד שהיה מנסה להתקדם היה נהדף חזרה לתעלה שלו.';


INSERT INTO answer_options (question_id, correct_answer, answer_text)
VALUES ('305055101', TRUE, 'מלחמה בתעלות') ;

INSERT INTO answer_options (question_id, correct_answer, answer_text)
VALUES ('305055101', FALSE, 'קרבות אוויר של מטוסים');

INSERT INTO answer_options (question_id, correct_answer, answer_text)
VALUES ('305055101', FALSE, 'לוחמה ימית');

INSERT INTO answer_options (question_id, correct_answer, answer_text)
VALUES ('305055101', FALSE, 'קרבות טנקים');

INSERT INTO questions (question_id, language_id, topic_id, c_grade_id, level, question_text, explanation, interesting_fact)
VALUES ('305055102', 1, 5055, 2, 2, 'איזו מדינה החליפה צד במלחמת העולם הראשונה?', '', 'איטליה צידדה בתחילה בגרמניה (ברית משולשת עם אוסטריה ב 1914) אך עברה לצד בריטניה וצרפת ב-1915.') ON CONFLICT (question_id) DO UPDATE SET language_id = 1 ,topic_id= 5055,c_grade_id =2,level=2,question_text='איזו מדינה החליפה צד במלחמת העולם הראשונה?',explanation='',interesting_fact='איטליה צידדה בתחילה בגרמניה (ברית משולשת עם אוסטריה ב 1914) אך עברה לצד בריטניה וצרפת ב-1915.';


INSERT INTO answer_options (question_id, correct_answer, answer_text)
VALUES ('305055102', TRUE, 'אִיטַלִיָה') ;

INSERT INTO answer_options (question_id, correct_answer, answer_text)
VALUES ('305055102', FALSE, 'צָרְפַת');

INSERT INTO answer_options (question_id, correct_answer, answer_text)
VALUES ('305055102', FALSE, 'גֶרמָנִיָה');

INSERT INTO answer_options (question_id, correct_answer, answer_text)
VALUES ('305055102', FALSE, 'רוּסִיָה');

INSERT INTO questions (question_id, language_id, topic_id, c_grade_id, level, question_text, explanation, interesting_fact)
VALUES ('305055103', 1, 5055, 3, 3, 'מה הייתה הסיבה העיקרית לכך שארצות הברית נכנסה למלחמת העולם הראשונה?', '', 'הגרמנים הטביעו את הספינה "לוסיטניה", מה שהביא למותם של 1,198 נוסעים ואנשי צוות.') ON CONFLICT (question_id) DO UPDATE SET language_id = 1 ,topic_id= 5055,c_grade_id =3,level=3,question_text='מה הייתה הסיבה העיקרית לכך שארצות הברית נכנסה למלחמת העולם הראשונה?',explanation='',interesting_fact='הגרמנים הטביעו את הספינה "לוסיטניה", מה שהביא למותם של 1,198 נוסעים ואנשי צוות.';


INSERT INTO answer_options (question_id, correct_answer, answer_text)
VALUES ('305055103', TRUE, 'הגרמנים הטביעו ספינה בדרכה לארה"ב') ;

INSERT INTO answer_options (question_id, correct_answer, answer_text)
VALUES ('305055103', FALSE, 'הם פחדו מהגרמנים');

INSERT INTO answer_options (question_id, correct_answer, answer_text)
VALUES ('305055103', FALSE, 'הם שנאו גרמנים');

INSERT INTO answer_options (question_id, correct_answer, answer_text)
VALUES ('305055103', FALSE, 'הבריטים הבטיחו להם כסף');

INSERT INTO questions (question_id, language_id, topic_id, c_grade_id, level, question_text, explanation, interesting_fact)
VALUES ('305055104', 1, 5055, 4, 4, 'כיצד היה מכונה השטח בין התעלות החפורות?', '', 'אדמת הפקר הייתה זרועה גדרות תיל ומוקשים, מה שהפך אותה למסוכנת ביותר.') ON CONFLICT (question_id) DO UPDATE SET language_id = 1 ,topic_id= 5055,c_grade_id =4,level=4,question_text='כיצד היה מכונה השטח בין התעלות החפורות?',explanation='',interesting_fact='אדמת הפקר הייתה זרועה גדרות תיל ומוקשים, מה שהפך אותה למסוכנת ביותר.';


INSERT INTO answer_options (question_id, correct_answer, answer_text)
VALUES ('305055104', TRUE, 'שטח הפקר') ;

INSERT INTO answer_options (question_id, correct_answer, answer_text)
VALUES ('305055104', FALSE, 'הקו הקדמי');

INSERT INTO answer_options (question_id, correct_answer, answer_text)
VALUES ('305055104', FALSE, 'שדה הקרב');

INSERT INTO answer_options (question_id, correct_answer, answer_text)
VALUES ('305055104', FALSE, 'אזור המלח');

INSERT INTO questions (question_id, language_id, topic_id, c_grade_id, level, question_text, explanation, interesting_fact)
VALUES ('305055105', 1, 5055, 5, 5, 'מה הייתה "הפוגה של חג המולד" של 1914?', '', 'במהלך הפסקת חג המולד, חיילים מצדדים מנוגדים נכנסו לאדמת הפקר כדי להתערבב ולהחליף מתנות.') ON CONFLICT (question_id) DO UPDATE SET language_id = 1 ,topic_id= 5055,c_grade_id =5,level=5,question_text='מה הייתה "הפוגה של חג המולד" של 1914?',explanation='',interesting_fact='במהלך הפסקת חג המולד, חיילים מצדדים מנוגדים נכנסו לאדמת הפקר כדי להתערבב ולהחליף מתנות.';


INSERT INTO answer_options (question_id, correct_answer, answer_text)
VALUES ('305055105', TRUE, 'הפסקת אש שבה החיילים החליפו מתנות') ;

INSERT INTO answer_options (question_id, correct_answer, answer_text)
VALUES ('305055105', FALSE, 'הסכם שלום');

INSERT INTO answer_options (question_id, correct_answer, answer_text)
VALUES ('305055105', FALSE, 'קרב גדול');

INSERT INTO answer_options (question_id, correct_answer, answer_text)
VALUES ('305055105', FALSE, 'אסטרטגיה צבאית');

INSERT INTO questions (question_id, language_id, topic_id, c_grade_id, level, question_text, explanation, interesting_fact)
VALUES ('305056101', 1, 5056, 1, 1, 'איזה מכשיר עתיק יומין השתמש במיקום של צל לקביעת השעה?', '', 'שעוני שמש הם אחד ממכשירי מדידת הזמן העתיקים ביותר, שהיו בשימוש תרבויות קדומות.') ON CONFLICT (question_id) DO UPDATE SET language_id = 1 ,topic_id= 5056,c_grade_id =1,level=1,question_text='איזה מכשיר עתיק יומין השתמש במיקום של צל לקביעת השעה?',explanation='',interesting_fact='שעוני שמש הם אחד ממכשירי מדידת הזמן העתיקים ביותר, שהיו בשימוש תרבויות קדומות.';


INSERT INTO answer_options (question_id, correct_answer, answer_text)
VALUES ('305056101', TRUE, 'שָׁעוֹן שֶׁמֶשׁ') ;

INSERT INTO answer_options (question_id, correct_answer, answer_text)
VALUES ('305056101', FALSE, 'שעון מים');

INSERT INTO answer_options (question_id, correct_answer, answer_text)
VALUES ('305056101', FALSE, 'שָׁעוֹן חוֹל');

INSERT INTO answer_options (question_id, correct_answer, answer_text)
VALUES ('305056101', FALSE, 'שעון מטוטלת');

INSERT INTO questions (question_id, language_id, topic_id, c_grade_id, level, question_text, explanation, interesting_fact)
VALUES ('305056102', 1, 5056, 2, 2, 'מה שמו של מכשיר הזכוכית למדידת מרווחי זמן שיש להפוך אותו כל פעם?', '', 'שעון החול, המכונה גם טיימר חול, שימש בדרך כלל למדידת זמן בים.') ON CONFLICT (question_id) DO UPDATE SET language_id = 1 ,topic_id= 5056,c_grade_id =2,level=2,question_text='מה שמו של מכשיר הזכוכית למדידת מרווחי זמן שיש להפוך אותו כל פעם?',explanation='',interesting_fact='שעון החול, המכונה גם טיימר חול, שימש בדרך כלל למדידת זמן בים.';


INSERT INTO answer_options (question_id, correct_answer, answer_text)
VALUES ('305056102', TRUE, 'שָׁעוֹן חוֹל') ;

INSERT INTO answer_options (question_id, correct_answer, answer_text)
VALUES ('305056102', FALSE, 'סטוֹפֶּר');

INSERT INTO answer_options (question_id, correct_answer, answer_text)
VALUES ('305056102', FALSE, 'טיימר דיגיטלי');

INSERT INTO answer_options (question_id, correct_answer, answer_text)
VALUES ('305056102', FALSE, 'שעון קוקיה');

INSERT INTO questions (question_id, language_id, topic_id, c_grade_id, level, question_text, explanation, interesting_fact)
VALUES ('305056103', 1, 5056, 3, 3, 'איזה שעון מפורסם נמצא במגדל בקצה הצפוני של ארמון וסטמינסטר בלונדון?', '', 'ביג בן הוא הכינוי לפעמון הגדול של השעון בקצה הצפוני של ארמון וסטמינסטר בלונדון, ציון דרך איקוני.') ON CONFLICT (question_id) DO UPDATE SET language_id = 1 ,topic_id= 5056,c_grade_id =3,level=3,question_text='איזה שעון מפורסם נמצא במגדל בקצה הצפוני של ארמון וסטמינסטר בלונדון?',explanation='',interesting_fact='ביג בן הוא הכינוי לפעמון הגדול של השעון בקצה הצפוני של ארמון וסטמינסטר בלונדון, ציון דרך איקוני.';


INSERT INTO answer_options (question_id, correct_answer, answer_text)
VALUES ('305056103', TRUE, 'ביג בן') ;

INSERT INTO answer_options (question_id, correct_answer, answer_text)
VALUES ('305056103', FALSE, 'השעון האסטרונומי של פראג');

INSERT INTO answer_options (question_id, correct_answer, answer_text)
VALUES ('305056103', FALSE, 'שעון המצפה המלכותי של גריניץ`');

INSERT INTO answer_options (question_id, correct_answer, answer_text)
VALUES ('305056103', FALSE, 'שעון הקרמלין');

INSERT INTO questions (question_id, language_id, topic_id, c_grade_id, level, question_text, explanation, interesting_fact)
VALUES ('305056104', 1, 5056, 4, 4, 'מה המונח לשעון שעונדים על פרק היד?', '', 'שעוני יד תוכננו במקור לנשים. גברים בדרך כלל נשאו שעוני כיס. זה השתנה במיוחד במהלך מלחמת העולם הראשונה, כאשר חיילים מצאו שזה לא מעשי להשתמש בשעוני כיס.') ON CONFLICT (question_id) DO UPDATE SET language_id = 1 ,topic_id= 5056,c_grade_id =4,level=4,question_text='מה המונח לשעון שעונדים על פרק היד?',explanation='',interesting_fact='שעוני יד תוכננו במקור לנשים. גברים בדרך כלל נשאו שעוני כיס. זה השתנה במיוחד במהלך מלחמת העולם הראשונה, כאשר חיילים מצאו שזה לא מעשי להשתמש בשעוני כיס.';


INSERT INTO answer_options (question_id, correct_answer, answer_text)
VALUES ('305056104', TRUE, 'שָׁעוֹן יָד') ;

INSERT INTO answer_options (question_id, correct_answer, answer_text)
VALUES ('305056104', FALSE, 'שעון כיס');

INSERT INTO answer_options (question_id, correct_answer, answer_text)
VALUES ('305056104', FALSE, 'שָׁעוֹן שֶׁמֶשׁ');

INSERT INTO answer_options (question_id, correct_answer, answer_text)
VALUES ('305056104', FALSE, 'שעון מים');

INSERT INTO questions (question_id, language_id, topic_id, c_grade_id, level, question_text, explanation, interesting_fact)
VALUES ('305056105', 1, 5056, 5, 5, 'איזה מהשעונים הבאים אינו קיים?', '', 'לשעונים המכניים הראשונים במאה ה-13 לא היתה תצוגה שמראה את השעה כפי שאנו מכירים היום,הם היו שעונים כבדים מאוד שהשמיעו פעמונים לציון השעות.') ON CONFLICT (question_id) DO UPDATE SET language_id = 1 ,topic_id= 5056,c_grade_id =5,level=5,question_text='איזה מהשעונים הבאים אינו קיים?',explanation='',interesting_fact='לשעונים המכניים הראשונים במאה ה-13 לא היתה תצוגה שמראה את השעה כפי שאנו מכירים היום,הם היו שעונים כבדים מאוד שהשמיעו פעמונים לציון השעות.';


INSERT INTO answer_options (question_id, correct_answer, answer_text)
VALUES ('305056105', TRUE, 'שעון אש') ;

INSERT INTO answer_options (question_id, correct_answer, answer_text)
VALUES ('305056105', FALSE, 'שעון אטומי');

INSERT INTO answer_options (question_id, correct_answer, answer_text)
VALUES ('305056105', FALSE, 'שעון קוורץ');

INSERT INTO answer_options (question_id, correct_answer, answer_text)
VALUES ('305056105', FALSE, 'שעון מטוטלת');

INSERT INTO questions (question_id, language_id, topic_id, c_grade_id, level, question_text, explanation, interesting_fact)
VALUES ('305057101', 1, 5057, 1, 1, 'איזה חג מנציח את יציאת העם היהודי ממצרים?', '', 'חג הפסח כרוך בסעודה חגיגית הנקראת ליל הסדר, שבמהלכה משוחזר סיפור יציאת מצרים.') ON CONFLICT (question_id) DO UPDATE SET language_id = 1 ,topic_id= 5057,c_grade_id =1,level=1,question_text='איזה חג מנציח את יציאת העם היהודי ממצרים?',explanation='',interesting_fact='חג הפסח כרוך בסעודה חגיגית הנקראת ליל הסדר, שבמהלכה משוחזר סיפור יציאת מצרים.';


INSERT INTO answer_options (question_id, correct_answer, answer_text)
VALUES ('305057101', TRUE, 'חג פסח') ;

INSERT INTO answer_options (question_id, correct_answer, answer_text)
VALUES ('305057101', FALSE, 'חנוכה');

INSERT INTO answer_options (question_id, correct_answer, answer_text)
VALUES ('305057101', FALSE, 'פורים');

INSERT INTO answer_options (question_id, correct_answer, answer_text)
VALUES ('305057101', FALSE, 'חג השבועות');

INSERT INTO questions (question_id, language_id, topic_id, c_grade_id, level, question_text, explanation, interesting_fact)
VALUES ('305057102', 1, 5057, 2, 2, 'איזה חג כולל קריאת מגילת אסתר?', '', 'פורים חוגג את הצלת העם היהודי מהמן באימפריה הפרסית העתיקה.') ON CONFLICT (question_id) DO UPDATE SET language_id = 1 ,topic_id= 5057,c_grade_id =2,level=2,question_text='איזה חג כולל קריאת מגילת אסתר?',explanation='',interesting_fact='פורים חוגג את הצלת העם היהודי מהמן באימפריה הפרסית העתיקה.';


INSERT INTO answer_options (question_id, correct_answer, answer_text)
VALUES ('305057102', TRUE, 'פורים') ;

INSERT INTO answer_options (question_id, correct_answer, answer_text)
VALUES ('305057102', FALSE, 'חג פסח');

INSERT INTO answer_options (question_id, correct_answer, answer_text)
VALUES ('305057102', FALSE, 'חנוכה');

INSERT INTO answer_options (question_id, correct_answer, answer_text)
VALUES ('305057102', FALSE, 'ראש השנה');

INSERT INTO questions (question_id, language_id, topic_id, c_grade_id, level, question_text, explanation, interesting_fact)
VALUES ('305057103', 1, 5057, 3, 3, 'איך נקראת חגיגת מתן תורה בהר סיני?', '', 'חג השבועות מכונה כך מפני שהוא נחגג שבעה שבועות לאחר פסח.') ON CONFLICT (question_id) DO UPDATE SET language_id = 1 ,topic_id= 5057,c_grade_id =3,level=3,question_text='איך נקראת חגיגת מתן תורה בהר סיני?',explanation='',interesting_fact='חג השבועות מכונה כך מפני שהוא נחגג שבעה שבועות לאחר פסח.';


INSERT INTO answer_options (question_id, correct_answer, answer_text)
VALUES ('305057103', TRUE, 'חג השבועות') ;

INSERT INTO answer_options (question_id, correct_answer, answer_text)
VALUES ('305057103', FALSE, 'חג פסח');

INSERT INTO answer_options (question_id, correct_answer, answer_text)
VALUES ('305057103', FALSE, 'חנוכה');

INSERT INTO answer_options (question_id, correct_answer, answer_text)
VALUES ('305057103', FALSE, 'יום כיפור');

INSERT INTO questions (question_id, language_id, topic_id, c_grade_id, level, question_text, explanation, interesting_fact)
VALUES ('305057104', 1, 5057, 4, 4, 'איזה מהחגים הבאים אינו מוזכר בתנ"ך?', '', 'חנוכה מתאר אירועים שקרו במאה השניה לפני הספירה אחרי שהתנך הקנוני כבר נערך.') ON CONFLICT (question_id) DO UPDATE SET language_id = 1 ,topic_id= 5057,c_grade_id =4,level=4,question_text='איזה מהחגים הבאים אינו מוזכר בתנ"ך?',explanation='',interesting_fact='חנוכה מתאר אירועים שקרו במאה השניה לפני הספירה אחרי שהתנך הקנוני כבר נערך.';


INSERT INTO answer_options (question_id, correct_answer, answer_text)
VALUES ('305057104', TRUE, 'חנוכה') ;

INSERT INTO answer_options (question_id, correct_answer, answer_text)
VALUES ('305057104', FALSE, 'יום כיפור');

INSERT INTO answer_options (question_id, correct_answer, answer_text)
VALUES ('305057104', FALSE, 'ראש השנה');

INSERT INTO answer_options (question_id, correct_answer, answer_text)
VALUES ('305057104', FALSE, 'שבועות');

INSERT INTO questions (question_id, language_id, topic_id, c_grade_id, level, question_text, explanation, interesting_fact)
VALUES ('305057105', 1, 5057, 5, 5, 'מהו החג היהודי החוגג את נס פח השמן?', '', 'השמן ששימשו בחנוכיית המקדש החזיק באורח נס שמונה ימים, למרות שהיה אמור להספיק רק ליום אחד.') ON CONFLICT (question_id) DO UPDATE SET language_id = 1 ,topic_id= 5057,c_grade_id =5,level=5,question_text='מהו החג היהודי החוגג את נס פח השמן?',explanation='',interesting_fact='השמן ששימשו בחנוכיית המקדש החזיק באורח נס שמונה ימים, למרות שהיה אמור להספיק רק ליום אחד.';


INSERT INTO answer_options (question_id, correct_answer, answer_text)
VALUES ('305057105', TRUE, 'חנוכה') ;

INSERT INTO answer_options (question_id, correct_answer, answer_text)
VALUES ('305057105', FALSE, 'יום כיפור');

INSERT INTO answer_options (question_id, correct_answer, answer_text)
VALUES ('305057105', FALSE, 'ראש השנה');

INSERT INTO answer_options (question_id, correct_answer, answer_text)
VALUES ('305057105', FALSE, 'פורים');

INSERT INTO questions (question_id, language_id, topic_id, c_grade_id, level, question_text, explanation, interesting_fact)
VALUES ('305058101', 1, 5058, 1, 1, 'מהו ההר הגבוה ביותר ברכס ההימלאיה?', '', 'הר האוורסט הוא ההר הגבוה בעולם, המגיע לגובה של כ-8,848 מטר (29,029 רגל) מעל פני הים.') ON CONFLICT (question_id) DO UPDATE SET language_id = 1 ,topic_id= 5058,c_grade_id =1,level=1,question_text='מהו ההר הגבוה ביותר ברכס ההימלאיה?',explanation='',interesting_fact='הר האוורסט הוא ההר הגבוה בעולם, המגיע לגובה של כ-8,848 מטר (29,029 רגל) מעל פני הים.';


INSERT INTO answer_options (question_id, correct_answer, answer_text)
VALUES ('305058101', TRUE, 'הר האוורסט') ;

INSERT INTO answer_options (question_id, correct_answer, answer_text)
VALUES ('305058101', FALSE, 'הר קילימנג`רו');

INSERT INTO answer_options (question_id, correct_answer, answer_text)
VALUES ('305058101', FALSE, 'הר פוג`י');

INSERT INTO answer_options (question_id, correct_answer, answer_text)
VALUES ('305058101', FALSE, 'הר מקינלי');

INSERT INTO questions (question_id, language_id, topic_id, c_grade_id, level, question_text, explanation, interesting_fact)
VALUES ('305058102', 1, 5058, 2, 2, 'באיזו מדינה נמצא הר קילימנג`רו?', '', 'הר קילימנג`רו ממוקם בטנזניה, מזרח אפריקה. זהו ההר הגבוה ביותר באפריקה ויעד פופולרי עבור מטפסים ומטיילים.') ON CONFLICT (question_id) DO UPDATE SET language_id = 1 ,topic_id= 5058,c_grade_id =2,level=2,question_text='באיזו מדינה נמצא הר קילימנג`רו?',explanation='',interesting_fact='הר קילימנג`רו ממוקם בטנזניה, מזרח אפריקה. זהו ההר הגבוה ביותר באפריקה ויעד פופולרי עבור מטפסים ומטיילים.';


INSERT INTO answer_options (question_id, correct_answer, answer_text)
VALUES ('305058102', TRUE, 'טנזניה') ;

INSERT INTO answer_options (question_id, correct_answer, answer_text)
VALUES ('305058102', FALSE, 'נפאל');

INSERT INTO answer_options (question_id, correct_answer, answer_text)
VALUES ('305058102', FALSE, 'יפן');

INSERT INTO answer_options (question_id, correct_answer, answer_text)
VALUES ('305058102', FALSE, 'ארגנטינה');

INSERT INTO questions (question_id, language_id, topic_id, c_grade_id, level, question_text, explanation, interesting_fact)
VALUES ('305058103', 1, 5058, 3, 3, 'איזה הר נמצא ביפן ומפורסם בצורת החרוט המושלמת שלו?', '', 'הר פוג`י ביפן ידוע בצורת החרוט הסימטרית האייקונית שלו והוא הר משמעותי מבחינה תרבותית בהיסטוריה היפנית.') ON CONFLICT (question_id) DO UPDATE SET language_id = 1 ,topic_id= 5058,c_grade_id =3,level=3,question_text='איזה הר נמצא ביפן ומפורסם בצורת החרוט המושלמת שלו?',explanation='',interesting_fact='הר פוג`י ביפן ידוע בצורת החרוט הסימטרית האייקונית שלו והוא הר משמעותי מבחינה תרבותית בהיסטוריה היפנית.';


INSERT INTO answer_options (question_id, correct_answer, answer_text)
VALUES ('305058103', TRUE, 'הר פוג`י') ;

INSERT INTO answer_options (question_id, correct_answer, answer_text)
VALUES ('305058103', FALSE, 'הר קילימנג`רו');

INSERT INTO answer_options (question_id, correct_answer, answer_text)
VALUES ('305058103', FALSE, 'הר האוורסט');

INSERT INTO answer_options (question_id, correct_answer, answer_text)
VALUES ('305058103', FALSE, 'הר מקינלי');

INSERT INTO questions (question_id, language_id, topic_id, c_grade_id, level, question_text, explanation, interesting_fact)
VALUES ('305058104', 1, 5058, 4, 4, 'באיזו מדינה נמצא הר הגעש וזוב?', '', 'הר וזוב ממוקם באיטליה, ליד העיר נאפולי. הוא מפורסם בהתפרצותו בשנת 79 לספירה שקברה את הערים הרומיות פומפיי והרקולנאום.') ON CONFLICT (question_id) DO UPDATE SET language_id = 1 ,topic_id= 5058,c_grade_id =4,level=4,question_text='באיזו מדינה נמצא הר הגעש וזוב?',explanation='',interesting_fact='הר וזוב ממוקם באיטליה, ליד העיר נאפולי. הוא מפורסם בהתפרצותו בשנת 79 לספירה שקברה את הערים הרומיות פומפיי והרקולנאום.';


INSERT INTO answer_options (question_id, correct_answer, answer_text)
VALUES ('305058104', TRUE, 'אִיטַלִיָה') ;

INSERT INTO answer_options (question_id, correct_answer, answer_text)
VALUES ('305058104', FALSE, 'יפן');

INSERT INTO answer_options (question_id, correct_answer, answer_text)
VALUES ('305058104', FALSE, 'ארגנטינה');

INSERT INTO answer_options (question_id, correct_answer, answer_text)
VALUES ('305058104', FALSE, 'שוויץ');

INSERT INTO questions (question_id, language_id, topic_id, c_grade_id, level, question_text, explanation, interesting_fact)
VALUES ('305058105', 1, 5058, 5, 5, 'באיזה רכס הרים נמצא המאצ`ו פיצ`ו המפורסם?', '', 'מאצ`ו פיצ`ו ממוקם ברכס הרי האנדים בפרו והיא מצודה עתיקה של תרבות האינקה, המוכרת כיום כאתר מורשת עולמית של אונסק"ו.') ON CONFLICT (question_id) DO UPDATE SET language_id = 1 ,topic_id= 5058,c_grade_id =5,level=5,question_text='באיזה רכס הרים נמצא המאצ`ו פיצ`ו המפורסם?',explanation='',interesting_fact='מאצ`ו פיצ`ו ממוקם ברכס הרי האנדים בפרו והיא מצודה עתיקה של תרבות האינקה, המוכרת כיום כאתר מורשת עולמית של אונסק"ו.';


INSERT INTO answer_options (question_id, correct_answer, answer_text)
VALUES ('305058105', TRUE, 'האנדים') ;

INSERT INTO answer_options (question_id, correct_answer, answer_text)
VALUES ('305058105', FALSE, 'הרי ההימלאיה');

INSERT INTO answer_options (question_id, correct_answer, answer_text)
VALUES ('305058105', FALSE, 'הרי הרוקי');

INSERT INTO answer_options (question_id, correct_answer, answer_text)
VALUES ('305058105', FALSE, 'האלפים');

INSERT INTO questions (question_id, language_id, topic_id, c_grade_id, level, question_text, explanation, interesting_fact)
VALUES ('305059101', 1, 5059, 1, 1, 'איזה חג אינו שייך לשלש רגלים?', '', 'חג חנוכה אינו מוזכר בתורה. ואילו שלשׁ רְגָלִים הם שלושה חגים מקראיים – פסח, שבועות וסוכות – שבהם מצווה מהתורה לעלות לרגל לבית המקדש.') ON CONFLICT (question_id) DO UPDATE SET language_id = 1 ,topic_id= 5059,c_grade_id =1,level=1,question_text='איזה חג אינו שייך לשלש רגלים?',explanation='',interesting_fact='חג חנוכה אינו מוזכר בתורה. ואילו שלשׁ רְגָלִים הם שלושה חגים מקראיים – פסח, שבועות וסוכות – שבהם מצווה מהתורה לעלות לרגל לבית המקדש.';


INSERT INTO answer_options (question_id, correct_answer, answer_text)
VALUES ('305059101', TRUE, 'חנוכה') ;

INSERT INTO answer_options (question_id, correct_answer, answer_text)
VALUES ('305059101', FALSE, 'סוכות');

INSERT INTO answer_options (question_id, correct_answer, answer_text)
VALUES ('305059101', FALSE, 'שבועות');

INSERT INTO answer_options (question_id, correct_answer, answer_text)
VALUES ('305059101', FALSE, 'פסח');

INSERT INTO questions (question_id, language_id, topic_id, c_grade_id, level, question_text, explanation, interesting_fact)
VALUES ('305059102', 1, 5059, 2, 2, 'מה שמו של הנר המשמש להדלקת הנרות האחרים בחנוכייה?', '', 'שמש מלשון שימוש. השמש מופרד בדרך כלל מהנרות האחרים, גבוה יותר או נמוך יותר.') ON CONFLICT (question_id) DO UPDATE SET language_id = 1 ,topic_id= 5059,c_grade_id =2,level=2,question_text='מה שמו של הנר המשמש להדלקת הנרות האחרים בחנוכייה?',explanation='',interesting_fact='שמש מלשון שימוש. השמש מופרד בדרך כלל מהנרות האחרים, גבוה יותר או נמוך יותר.';


INSERT INTO answer_options (question_id, correct_answer, answer_text)
VALUES ('305059102', TRUE, 'שמש') ;

INSERT INTO answer_options (question_id, correct_answer, answer_text)
VALUES ('305059102', FALSE, 'הנרות הללו');

INSERT INTO answer_options (question_id, correct_answer, answer_text)
VALUES ('305059102', FALSE, 'הנר החשוב');

INSERT INTO answer_options (question_id, correct_answer, answer_text)
VALUES ('305059102', FALSE, 'נר לי נר לי');

INSERT INTO questions (question_id, language_id, topic_id, c_grade_id, level, question_text, explanation, interesting_fact)
VALUES ('305059103', 1, 5059, 3, 3, 'באיזה ספר בתנ"ך נמצא סיפור חנוכה?', '', 'סיפור חנוכה אינו מצוי בתנ"ך העברי אך מפורט בתלמוד ובספרי המכבים.') ON CONFLICT (question_id) DO UPDATE SET language_id = 1 ,topic_id= 5059,c_grade_id =3,level=3,question_text='באיזה ספר בתנ"ך נמצא סיפור חנוכה?',explanation='',interesting_fact='סיפור חנוכה אינו מצוי בתנ"ך העברי אך מפורט בתלמוד ובספרי המכבים.';


INSERT INTO answer_options (question_id, correct_answer, answer_text)
VALUES ('305059103', TRUE, 'זה לא בתנ"ך') ;

INSERT INTO answer_options (question_id, correct_answer, answer_text)
VALUES ('305059103', FALSE, 'בראשית');

INSERT INTO answer_options (question_id, correct_answer, answer_text)
VALUES ('305059103', FALSE, 'סֵפֶר שֵׁמוֹת');

INSERT INTO answer_options (question_id, correct_answer, answer_text)
VALUES ('305059103', FALSE, 'סֵפֶר וַיִקְרָא');

INSERT INTO questions (question_id, language_id, topic_id, c_grade_id, level, question_text, explanation, interesting_fact)
VALUES ('305059104', 1, 5059, 4, 4, 'במה שונה צורת החנוכיה מצורת מנורת המקדש?', '', 'מנורת שבעת הקנים שימשה כאחד מכלי הפולחן החשובים ביותר בבית המקדש.') ON CONFLICT (question_id) DO UPDATE SET language_id = 1 ,topic_id= 5059,c_grade_id =4,level=4,question_text='במה שונה צורת החנוכיה מצורת מנורת המקדש?',explanation='',interesting_fact='מנורת שבעת הקנים שימשה כאחד מכלי הפולחן החשובים ביותר בבית המקדש.';


INSERT INTO answer_options (question_id, correct_answer, answer_text)
VALUES ('305059104', TRUE, 'לחנוכיה 9 קנים ולמנורה 7') ;

INSERT INTO answer_options (question_id, correct_answer, answer_text)
VALUES ('305059104', FALSE, 'אין הבדל. זה רק שם אחר');

INSERT INTO answer_options (question_id, correct_answer, answer_text)
VALUES ('305059104', FALSE, 'לחנוכיה 7 קנים ולמנורה 9');

INSERT INTO answer_options (question_id, correct_answer, answer_text)
VALUES ('305059104', FALSE, 'למנורה יש בסיס רחב ולחנוכיה דק');

INSERT INTO questions (question_id, language_id, topic_id, c_grade_id, level, question_text, explanation, interesting_fact)
VALUES ('305059105', 1, 5059, 5, 5, 'מי היו המשפחה שהובילו את המרד ביוונים?', '', 'יהודה המכבי היה השלישי מחמשת בניו של מתתיהו החשמונאי.') ON CONFLICT (question_id) DO UPDATE SET language_id = 1 ,topic_id= 5059,c_grade_id =5,level=5,question_text='מי היו המשפחה שהובילו את המרד ביוונים?',explanation='',interesting_fact='יהודה המכבי היה השלישי מחמשת בניו של מתתיהו החשמונאי.';


INSERT INTO answer_options (question_id, correct_answer, answer_text)
VALUES ('305059105', TRUE, 'חשמונאי') ;

INSERT INTO answer_options (question_id, correct_answer, answer_text)
VALUES ('305059105', FALSE, 'משפחת אהרן הכהן');

INSERT INTO answer_options (question_id, correct_answer, answer_text)
VALUES ('305059105', FALSE, 'בר כוכבא');

INSERT INTO answer_options (question_id, correct_answer, answer_text)
VALUES ('305059105', FALSE, 'משפחת סלווקוס');

INSERT INTO questions (question_id, language_id, topic_id, c_grade_id, level, question_text, explanation, interesting_fact)
VALUES ('305060101', 1, 5060, 1, 1, 'ונוס, דיאנה ומינרווה הן אלות מאיזו מיתולוגיה?', '', 'בלועזית קרוי כוכב הלכת נוגה על שם האלה ונוס.') ON CONFLICT (question_id) DO UPDATE SET language_id = 1 ,topic_id= 5060,c_grade_id =1,level=1,question_text='ונוס, דיאנה ומינרווה הן אלות מאיזו מיתולוגיה?',explanation='',interesting_fact='בלועזית קרוי כוכב הלכת נוגה על שם האלה ונוס.';


INSERT INTO answer_options (question_id, correct_answer, answer_text)
VALUES ('305060101', TRUE, 'רומית') ;

INSERT INTO answer_options (question_id, correct_answer, answer_text)
VALUES ('305060101', FALSE, 'יוונית');

INSERT INTO answer_options (question_id, correct_answer, answer_text)
VALUES ('305060101', FALSE, 'ויקינגית');

INSERT INTO answer_options (question_id, correct_answer, answer_text)
VALUES ('305060101', FALSE, 'הודית');

INSERT INTO questions (question_id, language_id, topic_id, c_grade_id, level, question_text, explanation, interesting_fact)
VALUES ('305060102', 1, 5060, 2, 2, 'איזה אל רומי הוא מלך האלים ומקביל לאל היווני זאוס?', '', 'יופיטר הוא המקבילה הרומית לאל היווני זאוס. הוא מלך האלים ואל השמים והרעם.') ON CONFLICT (question_id) DO UPDATE SET language_id = 1 ,topic_id= 5060,c_grade_id =2,level=2,question_text='איזה אל רומי הוא מלך האלים ומקביל לאל היווני זאוס?',explanation='',interesting_fact='יופיטר הוא המקבילה הרומית לאל היווני זאוס. הוא מלך האלים ואל השמים והרעם.';


INSERT INTO answer_options (question_id, correct_answer, answer_text)
VALUES ('305060102', TRUE, 'יופיטר') ;

INSERT INTO answer_options (question_id, correct_answer, answer_text)
VALUES ('305060102', FALSE, 'נפטון');

INSERT INTO answer_options (question_id, correct_answer, answer_text)
VALUES ('305060102', FALSE, 'זאוס');

INSERT INTO answer_options (question_id, correct_answer, answer_text)
VALUES ('305060102', FALSE, 'אפולו');

INSERT INTO questions (question_id, language_id, topic_id, c_grade_id, level, question_text, explanation, interesting_fact)
VALUES ('305060103', 1, 5060, 3, 3, 'איזה אל רומי קשור לאש, ועל שמו קרויים הרי געש?', '', 'באנגלית וולקנו הוא הר געש') ON CONFLICT (question_id) DO UPDATE SET language_id = 1 ,topic_id= 5060,c_grade_id =3,level=3,question_text='איזה אל רומי קשור לאש, ועל שמו קרויים הרי געש?',explanation='',interesting_fact='באנגלית וולקנו הוא הר געש';


INSERT INTO answer_options (question_id, correct_answer, answer_text)
VALUES ('305060103', TRUE, 'וולקן') ;

INSERT INTO answer_options (question_id, correct_answer, answer_text)
VALUES ('305060103', FALSE, 'מארס');

INSERT INTO answer_options (question_id, correct_answer, answer_text)
VALUES ('305060103', FALSE, 'יופיטר');

INSERT INTO answer_options (question_id, correct_answer, answer_text)
VALUES ('305060103', FALSE, 'האדס');

INSERT INTO questions (question_id, language_id, topic_id, c_grade_id, level, question_text, explanation, interesting_fact)
VALUES ('305060104', 1, 5060, 4, 4, 'מיהו אל הרעם הוויקינגי?', '', 'תור הוא אל בולט במיתולוגיה הנורדית. הוא ידוע בכוחו ולעתים קרובות מתואר כשהוא מניף את הפטיש הקסום שלו.') ON CONFLICT (question_id) DO UPDATE SET language_id = 1 ,topic_id= 5060,c_grade_id =4,level=4,question_text='מיהו אל הרעם הוויקינגי?',explanation='',interesting_fact='תור הוא אל בולט במיתולוגיה הנורדית. הוא ידוע בכוחו ולעתים קרובות מתואר כשהוא מניף את הפטיש הקסום שלו.';


INSERT INTO answer_options (question_id, correct_answer, answer_text)
VALUES ('305060104', TRUE, 'ת`ור') ;

INSERT INTO answer_options (question_id, correct_answer, answer_text)
VALUES ('305060104', FALSE, 'אודין');

INSERT INTO answer_options (question_id, correct_answer, answer_text)
VALUES ('305060104', FALSE, 'סיף');

INSERT INTO answer_options (question_id, correct_answer, answer_text)
VALUES ('305060104', FALSE, 'פרייה');

INSERT INTO questions (question_id, language_id, topic_id, c_grade_id, level, question_text, explanation, interesting_fact)
VALUES ('305060105', 1, 5060, 5, 5, 'איזה אל מצרי קדום קשור לעולם הבא ולעתים קרובות מתואר עם ראש של תן?', '', 'אל במיתולוגיה המצרית שגופו גוף אדם וראשו ראש כלב או שגופו הוא גוף של כלב.') ON CONFLICT (question_id) DO UPDATE SET language_id = 1 ,topic_id= 5060,c_grade_id =5,level=5,question_text='איזה אל מצרי קדום קשור לעולם הבא ולעתים קרובות מתואר עם ראש של תן?',explanation='',interesting_fact='אל במיתולוגיה המצרית שגופו גוף אדם וראשו ראש כלב או שגופו הוא גוף של כלב.';


INSERT INTO answer_options (question_id, correct_answer, answer_text)
VALUES ('305060105', TRUE, 'אנוביס') ;

INSERT INTO answer_options (question_id, correct_answer, answer_text)
VALUES ('305060105', FALSE, 'אוזיריס');

INSERT INTO answer_options (question_id, correct_answer, answer_text)
VALUES ('305060105', FALSE, 'רא');

INSERT INTO answer_options (question_id, correct_answer, answer_text)
VALUES ('305060105', FALSE, 'הורוס');

INSERT INTO questions (question_id, language_id, topic_id, c_grade_id, level, question_text, explanation, interesting_fact)
VALUES ('305061101', 1, 5061, 1, 1, 'איזה אירוע מציינים בתשעה באב (ט` באב)?', '', 'תשעה באב הוא יום אבל על חורבן בית המקדש הראשון והשני בירושלים.') ON CONFLICT (question_id) DO UPDATE SET language_id = 1 ,topic_id= 5061,c_grade_id =1,level=1,question_text='איזה אירוע מציינים בתשעה באב (ט` באב)?',explanation='',interesting_fact='תשעה באב הוא יום אבל על חורבן בית המקדש הראשון והשני בירושלים.';


INSERT INTO answer_options (question_id, correct_answer, answer_text)
VALUES ('305061101', TRUE, 'חורבן בית המקדש הראשון והשני') ;

INSERT INTO answer_options (question_id, correct_answer, answer_text)
VALUES ('305061101', FALSE, 'יציאת מצרים');

INSERT INTO answer_options (question_id, correct_answer, answer_text)
VALUES ('305061101', FALSE, 'מתן תורה');

INSERT INTO answer_options (question_id, correct_answer, answer_text)
VALUES ('305061101', FALSE, 'הניצחון של המכבים');

INSERT INTO questions (question_id, language_id, topic_id, c_grade_id, level, question_text, explanation, interesting_fact)
VALUES ('305061102', 1, 5061, 2, 2, 'איזה מספרי הנביאים קוראים בבתי הכנסת ביום כיפור?', '', 'את ספר יונה אנו קוראים ביום הכיפורים מפני שהוא ספר העוסק כולו בחטא ובתשובה.') ON CONFLICT (question_id) DO UPDATE SET language_id = 1 ,topic_id= 5061,c_grade_id =2,level=2,question_text='איזה מספרי הנביאים קוראים בבתי הכנסת ביום כיפור?',explanation='',interesting_fact='את ספר יונה אנו קוראים ביום הכיפורים מפני שהוא ספר העוסק כולו בחטא ובתשובה.';


INSERT INTO answer_options (question_id, correct_answer, answer_text)
VALUES ('305061102', TRUE, 'ספר יונה') ;

INSERT INTO answer_options (question_id, correct_answer, answer_text)
VALUES ('305061102', FALSE, 'מגילת אסתר');

INSERT INTO answer_options (question_id, correct_answer, answer_text)
VALUES ('305061102', FALSE, 'ספר תהילים');

INSERT INTO answer_options (question_id, correct_answer, answer_text)
VALUES ('305061102', FALSE, 'ספר דניאל');

INSERT INTO questions (question_id, language_id, topic_id, c_grade_id, level, question_text, explanation, interesting_fact)
VALUES ('305061103', 1, 5061, 3, 3, 'כמה זמן יש בין י"ז בתמוז ותשעה באב?', '', 'י"ז בתמוז מתחילה תקופה המכונה "שלושת השבועות" לקראת תשעה באב. בשבועות אלו מתחילים במנבגי אבלות מצומצמים.') ON CONFLICT (question_id) DO UPDATE SET language_id = 1 ,topic_id= 5061,c_grade_id =3,level=3,question_text='כמה זמן יש בין י"ז בתמוז ותשעה באב?',explanation='',interesting_fact='י"ז בתמוז מתחילה תקופה המכונה "שלושת השבועות" לקראת תשעה באב. בשבועות אלו מתחילים במנבגי אבלות מצומצמים.';


INSERT INTO answer_options (question_id, correct_answer, answer_text)
VALUES ('305061103', TRUE, 'שלושה שבועות') ;

INSERT INTO answer_options (question_id, correct_answer, answer_text)
VALUES ('305061103', FALSE, 'שבועיים');

INSERT INTO answer_options (question_id, correct_answer, answer_text)
VALUES ('305061103', FALSE, 'עשרה ימים');

INSERT INTO answer_options (question_id, correct_answer, answer_text)
VALUES ('305061103', FALSE, 'חודש');

INSERT INTO questions (question_id, language_id, topic_id, c_grade_id, level, question_text, explanation, interesting_fact)
VALUES ('305061104', 1, 5061, 4, 4, 'מיד אחרי איזה חג מגיע צום גדליה?', '', 'צום גדליה מתקיים למחרת ראש השנה. הצום נקבע לציון רצח גדליהו בן אחיקם, נציב יהודה בימים שלאחר חורבן בית המקדש הראשון. מותו סימל את סופו של היישוב היהודי בארץ ישראל עד לשיבת ציון.') ON CONFLICT (question_id) DO UPDATE SET language_id = 1 ,topic_id= 5061,c_grade_id =4,level=4,question_text='מיד אחרי איזה חג מגיע צום גדליה?',explanation='',interesting_fact='צום גדליה מתקיים למחרת ראש השנה. הצום נקבע לציון רצח גדליהו בן אחיקם, נציב יהודה בימים שלאחר חורבן בית המקדש הראשון. מותו סימל את סופו של היישוב היהודי בארץ ישראל עד לשיבת ציון.';


INSERT INTO answer_options (question_id, correct_answer, answer_text)
VALUES ('305061104', TRUE, 'ראש השנה') ;

INSERT INTO answer_options (question_id, correct_answer, answer_text)
VALUES ('305061104', FALSE, 'יום כיפור');

INSERT INTO answer_options (question_id, correct_answer, answer_text)
VALUES ('305061104', FALSE, 'סוכות');

INSERT INTO answer_options (question_id, correct_answer, answer_text)
VALUES ('305061104', FALSE, 'חג פסח');

INSERT INTO questions (question_id, language_id, topic_id, c_grade_id, level, question_text, explanation, interesting_fact)
VALUES ('305061105', 1, 5061, 5, 5, 'מה אורך צום י"ז בתמוז?', '', 'י"ז בתמוז הוא צום של עלות השחר עד הלילה, לציון פריצת חומות ירושלים.') ON CONFLICT (question_id) DO UPDATE SET language_id = 1 ,topic_id= 5061,c_grade_id =5,level=5,question_text='מה אורך צום י"ז בתמוז?',explanation='',interesting_fact='י"ז בתמוז הוא צום של עלות השחר עד הלילה, לציון פריצת חומות ירושלים.';


INSERT INTO answer_options (question_id, correct_answer, answer_text)
VALUES ('305061105', TRUE, 'מהזריחה עד השקיעה') ;

INSERT INTO answer_options (question_id, correct_answer, answer_text)
VALUES ('305061105', FALSE, '24 שעות');

INSERT INTO answer_options (question_id, correct_answer, answer_text)
VALUES ('305061105', FALSE, '12 שעות');

INSERT INTO answer_options (question_id, correct_answer, answer_text)
VALUES ('305061105', FALSE, 'מהשקיעה ועד הזריחה');

INSERT INTO questions (question_id, language_id, topic_id, c_grade_id, level, question_text, explanation, interesting_fact)
VALUES ('305062101', 1, 5062, 1, 1, 'כיצה מכונה הקו הדמיוני המקיף את כדור הארץ באמצע הדרך בין הקוטב הצפוני לקוטב הדרומי?', '', 'קו המשוה הוא קו הרוחב ה- 0. ישראל למשל נמצאת בקו רוחב 32 מעל קו המשוה.') ON CONFLICT (question_id) DO UPDATE SET language_id = 1 ,topic_id= 5062,c_grade_id =1,level=1,question_text='כיצה מכונה הקו הדמיוני המקיף את כדור הארץ באמצע הדרך בין הקוטב הצפוני לקוטב הדרומי?',explanation='',interesting_fact='קו המשוה הוא קו הרוחב ה- 0. ישראל למשל נמצאת בקו רוחב 32 מעל קו המשוה.';


INSERT INTO answer_options (question_id, correct_answer, answer_text)
VALUES ('305062101', TRUE, 'קַו־הַמַשְווה') ;

INSERT INTO answer_options (question_id, correct_answer, answer_text)
VALUES ('305062101', FALSE, 'קו האורך');

INSERT INTO answer_options (question_id, correct_answer, answer_text)
VALUES ('305062101', FALSE, 'קוטב כדור הארץ');

INSERT INTO answer_options (question_id, correct_answer, answer_text)
VALUES ('305062101', FALSE, 'אמצע העולם');

INSERT INTO questions (question_id, language_id, topic_id, c_grade_id, level, question_text, explanation, interesting_fact)
VALUES ('305062102', 1, 5062, 2, 2, 'האם אוסטרליה ממוקמת מעל, על או מתחת לקו המשווה?', '', 'אוסטרליה, המדינה היחידה שהיא גם יבשת, נמצאת כולה בחצי כדור הארץ הדרומי, מתחת לקו המשווה.') ON CONFLICT (question_id) DO UPDATE SET language_id = 1 ,topic_id= 5062,c_grade_id =2,level=2,question_text='האם אוסטרליה ממוקמת מעל, על או מתחת לקו המשווה?',explanation='',interesting_fact='אוסטרליה, המדינה היחידה שהיא גם יבשת, נמצאת כולה בחצי כדור הארץ הדרומי, מתחת לקו המשווה.';


INSERT INTO answer_options (question_id, correct_answer, answer_text)
VALUES ('305062102', TRUE, 'מתחת') ;

INSERT INTO answer_options (question_id, correct_answer, answer_text)
VALUES ('305062102', FALSE, 'מֵעַל');

INSERT INTO answer_options (question_id, correct_answer, answer_text)
VALUES ('305062102', FALSE, 'עַל');

INSERT INTO answer_options (question_id, correct_answer, answer_text)
VALUES ('305062102', FALSE, 'תלוי בסיבוב כדור הארץ');

INSERT INTO questions (question_id, language_id, topic_id, c_grade_id, level, question_text, explanation, interesting_fact)
VALUES ('305062103', 1, 5062, 3, 3, 'איזו מדינה נקראת על שם קו המשווה?', '', 'אקוודור נקראת על שם קו המשווה (באנגלית Equator), העובר במדינה.') ON CONFLICT (question_id) DO UPDATE SET language_id = 1 ,topic_id= 5062,c_grade_id =3,level=3,question_text='איזו מדינה נקראת על שם קו המשווה?',explanation='',interesting_fact='אקוודור נקראת על שם קו המשווה (באנגלית Equator), העובר במדינה.';


INSERT INTO answer_options (question_id, correct_answer, answer_text)
VALUES ('305062103', TRUE, 'אקוודור') ;

INSERT INTO answer_options (question_id, correct_answer, answer_text)
VALUES ('305062103', FALSE, 'ברזיל');

INSERT INTO answer_options (question_id, correct_answer, answer_text)
VALUES ('305062103', FALSE, 'שבדיה');

INSERT INTO answer_options (question_id, correct_answer, answer_text)
VALUES ('305062103', FALSE, 'שוויץ');

INSERT INTO questions (question_id, language_id, topic_id, c_grade_id, level, question_text, explanation, interesting_fact)
VALUES ('305062104', 1, 5062, 4, 4, 'האם ישראל ממוקמת מעל, על או מתחת לקו המשווה?', '', 'קו המשוה הוא קו הרוחב ה- 0. ישראל נמצאת בקו רוחב 32 מעל קו המשוה.') ON CONFLICT (question_id) DO UPDATE SET language_id = 1 ,topic_id= 5062,c_grade_id =4,level=4,question_text='האם ישראל ממוקמת מעל, על או מתחת לקו המשווה?',explanation='',interesting_fact='קו המשוה הוא קו הרוחב ה- 0. ישראל נמצאת בקו רוחב 32 מעל קו המשוה.';


INSERT INTO answer_options (question_id, correct_answer, answer_text)
VALUES ('305062104', TRUE, 'מֵעַל') ;

INSERT INTO answer_options (question_id, correct_answer, answer_text)
VALUES ('305062104', FALSE, 'מתחת');

INSERT INTO answer_options (question_id, correct_answer, answer_text)
VALUES ('305062104', FALSE, 'עַל');

INSERT INTO answer_options (question_id, correct_answer, answer_text)
VALUES ('305062104', FALSE, 'תלוי בסיבוב כדור הארץ');

INSERT INTO questions (question_id, language_id, topic_id, c_grade_id, level, question_text, explanation, interesting_fact)
VALUES ('305062105', 1, 5062, 5, 5, 'היכן ממוקמות רוב מדינות העולם: מעל, מתחת או על קו המשוה?', '', 'בעולם כ 195 מדינות. רובן המכריע, כ 160, הן לגמרי מעל קו המשוה (חצי הכדור הצפוני), 13 נחצות על ידי קו המשוה, ורק כ 20 מתחתיו!') ON CONFLICT (question_id) DO UPDATE SET language_id = 1 ,topic_id= 5062,c_grade_id =5,level=5,question_text='היכן ממוקמות רוב מדינות העולם: מעל, מתחת או על קו המשוה?',explanation='',interesting_fact='בעולם כ 195 מדינות. רובן המכריע, כ 160, הן לגמרי מעל קו המשוה (חצי הכדור הצפוני), 13 נחצות על ידי קו המשוה, ורק כ 20 מתחתיו!';


INSERT INTO answer_options (question_id, correct_answer, answer_text)
VALUES ('305062105', TRUE, 'מעל') ;

INSERT INTO answer_options (question_id, correct_answer, answer_text)
VALUES ('305062105', FALSE, 'מתחת');

INSERT INTO answer_options (question_id, correct_answer, answer_text)
VALUES ('305062105', FALSE, 'על');

INSERT INTO answer_options (question_id, correct_answer, answer_text)
VALUES ('305062105', FALSE, 'תלוי בסיבוב כדור הארץ');

INSERT INTO questions (question_id, language_id, topic_id, c_grade_id, level, question_text, explanation, interesting_fact)
VALUES ('305063101', 1, 5063, 1, 1, 'כמה ימים חוגגים את ראש השנה?', '', 'ראש השנה מתקיים במשך יומיים, אפילו בישראל, שרוב החגים נחגגים יום אחד.') ON CONFLICT (question_id) DO UPDATE SET language_id = 1 ,topic_id= 5063,c_grade_id =1,level=1,question_text='כמה ימים חוגגים את ראש השנה?',explanation='',interesting_fact='ראש השנה מתקיים במשך יומיים, אפילו בישראל, שרוב החגים נחגגים יום אחד.';


INSERT INTO answer_options (question_id, correct_answer, answer_text)
VALUES ('305063101', TRUE, '2 ימים') ;

INSERT INTO answer_options (question_id, correct_answer, answer_text)
VALUES ('305063101', FALSE, 'יום אחד');

INSERT INTO answer_options (question_id, correct_answer, answer_text)
VALUES ('305063101', FALSE, '3 ימים');

INSERT INTO answer_options (question_id, correct_answer, answer_text)
VALUES ('305063101', FALSE, '7 ימים');

INSERT INTO questions (question_id, language_id, topic_id, c_grade_id, level, question_text, explanation, interesting_fact)
VALUES ('305063102', 1, 5063, 2, 2, 'איזה כלי עתיק נשמע 100 פעמים בראש השנה?', '', 'במהלך תפילת ראש השנה תוקעים בשופר 100 פעמים.') ON CONFLICT (question_id) DO UPDATE SET language_id = 1 ,topic_id= 5063,c_grade_id =2,level=2,question_text='איזה כלי עתיק נשמע 100 פעמים בראש השנה?',explanation='',interesting_fact='במהלך תפילת ראש השנה תוקעים בשופר 100 פעמים.';


INSERT INTO answer_options (question_id, correct_answer, answer_text)
VALUES ('305063102', TRUE, 'שׁוֹפָר') ;

INSERT INTO answer_options (question_id, correct_answer, answer_text)
VALUES ('305063102', FALSE, 'נֶבֶל');

INSERT INTO answer_options (question_id, correct_answer, answer_text)
VALUES ('305063102', FALSE, 'מצילתיים');

INSERT INTO answer_options (question_id, correct_answer, answer_text)
VALUES ('305063102', FALSE, 'תוֹף');

INSERT INTO questions (question_id, language_id, topic_id, c_grade_id, level, question_text, explanation, interesting_fact)
VALUES ('305063103', 1, 5063, 3, 3, 'מהם עשרת ימי תשובה?', '', 'ימי היראה, ששיאם ביום הכיפורים, הם זמן להתבוננות פנימית וחזרה בתשובה.') ON CONFLICT (question_id) DO UPDATE SET language_id = 1 ,topic_id= 5063,c_grade_id =3,level=3,question_text='מהם עשרת ימי תשובה?',explanation='',interesting_fact='ימי היראה, ששיאם ביום הכיפורים, הם זמן להתבוננות פנימית וחזרה בתשובה.';


INSERT INTO answer_options (question_id, correct_answer, answer_text)
VALUES ('305063103', TRUE, 'הימים בין ראש השנה ליום כיפור') ;

INSERT INTO answer_options (question_id, correct_answer, answer_text)
VALUES ('305063103', FALSE, 'ימי חג הפסח');

INSERT INTO answer_options (question_id, correct_answer, answer_text)
VALUES ('305063103', FALSE, 'ימי סוכות');

INSERT INTO answer_options (question_id, correct_answer, answer_text)
VALUES ('305063103', FALSE, 'ימי חנוכה');

INSERT INTO questions (question_id, language_id, topic_id, c_grade_id, level, question_text, explanation, interesting_fact)
VALUES ('305063104', 1, 5063, 4, 4, 'איך נקרא הטקס היהודי המבוצע ליד גוף מים?', '', 'תשליך הוא מעשה סמלי של השלכת חטאים, המבוצע באופן מסורתי בשעות אחר הצהריים של היום הראשון של ראש השנה.') ON CONFLICT (question_id) DO UPDATE SET language_id = 1 ,topic_id= 5063,c_grade_id =4,level=4,question_text='איך נקרא הטקס היהודי המבוצע ליד גוף מים?',explanation='',interesting_fact='תשליך הוא מעשה סמלי של השלכת חטאים, המבוצע באופן מסורתי בשעות אחר הצהריים של היום הראשון של ראש השנה.';


INSERT INTO answer_options (question_id, correct_answer, answer_text)
VALUES ('305063104', TRUE, 'תשליך') ;

INSERT INTO answer_options (question_id, correct_answer, answer_text)
VALUES ('305063104', FALSE, 'כפרות');

INSERT INTO answer_options (question_id, correct_answer, answer_text)
VALUES ('305063104', FALSE, 'הַבדָלָה');

INSERT INTO answer_options (question_id, correct_answer, answer_text)
VALUES ('305063104', FALSE, 'סליחות');

INSERT INTO questions (question_id, language_id, topic_id, c_grade_id, level, question_text, explanation, interesting_fact)
VALUES ('305063105', 1, 5063, 5, 5, 'איזה שם נוסף יש לעשרת ימי תשובה?', '', 'במשמעות רחבה הימים שבין ראש השנה ליום הכיפורים מכונים ימים נוראים. אולם לעיתים הכוונה רק לראש השנה ויום כיפור, או גם לכל תקופת אמירת הסליחות.') ON CONFLICT (question_id) DO UPDATE SET language_id = 1 ,topic_id= 5063,c_grade_id =5,level=5,question_text='איזה שם נוסף יש לעשרת ימי תשובה?',explanation='',interesting_fact='במשמעות רחבה הימים שבין ראש השנה ליום הכיפורים מכונים ימים נוראים. אולם לעיתים הכוונה רק לראש השנה ויום כיפור, או גם לכל תקופת אמירת הסליחות.';


INSERT INTO answer_options (question_id, correct_answer, answer_text)
VALUES ('305063105', TRUE, 'ימים נוראים') ;

INSERT INTO answer_options (question_id, correct_answer, answer_text)
VALUES ('305063105', FALSE, 'ימי חג הפסח');

INSERT INTO answer_options (question_id, correct_answer, answer_text)
VALUES ('305063105', FALSE, 'ימי בין המיצרים');

INSERT INTO answer_options (question_id, correct_answer, answer_text)
VALUES ('305063105', FALSE, 'ימי החנוכה');

INSERT INTO questions (question_id, language_id, topic_id, c_grade_id, level, question_text, explanation, interesting_fact)
VALUES ('305064101', 1, 5064, 1, 1, 'איזו היא המדינה הגדולה ביותר בעולם?', '', 'קנדה היא המדינה השנייה בגודלה בעולם בשטח כולל, אחרי רוסיה.') ON CONFLICT (question_id) DO UPDATE SET language_id = 1 ,topic_id= 5064,c_grade_id =1,level=1,question_text='איזו היא המדינה הגדולה ביותר בעולם?',explanation='',interesting_fact='קנדה היא המדינה השנייה בגודלה בעולם בשטח כולל, אחרי רוסיה.';


INSERT INTO answer_options (question_id, correct_answer, answer_text)
VALUES ('305064101', TRUE, 'רוּסִיָה') ;

INSERT INTO answer_options (question_id, correct_answer, answer_text)
VALUES ('305064101', FALSE, 'אוֹסטְרַלִיָה');

INSERT INTO answer_options (question_id, correct_answer, answer_text)
VALUES ('305064101', FALSE, 'קנדה');

INSERT INTO answer_options (question_id, correct_answer, answer_text)
VALUES ('305064101', FALSE, 'ארצות הברית');

INSERT INTO questions (question_id, language_id, topic_id, c_grade_id, level, question_text, explanation, interesting_fact)
VALUES ('305064102', 1, 5064, 2, 2, 'מהי המדינה הגדולה ביותר בדרום אמריקה לפי שטחה?', '', 'ברזיל היא המדינה הגדולה ביותר בדרום ומרכז אמריקה - כל אזור אמריקה הלטינית.') ON CONFLICT (question_id) DO UPDATE SET language_id = 1 ,topic_id= 5064,c_grade_id =2,level=2,question_text='מהי המדינה הגדולה ביותר בדרום אמריקה לפי שטחה?',explanation='',interesting_fact='ברזיל היא המדינה הגדולה ביותר בדרום ומרכז אמריקה - כל אזור אמריקה הלטינית.';


INSERT INTO answer_options (question_id, correct_answer, answer_text)
VALUES ('305064102', TRUE, 'בְּרָזִיל') ;

INSERT INTO answer_options (question_id, correct_answer, answer_text)
VALUES ('305064102', FALSE, 'ארגנטינה');

INSERT INTO answer_options (question_id, correct_answer, answer_text)
VALUES ('305064102', FALSE, 'קולומביה');

INSERT INTO answer_options (question_id, correct_answer, answer_text)
VALUES ('305064102', FALSE, 'פרו');

INSERT INTO questions (question_id, language_id, topic_id, c_grade_id, level, question_text, explanation, interesting_fact)
VALUES ('305064103', 1, 5064, 3, 3, 'איזו מהמדינות הללו היא אינה מדינת ענק כמו האחרות?', '', 'מלבד רוסיה, ישנן עוד 5 מדינות ענק בשטח הקרוב ל 10 מיליון קמ"ר: קנדה סין ארה"ב ברזיל ואוסטרליה. השטח של ארגנטינה לעומת זאת הוא כ 3 מליון קמ"ר') ON CONFLICT (question_id) DO UPDATE SET language_id = 1 ,topic_id= 5064,c_grade_id =3,level=3,question_text='איזו מהמדינות הללו היא אינה מדינת ענק כמו האחרות?',explanation='',interesting_fact='מלבד רוסיה, ישנן עוד 5 מדינות ענק בשטח הקרוב ל 10 מיליון קמ"ר: קנדה סין ארה"ב ברזיל ואוסטרליה. השטח של ארגנטינה לעומת זאת הוא כ 3 מליון קמ"ר';


INSERT INTO answer_options (question_id, correct_answer, answer_text)
VALUES ('305064103', TRUE, 'ארגנטינה') ;

INSERT INTO answer_options (question_id, correct_answer, answer_text)
VALUES ('305064103', FALSE, 'סין');

INSERT INTO answer_options (question_id, correct_answer, answer_text)
VALUES ('305064103', FALSE, 'אוֹסטְרַלִיָה');

INSERT INTO answer_options (question_id, correct_answer, answer_text)
VALUES ('305064103', FALSE, 'ארצות הברית');

INSERT INTO questions (question_id, language_id, topic_id, c_grade_id, level, question_text, explanation, interesting_fact)
VALUES ('305064104', 1, 5064, 4, 4, 'מהי המדינה הריבונית הקטנה ביותר בדרום אמריקה?', '', 'בדרום אמריקה יש רק 12 מדינות ריבוניות. כך שלמרות שסורינם היא המדינה הקטנה ביותר בדרום אמריקה, שטחה עדיין גדול פי 8 מזה של ישראל.') ON CONFLICT (question_id) DO UPDATE SET language_id = 1 ,topic_id= 5064,c_grade_id =4,level=4,question_text='מהי המדינה הריבונית הקטנה ביותר בדרום אמריקה?',explanation='',interesting_fact='בדרום אמריקה יש רק 12 מדינות ריבוניות. כך שלמרות שסורינם היא המדינה הקטנה ביותר בדרום אמריקה, שטחה עדיין גדול פי 8 מזה של ישראל.';


INSERT INTO answer_options (question_id, correct_answer, answer_text)
VALUES ('305064104', TRUE, 'סורינם') ;

INSERT INTO answer_options (question_id, correct_answer, answer_text)
VALUES ('305064104', FALSE, 'גויאנה');

INSERT INTO answer_options (question_id, correct_answer, answer_text)
VALUES ('305064104', FALSE, 'אקוודור');

INSERT INTO answer_options (question_id, correct_answer, answer_text)
VALUES ('305064104', FALSE, 'אורוגואי');

INSERT INTO questions (question_id, language_id, topic_id, c_grade_id, level, question_text, explanation, interesting_fact)
VALUES ('305064105', 1, 5064, 5, 5, 'איזו מהמדינות הללו היא הגדולה ביותר?', '', 'ברזיל היא המדינה החמישית בגודלה בעולם לפי שטח, ומשתרעת על פני 8.5 מיליון קמ"ר.') ON CONFLICT (question_id) DO UPDATE SET language_id = 1 ,topic_id= 5064,c_grade_id =5,level=5,question_text='איזו מהמדינות הללו היא הגדולה ביותר?',explanation='',interesting_fact='ברזיל היא המדינה החמישית בגודלה בעולם לפי שטח, ומשתרעת על פני 8.5 מיליון קמ"ר.';


INSERT INTO answer_options (question_id, correct_answer, answer_text)
VALUES ('305064105', TRUE, 'בְּרָזִיל') ;

INSERT INTO answer_options (question_id, correct_answer, answer_text)
VALUES ('305064105', FALSE, 'סְפָרַד');

INSERT INTO answer_options (question_id, correct_answer, answer_text)
VALUES ('305064105', FALSE, 'וייטנאם');

INSERT INTO answer_options (question_id, correct_answer, answer_text)
VALUES ('305064105', FALSE, 'פּוֹלִין');

INSERT INTO questions (question_id, language_id, topic_id, c_grade_id, level, question_text, explanation, interesting_fact)
VALUES ('305065101', 1, 5065, 1, 1, 'כיצד נקראה שיטת הכתב שהשתמשה בציורים, כגון אלו שרואים במבנים ממצרים העתיקה?', '', 'כל סמל היה יכול לייצג צליל, מילה או אפילו רעיון!') ON CONFLICT (question_id) DO UPDATE SET language_id = 1 ,topic_id= 5065,c_grade_id =1,level=1,question_text='כיצד נקראה שיטת הכתב שהשתמשה בציורים, כגון אלו שרואים במבנים ממצרים העתיקה?',explanation='',interesting_fact='כל סמל היה יכול לייצג צליל, מילה או אפילו רעיון!';


INSERT INTO answer_options (question_id, correct_answer, answer_text)
VALUES ('305065101', TRUE, 'הירוגליפים') ;

INSERT INTO answer_options (question_id, correct_answer, answer_text)
VALUES ('305065101', FALSE, 'כתב יתדות');

INSERT INTO answer_options (question_id, correct_answer, answer_text)
VALUES ('305065101', FALSE, 'כתב עברי קדום');

INSERT INTO answer_options (question_id, correct_answer, answer_text)
VALUES ('305065101', FALSE, 'כתב ארמי');

INSERT INTO questions (question_id, language_id, topic_id, c_grade_id, level, question_text, explanation, interesting_fact)
VALUES ('305065102', 1, 5065, 2, 2, 'זהה את האלפבית: Α Β Γ Δ Ε Ζ Η Θ Ι Κ Λ Μ Ν Ξ Ο Π Ρ Σ Τ Υ Φ Χ Ψ Ω', '', 'אלו אותיות יווניות גדולות. גם ביוונית שמות האותיות דומות לעברית - אלפא, ביתא, גמא, וכו`') ON CONFLICT (question_id) DO UPDATE SET language_id = 1 ,topic_id= 5065,c_grade_id =2,level=2,question_text='זהה את האלפבית: Α Β Γ Δ Ε Ζ Η Θ Ι Κ Λ Μ Ν Ξ Ο Π Ρ Σ Τ Υ Φ Χ Ψ Ω',explanation='',interesting_fact='אלו אותיות יווניות גדולות. גם ביוונית שמות האותיות דומות לעברית - אלפא, ביתא, גמא, וכו`';


INSERT INTO answer_options (question_id, correct_answer, answer_text)
VALUES ('305065102', TRUE, 'יווני') ;

INSERT INTO answer_options (question_id, correct_answer, answer_text)
VALUES ('305065102', FALSE, 'קירילי');

INSERT INTO answer_options (question_id, correct_answer, answer_text)
VALUES ('305065102', FALSE, 'אנגלי');

INSERT INTO answer_options (question_id, correct_answer, answer_text)
VALUES ('305065102', FALSE, 'אינואיטי');

INSERT INTO questions (question_id, language_id, topic_id, c_grade_id, level, question_text, explanation, interesting_fact)
VALUES ('305065103', 1, 5065, 3, 3, 'מהו האלפבית המשמש את הכתב בשפה הרוסית?', '', 'האלפבית הקירילי הומצא במהלך המאה ה-10 ונקרא על שמו של מיסיונר ביזנטי בשם קיריליוס. הוא מתבסס בחלקו על האלפבית היווני אך יש טוענים ש"גנב" אותיות גם מהכתב העברי כגון האות ש (Ш בכתב קירילי)') ON CONFLICT (question_id) DO UPDATE SET language_id = 1 ,topic_id= 5065,c_grade_id =3,level=3,question_text='מהו האלפבית המשמש את הכתב בשפה הרוסית?',explanation='',interesting_fact='האלפבית הקירילי הומצא במהלך המאה ה-10 ונקרא על שמו של מיסיונר ביזנטי בשם קיריליוס. הוא מתבסס בחלקו על האלפבית היווני אך יש טוענים ש"גנב" אותיות גם מהכתב העברי כגון האות ש (Ш בכתב קירילי)';


INSERT INTO answer_options (question_id, correct_answer, answer_text)
VALUES ('305065103', TRUE, 'קירילי') ;

INSERT INTO answer_options (question_id, correct_answer, answer_text)
VALUES ('305065103', FALSE, 'אינואיטי');

INSERT INTO answer_options (question_id, correct_answer, answer_text)
VALUES ('305065103', FALSE, 'לטיני');

INSERT INTO answer_options (question_id, correct_answer, answer_text)
VALUES ('305065103', FALSE, 'יווני');

INSERT INTO questions (question_id, language_id, topic_id, c_grade_id, level, question_text, explanation, interesting_fact)
VALUES ('305065104', 1, 5065, 4, 4, 'אותיות הכתב באלפבית העברי כיום הן תולדה של איזה כתב קדום?', '', 'בתקופת בית המקדש השני אומץ האלפבית הארמי לשימוש השפה העברית במקום האלפבית העברי העתיק.') ON CONFLICT (question_id) DO UPDATE SET language_id = 1 ,topic_id= 5065,c_grade_id =4,level=4,question_text='אותיות הכתב באלפבית העברי כיום הן תולדה של איזה כתב קדום?',explanation='',interesting_fact='בתקופת בית המקדש השני אומץ האלפבית הארמי לשימוש השפה העברית במקום האלפבית העברי העתיק.';


INSERT INTO answer_options (question_id, correct_answer, answer_text)
VALUES ('305065104', TRUE, 'כתב ארמי') ;

INSERT INTO answer_options (question_id, correct_answer, answer_text)
VALUES ('305065104', FALSE, 'כתב חרטומים');

INSERT INTO answer_options (question_id, correct_answer, answer_text)
VALUES ('305065104', FALSE, 'כתב יתדות');

INSERT INTO answer_options (question_id, correct_answer, answer_text)
VALUES ('305065104', FALSE, 'כתב מורס');

INSERT INTO questions (question_id, language_id, topic_id, c_grade_id, level, question_text, explanation, interesting_fact)
VALUES ('305065105', 1, 5065, 5, 5, 'כיצד נקרא הכתב בשפה האתיופית?', '', 'גְעֵז (ግዕዝ, מכונה גם אתיופית ואבשית) היא שפה שמית עתיקה שרווחה בצפון קרן אפריקה ושימשה כשפה הרשמית באימפריה האקסומית.') ON CONFLICT (question_id) DO UPDATE SET language_id = 1 ,topic_id= 5065,c_grade_id =5,level=5,question_text='כיצד נקרא הכתב בשפה האתיופית?',explanation='',interesting_fact='גְעֵז (ግዕዝ, מכונה גם אתיופית ואבשית) היא שפה שמית עתיקה שרווחה בצפון קרן אפריקה ושימשה כשפה הרשמית באימפריה האקסומית.';


INSERT INTO answer_options (question_id, correct_answer, answer_text)
VALUES ('305065105', TRUE, 'געז') ;

INSERT INTO answer_options (question_id, correct_answer, answer_text)
VALUES ('305065105', FALSE, 'דאעש');

INSERT INTO answer_options (question_id, correct_answer, answer_text)
VALUES ('305065105', FALSE, 'לעז');

INSERT INTO answer_options (question_id, correct_answer, answer_text)
VALUES ('305065105', FALSE, 'כתב עברי קדום');

INSERT INTO questions (question_id, language_id, topic_id, c_grade_id, level, question_text, explanation, interesting_fact)
VALUES ('305066101', 1, 5066, 1, 1, 'איזו שנה סימנה את תחילתם של המשחקים האולימפיים המודרניים?', '', 'בהשראת אולימפיאדת יוון העתיקה. באולימפיאדה הראשונה היו ספורטאים רק מ-14 מדינות!') ON CONFLICT (question_id) DO UPDATE SET language_id = 1 ,topic_id= 5066,c_grade_id =1,level=1,question_text='איזו שנה סימנה את תחילתם של המשחקים האולימפיים המודרניים?',explanation='',interesting_fact='בהשראת אולימפיאדת יוון העתיקה. באולימפיאדה הראשונה היו ספורטאים רק מ-14 מדינות!';


INSERT INTO answer_options (question_id, correct_answer, answer_text)
VALUES ('305066101', TRUE, '1896 (אתונה)') ;

INSERT INTO answer_options (question_id, correct_answer, answer_text)
VALUES ('305066101', FALSE, '1900 (פריז)');

INSERT INTO answer_options (question_id, correct_answer, answer_text)
VALUES ('305066101', FALSE, '1924 (פריז)');

INSERT INTO answer_options (question_id, correct_answer, answer_text)
VALUES ('305066101', FALSE, '1912 (שטוקהולם)');

INSERT INTO questions (question_id, language_id, topic_id, c_grade_id, level, question_text, explanation, interesting_fact)
VALUES ('305066102', 1, 5066, 2, 2, 'מהם שלושת סוגי המדליות שמוענקות במשחקים האולימפיים?', '', 'באולימפיאדה הראשונה היו רק כסף וארד! מדליות זהב התחילו רק ב 1900.') ON CONFLICT (question_id) DO UPDATE SET language_id = 1 ,topic_id= 5066,c_grade_id =2,level=2,question_text='מהם שלושת סוגי המדליות שמוענקות במשחקים האולימפיים?',explanation='',interesting_fact='באולימפיאדה הראשונה היו רק כסף וארד! מדליות זהב התחילו רק ב 1900.';


INSERT INTO answer_options (question_id, correct_answer, answer_text)
VALUES ('305066102', TRUE, 'זהב, כסף, ארד (ברונזה)') ;

INSERT INTO answer_options (question_id, correct_answer, answer_text)
VALUES ('305066102', FALSE, 'פלטינה, כסף, ברונזה');

INSERT INTO answer_options (question_id, correct_answer, answer_text)
VALUES ('305066102', FALSE, 'זהב, כסף, נחושת');

INSERT INTO answer_options (question_id, correct_answer, answer_text)
VALUES ('305066102', FALSE, 'יהלום, זהב, כסף');

INSERT INTO questions (question_id, language_id, topic_id, c_grade_id, level, question_text, explanation, interesting_fact)
VALUES ('305066103', 1, 5066, 3, 3, 'איזה ספורט נכלל באולימפיאדה הראשונה ועד שנת 1920, אך לא נכלל במשחקים מאז?', '', 'משיכת חבל לא חזרה מאז!') ON CONFLICT (question_id) DO UPDATE SET language_id = 1 ,topic_id= 5066,c_grade_id =3,level=3,question_text='איזה ספורט נכלל באולימפיאדה הראשונה ועד שנת 1920, אך לא נכלל במשחקים מאז?',explanation='',interesting_fact='משיכת חבל לא חזרה מאז!';


INSERT INTO answer_options (question_id, correct_answer, answer_text)
VALUES ('305066103', TRUE, 'משיכת חבל') ;

INSERT INTO answer_options (question_id, correct_answer, answer_text)
VALUES ('305066103', FALSE, 'צלילה לעומק');

INSERT INTO answer_options (question_id, correct_answer, answer_text)
VALUES ('305066103', FALSE, 'קליעה בציפורים');

INSERT INTO answer_options (question_id, correct_answer, answer_text)
VALUES ('305066103', FALSE, 'טיפוס על עצים');

INSERT INTO questions (question_id, language_id, topic_id, c_grade_id, level, question_text, explanation, interesting_fact)
VALUES ('305066104', 1, 5066, 4, 4, 'טקס הסיום של איזו אולימפיאדה כלל אסטרונאוט צף המשדר מהחלל?', '', 'הקוסמונאוט הרוסי גנאדי פדלקה שלח ברכות מתחנת החלל הבינלאומית, הדגיש את הטווח וההשפעה העולמית של המשחקים, והזכיר לנו שהאולימפיאדה חוצה את הגבולות הלאומיים ומחברת את האנושות באמצעות תשוקה משותפת לספורטיביות ולמצוינות אתלטית.') ON CONFLICT (question_id) DO UPDATE SET language_id = 1 ,topic_id= 5066,c_grade_id =4,level=4,question_text='טקס הסיום של איזו אולימפיאדה כלל אסטרונאוט צף המשדר מהחלל?',explanation='',interesting_fact='הקוסמונאוט הרוסי גנאדי פדלקה שלח ברכות מתחנת החלל הבינלאומית, הדגיש את הטווח וההשפעה העולמית של המשחקים, והזכיר לנו שהאולימפיאדה חוצה את הגבולות הלאומיים ומחברת את האנושות באמצעות תשוקה משותפת לספורטיביות ולמצוינות אתלטית.';


INSERT INTO answer_options (question_id, correct_answer, answer_text)
VALUES ('305066104', TRUE, 'אתונה 2004') ;

INSERT INTO answer_options (question_id, correct_answer, answer_text)
VALUES ('305066104', FALSE, 'לונדון 2012');

INSERT INTO answer_options (question_id, correct_answer, answer_text)
VALUES ('305066104', FALSE, 'ריו 2016');

INSERT INTO answer_options (question_id, correct_answer, answer_text)
VALUES ('305066104', FALSE, 'יפן 2021');

INSERT INTO questions (question_id, language_id, topic_id, c_grade_id, level, question_text, explanation, interesting_fact)
VALUES ('305066105', 1, 5066, 5, 5, 'אולימפיאדת הקיץ של שנת 2024, תהיה הפעם השלישית שהאולימפידה מתקיימת באיזו מדינה?', '', 'זו תהיה הפעם השלישית שפאריס מארחת את המשחקים, אחרי שכבר אירחה אותם ב 1900 ו 1924.') ON CONFLICT (question_id) DO UPDATE SET language_id = 1 ,topic_id= 5066,c_grade_id =5,level=5,question_text='אולימפיאדת הקיץ של שנת 2024, תהיה הפעם השלישית שהאולימפידה מתקיימת באיזו מדינה?',explanation='',interesting_fact='זו תהיה הפעם השלישית שפאריס מארחת את המשחקים, אחרי שכבר אירחה אותם ב 1900 ו 1924.';


INSERT INTO answer_options (question_id, correct_answer, answer_text)
VALUES ('305066105', TRUE, 'צרפת') ;

INSERT INTO answer_options (question_id, correct_answer, answer_text)
VALUES ('305066105', FALSE, 'ארה"ב');

INSERT INTO answer_options (question_id, correct_answer, answer_text)
VALUES ('305066105', FALSE, 'אוסטרליה');

INSERT INTO answer_options (question_id, correct_answer, answer_text)
VALUES ('305066105', FALSE, 'יפן');

INSERT INTO questions (question_id, language_id, topic_id, c_grade_id, level, question_text, explanation, interesting_fact)
VALUES ('305067101', 1, 5067, 1, 1, 'מהי המתכת העיקרית שנמשכת למגנטים?', '', 'ברזל וניקל הם היסודות השכיחים ביותר במגנטים. אולם יש גם יסודות נדירים בכדור הארץ שהם מגנטים חזקים אף יותר.') ON CONFLICT (question_id) DO UPDATE SET language_id = 1 ,topic_id= 5067,c_grade_id =1,level=1,question_text='מהי המתכת העיקרית שנמשכת למגנטים?',explanation='',interesting_fact='ברזל וניקל הם היסודות השכיחים ביותר במגנטים. אולם יש גם יסודות נדירים בכדור הארץ שהם מגנטים חזקים אף יותר.';


INSERT INTO answer_options (question_id, correct_answer, answer_text)
VALUES ('305067101', TRUE, 'בַּרזֶל') ;

INSERT INTO answer_options (question_id, correct_answer, answer_text)
VALUES ('305067101', FALSE, 'זהב');

INSERT INTO answer_options (question_id, correct_answer, answer_text)
VALUES ('305067101', FALSE, 'נְחוֹשֶׁת');

INSERT INTO answer_options (question_id, correct_answer, answer_text)
VALUES ('305067101', FALSE, 'אֲלוּמִינְיוּם');

INSERT INTO questions (question_id, language_id, topic_id, c_grade_id, level, question_text, explanation, interesting_fact)
VALUES ('305067102', 1, 5067, 2, 2, 'במה מצטיינות מתכות?', '', 'מתכות מצטיינות בהולכת חשמל. ישנן מתכות כמו כספית וגליום שאינן מוצקות בטמפרטורת החדר ויש כאלו כגון ברזל שהן מאוד זולות.') ON CONFLICT (question_id) DO UPDATE SET language_id = 1 ,topic_id= 5067,c_grade_id =2,level=2,question_text='במה מצטיינות מתכות?',explanation='',interesting_fact='מתכות מצטיינות בהולכת חשמל. ישנן מתכות כמו כספית וגליום שאינן מוצקות בטמפרטורת החדר ויש כאלו כגון ברזל שהן מאוד זולות.';


INSERT INTO answer_options (question_id, correct_answer, answer_text)
VALUES ('305067102', TRUE, 'הולכת חשמל') ;

INSERT INTO answer_options (question_id, correct_answer, answer_text)
VALUES ('305067102', FALSE, 'שמירת חום');

INSERT INTO answer_options (question_id, correct_answer, answer_text)
VALUES ('305067102', FALSE, 'מחיר יקר');

INSERT INTO answer_options (question_id, correct_answer, answer_text)
VALUES ('305067102', FALSE, 'חוזק מיוחד');

INSERT INTO questions (question_id, language_id, topic_id, c_grade_id, level, question_text, explanation, interesting_fact)
VALUES ('305067103', 1, 5067, 3, 3, 'איזו מתכת מוכרת היא נוזלית בטמפרטורת החדר?', '', 'כספית נמסה בטמפרטורת החדר, אך היא רעילה ורצוי שלא להחזיקה ביד שלך!') ON CONFLICT (question_id) DO UPDATE SET language_id = 1 ,topic_id= 5067,c_grade_id =3,level=3,question_text='איזו מתכת מוכרת היא נוזלית בטמפרטורת החדר?',explanation='',interesting_fact='כספית נמסה בטמפרטורת החדר, אך היא רעילה ורצוי שלא להחזיקה ביד שלך!';


INSERT INTO answer_options (question_id, correct_answer, answer_text)
VALUES ('305067103', TRUE, 'כַּספִּית') ;

INSERT INTO answer_options (question_id, correct_answer, answer_text)
VALUES ('305067103', FALSE, 'אבץ');

INSERT INTO answer_options (question_id, correct_answer, answer_text)
VALUES ('305067103', FALSE, 'אֲלוּמִינְיוּם');

INSERT INTO answer_options (question_id, correct_answer, answer_text)
VALUES ('305067103', FALSE, 'עוֹפֶרֶת');

INSERT INTO questions (question_id, language_id, topic_id, c_grade_id, level, question_text, explanation, interesting_fact)
VALUES ('305067104', 1, 5067, 4, 4, 'איזה מתכת אפשר למצוא בזיקוקים?', '', 'מגנזיום נשרף בבהירות, מה שהופך אותו למושלם ליצירת ניצוצות וצבעים מסנוורים בזיקוקים.') ON CONFLICT (question_id) DO UPDATE SET language_id = 1 ,topic_id= 5067,c_grade_id =4,level=4,question_text='איזה מתכת אפשר למצוא בזיקוקים?',explanation='',interesting_fact='מגנזיום נשרף בבהירות, מה שהופך אותו למושלם ליצירת ניצוצות וצבעים מסנוורים בזיקוקים.';


INSERT INTO answer_options (question_id, correct_answer, answer_text)
VALUES ('305067104', TRUE, 'מגנזיום') ;

INSERT INTO answer_options (question_id, correct_answer, answer_text)
VALUES ('305067104', FALSE, 'ברזל');

INSERT INTO answer_options (question_id, correct_answer, answer_text)
VALUES ('305067104', FALSE, 'נְחוֹשֶׁת');

INSERT INTO answer_options (question_id, correct_answer, answer_text)
VALUES ('305067104', FALSE, 'אֲלוּמִינְיוּם');

INSERT INTO questions (question_id, language_id, topic_id, c_grade_id, level, question_text, explanation, interesting_fact)
VALUES ('305067105', 1, 5067, 5, 5, 'באיזו מתכת משתמשים במיוחד בחוטי חשמל?', '', 'נחושת היא מוליכת חשמל כמעט הכי טובה. רק כסף מוליך חשמל יותר טוב אך הוא יקר מדי לשימוש כה נפוץ.') ON CONFLICT (question_id) DO UPDATE SET language_id = 1 ,topic_id= 5067,c_grade_id =5,level=5,question_text='באיזו מתכת משתמשים במיוחד בחוטי חשמל?',explanation='',interesting_fact='נחושת היא מוליכת חשמל כמעט הכי טובה. רק כסף מוליך חשמל יותר טוב אך הוא יקר מדי לשימוש כה נפוץ.';


INSERT INTO answer_options (question_id, correct_answer, answer_text)
VALUES ('305067105', TRUE, 'נְחוֹשֶׁת') ;

INSERT INTO answer_options (question_id, correct_answer, answer_text)
VALUES ('305067105', FALSE, 'ברזל');

INSERT INTO answer_options (question_id, correct_answer, answer_text)
VALUES ('305067105', FALSE, 'אבץ');

INSERT INTO answer_options (question_id, correct_answer, answer_text)
VALUES ('305067105', FALSE, 'אֲלוּמִינְיוּם');

INSERT INTO questions (question_id, language_id, topic_id, c_grade_id, level, question_text, explanation, interesting_fact)
VALUES ('305068101', 1, 5068, 1, 1, 'באיזו מדינה יש כיום (2024) את האוכלוסייה הגבוהה ביותר?', '', 'סין והודו הן המדינות המאוכלסות ביותר בעולם, אך ב 2023 עקפה הודו את סין וכיום היא המדינה המאוכלסת ביותר בעולם.') ON CONFLICT (question_id) DO UPDATE SET language_id = 1 ,topic_id= 5068,c_grade_id =1,level=1,question_text='באיזו מדינה יש כיום (2024) את האוכלוסייה הגבוהה ביותר?',explanation='',interesting_fact='סין והודו הן המדינות המאוכלסות ביותר בעולם, אך ב 2023 עקפה הודו את סין וכיום היא המדינה המאוכלסת ביותר בעולם.';


INSERT INTO answer_options (question_id, correct_answer, answer_text)
VALUES ('305068101', TRUE, 'הוֹדוּ') ;

INSERT INTO answer_options (question_id, correct_answer, answer_text)
VALUES ('305068101', FALSE, 'סין');

INSERT INTO answer_options (question_id, correct_answer, answer_text)
VALUES ('305068101', FALSE, 'יפן');

INSERT INTO answer_options (question_id, correct_answer, answer_text)
VALUES ('305068101', FALSE, 'ארצות הברית');

INSERT INTO questions (question_id, language_id, topic_id, c_grade_id, level, question_text, explanation, interesting_fact)
VALUES ('305068102', 1, 5068, 2, 2, 'מה היא היבשת המאוכלסת ביותר בעולם?', '', 'יבשת אסיה היא המאוכלסת ביותר, עם יותר מחצי מאוכלוסיית העולם!') ON CONFLICT (question_id) DO UPDATE SET language_id = 1 ,topic_id= 5068,c_grade_id =2,level=2,question_text='מה היא היבשת המאוכלסת ביותר בעולם?',explanation='',interesting_fact='יבשת אסיה היא המאוכלסת ביותר, עם יותר מחצי מאוכלוסיית העולם!';


INSERT INTO answer_options (question_id, correct_answer, answer_text)
VALUES ('305068102', TRUE, 'אסיה') ;

INSERT INTO answer_options (question_id, correct_answer, answer_text)
VALUES ('305068102', FALSE, 'אפריקה');

INSERT INTO answer_options (question_id, correct_answer, answer_text)
VALUES ('305068102', FALSE, 'אמריקה');

INSERT INTO answer_options (question_id, correct_answer, answer_text)
VALUES ('305068102', FALSE, 'אירופה');

INSERT INTO questions (question_id, language_id, topic_id, c_grade_id, level, question_text, explanation, interesting_fact)
VALUES ('305068103', 1, 5068, 3, 3, 'מה גודל האוכלוסיה במדינת ישראל?', '', 'לפי הלשכה המרכית לסטטיסטיקה אוכלוסיית ישראל מתקרבת ל 10 מיליון תושבים.') ON CONFLICT (question_id) DO UPDATE SET language_id = 1 ,topic_id= 5068,c_grade_id =3,level=3,question_text='מה גודל האוכלוסיה במדינת ישראל?',explanation='',interesting_fact='לפי הלשכה המרכית לסטטיסטיקה אוכלוסיית ישראל מתקרבת ל 10 מיליון תושבים.';


INSERT INTO answer_options (question_id, correct_answer, answer_text)
VALUES ('305068103', TRUE, 'כ 10 מיליון') ;

INSERT INTO answer_options (question_id, correct_answer, answer_text)
VALUES ('305068103', FALSE, 'כ 5 מיליון');

INSERT INTO answer_options (question_id, correct_answer, answer_text)
VALUES ('305068103', FALSE, 'כ 15 מיליון');

INSERT INTO answer_options (question_id, correct_answer, answer_text)
VALUES ('305068103', FALSE, 'כ 3.5 מיליון');

INSERT INTO questions (question_id, language_id, topic_id, c_grade_id, level, question_text, explanation, interesting_fact)
VALUES ('305068104', 1, 5068, 4, 4, 'באיזה מהמדינות הבאות האוכלוסיה מתמעטת כל שנה?', '', 'הילודה בסין היא נמוכה מאוד. האוכלוסיה מתמעטת כל שנה וצפופיה לרדת מתחת למיליארד אנשים עד שנת 2100.') ON CONFLICT (question_id) DO UPDATE SET language_id = 1 ,topic_id= 5068,c_grade_id =4,level=4,question_text='באיזה מהמדינות הבאות האוכלוסיה מתמעטת כל שנה?',explanation='',interesting_fact='הילודה בסין היא נמוכה מאוד. האוכלוסיה מתמעטת כל שנה וצפופיה לרדת מתחת למיליארד אנשים עד שנת 2100.';


INSERT INTO answer_options (question_id, correct_answer, answer_text)
VALUES ('305068104', TRUE, 'סין') ;

INSERT INTO answer_options (question_id, correct_answer, answer_text)
VALUES ('305068104', FALSE, 'הודו');

INSERT INTO answer_options (question_id, correct_answer, answer_text)
VALUES ('305068104', FALSE, 'ישראל');

INSERT INTO answer_options (question_id, correct_answer, answer_text)
VALUES ('305068104', FALSE, 'מצרים');

INSERT INTO questions (question_id, language_id, topic_id, c_grade_id, level, question_text, explanation, interesting_fact)
VALUES ('305068105', 1, 5068, 5, 5, 'באיזו מדינה באפריקה יש את האוכלוסייה הגבוהה ביותר?', '', 'ניגריה היא לא רק המדינה המאוכלסת ביותר באפריקה אלא גם השביעית המאוכלסת בעולם.') ON CONFLICT (question_id) DO UPDATE SET language_id = 1 ,topic_id= 5068,c_grade_id =5,level=5,question_text='באיזו מדינה באפריקה יש את האוכלוסייה הגבוהה ביותר?',explanation='',interesting_fact='ניגריה היא לא רק המדינה המאוכלסת ביותר באפריקה אלא גם השביעית המאוכלסת בעולם.';


INSERT INTO answer_options (question_id, correct_answer, answer_text)
VALUES ('305068105', TRUE, 'ניגריה') ;

INSERT INTO answer_options (question_id, correct_answer, answer_text)
VALUES ('305068105', FALSE, 'מִצְרַיִם');

INSERT INTO answer_options (question_id, correct_answer, answer_text)
VALUES ('305068105', FALSE, 'דרום אפריקה');

INSERT INTO answer_options (question_id, correct_answer, answer_text)
VALUES ('305068105', FALSE, 'קניה');

INSERT INTO questions (question_id, language_id, topic_id, c_grade_id, level, question_text, explanation, interesting_fact)
VALUES ('305069101', 1, 5069, 1, 1, 'איזו דת היא הנפוצה ביותר בעולם?', '', 'כ 31% מאוכלוסיית העולם מאמינה בזרם כלשהו של הדת הנוצרית.') ON CONFLICT (question_id) DO UPDATE SET language_id = 1 ,topic_id= 5069,c_grade_id =1,level=1,question_text='איזו דת היא הנפוצה ביותר בעולם?',explanation='',interesting_fact='כ 31% מאוכלוסיית העולם מאמינה בזרם כלשהו של הדת הנוצרית.';


INSERT INTO answer_options (question_id, correct_answer, answer_text)
VALUES ('305069101', TRUE, 'נַצְרוּת') ;

INSERT INTO answer_options (question_id, correct_answer, answer_text)
VALUES ('305069101', FALSE, 'אִסלַאם');

INSERT INTO answer_options (question_id, correct_answer, answer_text)
VALUES ('305069101', FALSE, 'בודהיזם');

INSERT INTO answer_options (question_id, correct_answer, answer_text)
VALUES ('305069101', FALSE, 'הינדואיזם');

INSERT INTO questions (question_id, language_id, topic_id, c_grade_id, level, question_text, explanation, interesting_fact)
VALUES ('305069102', 1, 5069, 2, 2, 'איזו דת מקורה בהודו?', '', 'הטאג` מאהל הוא ארמון משנהב שנבנה בעיר אגרה בהודו, על ידי מלך מוסלמי לזכר אשתו המנוחה.') ON CONFLICT (question_id) DO UPDATE SET language_id = 1 ,topic_id= 5069,c_grade_id =2,level=2,question_text='איזו דת מקורה בהודו?',explanation='',interesting_fact='הטאג` מאהל הוא ארמון משנהב שנבנה בעיר אגרה בהודו, על ידי מלך מוסלמי לזכר אשתו המנוחה.';


INSERT INTO answer_options (question_id, correct_answer, answer_text)
VALUES ('305069102', TRUE, 'הינדואיזם') ;

INSERT INTO answer_options (question_id, correct_answer, answer_text)
VALUES ('305069102', FALSE, 'בודהיזם');

INSERT INTO answer_options (question_id, correct_answer, answer_text)
VALUES ('305069102', FALSE, 'ג`יניזם');

INSERT INTO answer_options (question_id, correct_answer, answer_text)
VALUES ('305069102', FALSE, 'סיקיזם');

INSERT INTO questions (question_id, language_id, topic_id, c_grade_id, level, question_text, explanation, interesting_fact)
VALUES ('305069103', 1, 5069, 3, 3, 'באיזה מהמדינות הבאות הדת המרכזית היא בודהיזם?', '', 'למרות שבסין רק כ 20% מהאוכלוסיה היא בוהיסטית, עדיין רב הבודהיסטים בעולם גרים בסין, בה יש כ 250 מיליון מאמינים.') ON CONFLICT (question_id) DO UPDATE SET language_id = 1 ,topic_id= 5069,c_grade_id =3,level=3,question_text='באיזה מהמדינות הבאות הדת המרכזית היא בודהיזם?',explanation='',interesting_fact='למרות שבסין רק כ 20% מהאוכלוסיה היא בוהיסטית, עדיין רב הבודהיסטים בעולם גרים בסין, בה יש כ 250 מיליון מאמינים.';


INSERT INTO answer_options (question_id, correct_answer, answer_text)
VALUES ('305069103', TRUE, 'כל התשובות נכונות') ;

INSERT INTO answer_options (question_id, correct_answer, answer_text)
VALUES ('305069103', FALSE, 'תאילנד');

INSERT INTO answer_options (question_id, correct_answer, answer_text)
VALUES ('305069103', FALSE, 'בורמה');

INSERT INTO answer_options (question_id, correct_answer, answer_text)
VALUES ('305069103', FALSE, 'קמבודיה');

INSERT INTO questions (question_id, language_id, topic_id, c_grade_id, level, question_text, explanation, interesting_fact)
VALUES ('305069104', 1, 5069, 4, 4, 'לאיזו דת האתר הקדוש ביותר נמצא במכה שבסעודיה?', '', 'מוסלמים עורכים חאג`, עלייה לרגל למכה, לפחות פעם אחת בחייהם אם הם יכולים.') ON CONFLICT (question_id) DO UPDATE SET language_id = 1 ,topic_id= 5069,c_grade_id =4,level=4,question_text='לאיזו דת האתר הקדוש ביותר נמצא במכה שבסעודיה?',explanation='',interesting_fact='מוסלמים עורכים חאג`, עלייה לרגל למכה, לפחות פעם אחת בחייהם אם הם יכולים.';


INSERT INTO answer_options (question_id, correct_answer, answer_text)
VALUES ('305069104', TRUE, 'אִסלַאם') ;

INSERT INTO answer_options (question_id, correct_answer, answer_text)
VALUES ('305069104', FALSE, 'נַצְרוּת');

INSERT INTO answer_options (question_id, correct_answer, answer_text)
VALUES ('305069104', FALSE, 'סיקיזם');

INSERT INTO answer_options (question_id, correct_answer, answer_text)
VALUES ('305069104', FALSE, 'הינדואיזם');

INSERT INTO questions (question_id, language_id, topic_id, c_grade_id, level, question_text, explanation, interesting_fact)
VALUES ('305069105', 1, 5069, 5, 5, 'באיזו דת המאמינים לובשים כובע טורבן ומשתדלים לא לספר את שיער ראשם לעולם?', '', 'סיקיזם (פירוש מילולי "ממשיכי הדרך") היא דת מונותאיסטית שמקורה בחבל פנג`אב שבהודו. המייסד של הדת הסיקית הוא גורו נאנאק שנולד בשנת 1469. גם המנהיגים אחריו מכונים גורו.') ON CONFLICT (question_id) DO UPDATE SET language_id = 1 ,topic_id= 5069,c_grade_id =5,level=5,question_text='באיזו דת המאמינים לובשים כובע טורבן ומשתדלים לא לספר את שיער ראשם לעולם?',explanation='',interesting_fact='סיקיזם (פירוש מילולי "ממשיכי הדרך") היא דת מונותאיסטית שמקורה בחבל פנג`אב שבהודו. המייסד של הדת הסיקית הוא גורו נאנאק שנולד בשנת 1469. גם המנהיגים אחריו מכונים גורו.';


INSERT INTO answer_options (question_id, correct_answer, answer_text)
VALUES ('305069105', TRUE, 'סיקיזם') ;

INSERT INTO answer_options (question_id, correct_answer, answer_text)
VALUES ('305069105', FALSE, 'בודהיזם');

INSERT INTO answer_options (question_id, correct_answer, answer_text)
VALUES ('305069105', FALSE, 'הינדואיזם');

INSERT INTO answer_options (question_id, correct_answer, answer_text)
VALUES ('305069105', FALSE, 'ג`יניזם');

INSERT INTO questions (question_id, language_id, topic_id, c_grade_id, level, question_text, explanation, interesting_fact)
VALUES ('305070101', 1, 5070, 1, 1, 'כמה ספרים יש במשנה?', '', 'המשנה היא אוסף תמציתי אך מקיף של ההלכה היהודית. מחולקת ל 6 ספרים המכונים "סדרים" או שישה סדרי משנה כמו בשיר "1 מי יודע"') ON CONFLICT (question_id) DO UPDATE SET language_id = 1 ,topic_id= 5070,c_grade_id =1,level=1,question_text='כמה ספרים יש במשנה?',explanation='',interesting_fact='המשנה היא אוסף תמציתי אך מקיף של ההלכה היהודית. מחולקת ל 6 ספרים המכונים "סדרים" או שישה סדרי משנה כמו בשיר "1 מי יודע"';


INSERT INTO answer_options (question_id, correct_answer, answer_text)
VALUES ('305070101', TRUE, 'שישה ספרים') ;

INSERT INTO answer_options (question_id, correct_answer, answer_text)
VALUES ('305070101', FALSE, '12 ספרים');

INSERT INTO answer_options (question_id, correct_answer, answer_text)
VALUES ('305070101', FALSE, '60 ספרים');

INSERT INTO answer_options (question_id, correct_answer, answer_text)
VALUES ('305070101', FALSE, 'ספר אחד גדול');

INSERT INTO questions (question_id, language_id, topic_id, c_grade_id, level, question_text, explanation, interesting_fact)
VALUES ('305070102', 1, 5070, 2, 2, 'כיצד מכונים הספרים במשנה?', '', 'המשנה מחולקת ל 6 ספרים המכונים "סדרים" או שישה סדרי משנה כמו בשיר "1 מי יודע"') ON CONFLICT (question_id) DO UPDATE SET language_id = 1 ,topic_id= 5070,c_grade_id =2,level=2,question_text='כיצד מכונים הספרים במשנה?',explanation='',interesting_fact='המשנה מחולקת ל 6 ספרים המכונים "סדרים" או שישה סדרי משנה כמו בשיר "1 מי יודע"';


INSERT INTO answer_options (question_id, correct_answer, answer_text)
VALUES ('305070102', TRUE, 'סדרים') ;

INSERT INTO answer_options (question_id, correct_answer, answer_text)
VALUES ('305070102', FALSE, 'ספרים');

INSERT INTO answer_options (question_id, correct_answer, answer_text)
VALUES ('305070102', FALSE, 'מסכתות');

INSERT INTO answer_options (question_id, correct_answer, answer_text)
VALUES ('305070102', FALSE, 'תלמוד');

INSERT INTO questions (question_id, language_id, topic_id, c_grade_id, level, question_text, explanation, interesting_fact)
VALUES ('305070103', 1, 5070, 3, 3, 'איזה אישים מפורסמים מופיעים במשנה ובתלמוד?', '', 'המשנה והתלמוד הם טקסטים מרכזיים ביהדות, הכוללים דיונים בהלכות, פירושים על התורה, דברי אגדה, ועוד. רבנים כעקיבא, הלל, שמאי ורבם אחרים תרמו רבות לפיתוח ההגות היהודיות וההלכה.') ON CONFLICT (question_id) DO UPDATE SET language_id = 1 ,topic_id= 5070,c_grade_id =3,level=3,question_text='איזה אישים מפורסמים מופיעים במשנה ובתלמוד?',explanation='',interesting_fact='המשנה והתלמוד הם טקסטים מרכזיים ביהדות, הכוללים דיונים בהלכות, פירושים על התורה, דברי אגדה, ועוד. רבנים כעקיבא, הלל, שמאי ורבם אחרים תרמו רבות לפיתוח ההגות היהודיות וההלכה.';


INSERT INTO answer_options (question_id, correct_answer, answer_text)
VALUES ('305070103', TRUE, 'רבנים כרבי עקיבא, הלל ושמאי') ;

INSERT INTO answer_options (question_id, correct_answer, answer_text)
VALUES ('305070103', FALSE, 'מנהיגים כדוד המלך, משה ואברהם');

INSERT INTO answer_options (question_id, correct_answer, answer_text)
VALUES ('305070103', FALSE, 'פילוסופים יוונים כאריסטו וסוקרטס');

INSERT INTO answer_options (question_id, correct_answer, answer_text)
VALUES ('305070103', FALSE, 'דמויות נוצריות כישו ויוחנן המטביל');

INSERT INTO questions (question_id, language_id, topic_id, c_grade_id, level, question_text, explanation, interesting_fact)
VALUES ('305070104', 1, 5070, 4, 4, 'באיזו שפה נכתב התלמוד הבבלי?', '', 'שפת התלמוד הבבלי משקפת את הסביבה הרב-לשונית של בבל ואת השפעותיה התרבותיות המגוונות.') ON CONFLICT (question_id) DO UPDATE SET language_id = 1 ,topic_id= 5070,c_grade_id =4,level=4,question_text='באיזו שפה נכתב התלמוד הבבלי?',explanation='',interesting_fact='שפת התלמוד הבבלי משקפת את הסביבה הרב-לשונית של בבל ואת השפעותיה התרבותיות המגוונות.';


INSERT INTO answer_options (question_id, correct_answer, answer_text)
VALUES ('305070104', TRUE, 'בעיקר ארמית, עם קטעים בעברית') ;

INSERT INTO answer_options (question_id, correct_answer, answer_text)
VALUES ('305070104', FALSE, 'עֲרָבִית פלסטינית');

INSERT INTO answer_options (question_id, correct_answer, answer_text)
VALUES ('305070104', FALSE, 'ערבית בבלית');

INSERT INTO answer_options (question_id, correct_answer, answer_text)
VALUES ('305070104', FALSE, 'עברית מקראית');

INSERT INTO questions (question_id, language_id, topic_id, c_grade_id, level, question_text, explanation, interesting_fact)
VALUES ('305070105', 1, 5070, 5, 5, 'כיצד נקראים חכמי ישראל של תקופת המשנה?', '', 'התַּנָּאִים (מלשון שינון בארמית) הם חכמי ישראל שדבריהם השתמרו במשנה ובתלמוד.') ON CONFLICT (question_id) DO UPDATE SET language_id = 1 ,topic_id= 5070,c_grade_id =5,level=5,question_text='כיצד נקראים חכמי ישראל של תקופת המשנה?',explanation='',interesting_fact='התַּנָּאִים (מלשון שינון בארמית) הם חכמי ישראל שדבריהם השתמרו במשנה ובתלמוד.';


INSERT INTO answer_options (question_id, correct_answer, answer_text)
VALUES ('305070105', TRUE, 'תנאים') ;

INSERT INTO answer_options (question_id, correct_answer, answer_text)
VALUES ('305070105', FALSE, 'אמוראים');

INSERT INTO answer_options (question_id, correct_answer, answer_text)
VALUES ('305070105', FALSE, 'רבנים');

INSERT INTO answer_options (question_id, correct_answer, answer_text)
VALUES ('305070105', FALSE, 'פרושים');

INSERT INTO questions (question_id, language_id, topic_id, c_grade_id, level, question_text, explanation, interesting_fact)
VALUES ('305071101', 1, 5071, 1, 1, 'האירו הוא המטבע של איזו מהמדינות הבאות?', '', 'האירו משמש 19 מתוך 27 מדינות האיחוד האירופי, הידועות כגוש האירו.') ON CONFLICT (question_id) DO UPDATE SET language_id = 1 ,topic_id= 5071,c_grade_id =1,level=1,question_text='האירו הוא המטבע של איזו מהמדינות הבאות?',explanation='',interesting_fact='האירו משמש 19 מתוך 27 מדינות האיחוד האירופי, הידועות כגוש האירו.';


INSERT INTO answer_options (question_id, correct_answer, answer_text)
VALUES ('305071101', TRUE, 'גֶרמָנִיָה') ;

INSERT INTO answer_options (question_id, correct_answer, answer_text)
VALUES ('305071101', FALSE, 'הממלכה המאוחדת');

INSERT INTO answer_options (question_id, correct_answer, answer_text)
VALUES ('305071101', FALSE, 'נורווגיה');

INSERT INTO answer_options (question_id, correct_answer, answer_text)
VALUES ('305071101', FALSE, 'שוויץ');

INSERT INTO questions (question_id, language_id, topic_id, c_grade_id, level, question_text, explanation, interesting_fact)
VALUES ('305071102', 1, 5071, 2, 2, 'מהו המטבע של הודו?', '', 'הרופי ההודי מסומל על ידי ₹ והוא ידוע במגוון השטרות המגוונים שלו עם מוטיבים תרבותיים והיסטוריים.') ON CONFLICT (question_id) DO UPDATE SET language_id = 1 ,topic_id= 5071,c_grade_id =2,level=2,question_text='מהו המטבע של הודו?',explanation='',interesting_fact='הרופי ההודי מסומל על ידי ₹ והוא ידוע במגוון השטרות המגוונים שלו עם מוטיבים תרבותיים והיסטוריים.';


INSERT INTO answer_options (question_id, correct_answer, answer_text)
VALUES ('305071102', TRUE, 'רוּפּיָה') ;

INSERT INTO answer_options (question_id, correct_answer, answer_text)
VALUES ('305071102', FALSE, 'דִינָר');

INSERT INTO answer_options (question_id, correct_answer, answer_text)
VALUES ('305071102', FALSE, 'פֶּסוֹ');

INSERT INTO answer_options (question_id, correct_answer, answer_text)
VALUES ('305071102', FALSE, 'פרַנק');

INSERT INTO questions (question_id, language_id, topic_id, c_grade_id, level, question_text, explanation, interesting_fact)
VALUES ('305071103', 1, 5071, 3, 3, 'איזה מהמדינות הללו אינה משתמשת בדולר?', '', 'הדולר הקנדי מציג לעתים קרובות חיות בר (בונה, קריבו, ציפור, דוב) בגלל הטבע העשיר בו שוכנת המדינה.') ON CONFLICT (question_id) DO UPDATE SET language_id = 1 ,topic_id= 5071,c_grade_id =3,level=3,question_text='איזה מהמדינות הללו אינה משתמשת בדולר?',explanation='',interesting_fact='הדולר הקנדי מציג לעתים קרובות חיות בר (בונה, קריבו, ציפור, דוב) בגלל הטבע העשיר בו שוכנת המדינה.';


INSERT INTO answer_options (question_id, correct_answer, answer_text)
VALUES ('305071103', TRUE, 'דרום אפריקה') ;

INSERT INTO answer_options (question_id, correct_answer, answer_text)
VALUES ('305071103', FALSE, 'אוֹסטְרַלִיָה');

INSERT INTO answer_options (question_id, correct_answer, answer_text)
VALUES ('305071103', FALSE, 'ניו זילנד');

INSERT INTO answer_options (question_id, correct_answer, answer_text)
VALUES ('305071103', FALSE, 'קנדה');

INSERT INTO questions (question_id, language_id, topic_id, c_grade_id, level, question_text, explanation, interesting_fact)
VALUES ('305071104', 1, 5071, 4, 4, 'מהו המטבע של בריטניה?', '', 'הפאונד שטרלינג, הידוע בכינויו הפאונד, הוא אחד המטבעות העתיקים ביותר שעדיין נמצאים בשימוש.') ON CONFLICT (question_id) DO UPDATE SET language_id = 1 ,topic_id= 5071,c_grade_id =4,level=4,question_text='מהו המטבע של בריטניה?',explanation='',interesting_fact='הפאונד שטרלינג, הידוע בכינויו הפאונד, הוא אחד המטבעות העתיקים ביותר שעדיין נמצאים בשימוש.';


INSERT INTO answer_options (question_id, correct_answer, answer_text)
VALUES ('305071104', TRUE, 'ליש"ט') ;

INSERT INTO answer_options (question_id, correct_answer, answer_text)
VALUES ('305071104', FALSE, 'יוֹרוֹ');

INSERT INTO answer_options (question_id, correct_answer, answer_text)
VALUES ('305071104', FALSE, 'דוֹלָר');

INSERT INTO answer_options (question_id, correct_answer, answer_text)
VALUES ('305071104', FALSE, 'קרונה');

INSERT INTO questions (question_id, language_id, topic_id, c_grade_id, level, question_text, explanation, interesting_fact)
VALUES ('305071105', 1, 5071, 5, 5, 'איזו מהמדינות האלה לא משתמשת בדינר?', '', 'ברזיל משתמשת בריאל (R$), בעוד עיראק, כווית וירדן משתמשות כל אחת בצורה אחרת של מטבע דינר.') ON CONFLICT (question_id) DO UPDATE SET language_id = 1 ,topic_id= 5071,c_grade_id =5,level=5,question_text='איזו מהמדינות האלה לא משתמשת בדינר?',explanation='',interesting_fact='ברזיל משתמשת בריאל (R$), בעוד עיראק, כווית וירדן משתמשות כל אחת בצורה אחרת של מטבע דינר.';


INSERT INTO answer_options (question_id, correct_answer, answer_text)
VALUES ('305071105', TRUE, 'בְּרָזִיל') ;

INSERT INTO answer_options (question_id, correct_answer, answer_text)
VALUES ('305071105', FALSE, 'עִירַאק');

INSERT INTO answer_options (question_id, correct_answer, answer_text)
VALUES ('305071105', FALSE, 'כווית');

INSERT INTO answer_options (question_id, correct_answer, answer_text)
VALUES ('305071105', FALSE, 'יַרדֵן');

INSERT INTO questions (question_id, language_id, topic_id, c_grade_id, level, question_text, explanation, interesting_fact)
VALUES ('305072101', 1, 5072, 1, 1, 'מי מהחגים הבאים שייך ל"שלוש רגלים"?', '', 'שָׁלשׁ רְגָלִים הם שלושה חגים מקראיים – פסח, שבועות וסוכות – שבהם מצווה מהתורה לעלות לרגל לבית המקדש.') ON CONFLICT (question_id) DO UPDATE SET language_id = 1 ,topic_id= 5072,c_grade_id =1,level=1,question_text='מי מהחגים הבאים שייך ל"שלוש רגלים"?',explanation='',interesting_fact='שָׁלשׁ רְגָלִים הם שלושה חגים מקראיים – פסח, שבועות וסוכות – שבהם מצווה מהתורה לעלות לרגל לבית המקדש.';


INSERT INTO answer_options (question_id, correct_answer, answer_text)
VALUES ('305072101', TRUE, 'סוכות') ;

INSERT INTO answer_options (question_id, correct_answer, answer_text)
VALUES ('305072101', FALSE, 'ראש השנה');

INSERT INTO answer_options (question_id, correct_answer, answer_text)
VALUES ('305072101', FALSE, 'חנוכה');

INSERT INTO answer_options (question_id, correct_answer, answer_text)
VALUES ('305072101', FALSE, 'יום כיפור');

INSERT INTO questions (question_id, language_id, topic_id, c_grade_id, level, question_text, explanation, interesting_fact)
VALUES ('305072102', 1, 5072, 2, 2, 'איזה פרי הוא חלק מארבעת המינים המשמשים במהלך סוכות?', '', 'פרי אתרוג, שייך לפירות ההדר. יש לו גם טעם וגם ריח, ומסמל יהודי שיש בו גם מצוות וגם מעשים טובים.') ON CONFLICT (question_id) DO UPDATE SET language_id = 1 ,topic_id= 5072,c_grade_id =2,level=2,question_text='איזה פרי הוא חלק מארבעת המינים המשמשים במהלך סוכות?',explanation='',interesting_fact='פרי אתרוג, שייך לפירות ההדר. יש לו גם טעם וגם ריח, ומסמל יהודי שיש בו גם מצוות וגם מעשים טובים.';


INSERT INTO answer_options (question_id, correct_answer, answer_text)
VALUES ('305072102', TRUE, 'אתרוג') ;

INSERT INTO answer_options (question_id, correct_answer, answer_text)
VALUES ('305072102', FALSE, 'תפוח עץ');

INSERT INTO answer_options (question_id, correct_answer, answer_text)
VALUES ('305072102', FALSE, 'רימון');

INSERT INTO answer_options (question_id, correct_answer, answer_text)
VALUES ('305072102', FALSE, 'תאנה');

INSERT INTO questions (question_id, language_id, topic_id, c_grade_id, level, question_text, explanation, interesting_fact)
VALUES ('305072103', 1, 5072, 3, 3, 'איזה אירוע היסטורי מציינים בחג סוכות?', '', 'סוכות מציינת את מסעם של בני ישראל במדבר לאחר יציאתם ממצרים, ישנו בסוכות, וזכו להגנת הקב"ה.') ON CONFLICT (question_id) DO UPDATE SET language_id = 1 ,topic_id= 5072,c_grade_id =3,level=3,question_text='איזה אירוע היסטורי מציינים בחג סוכות?',explanation='',interesting_fact='סוכות מציינת את מסעם של בני ישראל במדבר לאחר יציאתם ממצרים, ישנו בסוכות, וזכו להגנת הקב"ה.';


INSERT INTO answer_options (question_id, correct_answer, answer_text)
VALUES ('305072103', TRUE, 'ארבעים שנות בני ישראל במדבר') ;

INSERT INTO answer_options (question_id, correct_answer, answer_text)
VALUES ('305072103', FALSE, 'בריאת העולם');

INSERT INTO answer_options (question_id, correct_answer, answer_text)
VALUES ('305072103', FALSE, 'יציאת מצרים');

INSERT INTO answer_options (question_id, correct_answer, answer_text)
VALUES ('305072103', FALSE, 'מתן תורה');

INSERT INTO questions (question_id, language_id, topic_id, c_grade_id, level, question_text, explanation, interesting_fact)
VALUES ('305072104', 1, 5072, 4, 4, 'כיצד נקראת הברכה בה מנערים את ארבעת המינים?', '', 'למרות שמצרפים את כל 4 המינים ומברכים עליהם יחדיו, הברכה עדיין נקראת נטילת לולב.') ON CONFLICT (question_id) DO UPDATE SET language_id = 1 ,topic_id= 5072,c_grade_id =4,level=4,question_text='כיצד נקראת הברכה בה מנערים את ארבעת המינים?',explanation='',interesting_fact='למרות שמצרפים את כל 4 המינים ומברכים עליהם יחדיו, הברכה עדיין נקראת נטילת לולב.';


INSERT INTO answer_options (question_id, correct_answer, answer_text)
VALUES ('305072104', TRUE, 'נטילת לולב') ;

INSERT INTO answer_options (question_id, correct_answer, answer_text)
VALUES ('305072104', FALSE, 'ברכת האתרוג');

INSERT INTO answer_options (question_id, correct_answer, answer_text)
VALUES ('305072104', FALSE, 'הושענא');

INSERT INTO answer_options (question_id, correct_answer, answer_text)
VALUES ('305072104', FALSE, 'ברכת שהחיינו');

INSERT INTO questions (question_id, language_id, topic_id, c_grade_id, level, question_text, explanation, interesting_fact)
VALUES ('305072105', 1, 5072, 5, 5, 'איזה סוג ענפים משמשים בארבעת המינים?', '', 'הלולב הוא ענף מעץ הדקל.') ON CONFLICT (question_id) DO UPDATE SET language_id = 1 ,topic_id= 5072,c_grade_id =5,level=5,question_text='איזה סוג ענפים משמשים בארבעת המינים?',explanation='',interesting_fact='הלולב הוא ענף מעץ הדקל.';


INSERT INTO answer_options (question_id, correct_answer, answer_text)
VALUES ('305072105', TRUE, 'דקל, הדס וערבה') ;

INSERT INTO answer_options (question_id, correct_answer, answer_text)
VALUES ('305072105', FALSE, 'זית, תאנה ורימון');

INSERT INTO answer_options (question_id, correct_answer, answer_text)
VALUES ('305072105', FALSE, 'אלון, ליבנה ומייפל');

INSERT INTO answer_options (question_id, correct_answer, answer_text)
VALUES ('305072105', FALSE, 'ארז, אורן ואשוח');

INSERT INTO questions (question_id, language_id, topic_id, c_grade_id, level, question_text, explanation, interesting_fact)
VALUES ('305073101', 1, 5073, 1, 1, 'מי הוביל את המהפכה הצרפתית ב-1789?', '', 'בהמהפכה הצרפתית השתמשו בהוצאה להורג עם כלי בשם גיליוטינה!') ON CONFLICT (question_id) DO UPDATE SET language_id = 1 ,topic_id= 5073,c_grade_id =1,level=1,question_text='מי הוביל את המהפכה הצרפתית ב-1789?',explanation='',interesting_fact='בהמהפכה הצרפתית השתמשו בהוצאה להורג עם כלי בשם גיליוטינה!';


INSERT INTO answer_options (question_id, correct_answer, answer_text)
VALUES ('305073101', TRUE, 'מקסימיליאן רובספייר') ;

INSERT INTO answer_options (question_id, correct_answer, answer_text)
VALUES ('305073101', FALSE, 'המלך לואי ה-16');

INSERT INTO answer_options (question_id, correct_answer, answer_text)
VALUES ('305073101', FALSE, 'נפוליאון בונפרטה');

INSERT INTO answer_options (question_id, correct_answer, answer_text)
VALUES ('305073101', FALSE, 'מארי אנטואנט');

INSERT INTO questions (question_id, language_id, topic_id, c_grade_id, level, question_text, explanation, interesting_fact)
VALUES ('305073102', 1, 5073, 2, 2, 'מי הוביל את המהפכה הקובנית וענד זקן?', '', 'הוא היה רופא לפני שהפך למהפכן!') ON CONFLICT (question_id) DO UPDATE SET language_id = 1 ,topic_id= 5073,c_grade_id =2,level=2,question_text='מי הוביל את המהפכה הקובנית וענד זקן?',explanation='',interesting_fact='הוא היה רופא לפני שהפך למהפכן!';


INSERT INTO answer_options (question_id, correct_answer, answer_text)
VALUES ('305073102', TRUE, 'פידל קסטרו') ;

INSERT INTO answer_options (question_id, correct_answer, answer_text)
VALUES ('305073102', FALSE, 'צ`ה גווארה');

INSERT INTO answer_options (question_id, correct_answer, answer_text)
VALUES ('305073102', FALSE, 'פאבלו פיקאסו');

INSERT INTO answer_options (question_id, correct_answer, answer_text)
VALUES ('305073102', FALSE, 'ארנסט המינגווי');

INSERT INTO questions (question_id, language_id, topic_id, c_grade_id, level, question_text, explanation, interesting_fact)
VALUES ('305073103', 1, 5073, 3, 3, 'איזה צבע סרט לבשו המהפכנים הרוסים הקומוניסטים?', '', 'הם נקראו "האדומים"!') ON CONFLICT (question_id) DO UPDATE SET language_id = 1 ,topic_id= 5073,c_grade_id =3,level=3,question_text='איזה צבע סרט לבשו המהפכנים הרוסים הקומוניסטים?',explanation='',interesting_fact='הם נקראו "האדומים"!';


INSERT INTO answer_options (question_id, correct_answer, answer_text)
VALUES ('305073103', TRUE, 'אָדוֹם') ;

INSERT INTO answer_options (question_id, correct_answer, answer_text)
VALUES ('305073103', FALSE, 'כְּחוֹל');

INSERT INTO answer_options (question_id, correct_answer, answer_text)
VALUES ('305073103', FALSE, 'ירוק');

INSERT INTO answer_options (question_id, correct_answer, answer_text)
VALUES ('305073103', FALSE, 'צהוב');

INSERT INTO questions (question_id, language_id, topic_id, c_grade_id, level, question_text, explanation, interesting_fact)
VALUES ('305073104', 1, 5073, 4, 4, 'מי הוביל למהפכות רבות במאבקו בגזענות בארה"ב?', '', 'הוא נשא את הנאום המפורסם "יש לי חלום"!') ON CONFLICT (question_id) DO UPDATE SET language_id = 1 ,topic_id= 5073,c_grade_id =4,level=4,question_text='מי הוביל למהפכות רבות במאבקו בגזענות בארה"ב?',explanation='',interesting_fact='הוא נשא את הנאום המפורסם "יש לי חלום"!';


INSERT INTO answer_options (question_id, correct_answer, answer_text)
VALUES ('305073104', TRUE, 'מרטין לות`ר קינג ג`וניור') ;

INSERT INTO answer_options (question_id, correct_answer, answer_text)
VALUES ('305073104', FALSE, 'מוחמד עלי');

INSERT INTO answer_options (question_id, correct_answer, answer_text)
VALUES ('305073104', FALSE, 'מייקל ג`ורדן');

INSERT INTO answer_options (question_id, correct_answer, answer_text)
VALUES ('305073104', FALSE, 'ברק אובמה');

INSERT INTO questions (question_id, language_id, topic_id, c_grade_id, level, question_text, explanation, interesting_fact)
VALUES ('305073105', 1, 5073, 5, 5, 'ממי השתחררה ארצות הברית במהפכה האמריקאית?', '', 'המהפכה האמריקאית הייתה תהליך מתמשך שהתרחש בצפון אמריקה בין השנים 1765 ל-1783, ובמהלכו פרשו 13 המושבות הבריטיות מן האימפריה הבריטית ויצרו מדינה עצמאית- ארצות הברית.') ON CONFLICT (question_id) DO UPDATE SET language_id = 1 ,topic_id= 5073,c_grade_id =5,level=5,question_text='ממי השתחררה ארצות הברית במהפכה האמריקאית?',explanation='',interesting_fact='המהפכה האמריקאית הייתה תהליך מתמשך שהתרחש בצפון אמריקה בין השנים 1765 ל-1783, ובמהלכו פרשו 13 המושבות הבריטיות מן האימפריה הבריטית ויצרו מדינה עצמאית- ארצות הברית.';


INSERT INTO answer_options (question_id, correct_answer, answer_text)
VALUES ('305073105', TRUE, 'מהשלטון הבריטי') ;

INSERT INTO answer_options (question_id, correct_answer, answer_text)
VALUES ('305073105', FALSE, 'מהשלטון האינדיאני');

INSERT INTO answer_options (question_id, correct_answer, answer_text)
VALUES ('305073105', FALSE, 'מהשלטון הספרדי');

INSERT INTO answer_options (question_id, correct_answer, answer_text)
VALUES ('305073105', FALSE, 'מג`ורג וושינגטון');

INSERT INTO questions (question_id, language_id, topic_id, c_grade_id, level, question_text, explanation, interesting_fact)
VALUES ('305074101', 1, 5074, 1, 1, 'איזה סוג של אומנות לחימה מתמקד בהפלות, חנק ונעילות מפרקים?', '', 'ג`ודו, וג`יו-ג`יטסו והיאבקות הם דוגמאות לאמנויות מסוג גראפלינג שבשתיהן הדרך המקובלת להכניע יריב היא באמצעות בריחים או חניקה.') ON CONFLICT (question_id) DO UPDATE SET language_id = 1 ,topic_id= 5074,c_grade_id =1,level=1,question_text='איזה סוג של אומנות לחימה מתמקד בהפלות, חנק ונעילות מפרקים?',explanation='',interesting_fact='ג`ודו, וג`יו-ג`יטסו והיאבקות הם דוגמאות לאמנויות מסוג גראפלינג שבשתיהן הדרך המקובלת להכניע יריב היא באמצעות בריחים או חניקה.';


INSERT INTO answer_options (question_id, correct_answer, answer_text)
VALUES ('305074101', TRUE, 'ג`ודו') ;

INSERT INTO answer_options (question_id, correct_answer, answer_text)
VALUES ('305074101', FALSE, 'קראטה');

INSERT INTO answer_options (question_id, correct_answer, answer_text)
VALUES ('305074101', FALSE, 'אגרוף תאילנדי');

INSERT INTO answer_options (question_id, correct_answer, answer_text)
VALUES ('305074101', FALSE, 'קונג פו');

INSERT INTO questions (question_id, language_id, topic_id, c_grade_id, level, question_text, explanation, interesting_fact)
VALUES ('305074102', 1, 5074, 2, 2, 'מי הפך לפני 50 שנה את הקונג פו לפופולרי ברחבי העולם עם הופעותיו הקולנועיות המחשמלות?', '', 'לברוס לי היה שילוב של מהירות, כוח וכריזמה. שילוב שהעניק השראה לאמני לחימה ולצופי קולנוע כאחד.') ON CONFLICT (question_id) DO UPDATE SET language_id = 1 ,topic_id= 5074,c_grade_id =2,level=2,question_text='מי הפך לפני 50 שנה את הקונג פו לפופולרי ברחבי העולם עם הופעותיו הקולנועיות המחשמלות?',explanation='',interesting_fact='לברוס לי היה שילוב של מהירות, כוח וכריזמה. שילוב שהעניק השראה לאמני לחימה ולצופי קולנוע כאחד.';


INSERT INTO answer_options (question_id, correct_answer, answer_text)
VALUES ('305074102', TRUE, 'ברוס לי') ;

INSERT INTO answer_options (question_id, correct_answer, answer_text)
VALUES ('305074102', FALSE, 'ג`קי צ`אן');

INSERT INTO answer_options (question_id, correct_answer, answer_text)
VALUES ('305074102', FALSE, 'ארנולד שווארצנגר');

INSERT INTO answer_options (question_id, correct_answer, answer_text)
VALUES ('305074102', FALSE, 'ג`ט לי');

INSERT INTO questions (question_id, language_id, topic_id, c_grade_id, level, question_text, explanation, interesting_fact)
VALUES ('305074103', 1, 5074, 3, 3, 'מהיכן מקורו של הקראטה?', '', 'מקום הולדתו של קראטה מקושר לעתים קרובות לטכניקות ההגנה העצמית שפותחו בממלכת האיים הזו.') ON CONFLICT (question_id) DO UPDATE SET language_id = 1 ,topic_id= 5074,c_grade_id =3,level=3,question_text='מהיכן מקורו של הקראטה?',explanation='',interesting_fact='מקום הולדתו של קראטה מקושר לעתים קרובות לטכניקות ההגנה העצמית שפותחו בממלכת האיים הזו.';


INSERT INTO answer_options (question_id, correct_answer, answer_text)
VALUES ('305074103', TRUE, 'יפן') ;

INSERT INTO answer_options (question_id, correct_answer, answer_text)
VALUES ('305074103', FALSE, 'סין');

INSERT INTO answer_options (question_id, correct_answer, answer_text)
VALUES ('305074103', FALSE, 'תאילנד');

INSERT INTO answer_options (question_id, correct_answer, answer_text)
VALUES ('305074103', FALSE, 'בְּרָזִיל');

INSERT INTO questions (question_id, language_id, topic_id, c_grade_id, level, question_text, explanation, interesting_fact)
VALUES ('305074104', 1, 5074, 4, 4, 'איזה סגנון לחימה פותח על ידי עבדים אפריקאים בברזיל במסווה של ריקוד ?', '', 'הקפוארה משלבת ריקוד, אקרובטיקה, מוזיקה ותנועות לחימה.') ON CONFLICT (question_id) DO UPDATE SET language_id = 1 ,topic_id= 5074,c_grade_id =4,level=4,question_text='איזה סגנון לחימה פותח על ידי עבדים אפריקאים בברזיל במסווה של ריקוד ?',explanation='',interesting_fact='הקפוארה משלבת ריקוד, אקרובטיקה, מוזיקה ותנועות לחימה.';


INSERT INTO answer_options (question_id, correct_answer, answer_text)
VALUES ('305074104', TRUE, 'קפוארה') ;

INSERT INTO answer_options (question_id, correct_answer, answer_text)
VALUES ('305074104', FALSE, 'קונג פו');

INSERT INTO answer_options (question_id, correct_answer, answer_text)
VALUES ('305074104', FALSE, 'מואי תאי');

INSERT INTO answer_options (question_id, correct_answer, answer_text)
VALUES ('305074104', FALSE, 'טאקוונדו');

INSERT INTO questions (question_id, language_id, topic_id, c_grade_id, level, question_text, explanation, interesting_fact)
VALUES ('305074105', 1, 5074, 5, 5, 'איזו אמנות קוריאנית עתיקה מתמקדת בטכניקות בעיטות ומכות קפיצה?', '', 'הבעיטות והתנועות האקרובטיות המהירות של הטאקוונדו הופכות אותו לאומנות לחימה יעילה וויזואלית.') ON CONFLICT (question_id) DO UPDATE SET language_id = 1 ,topic_id= 5074,c_grade_id =5,level=5,question_text='איזו אמנות קוריאנית עתיקה מתמקדת בטכניקות בעיטות ומכות קפיצה?',explanation='',interesting_fact='הבעיטות והתנועות האקרובטיות המהירות של הטאקוונדו הופכות אותו לאומנות לחימה יעילה וויזואלית.';


INSERT INTO answer_options (question_id, correct_answer, answer_text)
VALUES ('305074105', TRUE, 'טאקוונדו') ;

INSERT INTO answer_options (question_id, correct_answer, answer_text)
VALUES ('305074105', FALSE, 'קָרָטֵה');

INSERT INTO answer_options (question_id, correct_answer, answer_text)
VALUES ('305074105', FALSE, 'מואי תאי');

INSERT INTO answer_options (question_id, correct_answer, answer_text)
VALUES ('305074105', FALSE, 'קונג פו');

INSERT INTO questions (question_id, language_id, topic_id, c_grade_id, level, question_text, explanation, interesting_fact)
VALUES ('305075101', 1, 5075, 1, 1, 'מהו המדבר הגדול בישראל?', '', 'הנגב מכסה למעלה ממחצית משטחה הכולל של ישראל והוא עשיר בתצורות טבעיות ובאתרים עתיקים.') ON CONFLICT (question_id) DO UPDATE SET language_id = 1 ,topic_id= 5075,c_grade_id =1,level=1,question_text='מהו המדבר הגדול בישראל?',explanation='',interesting_fact='הנגב מכסה למעלה ממחצית משטחה הכולל של ישראל והוא עשיר בתצורות טבעיות ובאתרים עתיקים.';


INSERT INTO answer_options (question_id, correct_answer, answer_text)
VALUES ('305075101', TRUE, 'נגב') ;

INSERT INTO answer_options (question_id, correct_answer, answer_text)
VALUES ('305075101', FALSE, 'מדבר יהודה');

INSERT INTO answer_options (question_id, correct_answer, answer_text)
VALUES ('305075101', FALSE, 'עמק הערבה');

INSERT INTO answer_options (question_id, correct_answer, answer_text)
VALUES ('305075101', FALSE, 'רמת הגולן');

INSERT INTO questions (question_id, language_id, topic_id, c_grade_id, level, question_text, explanation, interesting_fact)
VALUES ('305075102', 1, 5075, 2, 2, 'באיזה אזור בישראל נמצא ים המלח?', '', 'ים המלח הוא אגם מלח הגובל בירדן במזרח ובישראל ובגדה המערבית במערב.') ON CONFLICT (question_id) DO UPDATE SET language_id = 1 ,topic_id= 5075,c_grade_id =2,level=2,question_text='באיזה אזור בישראל נמצא ים המלח?',explanation='',interesting_fact='ים המלח הוא אגם מלח הגובל בירדן במזרח ובישראל ובגדה המערבית במערב.';


INSERT INTO answer_options (question_id, correct_answer, answer_text)
VALUES ('305075102', TRUE, 'מדבר יהודה') ;

INSERT INTO answer_options (question_id, correct_answer, answer_text)
VALUES ('305075102', FALSE, 'נגב');

INSERT INTO answer_options (question_id, correct_answer, answer_text)
VALUES ('305075102', FALSE, 'גָלִיל');

INSERT INTO answer_options (question_id, correct_answer, answer_text)
VALUES ('305075102', FALSE, 'רמת הגולן');

INSERT INTO questions (question_id, language_id, topic_id, c_grade_id, level, question_text, explanation, interesting_fact)
VALUES ('305075103', 1, 5075, 3, 3, 'איזה אגם ידוע כאגם המים המתוקים הנמוך ביותר על פני כדור הארץ?', '', 'הכנרת היתה מקור המים המרכזי בישראל. אולם עקב מפלסים נמוכים החל פיתוח טכניקות הטפלת מי ים והשבת מי קולחין, שהפכו את השאיבה מהכנרת לחלק קטן מהשימוש במים בישראל.') ON CONFLICT (question_id) DO UPDATE SET language_id = 1 ,topic_id= 5075,c_grade_id =3,level=3,question_text='איזה אגם ידוע כאגם המים המתוקים הנמוך ביותר על פני כדור הארץ?',explanation='',interesting_fact='הכנרת היתה מקור המים המרכזי בישראל. אולם עקב מפלסים נמוכים החל פיתוח טכניקות הטפלת מי ים והשבת מי קולחין, שהפכו את השאיבה מהכנרת לחלק קטן מהשימוש במים בישראל.';


INSERT INTO answer_options (question_id, correct_answer, answer_text)
VALUES ('305075103', TRUE, 'ים כנרת') ;

INSERT INTO answer_options (question_id, correct_answer, answer_text)
VALUES ('305075103', FALSE, 'ים המלח');

INSERT INTO answer_options (question_id, correct_answer, answer_text)
VALUES ('305075103', FALSE, 'הים האדום');

INSERT INTO answer_options (question_id, correct_answer, answer_text)
VALUES ('305075103', FALSE, 'הים התיכון');

INSERT INTO questions (question_id, language_id, topic_id, c_grade_id, level, question_text, explanation, interesting_fact)
VALUES ('305075104', 1, 5075, 4, 4, 'מהי הנקודה הגבוהה ביותר בישראל?', '', 'החרמון, בגובה 2,236 מטר מעל פני הים, הוא הנקודה הגבוהה ביותר בישראל ואתר סקי פופולרי.') ON CONFLICT (question_id) DO UPDATE SET language_id = 1 ,topic_id= 5075,c_grade_id =4,level=4,question_text='מהי הנקודה הגבוהה ביותר בישראל?',explanation='',interesting_fact='החרמון, בגובה 2,236 מטר מעל פני הים, הוא הנקודה הגבוהה ביותר בישראל ואתר סקי פופולרי.';


INSERT INTO answer_options (question_id, correct_answer, answer_text)
VALUES ('305075104', TRUE, 'הר החרמון') ;

INSERT INTO answer_options (question_id, correct_answer, answer_text)
VALUES ('305075104', FALSE, 'הר מירון');

INSERT INTO answer_options (question_id, correct_answer, answer_text)
VALUES ('305075104', FALSE, 'הר תבור');

INSERT INTO answer_options (question_id, correct_answer, answer_text)
VALUES ('305075104', FALSE, 'מצדה');

INSERT INTO questions (question_id, language_id, topic_id, c_grade_id, level, question_text, explanation, interesting_fact)
VALUES ('305075105', 1, 5075, 5, 5, 'איזה גוף מים גובל עם ישראל בדרום?', '', 'ים סוּף, המכונה גם הַיָּם הָאָדוֹם הוא ים המהווה שלוחה של האוקיינוס ההודי.') ON CONFLICT (question_id) DO UPDATE SET language_id = 1 ,topic_id= 5075,c_grade_id =5,level=5,question_text='איזה גוף מים גובל עם ישראל בדרום?',explanation='',interesting_fact='ים סוּף, המכונה גם הַיָּם הָאָדוֹם הוא ים המהווה שלוחה של האוקיינוס ההודי.';


INSERT INTO answer_options (question_id, correct_answer, answer_text)
VALUES ('305075105', TRUE, 'הים האדום') ;

INSERT INTO answer_options (question_id, correct_answer, answer_text)
VALUES ('305075105', FALSE, 'ים המלח');

INSERT INTO answer_options (question_id, correct_answer, answer_text)
VALUES ('305075105', FALSE, 'ים כנרת');

INSERT INTO answer_options (question_id, correct_answer, answer_text)
VALUES ('305075105', FALSE, 'הים התיכון');

INSERT INTO questions (question_id, language_id, topic_id, c_grade_id, level, question_text, explanation, interesting_fact)
VALUES ('305076101', 1, 5076, 1, 1, 'איזה חפץ קדוש הכיל את עשרת הדיברות?', '', 'ארון הברית נשמר בקודש הקודשים בבית המקדש והיה סמל לברית בין ה` לישראל.') ON CONFLICT (question_id) DO UPDATE SET language_id = 1 ,topic_id= 5076,c_grade_id =1,level=1,question_text='איזה חפץ קדוש הכיל את עשרת הדיברות?',explanation='',interesting_fact='ארון הברית נשמר בקודש הקודשים בבית המקדש והיה סמל לברית בין ה` לישראל.';


INSERT INTO answer_options (question_id, correct_answer, answer_text)
VALUES ('305076101', TRUE, 'ארון הברית') ;

INSERT INTO answer_options (question_id, correct_answer, answer_text)
VALUES ('305076101', FALSE, 'ספר התורה של משה');

INSERT INTO answer_options (question_id, correct_answer, answer_text)
VALUES ('305076101', FALSE, 'ארון הקודש');

INSERT INTO answer_options (question_id, correct_answer, answer_text)
VALUES ('305076101', FALSE, 'תיבת צדקה שהיתה במשכן');

INSERT INTO questions (question_id, language_id, topic_id, c_grade_id, level, question_text, explanation, interesting_fact)
VALUES ('305076102', 1, 5076, 2, 2, 'איזו קופסה קטנה מכילה קלף עם פרשיות מהתורה והיא נלבשת במהלך תפילת שחרית בימי חול?', '', 'תפילין מונחות על הזרוע והמצח כתזכורת למצוות ה`: וּקְשַׁרְתָּם לְאוֹת עַל יָדֶךָ וְהָיוּ לְטֹטָפֹת בֵּין עֵינֶיךָ.') ON CONFLICT (question_id) DO UPDATE SET language_id = 1 ,topic_id= 5076,c_grade_id =2,level=2,question_text='איזו קופסה קטנה מכילה קלף עם פרשיות מהתורה והיא נלבשת במהלך תפילת שחרית בימי חול?',explanation='',interesting_fact='תפילין מונחות על הזרוע והמצח כתזכורת למצוות ה`: וּקְשַׁרְתָּם לְאוֹת עַל יָדֶךָ וְהָיוּ לְטֹטָפֹת בֵּין עֵינֶיךָ.';


INSERT INTO answer_options (question_id, correct_answer, answer_text)
VALUES ('305076102', TRUE, 'תפילין') ;

INSERT INTO answer_options (question_id, correct_answer, answer_text)
VALUES ('305076102', FALSE, 'ספר תהילים קטן');

INSERT INTO answer_options (question_id, correct_answer, answer_text)
VALUES ('305076102', FALSE, 'מְזוּזָה');

INSERT INTO answer_options (question_id, correct_answer, answer_text)
VALUES ('305076102', FALSE, 'ספר תורה קטן');

INSERT INTO questions (question_id, language_id, topic_id, c_grade_id, level, question_text, explanation, interesting_fact)
VALUES ('305076103', 1, 5076, 3, 3, 'מה יש בתוך המזוזה?', '', 'מְזוּזָה היא תשמיש קדושה יהודי הנקבעת בצדה הימני של הכניסה לחדרי מגורים ומבנים אחרים. המזוזה מורכבת מקופסה קשיחה מוארכת הנקראת "בית המזוזה" ובתוכה יריעות קלף עליהן כתובות בכתב סת"ם הפרשיות "שמע ישראל" ו"והיה אם שמוע".') ON CONFLICT (question_id) DO UPDATE SET language_id = 1 ,topic_id= 5076,c_grade_id =3,level=3,question_text='מה יש בתוך המזוזה?',explanation='',interesting_fact='מְזוּזָה היא תשמיש קדושה יהודי הנקבעת בצדה הימני של הכניסה לחדרי מגורים ומבנים אחרים. המזוזה מורכבת מקופסה קשיחה מוארכת הנקראת "בית המזוזה" ובתוכה יריעות קלף עליהן כתובות בכתב סת"ם הפרשיות "שמע ישראל" ו"והיה אם שמוע".';


INSERT INTO answer_options (question_id, correct_answer, answer_text)
VALUES ('305076103', TRUE, 'קלף עם פרשת שמע ישראל') ;

INSERT INTO answer_options (question_id, correct_answer, answer_text)
VALUES ('305076103', FALSE, 'בשמים של הבדלה');

INSERT INTO answer_options (question_id, correct_answer, answer_text)
VALUES ('305076103', FALSE, 'קריאת הבר מצווה');

INSERT INTO answer_options (question_id, correct_answer, answer_text)
VALUES ('305076103', FALSE, 'ספר תהילים קטן');

INSERT INTO questions (question_id, language_id, topic_id, c_grade_id, level, question_text, explanation, interesting_fact)
VALUES ('305076104', 1, 5076, 4, 4, 'כיצד מכונה הנר שמשתמשים בו לציון צאת השבת?', '', 'נר הבדלה קלוע ובעל פתילות מרובות, המשמשים בטקס לציון צאת השבת.') ON CONFLICT (question_id) DO UPDATE SET language_id = 1 ,topic_id= 5076,c_grade_id =4,level=4,question_text='כיצד מכונה הנר שמשתמשים בו לציון צאת השבת?',explanation='',interesting_fact='נר הבדלה קלוע ובעל פתילות מרובות, המשמשים בטקס לציון צאת השבת.';


INSERT INTO answer_options (question_id, correct_answer, answer_text)
VALUES ('305076104', TRUE, 'נר הבדלה') ;

INSERT INTO answer_options (question_id, correct_answer, answer_text)
VALUES ('305076104', FALSE, 'חנוכייה');

INSERT INTO answer_options (question_id, correct_answer, answer_text)
VALUES ('305076104', FALSE, 'נר שבת');

INSERT INTO answer_options (question_id, correct_answer, answer_text)
VALUES ('305076104', FALSE, 'נר יארצייט');

INSERT INTO questions (question_id, language_id, topic_id, c_grade_id, level, question_text, explanation, interesting_fact)
VALUES ('305076105', 1, 5076, 5, 5, 'למי יש 8 קנים?', '', 'החנוכייה בנויה כמנורה בעלת שמונה קנים, וקנה נוסף לצורך הנחת השמש, בשונה ממנורת בית המקדש, בה היו רק שבעה קנים.') ON CONFLICT (question_id) DO UPDATE SET language_id = 1 ,topic_id= 5076,c_grade_id =5,level=5,question_text='למי יש 8 קנים?',explanation='',interesting_fact='החנוכייה בנויה כמנורה בעלת שמונה קנים, וקנה נוסף לצורך הנחת השמש, בשונה ממנורת בית המקדש, בה היו רק שבעה קנים.';


INSERT INTO answer_options (question_id, correct_answer, answer_text)
VALUES ('305076105', TRUE, 'לחנוכיה') ;

INSERT INTO answer_options (question_id, correct_answer, answer_text)
VALUES ('305076105', FALSE, 'למנורה');

INSERT INTO answer_options (question_id, correct_answer, answer_text)
VALUES ('305076105', FALSE, 'למנורה ולחנוכיה');

INSERT INTO answer_options (question_id, correct_answer, answer_text)
VALUES ('305076105', FALSE, 'לאף אחד');

INSERT INTO questions (question_id, language_id, topic_id, c_grade_id, level, question_text, explanation, interesting_fact)
VALUES ('305077101', 1, 5077, 1, 1, 'מאיזו שפה מגיעה המילה העברית "מוזיאון"?', '', 'במקור מוזיאון היה מקום המוקדש למוזות - שהיו אלות היצירה, האמנויות והמדעים.') ON CONFLICT (question_id) DO UPDATE SET language_id = 1 ,topic_id= 5077,c_grade_id =1,level=1,question_text='מאיזו שפה מגיעה המילה העברית "מוזיאון"?',explanation='',interesting_fact='במקור מוזיאון היה מקום המוקדש למוזות - שהיו אלות היצירה, האמנויות והמדעים.';


INSERT INTO answer_options (question_id, correct_answer, answer_text)
VALUES ('305077101', TRUE, 'יוונית') ;

INSERT INTO answer_options (question_id, correct_answer, answer_text)
VALUES ('305077101', FALSE, 'לָטִינִית');

INSERT INTO answer_options (question_id, correct_answer, answer_text)
VALUES ('305077101', FALSE, 'צָרְפָתִית');

INSERT INTO answer_options (question_id, correct_answer, answer_text)
VALUES ('305077101', FALSE, 'עֲרָבִית');

INSERT INTO questions (question_id, language_id, topic_id, c_grade_id, level, question_text, explanation, interesting_fact)
VALUES ('305077102', 1, 5077, 2, 2, 'מאיזו שפה מקור המילה "אפיקומן"?', '', 'אפיקומן נגזר מהמילה הארמית לקינוח, או למה שמגיע לאחר הארוחה. דבר המשקף את מסורת פסח בו בסיום הסדר הילדים מחפשים היכן הוחבא.') ON CONFLICT (question_id) DO UPDATE SET language_id = 1 ,topic_id= 5077,c_grade_id =2,level=2,question_text='מאיזו שפה מקור המילה "אפיקומן"?',explanation='',interesting_fact='אפיקומן נגזר מהמילה הארמית לקינוח, או למה שמגיע לאחר הארוחה. דבר המשקף את מסורת פסח בו בסיום הסדר הילדים מחפשים היכן הוחבא.';


INSERT INTO answer_options (question_id, correct_answer, answer_text)
VALUES ('305077102', TRUE, 'אֲרָמִית') ;

INSERT INTO answer_options (question_id, correct_answer, answer_text)
VALUES ('305077102', FALSE, 'צרפתית');

INSERT INTO answer_options (question_id, correct_answer, answer_text)
VALUES ('305077102', FALSE, 'לָטִינִית');

INSERT INTO answer_options (question_id, correct_answer, answer_text)
VALUES ('305077102', FALSE, 'פַּרסִית');

INSERT INTO questions (question_id, language_id, topic_id, c_grade_id, level, question_text, explanation, interesting_fact)
VALUES ('305077103', 1, 5077, 3, 3, 'מה מקור המילה "שוקולד"?', '', 'שוקולד בעברית מקורו באימפריה האצטקית ששכנה באזור מקסיקו ועשתה שימוש בשוקולד. כאשר הספרדים כבשו את מרכז אמריקה הם הביאו את השוקולד לאירופה.') ON CONFLICT (question_id) DO UPDATE SET language_id = 1 ,topic_id= 5077,c_grade_id =3,level=3,question_text='מה מקור המילה "שוקולד"?',explanation='',interesting_fact='שוקולד בעברית מקורו באימפריה האצטקית ששכנה באזור מקסיקו ועשתה שימוש בשוקולד. כאשר הספרדים כבשו את מרכז אמריקה הם הביאו את השוקולד לאירופה.';


INSERT INTO answer_options (question_id, correct_answer, answer_text)
VALUES ('305077103', TRUE, 'נאוואטל (שפה אצטקית)') ;

INSERT INTO answer_options (question_id, correct_answer, answer_text)
VALUES ('305077103', FALSE, 'ספרדית');

INSERT INTO answer_options (question_id, correct_answer, answer_text)
VALUES ('305077103', FALSE, 'צָרְפָתִית');

INSERT INTO answer_options (question_id, correct_answer, answer_text)
VALUES ('305077103', FALSE, 'גֶרמָנִיָת');

INSERT INTO questions (question_id, language_id, topic_id, c_grade_id, level, question_text, explanation, interesting_fact)
VALUES ('305077104', 1, 5077, 4, 4, 'מה מקור המילים צ`ופצ`יק, ברדק וג`וק?', '', 'במקור: צ`ובצ`יק - תלתל קטן בולט בקדמת הראש. ז׳וּק היא המילה הרוסית ל״חיפושית״.') ON CONFLICT (question_id) DO UPDATE SET language_id = 1 ,topic_id= 5077,c_grade_id =4,level=4,question_text='מה מקור המילים צ`ופצ`יק, ברדק וג`וק?',explanation='',interesting_fact='במקור: צ`ובצ`יק - תלתל קטן בולט בקדמת הראש. ז׳וּק היא המילה הרוסית ל״חיפושית״.';


INSERT INTO answer_options (question_id, correct_answer, answer_text)
VALUES ('305077104', TRUE, 'רוסית') ;

INSERT INTO answer_options (question_id, correct_answer, answer_text)
VALUES ('305077104', FALSE, 'גֶרמָנִיָת');

INSERT INTO answer_options (question_id, correct_answer, answer_text)
VALUES ('305077104', FALSE, 'צרפתית');

INSERT INTO answer_options (question_id, correct_answer, answer_text)
VALUES ('305077104', FALSE, 'עֲרָבִית');

INSERT INTO questions (question_id, language_id, topic_id, c_grade_id, level, question_text, explanation, interesting_fact)
VALUES ('305077105', 1, 5077, 5, 5, 'מה מקור המילים אהלן, סבבה ומבסוט?', '', 'לשפה העברית חדרו מילים משפות רבות של אימפריות ששלטו בארץ ישראל.') ON CONFLICT (question_id) DO UPDATE SET language_id = 1 ,topic_id= 5077,c_grade_id =5,level=5,question_text='מה מקור המילים אהלן, סבבה ומבסוט?',explanation='',interesting_fact='לשפה העברית חדרו מילים משפות רבות של אימפריות ששלטו בארץ ישראל.';


INSERT INTO answer_options (question_id, correct_answer, answer_text)
VALUES ('305077105', TRUE, 'עֲרָבִית') ;

INSERT INTO answer_options (question_id, correct_answer, answer_text)
VALUES ('305077105', FALSE, 'יוונית');

INSERT INTO answer_options (question_id, correct_answer, answer_text)
VALUES ('305077105', FALSE, 'לָטִינִית');

INSERT INTO answer_options (question_id, correct_answer, answer_text)
VALUES ('305077105', FALSE, 'פַּרסִית');

INSERT INTO questions (question_id, language_id, topic_id, c_grade_id, level, question_text, explanation, interesting_fact)
VALUES ('305078101', 1, 5078, 1, 1, 'מהו חקר חיי בעלי חיים?', '', 'זואולוגיה מכסה תחומים מגוונים מהתנהגות בעלי חיים ועד לשימור מינים בסכנת הכחדה.') ON CONFLICT (question_id) DO UPDATE SET language_id = 1 ,topic_id= 5078,c_grade_id =1,level=1,question_text='מהו חקר חיי בעלי חיים?',explanation='',interesting_fact='זואולוגיה מכסה תחומים מגוונים מהתנהגות בעלי חיים ועד לשימור מינים בסכנת הכחדה.';


INSERT INTO answer_options (question_id, correct_answer, answer_text)
VALUES ('305078101', TRUE, 'זוֹאוֹלוֹגִיָה') ;

INSERT INTO answer_options (question_id, correct_answer, answer_text)
VALUES ('305078101', FALSE, 'וירולוגיה');

INSERT INTO answer_options (question_id, correct_answer, answer_text)
VALUES ('305078101', FALSE, 'סוֹצִיוֹלוֹגִיָה');

INSERT INTO answer_options (question_id, correct_answer, answer_text)
VALUES ('305078101', FALSE, 'אַסטרוֹלוֹגִיָה');

INSERT INTO questions (question_id, language_id, topic_id, c_grade_id, level, question_text, explanation, interesting_fact)
VALUES ('305078102', 1, 5078, 2, 2, 'מהו חקר העבר האנושי באמצעות שרידים חומריים?', '', 'ארכיאולוגיה חושפת חפצים המספרים סיפורים של תרבויות אנושיות עתיקות.') ON CONFLICT (question_id) DO UPDATE SET language_id = 1 ,topic_id= 5078,c_grade_id =2,level=2,question_text='מהו חקר העבר האנושי באמצעות שרידים חומריים?',explanation='',interesting_fact='ארכיאולוגיה חושפת חפצים המספרים סיפורים של תרבויות אנושיות עתיקות.';


INSERT INTO answer_options (question_id, correct_answer, answer_text)
VALUES ('305078102', TRUE, 'אַרכֵיאוֹלוֹגִיָה') ;

INSERT INTO answer_options (question_id, correct_answer, answer_text)
VALUES ('305078102', FALSE, 'קוסמולוגיה');

INSERT INTO answer_options (question_id, correct_answer, answer_text)
VALUES ('305078102', FALSE, 'תֵאוֹלוֹגִיָה');

INSERT INTO answer_options (question_id, correct_answer, answer_text)
VALUES ('305078102', FALSE, 'פִיסִיוֹלוֹגִיָה');

INSERT INTO questions (question_id, language_id, topic_id, c_grade_id, level, question_text, explanation, interesting_fact)
VALUES ('305078103', 1, 5078, 3, 3, 'כיצד מכונה חקר היקום, התפתחותו וגורלו?', '', 'הקוסמולוגיה עוסקת בשאלות עמוקות על טבעו וגורלו של היקום.') ON CONFLICT (question_id) DO UPDATE SET language_id = 1 ,topic_id= 5078,c_grade_id =3,level=3,question_text='כיצד מכונה חקר היקום, התפתחותו וגורלו?',explanation='',interesting_fact='הקוסמולוגיה עוסקת בשאלות עמוקות על טבעו וגורלו של היקום.';


INSERT INTO answer_options (question_id, correct_answer, answer_text)
VALUES ('305078103', TRUE, 'קוסמולוגיה') ;

INSERT INTO answer_options (question_id, correct_answer, answer_text)
VALUES ('305078103', FALSE, 'אַסטרוֹלוֹגִיָה');

INSERT INTO answer_options (question_id, correct_answer, answer_text)
VALUES ('305078103', FALSE, 'אונטולוגיה');

INSERT INTO answer_options (question_id, correct_answer, answer_text)
VALUES ('305078103', FALSE, 'טָאוּטוֹלוֹגִיָה');

INSERT INTO questions (question_id, language_id, topic_id, c_grade_id, level, question_text, explanation, interesting_fact)
VALUES ('305078104', 1, 5078, 4, 4, 'מהו לימוד כתב היד כאמצעי לניתוח אופי?', '', 'גרפולוגיה משמשת לעתים קרובות בבית משפט לניתוח כתב יד בחקירות פליליות על זיוף וכדומה.') ON CONFLICT (question_id) DO UPDATE SET language_id = 1 ,topic_id= 5078,c_grade_id =4,level=4,question_text='מהו לימוד כתב היד כאמצעי לניתוח אופי?',explanation='',interesting_fact='גרפולוגיה משמשת לעתים קרובות בבית משפט לניתוח כתב יד בחקירות פליליות על זיוף וכדומה.';


INSERT INTO answer_options (question_id, correct_answer, answer_text)
VALUES ('305078104', TRUE, 'גרָפוֹלוֹגִיָה') ;

INSERT INTO answer_options (question_id, correct_answer, answer_text)
VALUES ('305078104', FALSE, 'סוֹצִיוֹלוֹגִיָה');

INSERT INTO answer_options (question_id, correct_answer, answer_text)
VALUES ('305078104', FALSE, 'פְּסִיכוֹלוֹגִיָה');

INSERT INTO answer_options (question_id, correct_answer, answer_text)
VALUES ('305078104', FALSE, 'אֶטִימוֹלוֹגִיָה');

INSERT INTO questions (question_id, language_id, topic_id, c_grade_id, level, question_text, explanation, interesting_fact)
VALUES ('305078105', 1, 5078, 5, 5, 'איזה תחום מחקר כרוך במשמעות המיסטית של מספרים?', '', 'לנומרולוגיה יש משמעות היסטורית ותרבותית, הקשורה לעתים קרובות לפרשנות מיסטית או אלוהית של מספרים במסורות שונות.') ON CONFLICT (question_id) DO UPDATE SET language_id = 1 ,topic_id= 5078,c_grade_id =5,level=5,question_text='איזה תחום מחקר כרוך במשמעות המיסטית של מספרים?',explanation='',interesting_fact='לנומרולוגיה יש משמעות היסטורית ותרבותית, הקשורה לעתים קרובות לפרשנות מיסטית או אלוהית של מספרים במסורות שונות.';


INSERT INTO answer_options (question_id, correct_answer, answer_text)
VALUES ('305078105', TRUE, 'גִימַטרִיָה') ;

INSERT INTO answer_options (question_id, correct_answer, answer_text)
VALUES ('305078105', FALSE, 'גֵאוֹמֶטרִיָה');

INSERT INTO answer_options (question_id, correct_answer, answer_text)
VALUES ('305078105', FALSE, 'אַלגֶבּרָה');

INSERT INTO answer_options (question_id, correct_answer, answer_text)
VALUES ('305078105', FALSE, 'חֶשְׁבּוֹן');

INSERT INTO questions (question_id, language_id, topic_id, c_grade_id, level, question_text, explanation, interesting_fact)
VALUES ('305079101', 1, 5079, 1, 1, 'מהי הדרגה הגבוהה ביותר בצה"ל?', '', 'בין החילים המשרתים בצבא, דרגת הרב אלוף מוחזקת על ידי הרמטכ"ל בלבד.') ON CONFLICT (question_id) DO UPDATE SET language_id = 1 ,topic_id= 5079,c_grade_id =1,level=1,question_text='מהי הדרגה הגבוהה ביותר בצה"ל?',explanation='',interesting_fact='בין החילים המשרתים בצבא, דרגת הרב אלוף מוחזקת על ידי הרמטכ"ל בלבד.';


INSERT INTO answer_options (question_id, correct_answer, answer_text)
VALUES ('305079101', TRUE, 'רב אלוף') ;

INSERT INTO answer_options (question_id, correct_answer, answer_text)
VALUES ('305079101', FALSE, 'אלוף');

INSERT INTO answer_options (question_id, correct_answer, answer_text)
VALUES ('305079101', FALSE, 'תת אלוף');

INSERT INTO answer_options (question_id, correct_answer, answer_text)
VALUES ('305079101', FALSE, 'אלוף משנה');

INSERT INTO questions (question_id, language_id, topic_id, c_grade_id, level, question_text, explanation, interesting_fact)
VALUES ('305079102', 1, 5079, 2, 2, 'מהי דרגת רוב המתגייסים החדשים לצה"ל?', '', 'טוראי היא דרגת המוצא של רוב החיילים המגויסים בצה"ל. אולם בצה"ל ישנם מקרים בהם אנשים מתגייסים עם דרגה גבוהה - בעיקר אנשים עם הכשרה מקצועית מתקדמת (כגון רופאים, עורכי דין, רואי חשבון).') ON CONFLICT (question_id) DO UPDATE SET language_id = 1 ,topic_id= 5079,c_grade_id =2,level=2,question_text='מהי דרגת רוב המתגייסים החדשים לצה"ל?',explanation='',interesting_fact='טוראי היא דרגת המוצא של רוב החיילים המגויסים בצה"ל. אולם בצה"ל ישנם מקרים בהם אנשים מתגייסים עם דרגה גבוהה - בעיקר אנשים עם הכשרה מקצועית מתקדמת (כגון רופאים, עורכי דין, רואי חשבון).';


INSERT INTO answer_options (question_id, correct_answer, answer_text)
VALUES ('305079102', TRUE, 'טוראי') ;

INSERT INTO answer_options (question_id, correct_answer, answer_text)
VALUES ('305079102', FALSE, 'רב טוראי');

INSERT INTO answer_options (question_id, correct_answer, answer_text)
VALUES ('305079102', FALSE, 'טוראי משנה');

INSERT INTO answer_options (question_id, correct_answer, answer_text)
VALUES ('305079102', FALSE, 'תת טוראי');

INSERT INTO questions (question_id, language_id, topic_id, c_grade_id, level, question_text, explanation, interesting_fact)
VALUES ('305079103', 1, 5079, 3, 3, 'מי יותר חשוב - הרמטכ"ל או ראש המטה הכללי?', '', 'זהו אותו תפקיד. ראש הצבא הוא ראש המטה הכללי או בראשי תיבות - רמטכ"ל') ON CONFLICT (question_id) DO UPDATE SET language_id = 1 ,topic_id= 5079,c_grade_id =3,level=3,question_text='מי יותר חשוב - הרמטכ"ל או ראש המטה הכללי?',explanation='',interesting_fact='זהו אותו תפקיד. ראש הצבא הוא ראש המטה הכללי או בראשי תיבות - רמטכ"ל';


INSERT INTO answer_options (question_id, correct_answer, answer_text)
VALUES ('305079103', TRUE, 'זהו אותו התפקיד') ;

INSERT INTO answer_options (question_id, correct_answer, answer_text)
VALUES ('305079103', FALSE, 'הרמטכ"ל');

INSERT INTO answer_options (question_id, correct_answer, answer_text)
VALUES ('305079103', FALSE, 'ראש המטה הכללי');

INSERT INTO answer_options (question_id, correct_answer, answer_text)
VALUES ('305079103', FALSE, 'תלוי אם זה בשעת מלחמה');

INSERT INTO questions (question_id, language_id, topic_id, c_grade_id, level, question_text, explanation, interesting_fact)
VALUES ('305079104', 1, 5079, 4, 4, 'מה הדרגה לאחר סמל?', '', 'טוראי, רב-טוראי (רב"ט), סמל, סמל ראשון, רב סמל הן דרגות חוגרים שאינן דרגות קצונה') ON CONFLICT (question_id) DO UPDATE SET language_id = 1 ,topic_id= 5079,c_grade_id =4,level=4,question_text='מה הדרגה לאחר סמל?',explanation='',interesting_fact='טוראי, רב-טוראי (רב"ט), סמל, סמל ראשון, רב סמל הן דרגות חוגרים שאינן דרגות קצונה';


INSERT INTO answer_options (question_id, correct_answer, answer_text)
VALUES ('305079104', TRUE, 'סמל ראשון') ;

INSERT INTO answer_options (question_id, correct_answer, answer_text)
VALUES ('305079104', FALSE, 'רב סמל');

INSERT INTO answer_options (question_id, correct_answer, answer_text)
VALUES ('305079104', FALSE, 'תת סמל');

INSERT INTO answer_options (question_id, correct_answer, answer_text)
VALUES ('305079104', FALSE, 'רב סרן');

INSERT INTO questions (question_id, language_id, topic_id, c_grade_id, level, question_text, explanation, interesting_fact)
VALUES ('305079105', 1, 5079, 5, 5, 'באיזה תפקיד צבאי נושא קצין בשירות צבאי בדרגת רב אלוף?', '', 'רב אלוף היא הדרגה הבכירה ביותר בצבא, ומי שנושא אותה בשירותו הצבאי מפקד על כל הצבא - זאת אומרת הוא הרמטכ"ל.') ON CONFLICT (question_id) DO UPDATE SET language_id = 1 ,topic_id= 5079,c_grade_id =5,level=5,question_text='באיזה תפקיד צבאי נושא קצין בשירות צבאי בדרגת רב אלוף?',explanation='',interesting_fact='רב אלוף היא הדרגה הבכירה ביותר בצבא, ומי שנושא אותה בשירותו הצבאי מפקד על כל הצבא - זאת אומרת הוא הרמטכ"ל.';


INSERT INTO answer_options (question_id, correct_answer, answer_text)
VALUES ('305079105', TRUE, 'רמטכ"ל') ;

INSERT INTO answer_options (question_id, correct_answer, answer_text)
VALUES ('305079105', FALSE, 'מפקד אוגדה');

INSERT INTO answer_options (question_id, correct_answer, answer_text)
VALUES ('305079105', FALSE, 'מפקד חיל');

INSERT INTO answer_options (question_id, correct_answer, answer_text)
VALUES ('305079105', FALSE, 'מפקד עוצבה');

INSERT INTO questions (question_id, language_id, topic_id, c_grade_id, level, question_text, explanation, interesting_fact)
VALUES ('305080101', 1, 5080, 1, 1, 'איזו מבין הבירות הבאות ידועה בעיר ההיסטורית המוקפת חומה שלה?', '', 'העיר העתיקה בירושלים מוקפת כיום בחומה שנבנתה על ידי הסולטן העותומני - סולימן המפואר במאה ה-15. אולם עוד בתקופת דוד המלך העיר היתה כנראה מוקפת חומה.') ON CONFLICT (question_id) DO UPDATE SET language_id = 1 ,topic_id= 5080,c_grade_id =1,level=1,question_text='איזו מבין הבירות הבאות ידועה בעיר ההיסטורית המוקפת חומה שלה?',explanation='',interesting_fact='העיר העתיקה בירושלים מוקפת כיום בחומה שנבנתה על ידי הסולטן העותומני - סולימן המפואר במאה ה-15. אולם עוד בתקופת דוד המלך העיר היתה כנראה מוקפת חומה.';


INSERT INTO answer_options (question_id, correct_answer, answer_text)
VALUES ('305080101', TRUE, 'ירושלים') ;

INSERT INTO answer_options (question_id, correct_answer, answer_text)
VALUES ('305080101', FALSE, 'פריז');

INSERT INTO answer_options (question_id, correct_answer, answer_text)
VALUES ('305080101', FALSE, 'ברלין');

INSERT INTO answer_options (question_id, correct_answer, answer_text)
VALUES ('305080101', FALSE, 'מדריד');

INSERT INTO questions (question_id, language_id, topic_id, c_grade_id, level, question_text, explanation, interesting_fact)
VALUES ('305080102', 1, 5080, 2, 2, 'באיזה מהמדינות הבאות השם של עיר הבירה דומה לשם של המדינה?', '', 'בירת ברזיל היא ברזיליה. ישנן עוד מדינות ששם עיר הבירה דומה לשם המדינה, כגון גואטמלה, פנמה, מכסיקו ואחרות.') ON CONFLICT (question_id) DO UPDATE SET language_id = 1 ,topic_id= 5080,c_grade_id =2,level=2,question_text='באיזה מהמדינות הבאות השם של עיר הבירה דומה לשם של המדינה?',explanation='',interesting_fact='בירת ברזיל היא ברזיליה. ישנן עוד מדינות ששם עיר הבירה דומה לשם המדינה, כגון גואטמלה, פנמה, מכסיקו ואחרות.';


INSERT INTO answer_options (question_id, correct_answer, answer_text)
VALUES ('305080102', TRUE, 'ברזיל') ;

INSERT INTO answer_options (question_id, correct_answer, answer_text)
VALUES ('305080102', FALSE, 'צרפת');

INSERT INTO answer_options (question_id, correct_answer, answer_text)
VALUES ('305080102', FALSE, 'לוב');

INSERT INTO answer_options (question_id, correct_answer, answer_text)
VALUES ('305080102', FALSE, 'הודו');

INSERT INTO questions (question_id, language_id, topic_id, c_grade_id, level, question_text, explanation, interesting_fact)
VALUES ('305080103', 1, 5080, 3, 3, 'מהי בירת קנדה?', '', 'אוטווה, השוכנת על נהר אוטווה, אינה העיר הגדולה ביותר בקנדה אך משמשת כמרכז הפוליטי.') ON CONFLICT (question_id) DO UPDATE SET language_id = 1 ,topic_id= 5080,c_grade_id =3,level=3,question_text='מהי בירת קנדה?',explanation='',interesting_fact='אוטווה, השוכנת על נהר אוטווה, אינה העיר הגדולה ביותר בקנדה אך משמשת כמרכז הפוליטי.';


INSERT INTO answer_options (question_id, correct_answer, answer_text)
VALUES ('305080103', TRUE, 'אוטווה') ;

INSERT INTO answer_options (question_id, correct_answer, answer_text)
VALUES ('305080103', FALSE, 'טורונטו');

INSERT INTO answer_options (question_id, correct_answer, answer_text)
VALUES ('305080103', FALSE, 'מונטריאול');

INSERT INTO answer_options (question_id, correct_answer, answer_text)
VALUES ('305080103', FALSE, 'ונקובר');

INSERT INTO questions (question_id, language_id, topic_id, c_grade_id, level, question_text, explanation, interesting_fact)
VALUES ('305080104', 1, 5080, 4, 4, 'מה משותף למיאנמר, קזחסטן וניגריה?', '', 'כל המדינות הללו החליפו את עיר הבירה שלהן ב 50 שנה אחרונות') ON CONFLICT (question_id) DO UPDATE SET language_id = 1 ,topic_id= 5080,c_grade_id =4,level=4,question_text='מה משותף למיאנמר, קזחסטן וניגריה?',explanation='',interesting_fact='כל המדינות הללו החליפו את עיר הבירה שלהן ב 50 שנה אחרונות';


INSERT INTO answer_options (question_id, correct_answer, answer_text)
VALUES ('305080104', TRUE, 'כולן החליפו את עיר הבירה שלהן') ;

INSERT INTO answer_options (question_id, correct_answer, answer_text)
VALUES ('305080104', FALSE, 'כולן מדינות מוסלמיות');

INSERT INTO answer_options (question_id, correct_answer, answer_text)
VALUES ('305080104', FALSE, 'כולן שוכנות לחוף ים');

INSERT INTO answer_options (question_id, correct_answer, answer_text)
VALUES ('305080104', FALSE, 'כולן ביבשת אפריקה');

INSERT INTO questions (question_id, language_id, topic_id, c_grade_id, level, question_text, explanation, interesting_fact)
VALUES ('305080105', 1, 5080, 5, 5, 'מהי בירת אוסטרליה?', '', 'קנברה נבחרה כבירה בשל מיקומה בין סידני למלבורן, שתי הערים הגדולות באוסטרליה.') ON CONFLICT (question_id) DO UPDATE SET language_id = 1 ,topic_id= 5080,c_grade_id =5,level=5,question_text='מהי בירת אוסטרליה?',explanation='',interesting_fact='קנברה נבחרה כבירה בשל מיקומה בין סידני למלבורן, שתי הערים הגדולות באוסטרליה.';


INSERT INTO answer_options (question_id, correct_answer, answer_text)
VALUES ('305080105', TRUE, 'קנברה') ;

INSERT INTO answer_options (question_id, correct_answer, answer_text)
VALUES ('305080105', FALSE, 'סידני');

INSERT INTO answer_options (question_id, correct_answer, answer_text)
VALUES ('305080105', FALSE, 'מלבורן');

INSERT INTO answer_options (question_id, correct_answer, answer_text)
VALUES ('305080105', FALSE, 'פרת`');

INSERT INTO questions (question_id, language_id, topic_id, c_grade_id, level, question_text, explanation, interesting_fact)
VALUES ('305081101', 1, 5081, 1, 1, 'איזה תנא מפורסם אמר, "ואהבת לרעך כמוך"?', '', 'רבי עקיבא הדגיש עיקרון זה כעיקרון יסוד בתורה.') ON CONFLICT (question_id) DO UPDATE SET language_id = 1 ,topic_id= 5081,c_grade_id =1,level=1,question_text='איזה תנא מפורסם אמר, "ואהבת לרעך כמוך"?',explanation='',interesting_fact='רבי עקיבא הדגיש עיקרון זה כעיקרון יסוד בתורה.';


INSERT INTO answer_options (question_id, correct_answer, answer_text)
VALUES ('305081101', TRUE, 'רבי עקיבא') ;

INSERT INTO answer_options (question_id, correct_answer, answer_text)
VALUES ('305081101', FALSE, 'רבי הלל');

INSERT INTO answer_options (question_id, correct_answer, answer_text)
VALUES ('305081101', FALSE, 'רבי שמאי');

INSERT INTO answer_options (question_id, correct_answer, answer_text)
VALUES ('305081101', FALSE, 'רבי יוחנן');

INSERT INTO questions (question_id, language_id, topic_id, c_grade_id, level, question_text, explanation, interesting_fact)
VALUES ('305081102', 1, 5081, 2, 2, 'מהו שם הספר המיוחס לרבי שמעון בר יוחאי?', '', 'הזוהר הוא עבודת יסוד בספרות המחשבה המיסטית היהודית המכונה קבלה.') ON CONFLICT (question_id) DO UPDATE SET language_id = 1 ,topic_id= 5081,c_grade_id =2,level=2,question_text='מהו שם הספר המיוחס לרבי שמעון בר יוחאי?',explanation='',interesting_fact='הזוהר הוא עבודת יסוד בספרות המחשבה המיסטית היהודית המכונה קבלה.';


INSERT INTO answer_options (question_id, correct_answer, answer_text)
VALUES ('305081102', TRUE, 'זוהר') ;

INSERT INTO answer_options (question_id, correct_answer, answer_text)
VALUES ('305081102', FALSE, 'משנה');

INSERT INTO answer_options (question_id, correct_answer, answer_text)
VALUES ('305081102', FALSE, 'תַלמוּד');

INSERT INTO answer_options (question_id, correct_answer, answer_text)
VALUES ('305081102', FALSE, 'גמרא');

INSERT INTO questions (question_id, language_id, topic_id, c_grade_id, level, question_text, explanation, interesting_fact)
VALUES ('305081103', 1, 5081, 3, 3, 'מלבד התלמוד הירושלמי איזה עוד תלמוד יש?', '', 'התלמוד הבבלי משקף את הקהילה היהודית הפורחת בבבל במהלך המאות ה-5-6 לספירה.') ON CONFLICT (question_id) DO UPDATE SET language_id = 1 ,topic_id= 5081,c_grade_id =3,level=3,question_text='מלבד התלמוד הירושלמי איזה עוד תלמוד יש?',explanation='',interesting_fact='התלמוד הבבלי משקף את הקהילה היהודית הפורחת בבבל במהלך המאות ה-5-6 לספירה.';


INSERT INTO answer_options (question_id, correct_answer, answer_text)
VALUES ('305081103', TRUE, 'תלמוד בבלי') ;

INSERT INTO answer_options (question_id, correct_answer, answer_text)
VALUES ('305081103', FALSE, 'תלמוד ארמי');

INSERT INTO answer_options (question_id, correct_answer, answer_text)
VALUES ('305081103', FALSE, 'תלמוד התורה');

INSERT INTO answer_options (question_id, correct_answer, answer_text)
VALUES ('305081103', FALSE, 'תלמוד המשנה');

INSERT INTO questions (question_id, language_id, topic_id, c_grade_id, level, question_text, explanation, interesting_fact)
VALUES ('305081104', 1, 5081, 4, 4, 'מי ידוע בתור העורך הראשי של המשנה?', '', 'רבי יהודה הנשיא, כונה בפשטות "רבי" ערך את המסורות שבעל פה למשנה בסביבות שנת 200 לספירה.') ON CONFLICT (question_id) DO UPDATE SET language_id = 1 ,topic_id= 5081,c_grade_id =4,level=4,question_text='מי ידוע בתור העורך הראשי של המשנה?',explanation='',interesting_fact='רבי יהודה הנשיא, כונה בפשטות "רבי" ערך את המסורות שבעל פה למשנה בסביבות שנת 200 לספירה.';


INSERT INTO answer_options (question_id, correct_answer, answer_text)
VALUES ('305081104', TRUE, 'רבי יהודה הנשיא') ;

INSERT INTO answer_options (question_id, correct_answer, answer_text)
VALUES ('305081104', FALSE, 'רבי עקיבא');

INSERT INTO answer_options (question_id, correct_answer, answer_text)
VALUES ('305081104', FALSE, 'רבי מאיר');

INSERT INTO answer_options (question_id, correct_answer, answer_text)
VALUES ('305081104', FALSE, 'רבי שמעון בר יוחאי');

INSERT INTO questions (question_id, language_id, topic_id, c_grade_id, level, question_text, explanation, interesting_fact)
VALUES ('305081105', 1, 5081, 5, 5, 'מי היה החכם שהנהיג את העם לאחר חורבן המקדש?', '', 'רבי יוחנן בן זכאי ידוע בתפקידו בהקמת מרכז לימוד יהודי ביבנה לאחר החורבן. הוא עזר לעם להתמודד את הרס המרכז הרוחני שהיה בית המקדש.') ON CONFLICT (question_id) DO UPDATE SET language_id = 1 ,topic_id= 5081,c_grade_id =5,level=5,question_text='מי היה החכם שהנהיג את העם לאחר חורבן המקדש?',explanation='',interesting_fact='רבי יוחנן בן זכאי ידוע בתפקידו בהקמת מרכז לימוד יהודי ביבנה לאחר החורבן. הוא עזר לעם להתמודד את הרס המרכז הרוחני שהיה בית המקדש.';


INSERT INTO answer_options (question_id, correct_answer, answer_text)
VALUES ('305081105', TRUE, 'רבי יוחנן בן זכאי') ;

INSERT INTO answer_options (question_id, correct_answer, answer_text)
VALUES ('305081105', FALSE, 'רבי עקיבא');

INSERT INTO answer_options (question_id, correct_answer, answer_text)
VALUES ('305081105', FALSE, 'רבי מאיר');

INSERT INTO answer_options (question_id, correct_answer, answer_text)
VALUES ('305081105', FALSE, 'רבי שמעון בר יוחאי');

INSERT INTO questions (question_id, language_id, topic_id, c_grade_id, level, question_text, explanation, interesting_fact)
VALUES ('305082101', 1, 5082, 1, 1, 'איזה חודש מתווסף בשנה מעוברת בלוח היהודי?', '', 'בשנים מעוברות, אדר ב` מתווסף כדי לשמור על לוח השנה הירחי מסונכרן עם עונות השמש.') ON CONFLICT (question_id) DO UPDATE SET language_id = 1 ,topic_id= 5082,c_grade_id =1,level=1,question_text='איזה חודש מתווסף בשנה מעוברת בלוח היהודי?',explanation='',interesting_fact='בשנים מעוברות, אדר ב` מתווסף כדי לשמור על לוח השנה הירחי מסונכרן עם עונות השמש.';


INSERT INTO answer_options (question_id, correct_answer, answer_text)
VALUES ('305082101', TRUE, 'אדר ב') ;

INSERT INTO answer_options (question_id, correct_answer, answer_text)
VALUES ('305082101', FALSE, 'אלול ב');

INSERT INTO answer_options (question_id, correct_answer, answer_text)
VALUES ('305082101', FALSE, 'ניסן השני');

INSERT INTO answer_options (question_id, correct_answer, answer_text)
VALUES ('305082101', FALSE, 'אייר ב');

INSERT INTO questions (question_id, language_id, topic_id, c_grade_id, level, question_text, explanation, interesting_fact)
VALUES ('305082102', 1, 5082, 2, 2, 'מהי משמעותו של חודש אלול במסורת היהודית?', '', 'אלול הוא באופן מסורתי זמן תשובה לקראת הימים הנוראים של ראש השנה ויום הכיפורים.') ON CONFLICT (question_id) DO UPDATE SET language_id = 1 ,topic_id= 5082,c_grade_id =2,level=2,question_text='מהי משמעותו של חודש אלול במסורת היהודית?',explanation='',interesting_fact='אלול הוא באופן מסורתי זמן תשובה לקראת הימים הנוראים של ראש השנה ויום הכיפורים.';


INSERT INTO answer_options (question_id, correct_answer, answer_text)
VALUES ('305082102', TRUE, 'חודש תשובה') ;

INSERT INTO answer_options (question_id, correct_answer, answer_text)
VALUES ('305082102', FALSE, 'חודש הקציר');

INSERT INTO answer_options (question_id, correct_answer, answer_text)
VALUES ('305082102', FALSE, 'חודש החופש');

INSERT INTO answer_options (question_id, correct_answer, answer_text)
VALUES ('305082102', FALSE, 'חודש המלכים');

INSERT INTO questions (question_id, language_id, topic_id, c_grade_id, level, question_text, explanation, interesting_fact)
VALUES ('305082103', 1, 5082, 3, 3, 'כמה ימים יש לחודשי השנה בלוח העברי?', '', 'כסלו יכול לנוע בין 29 ל-30 ימים, לרוב קשור לחג החנוכה.') ON CONFLICT (question_id) DO UPDATE SET language_id = 1 ,topic_id= 5082,c_grade_id =3,level=3,question_text='כמה ימים יש לחודשי השנה בלוח העברי?',explanation='',interesting_fact='כסלו יכול לנוע בין 29 ל-30 ימים, לרוב קשור לחג החנוכה.';


INSERT INTO answer_options (question_id, correct_answer, answer_text)
VALUES ('305082103', TRUE, 'או 29 או 30') ;

INSERT INTO answer_options (question_id, correct_answer, answer_text)
VALUES ('305082103', FALSE, 'זה יכול להשתנות');

INSERT INTO answer_options (question_id, correct_answer, answer_text)
VALUES ('305082103', FALSE, '30 תמיד');

INSERT INTO answer_options (question_id, correct_answer, answer_text)
VALUES ('305082103', FALSE, '29 תמיד');

INSERT INTO questions (question_id, language_id, topic_id, c_grade_id, level, question_text, explanation, interesting_fact)
VALUES ('305082104', 1, 5082, 4, 4, 'מדוע חודש חשוון מכונה לעיתים מר-חשוון?', '', 'חשוון ייחודי כיוון שאין בו חגים או ימי צום, לכן נקרא לפעמים "מר חשוון".') ON CONFLICT (question_id) DO UPDATE SET language_id = 1 ,topic_id= 5082,c_grade_id =4,level=4,question_text='מדוע חודש חשוון מכונה לעיתים מר-חשוון?',explanation='',interesting_fact='חשוון ייחודי כיוון שאין בו חגים או ימי צום, לכן נקרא לפעמים "מר חשוון".';


INSERT INTO answer_options (question_id, correct_answer, answer_text)
VALUES ('305082104', TRUE, 'כי אין בו חגים') ;

INSERT INTO answer_options (question_id, correct_answer, answer_text)
VALUES ('305082104', FALSE, 'כי זה חודש חג הפסח');

INSERT INTO answer_options (question_id, correct_answer, answer_text)
VALUES ('305082104', FALSE, 'כי זה חודש של הרבה חגים');

INSERT INTO answer_options (question_id, correct_answer, answer_text)
VALUES ('305082104', FALSE, 'כי זה חודש עם מזג אויר נעים');

INSERT INTO questions (question_id, language_id, topic_id, c_grade_id, level, question_text, explanation, interesting_fact)
VALUES ('305082105', 1, 5082, 5, 5, 'מי היה החודש הראשון בלוח השנה היהודי בתקופת המקרא?', '', 'ניסן משמעותי מבחינה היסטורית ליציאת מצרים, בסימן חג הפסח. בתלמוד מוזכרים ארבעה ראשי שנים המציינים בהלכה את תחילת השנה בתחומים שונים.') ON CONFLICT (question_id) DO UPDATE SET language_id = 1 ,topic_id= 5082,c_grade_id =5,level=5,question_text='מי היה החודש הראשון בלוח השנה היהודי בתקופת המקרא?',explanation='',interesting_fact='ניסן משמעותי מבחינה היסטורית ליציאת מצרים, בסימן חג הפסח. בתלמוד מוזכרים ארבעה ראשי שנים המציינים בהלכה את תחילת השנה בתחומים שונים.';


INSERT INTO answer_options (question_id, correct_answer, answer_text)
VALUES ('305082105', TRUE, 'ניסן') ;

INSERT INTO answer_options (question_id, correct_answer, answer_text)
VALUES ('305082105', FALSE, 'תשרי');

INSERT INTO answer_options (question_id, correct_answer, answer_text)
VALUES ('305082105', FALSE, 'סִיוָן');

INSERT INTO answer_options (question_id, correct_answer, answer_text)
VALUES ('305082105', FALSE, 'אֱלוּל');

INSERT INTO questions (question_id, language_id, topic_id, c_grade_id, level, question_text, explanation, interesting_fact)
VALUES ('305083101', 1, 5083, 1, 1, 'מי היה המלך הראשון של ישראל?', '', 'שאול נמשח על ידי שמואל הנביא ומלכותו סימנה את המעבר של ישראל מחברה שבטית למלוכה.') ON CONFLICT (question_id) DO UPDATE SET language_id = 1 ,topic_id= 5083,c_grade_id =1,level=1,question_text='מי היה המלך הראשון של ישראל?',explanation='',interesting_fact='שאול נמשח על ידי שמואל הנביא ומלכותו סימנה את המעבר של ישראל מחברה שבטית למלוכה.';


INSERT INTO answer_options (question_id, correct_answer, answer_text)
VALUES ('305083101', TRUE, 'שאול') ;

INSERT INTO answer_options (question_id, correct_answer, answer_text)
VALUES ('305083101', FALSE, 'דוד');

INSERT INTO answer_options (question_id, correct_answer, answer_text)
VALUES ('305083101', FALSE, 'שלמה');

INSERT INTO answer_options (question_id, correct_answer, answer_text)
VALUES ('305083101', FALSE, 'מלכיהו הראשון');

INSERT INTO questions (question_id, language_id, topic_id, c_grade_id, level, question_text, explanation, interesting_fact)
VALUES ('305083102', 1, 5083, 2, 2, 'מי היה המלך הידוע בחוכמתו וכתב פתגמים ומשלים רבים?', '', 'לפי התנ"ך והתלמוד מיוחסת לשלמה כתיבת ספרי משלי, קהלת ושיר השירים בתנ"ך.') ON CONFLICT (question_id) DO UPDATE SET language_id = 1 ,topic_id= 5083,c_grade_id =2,level=2,question_text='מי היה המלך הידוע בחוכמתו וכתב פתגמים ומשלים רבים?',explanation='',interesting_fact='לפי התנ"ך והתלמוד מיוחסת לשלמה כתיבת ספרי משלי, קהלת ושיר השירים בתנ"ך.';


INSERT INTO answer_options (question_id, correct_answer, answer_text)
VALUES ('305083102', TRUE, 'שלמה') ;

INSERT INTO answer_options (question_id, correct_answer, answer_text)
VALUES ('305083102', FALSE, 'דוד');

INSERT INTO answer_options (question_id, correct_answer, answer_text)
VALUES ('305083102', FALSE, 'חזקיהו');

INSERT INTO answer_options (question_id, correct_answer, answer_text)
VALUES ('305083102', FALSE, 'חכמיהו');

INSERT INTO questions (question_id, language_id, topic_id, c_grade_id, level, question_text, explanation, interesting_fact)
VALUES ('305083103', 1, 5083, 3, 3, 'איזה מלך ישראל היה נשוי למלכה איזבל וחי בתקופת אליהו הנביא?', '', 'נישואי אחאב לאיזבל, נסיכה פיניקית, ובעקבותיה קידום פולחן הבעל, הביאו אותו לעימות עם אליהו הנביא.') ON CONFLICT (question_id) DO UPDATE SET language_id = 1 ,topic_id= 5083,c_grade_id =3,level=3,question_text='איזה מלך ישראל היה נשוי למלכה איזבל וחי בתקופת אליהו הנביא?',explanation='',interesting_fact='נישואי אחאב לאיזבל, נסיכה פיניקית, ובעקבותיה קידום פולחן הבעל, הביאו אותו לעימות עם אליהו הנביא.';


INSERT INTO answer_options (question_id, correct_answer, answer_text)
VALUES ('305083103', TRUE, 'אחאב') ;

INSERT INTO answer_options (question_id, correct_answer, answer_text)
VALUES ('305083103', FALSE, 'עומרי');

INSERT INTO answer_options (question_id, correct_answer, answer_text)
VALUES ('305083103', FALSE, 'יהוא');

INSERT INTO answer_options (question_id, correct_answer, answer_text)
VALUES ('305083103', FALSE, 'ירבעם');

INSERT INTO questions (question_id, language_id, topic_id, c_grade_id, level, question_text, explanation, interesting_fact)
VALUES ('305083104', 1, 5083, 4, 4, 'איזה מלך יהודה יזם פרויקטים אדריכליים משמעותיים, כולל מנהרת השילוח?', '', 'בניית מנהרת השילוח על ידי חזקיהו הייתה הישג הנדסי מרשים שסיפק מים לירושלים בזמן המצור האשורי.') ON CONFLICT (question_id) DO UPDATE SET language_id = 1 ,topic_id= 5083,c_grade_id =4,level=4,question_text='איזה מלך יהודה יזם פרויקטים אדריכליים משמעותיים, כולל מנהרת השילוח?',explanation='',interesting_fact='בניית מנהרת השילוח על ידי חזקיהו הייתה הישג הנדסי מרשים שסיפק מים לירושלים בזמן המצור האשורי.';


INSERT INTO answer_options (question_id, correct_answer, answer_text)
VALUES ('305083104', TRUE, 'חזקיהו') ;

INSERT INTO answer_options (question_id, correct_answer, answer_text)
VALUES ('305083104', FALSE, 'מנשה');

INSERT INTO answer_options (question_id, correct_answer, answer_text)
VALUES ('305083104', FALSE, 'יהויקים');

INSERT INTO answer_options (question_id, correct_answer, answer_text)
VALUES ('305083104', FALSE, 'יאשיהו');

INSERT INTO questions (question_id, language_id, topic_id, c_grade_id, level, question_text, explanation, interesting_fact)
VALUES ('305083105', 1, 5083, 5, 5, 'מי היו המלכים הראשונים של ישראל ושל יהודה לאחר פיצול הממלכה?', '', 'מדיניותו הקשה של רחבעם הביאה לחלוקת הממלכה המאוחדת לישראל ויהודה. הוא התבטא במשפט הידוע "אבי ייסר אתכם בשוטים ואני אייסר אתכם בעקרבים"') ON CONFLICT (question_id) DO UPDATE SET language_id = 1 ,topic_id= 5083,c_grade_id =5,level=5,question_text='מי היו המלכים הראשונים של ישראל ושל יהודה לאחר פיצול הממלכה?',explanation='',interesting_fact='מדיניותו הקשה של רחבעם הביאה לחלוקת הממלכה המאוחדת לישראל ויהודה. הוא התבטא במשפט הידוע "אבי ייסר אתכם בשוטים ואני אייסר אתכם בעקרבים"';


INSERT INTO answer_options (question_id, correct_answer, answer_text)
VALUES ('305083105', TRUE, 'ירבעם ורחבעם') ;

INSERT INTO answer_options (question_id, correct_answer, answer_text)
VALUES ('305083105', FALSE, 'יהויקים ויהויכין');

INSERT INTO answer_options (question_id, correct_answer, answer_text)
VALUES ('305083105', FALSE, 'אחזיה ואחזיהו');

INSERT INTO answer_options (question_id, correct_answer, answer_text)
VALUES ('305083105', FALSE, 'יהואש ויהושפט');

INSERT INTO questions (question_id, language_id, topic_id, c_grade_id, level, question_text, explanation, interesting_fact)
VALUES ('305084101', 1, 5084, 1, 1, 'איזה זוחל ידוע ביכולתו לשנות את צבע עורו?', '', 'זיקיות ידועות ביכולתן לשנות את צבע העור בכדי להסוות עצמן לפי הסביבה בה הן נמצאות.') ON CONFLICT (question_id) DO UPDATE SET language_id = 1 ,topic_id= 5084,c_grade_id =1,level=1,question_text='איזה זוחל ידוע ביכולתו לשנות את צבע עורו?',explanation='',interesting_fact='זיקיות ידועות ביכולתן לשנות את צבע העור בכדי להסוות עצמן לפי הסביבה בה הן נמצאות.';


INSERT INTO answer_options (question_id, correct_answer, answer_text)
VALUES ('305084101', TRUE, 'זִקִית') ;

INSERT INTO answer_options (question_id, correct_answer, answer_text)
VALUES ('305084101', FALSE, 'נָחָשׁ');

INSERT INTO answer_options (question_id, correct_answer, answer_text)
VALUES ('305084101', FALSE, 'צָב');

INSERT INTO answer_options (question_id, correct_answer, answer_text)
VALUES ('305084101', FALSE, 'תַנִין');

INSERT INTO questions (question_id, language_id, topic_id, c_grade_id, level, question_text, explanation, interesting_fact)
VALUES ('305084102', 1, 5084, 2, 2, 'איזה זוחל ידוע ביכולתו לרוץ על מים?', '', 'לטאת הבזיליסק יכולה לרוץ על מים. לפיכך היא מכונה בכינוי "לטאת ישו" על פי אמונת הנוצרים כי ישו הלך על המים.') ON CONFLICT (question_id) DO UPDATE SET language_id = 1 ,topic_id= 5084,c_grade_id =2,level=2,question_text='איזה זוחל ידוע ביכולתו לרוץ על מים?',explanation='',interesting_fact='לטאת הבזיליסק יכולה לרוץ על מים. לפיכך היא מכונה בכינוי "לטאת ישו" על פי אמונת הנוצרים כי ישו הלך על המים.';


INSERT INTO answer_options (question_id, correct_answer, answer_text)
VALUES ('305084102', TRUE, 'לטאה בזיליסק') ;

INSERT INTO answer_options (question_id, correct_answer, answer_text)
VALUES ('305084102', FALSE, 'שְׂמָמִית');

INSERT INTO answer_options (question_id, correct_answer, answer_text)
VALUES ('305084102', FALSE, 'איגואנה');

INSERT INTO answer_options (question_id, correct_answer, answer_text)
VALUES ('305084102', FALSE, 'תַנִין');

INSERT INTO questions (question_id, language_id, topic_id, c_grade_id, level, question_text, explanation, interesting_fact)
VALUES ('305084103', 1, 5084, 3, 3, 'מהו הזוחל הגדול בעולם?', '', 'תנין המים המלוחים הוא הזוחל הגדול בעולם. ישנן תצפיות על פרטים באורך יותר מ 6 מטרים ומשקל למעלה מ 1 טון.') ON CONFLICT (question_id) DO UPDATE SET language_id = 1 ,topic_id= 5084,c_grade_id =3,level=3,question_text='מהו הזוחל הגדול בעולם?',explanation='',interesting_fact='תנין המים המלוחים הוא הזוחל הגדול בעולם. ישנן תצפיות על פרטים באורך יותר מ 6 מטרים ומשקל למעלה מ 1 טון.';


INSERT INTO answer_options (question_id, correct_answer, answer_text)
VALUES ('305084103', TRUE, 'תנין מים מלוחים') ;

INSERT INTO answer_options (question_id, correct_answer, answer_text)
VALUES ('305084103', FALSE, 'דרקון קומודו');

INSERT INTO answer_options (question_id, correct_answer, answer_text)
VALUES ('305084103', FALSE, 'איגואנה');

INSERT INTO answer_options (question_id, correct_answer, answer_text)
VALUES ('305084103', FALSE, 'אנקונדה');

INSERT INTO questions (question_id, language_id, topic_id, c_grade_id, level, question_text, explanation, interesting_fact)
VALUES ('305084104', 1, 5084, 4, 4, 'איזה סוג נחש ידוע בצליל השקשוק הרם שלו שמשמיע זנבו?', '', 'נחשי עכסן ידועים בצליל השקשוק שמשמיע זנבם כאשר הם רוצים להרתיע אויב.') ON CONFLICT (question_id) DO UPDATE SET language_id = 1 ,topic_id= 5084,c_grade_id =4,level=4,question_text='איזה סוג נחש ידוע בצליל השקשוק הרם שלו שמשמיע זנבו?',explanation='',interesting_fact='נחשי עכסן ידועים בצליל השקשוק שמשמיע זנבם כאשר הם רוצים להרתיע אויב.';


INSERT INTO answer_options (question_id, correct_answer, answer_text)
VALUES ('305084104', TRUE, 'עכסן') ;

INSERT INTO answer_options (question_id, correct_answer, answer_text)
VALUES ('305084104', FALSE, 'קוֹבּרָה');

INSERT INTO answer_options (question_id, correct_answer, answer_text)
VALUES ('305084104', FALSE, 'פִּיתוֹן');

INSERT INTO answer_options (question_id, correct_answer, answer_text)
VALUES ('305084104', FALSE, 'בואה קונסטריקטור');

INSERT INTO questions (question_id, language_id, topic_id, c_grade_id, level, question_text, explanation, interesting_fact)
VALUES ('305084105', 1, 5084, 5, 5, 'איזה זוחל יכול לנתק את זנבו כמנגנון הגנה?', '', 'חלק מהלטאות יכולות לנתק את זנבותיהן כדי לברוח מטורפים.') ON CONFLICT (question_id) DO UPDATE SET language_id = 1 ,topic_id= 5084,c_grade_id =5,level=5,question_text='איזה זוחל יכול לנתק את זנבו כמנגנון הגנה?',explanation='',interesting_fact='חלק מהלטאות יכולות לנתק את זנבותיהן כדי לברוח מטורפים.';


INSERT INTO answer_options (question_id, correct_answer, answer_text)
VALUES ('305084105', TRUE, 'לְטָאָה') ;

INSERT INTO answer_options (question_id, correct_answer, answer_text)
VALUES ('305084105', FALSE, 'תַנִין');

INSERT INTO answer_options (question_id, correct_answer, answer_text)
VALUES ('305084105', FALSE, 'צָב');

INSERT INTO answer_options (question_id, correct_answer, answer_text)
VALUES ('305084105', FALSE, 'אנקונדה');

INSERT INTO questions (question_id, language_id, topic_id, c_grade_id, level, question_text, explanation, interesting_fact)
VALUES ('305085101', 1, 5085, 1, 1, 'איזו אימפריה הרסה את בית המקדש השני בשנת 70 לספירה?', '', 'החורבן הרומי של בית המקדש השני בשנת 70 לספירה היה אירוע מרכזי בהיסטוריה היהודית, שהוביל לגולה היהודית.') ON CONFLICT (question_id) DO UPDATE SET language_id = 1 ,topic_id= 5085,c_grade_id =1,level=1,question_text='איזו אימפריה הרסה את בית המקדש השני בשנת 70 לספירה?',explanation='',interesting_fact='החורבן הרומי של בית המקדש השני בשנת 70 לספירה היה אירוע מרכזי בהיסטוריה היהודית, שהוביל לגולה היהודית.';


INSERT INTO answer_options (question_id, correct_answer, answer_text)
VALUES ('305085101', TRUE, 'הרומאים') ;

INSERT INTO answer_options (question_id, correct_answer, answer_text)
VALUES ('305085101', FALSE, 'בבל');

INSERT INTO answer_options (question_id, correct_answer, answer_text)
VALUES ('305085101', FALSE, 'יוונים');

INSERT INTO answer_options (question_id, correct_answer, answer_text)
VALUES ('305085101', FALSE, 'פרסים');

INSERT INTO questions (question_id, language_id, topic_id, c_grade_id, level, question_text, explanation, interesting_fact)
VALUES ('305085102', 1, 5085, 2, 2, 'מי הוביל את המרד היהודי המוצלח נגד האימפריה היוונית (סלאוקית)?', '', 'מרד המכבים (167-160 לפנה"ס) היה מרד יהודי נגד השפעות הלניסטיות והביא למאה שנים של עצמאות יהודית.') ON CONFLICT (question_id) DO UPDATE SET language_id = 1 ,topic_id= 5085,c_grade_id =2,level=2,question_text='מי הוביל את המרד היהודי המוצלח נגד האימפריה היוונית (סלאוקית)?',explanation='',interesting_fact='מרד המכבים (167-160 לפנה"ס) היה מרד יהודי נגד השפעות הלניסטיות והביא למאה שנים של עצמאות יהודית.';


INSERT INTO answer_options (question_id, correct_answer, answer_text)
VALUES ('305085102', TRUE, 'מכבים') ;

INSERT INTO answer_options (question_id, correct_answer, answer_text)
VALUES ('305085102', FALSE, 'בר כוכבא');

INSERT INTO answer_options (question_id, correct_answer, answer_text)
VALUES ('305085102', FALSE, 'הורדוס הגדול');

INSERT INTO answer_options (question_id, correct_answer, answer_text)
VALUES ('305085102', FALSE, 'סימון בר גיורא');

INSERT INTO questions (question_id, language_id, topic_id, c_grade_id, level, question_text, explanation, interesting_fact)
VALUES ('305085103', 1, 5085, 3, 3, 'איזה מנהיג מוסלמי כבש את ירושלים מידי הצלבנים ב-1187?', '', 'צלאח א-דין, הידוע באבירותו ובכושרו הצבאי, כבש את ירושלים מחדש בהצלחה, וסיים כמעט מאה שנים של שלטון צלבני.') ON CONFLICT (question_id) DO UPDATE SET language_id = 1 ,topic_id= 5085,c_grade_id =3,level=3,question_text='איזה מנהיג מוסלמי כבש את ירושלים מידי הצלבנים ב-1187?',explanation='',interesting_fact='צלאח א-דין, הידוע באבירותו ובכושרו הצבאי, כבש את ירושלים מחדש בהצלחה, וסיים כמעט מאה שנים של שלטון צלבני.';


INSERT INTO answer_options (question_id, correct_answer, answer_text)
VALUES ('305085103', TRUE, 'צלאח א-דין') ;

INSERT INTO answer_options (question_id, correct_answer, answer_text)
VALUES ('305085103', FALSE, 'סולימאן המפואר');

INSERT INTO answer_options (question_id, correct_answer, answer_text)
VALUES ('305085103', FALSE, 'הארון אל-ראשיד');

INSERT INTO answer_options (question_id, correct_answer, answer_text)
VALUES ('305085103', FALSE, 'הנביא מוחמד');

INSERT INTO questions (question_id, language_id, topic_id, c_grade_id, level, question_text, explanation, interesting_fact)
VALUES ('305085104', 1, 5085, 4, 4, 'איזה עם קדום היה יושב בארץ ישראל לפני כיבושי יהושע?', '', 'מאמינים שהכנענים התיישבו באזור בסביבות שנת 3000 לפני הספירה והייתה להם השפעה משמעותית על התרבות והשפה של התושבים שהיו אחריה.') ON CONFLICT (question_id) DO UPDATE SET language_id = 1 ,topic_id= 5085,c_grade_id =4,level=4,question_text='איזה עם קדום היה יושב בארץ ישראל לפני כיבושי יהושע?',explanation='',interesting_fact='מאמינים שהכנענים התיישבו באזור בסביבות שנת 3000 לפני הספירה והייתה להם השפעה משמעותית על התרבות והשפה של התושבים שהיו אחריה.';


INSERT INTO answer_options (question_id, correct_answer, answer_text)
VALUES ('305085104', TRUE, 'כנענים') ;

INSERT INTO answer_options (question_id, correct_answer, answer_text)
VALUES ('305085104', FALSE, 'פלשתים');

INSERT INTO answer_options (question_id, correct_answer, answer_text)
VALUES ('305085104', FALSE, 'מואבים');

INSERT INTO answer_options (question_id, correct_answer, answer_text)
VALUES ('305085104', FALSE, 'חיתים');

INSERT INTO questions (question_id, language_id, topic_id, c_grade_id, level, question_text, explanation, interesting_fact)
VALUES ('305085105', 1, 5085, 5, 5, 'מי היה המלך הפרסי שהתיר ליהודים לחזור לירושלים ולבנות מחדש את בית המקדש?', '', 'הצו של כורש הגדול בשנת 538 לפנה"ס אפשר ליהודים לחזור לירושלים ולבנות מחדש את בית המקדש, וסימן רגע משמעותי בהיסטוריה היהודית.') ON CONFLICT (question_id) DO UPDATE SET language_id = 1 ,topic_id= 5085,c_grade_id =5,level=5,question_text='מי היה המלך הפרסי שהתיר ליהודים לחזור לירושלים ולבנות מחדש את בית המקדש?',explanation='',interesting_fact='הצו של כורש הגדול בשנת 538 לפנה"ס אפשר ליהודים לחזור לירושלים ולבנות מחדש את בית המקדש, וסימן רגע משמעותי בהיסטוריה היהודית.';


INSERT INTO answer_options (question_id, correct_answer, answer_text)
VALUES ('305085105', TRUE, 'כורש') ;

INSERT INTO answer_options (question_id, correct_answer, answer_text)
VALUES ('305085105', FALSE, 'דריווש');

INSERT INTO answer_options (question_id, correct_answer, answer_text)
VALUES ('305085105', FALSE, 'כסרכסס');

INSERT INTO answer_options (question_id, correct_answer, answer_text)
VALUES ('305085105', FALSE, 'ארתחשסתא');

INSERT INTO questions (question_id, language_id, topic_id, c_grade_id, level, question_text, explanation, interesting_fact)
VALUES ('305086101', 1, 5086, 1, 1, 'כיצד נקראת באיסלאם העלייה לרגל למכה?', '', 'העלייה לרגל של החאג`, אחד מחמשת עמודי האסלאם, נדרשת מכל המוסלמים שיש להם את האמצעים לבצע אותה לפחות פעם אחת בחייהם.') ON CONFLICT (question_id) DO UPDATE SET language_id = 1 ,topic_id= 5086,c_grade_id =1,level=1,question_text='כיצד נקראת באיסלאם העלייה לרגל למכה?',explanation='',interesting_fact='העלייה לרגל של החאג`, אחד מחמשת עמודי האסלאם, נדרשת מכל המוסלמים שיש להם את האמצעים לבצע אותה לפחות פעם אחת בחייהם.';


INSERT INTO answer_options (question_id, correct_answer, answer_text)
VALUES ('305086101', TRUE, 'חאג`') ;

INSERT INTO answer_options (question_id, correct_answer, answer_text)
VALUES ('305086101', FALSE, 'אומרה');

INSERT INTO answer_options (question_id, correct_answer, answer_text)
VALUES ('305086101', FALSE, 'רמדאן');

INSERT INTO answer_options (question_id, correct_answer, answer_text)
VALUES ('305086101', FALSE, 'איד אל פיטר');

INSERT INTO questions (question_id, language_id, topic_id, c_grade_id, level, question_text, explanation, interesting_fact)
VALUES ('305086102', 1, 5086, 2, 2, 'במהלך איזה פסטיבל סיני מבוצע לרוב ריקוד הדרקון?', '', 'ריקוד הדרקון הוא גולת הכותרת של חגיגות ראש השנה הסיני, המסמל כוח, חוכמה ומזל טוב.') ON CONFLICT (question_id) DO UPDATE SET language_id = 1 ,topic_id= 5086,c_grade_id =2,level=2,question_text='במהלך איזה פסטיבל סיני מבוצע לרוב ריקוד הדרקון?',explanation='',interesting_fact='ריקוד הדרקון הוא גולת הכותרת של חגיגות ראש השנה הסיני, המסמל כוח, חוכמה ומזל טוב.';


INSERT INTO answer_options (question_id, correct_answer, answer_text)
VALUES ('305086102', TRUE, 'ראש השנה הסיני') ;

INSERT INTO answer_options (question_id, correct_answer, answer_text)
VALUES ('305086102', FALSE, 'פסטיבל אמצע הסתיו');

INSERT INTO answer_options (question_id, correct_answer, answer_text)
VALUES ('305086102', FALSE, 'פסטיבל סירות הדרקון');

INSERT INTO answer_options (question_id, correct_answer, answer_text)
VALUES ('305086102', FALSE, 'פסטיבל צ`ינגמינג');

INSERT INTO questions (question_id, language_id, topic_id, c_grade_id, level, question_text, explanation, interesting_fact)
VALUES ('305086103', 1, 5086, 3, 3, 'איזה חג נוצרי חוגג את תחייתו של ישו (ישוע)?', '', 'חג הפסחא נחגג ביום ראשון הראשון שלאחר הירח המלא הראשון לאחר שוויון האביב.') ON CONFLICT (question_id) DO UPDATE SET language_id = 1 ,topic_id= 5086,c_grade_id =3,level=3,question_text='איזה חג נוצרי חוגג את תחייתו של ישו (ישוע)?',explanation='',interesting_fact='חג הפסחא נחגג ביום ראשון הראשון שלאחר הירח המלא הראשון לאחר שוויון האביב.';


INSERT INTO answer_options (question_id, correct_answer, answer_text)
VALUES ('305086103', TRUE, 'חג הפסחא') ;

INSERT INTO answer_options (question_id, correct_answer, answer_text)
VALUES ('305086103', FALSE, 'חַג הַמוֹלָד');

INSERT INTO answer_options (question_id, correct_answer, answer_text)
VALUES ('305086103', FALSE, 'שישי טוב');

INSERT INTO answer_options (question_id, correct_answer, answer_text)
VALUES ('305086103', FALSE, 'חַג הַשָׁבוּעוֹת');

INSERT INTO questions (question_id, language_id, topic_id, c_grade_id, level, question_text, explanation, interesting_fact)
VALUES ('305086104', 1, 5086, 4, 4, 'איזה פסטיבל ביפן כולל צפייה והערכת היופי של פריחת הדובדבן?', '', 'חנמי (Hanami) פשוטו כמשמעו "צפייה בפרחים", היא תקופה שבה אנשים מתאספים לאוכל, שתייה ומוזיקה מתחת לפריחת הדובדבן.') ON CONFLICT (question_id) DO UPDATE SET language_id = 1 ,topic_id= 5086,c_grade_id =4,level=4,question_text='איזה פסטיבל ביפן כולל צפייה והערכת היופי של פריחת הדובדבן?',explanation='',interesting_fact='חנמי (Hanami) פשוטו כמשמעו "צפייה בפרחים", היא תקופה שבה אנשים מתאספים לאוכל, שתייה ומוזיקה מתחת לפריחת הדובדבן.';


INSERT INTO answer_options (question_id, correct_answer, answer_text)
VALUES ('305086104', TRUE, 'חנמי') ;

INSERT INTO answer_options (question_id, correct_answer, answer_text)
VALUES ('305086104', FALSE, 'אובון');

INSERT INTO answer_options (question_id, correct_answer, answer_text)
VALUES ('305086104', FALSE, 'טנבאטה');

INSERT INTO answer_options (question_id, correct_answer, answer_text)
VALUES ('305086104', FALSE, 'סטסבון');

INSERT INTO questions (question_id, language_id, topic_id, c_grade_id, level, question_text, explanation, interesting_fact)
VALUES ('305086105', 1, 5086, 5, 5, 'באיזה חג מקסיקני משפחות מכבדות את יקיריהם שנפטרו במזבחות ובמנחות?', '', 'Día de los Muertos, או "יום המתים", כרוך ביצירת מנחות לזכר קרובי משפחה') ON CONFLICT (question_id) DO UPDATE SET language_id = 1 ,topic_id= 5086,c_grade_id =5,level=5,question_text='באיזה חג מקסיקני משפחות מכבדות את יקיריהם שנפטרו במזבחות ובמנחות?',explanation='',interesting_fact='Día de los Muertos, או "יום המתים", כרוך ביצירת מנחות לזכר קרובי משפחה';


INSERT INTO answer_options (question_id, correct_answer, answer_text)
VALUES ('305086105', TRUE, 'דיא דה לוס מוארטוס') ;

INSERT INTO answer_options (question_id, correct_answer, answer_text)
VALUES ('305086105', FALSE, 'סינקו דה מאיו');

INSERT INTO answer_options (question_id, correct_answer, answer_text)
VALUES ('305086105', FALSE, 'גולאגוצה');

INSERT INTO answer_options (question_id, correct_answer, answer_text)
VALUES ('305086105', FALSE, 'קרנבל');

INSERT INTO questions (question_id, language_id, topic_id, c_grade_id, level, question_text, explanation, interesting_fact)
VALUES ('305087101', 1, 5087, 1, 1, 'איזה מסמך משפטי מאשים רשמית אדם בפשע?', '', 'כתב אישום הוא מסמך המוגש על ידי תובע מוסמך (תובע משטרתי, פרקליט, או אף עורך דין פרטי שהוסמך לכך במקרים מסוימים), המאשים מישהו בפשע על סמך ראיות שהוצגו.') ON CONFLICT (question_id) DO UPDATE SET language_id = 1 ,topic_id= 5087,c_grade_id =1,level=1,question_text='איזה מסמך משפטי מאשים רשמית אדם בפשע?',explanation='',interesting_fact='כתב אישום הוא מסמך המוגש על ידי תובע מוסמך (תובע משטרתי, פרקליט, או אף עורך דין פרטי שהוסמך לכך במקרים מסוימים), המאשים מישהו בפשע על סמך ראיות שהוצגו.';


INSERT INTO answer_options (question_id, correct_answer, answer_text)
VALUES ('305087101', TRUE, 'כתב אישום') ;

INSERT INTO answer_options (question_id, correct_answer, answer_text)
VALUES ('305087101', FALSE, 'פסק דין');

INSERT INTO answer_options (question_id, correct_answer, answer_text)
VALUES ('305087101', FALSE, 'הַזמָנָה למשפט');

INSERT INTO answer_options (question_id, correct_answer, answer_text)
VALUES ('305087101', FALSE, 'צַו מְנִיעָה');

INSERT INTO questions (question_id, language_id, topic_id, c_grade_id, level, question_text, explanation, interesting_fact)
VALUES ('305087102', 1, 5087, 2, 2, 'איזו אמנה בינלאומית היתה הבסיס למשפט ההומניטרי הבינלאומי בזמן מלחמה?', '', 'אמנת ז`נבה, שאומצה לראשונה ב-1864, קבעה סטנדרטים במשפט הבינלאומי לטיפול הומניטרי במלחמה. כל המדינות בעולם חתמו על אמנת ז`נבה וזוהי הפעם הראשונה בהיסטוריה שאמנה כלשהי זוכה להכרה בינלאומית מלאה.') ON CONFLICT (question_id) DO UPDATE SET language_id = 1 ,topic_id= 5087,c_grade_id =2,level=2,question_text='איזו אמנה בינלאומית היתה הבסיס למשפט ההומניטרי הבינלאומי בזמן מלחמה?',explanation='',interesting_fact='אמנת ז`נבה, שאומצה לראשונה ב-1864, קבעה סטנדרטים במשפט הבינלאומי לטיפול הומניטרי במלחמה. כל המדינות בעולם חתמו על אמנת ז`נבה וזוהי הפעם הראשונה בהיסטוריה שאמנה כלשהי זוכה להכרה בינלאומית מלאה.';


INSERT INTO answer_options (question_id, correct_answer, answer_text)
VALUES ('305087102', TRUE, 'אמנות ז`נבה') ;

INSERT INTO answer_options (question_id, correct_answer, answer_text)
VALUES ('305087102', FALSE, 'מגילת האומות המאוחדות');

INSERT INTO answer_options (question_id, correct_answer, answer_text)
VALUES ('305087102', FALSE, 'הסכם ורסאי');

INSERT INTO answer_options (question_id, correct_answer, answer_text)
VALUES ('305087102', FALSE, 'הסכם נאט"ו');

INSERT INTO questions (question_id, language_id, topic_id, c_grade_id, level, question_text, explanation, interesting_fact)
VALUES ('305087103', 1, 5087, 3, 3, 'מהו המונח המשפטי להחלטת בית משפט המשמשת ככלל למקרים דומים בעתיד?', '', 'תקדים משפטי קובע סטנדרט שבו שופטים משתמשים לעתים קרובות כדי להכריע במקרים דומים בעתיד.') ON CONFLICT (question_id) DO UPDATE SET language_id = 1 ,topic_id= 5087,c_grade_id =3,level=3,question_text='מהו המונח המשפטי להחלטת בית משפט המשמשת ככלל למקרים דומים בעתיד?',explanation='',interesting_fact='תקדים משפטי קובע סטנדרט שבו שופטים משתמשים לעתים קרובות כדי להכריע במקרים דומים בעתיד.';


INSERT INTO answer_options (question_id, correct_answer, answer_text)
VALUES ('305087103', TRUE, 'תקדים') ;

INSERT INTO answer_options (question_id, correct_answer, answer_text)
VALUES ('305087103', FALSE, 'פְּקוּדָה');

INSERT INTO answer_options (question_id, correct_answer, answer_text)
VALUES ('305087103', FALSE, 'חוֹק');

INSERT INTO answer_options (question_id, correct_answer, answer_text)
VALUES ('305087103', FALSE, 'דוֹקטרִינָה');

INSERT INTO questions (question_id, language_id, topic_id, c_grade_id, level, question_text, explanation, interesting_fact)
VALUES ('305087104', 1, 5087, 4, 4, 'איזה מסמך, שנחתם ב-1215, נחשב לטקסט יסודי ותקדימי בהגבלת כוחו של המלך?', '', 'ה- Magna Carta הניח את התשתית להתפתחויות חוקתיות מאוחרות יותר ולרעיון של חוק שאפילו המלך חייב לציית לו.') ON CONFLICT (question_id) DO UPDATE SET language_id = 1 ,topic_id= 5087,c_grade_id =4,level=4,question_text='איזה מסמך, שנחתם ב-1215, נחשב לטקסט יסודי ותקדימי בהגבלת כוחו של המלך?',explanation='',interesting_fact='ה- Magna Carta הניח את התשתית להתפתחויות חוקתיות מאוחרות יותר ולרעיון של חוק שאפילו המלך חייב לציית לו.';


INSERT INTO answer_options (question_id, correct_answer, answer_text)
VALUES ('305087104', TRUE, 'מגנה כרטה') ;

INSERT INTO answer_options (question_id, correct_answer, answer_text)
VALUES ('305087104', FALSE, 'הכרזת העצמאות');

INSERT INTO answer_options (question_id, correct_answer, answer_text)
VALUES ('305087104', FALSE, 'הקוד של חמורבי');

INSERT INTO answer_options (question_id, correct_answer, answer_text)
VALUES ('305087104', FALSE, 'חוקת ארה"ב');

INSERT INTO questions (question_id, language_id, topic_id, c_grade_id, level, question_text, explanation, interesting_fact)
VALUES ('305087105', 1, 5087, 5, 5, 'איך נקרא הסכם משפטי מחייב בין שני צדדים או יותר?', '', 'חוזה מתאר תנאים והגבלות המוסכמים על ידי הצדדים, ויוצר התחייבויות משפטיות הדדיות.') ON CONFLICT (question_id) DO UPDATE SET language_id = 1 ,topic_id= 5087,c_grade_id =5,level=5,question_text='איך נקרא הסכם משפטי מחייב בין שני צדדים או יותר?',explanation='',interesting_fact='חוזה מתאר תנאים והגבלות המוסכמים על ידי הצדדים, ויוצר התחייבויות משפטיות הדדיות.';


INSERT INTO answer_options (question_id, correct_answer, answer_text)
VALUES ('305087105', TRUE, 'חוֹזֶה') ;

INSERT INTO answer_options (question_id, correct_answer, answer_text)
VALUES ('305087105', FALSE, 'אֲמָנָה');

INSERT INTO answer_options (question_id, correct_answer, answer_text)
VALUES ('305087105', FALSE, 'רישיון');

INSERT INTO answer_options (question_id, correct_answer, answer_text)
VALUES ('305087105', FALSE, 'נדר');

INSERT INTO questions (question_id, language_id, topic_id, c_grade_id, level, question_text, explanation, interesting_fact)
VALUES ('305088101', 1, 5088, 1, 1, 'מי מפורסם בכינונה של שבועת הרופאים שנקראית על שמו?', '', 'היפוקרטס, רופא יווני, קבע קוד אתי לרופאים הידוע בשם שבועת היפוקרטס.') ON CONFLICT (question_id) DO UPDATE SET language_id = 1 ,topic_id= 5088,c_grade_id =1,level=1,question_text='מי מפורסם בכינונה של שבועת הרופאים שנקראית על שמו?',explanation='',interesting_fact='היפוקרטס, רופא יווני, קבע קוד אתי לרופאים הידוע בשם שבועת היפוקרטס.';


INSERT INTO answer_options (question_id, correct_answer, answer_text)
VALUES ('305088101', TRUE, 'היפוקרטס') ;

INSERT INTO answer_options (question_id, correct_answer, answer_text)
VALUES ('305088101', FALSE, 'דר` סוס');

INSERT INTO answer_options (question_id, correct_answer, answer_text)
VALUES ('305088101', FALSE, 'דר` קבורקיאן');

INSERT INTO answer_options (question_id, correct_answer, answer_text)
VALUES ('305088101', FALSE, 'לואי פסטר');

INSERT INTO questions (question_id, language_id, topic_id, c_grade_id, level, question_text, explanation, interesting_fact)
VALUES ('305088102', 1, 5088, 2, 2, 'איזו מגפה שהתפרצה לאחר מלמחת העולם הראשונה הרגה יותר אנשים מאשר המלחמה עצמה?', '', 'יש טוענים כי במלחמה נהרגו 30 מיליון ומהשפעת מתו 50 מיליון.') ON CONFLICT (question_id) DO UPDATE SET language_id = 1 ,topic_id= 5088,c_grade_id =2,level=2,question_text='איזו מגפה שהתפרצה לאחר מלמחת העולם הראשונה הרגה יותר אנשים מאשר המלחמה עצמה?',explanation='',interesting_fact='יש טוענים כי במלחמה נהרגו 30 מיליון ומהשפעת מתו 50 מיליון.';


INSERT INTO answer_options (question_id, correct_answer, answer_text)
VALUES ('305088102', TRUE, 'שפעת ספרדית') ;

INSERT INTO answer_options (question_id, correct_answer, answer_text)
VALUES ('305088102', FALSE, 'המוות השחור');

INSERT INTO answer_options (question_id, correct_answer, answer_text)
VALUES ('305088102', FALSE, 'מגיפת האיידס');

INSERT INTO answer_options (question_id, correct_answer, answer_text)
VALUES ('305088102', FALSE, 'אבולה');

INSERT INTO questions (question_id, language_id, topic_id, c_grade_id, level, question_text, explanation, interesting_fact)
VALUES ('305088103', 1, 5088, 3, 3, 'איזה מצב מאופיין בחלוקה לא מבוקרת של תאים לא תקינים בחלק בגוף?', '', 'סרטן יכול להשפיע על חלקי גוף שונים והוא אחד מגורמי המוות המובילים בעולם.') ON CONFLICT (question_id) DO UPDATE SET language_id = 1 ,topic_id= 5088,c_grade_id =3,level=3,question_text='איזה מצב מאופיין בחלוקה לא מבוקרת של תאים לא תקינים בחלק בגוף?',explanation='',interesting_fact='סרטן יכול להשפיע על חלקי גוף שונים והוא אחד מגורמי המוות המובילים בעולם.';


INSERT INTO answer_options (question_id, correct_answer, answer_text)
VALUES ('305088103', TRUE, 'מחלת הסרטן') ;

INSERT INTO answer_options (question_id, correct_answer, answer_text)
VALUES ('305088103', FALSE, 'סוכרת');

INSERT INTO answer_options (question_id, correct_answer, answer_text)
VALUES ('305088103', FALSE, 'אַסְתְמָה');

INSERT INTO answer_options (question_id, correct_answer, answer_text)
VALUES ('305088103', FALSE, 'דַלֶקֶת פּרָקִים');

INSERT INTO questions (question_id, language_id, topic_id, c_grade_id, level, question_text, explanation, interesting_fact)
VALUES ('305088104', 1, 5088, 4, 4, 'איזה מונח מתייחס לחקר התרופות והאינטראקציות שלהן עם מערכות חיות?', '', 'פרמקולוגיה כרוכה בהבנת הרכב התרופה, תכונותיו ויישומים רפואיים.') ON CONFLICT (question_id) DO UPDATE SET language_id = 1 ,topic_id= 5088,c_grade_id =4,level=4,question_text='איזה מונח מתייחס לחקר התרופות והאינטראקציות שלהן עם מערכות חיות?',explanation='',interesting_fact='פרמקולוגיה כרוכה בהבנת הרכב התרופה, תכונותיו ויישומים רפואיים.';


INSERT INTO answer_options (question_id, correct_answer, answer_text)
VALUES ('305088104', TRUE, 'פַרמָקוֹלוֹגִיָה') ;

INSERT INTO answer_options (question_id, correct_answer, answer_text)
VALUES ('305088104', FALSE, 'פָּתוֹלוֹגִיָה');

INSERT INTO answer_options (question_id, correct_answer, answer_text)
VALUES ('305088104', FALSE, 'אונקולוגיה');

INSERT INTO answer_options (question_id, correct_answer, answer_text)
VALUES ('305088104', FALSE, 'אנדוקרינולוגיה');

INSERT INTO questions (question_id, language_id, topic_id, c_grade_id, level, question_text, explanation, interesting_fact)
VALUES ('305088105', 1, 5088, 5, 5, 'כיצד נקראת התרכובת הגורמת למותם או להפסקת גדילתם של חיידקים?', '', 'גילוי החומר האנטיביוטי פניצילין ע"י אלכסנדר פלמינג ב-1928 זיכה אותו בפרס נובל.') ON CONFLICT (question_id) DO UPDATE SET language_id = 1 ,topic_id= 5088,c_grade_id =5,level=5,question_text='כיצד נקראת התרכובת הגורמת למותם או להפסקת גדילתם של חיידקים?',explanation='',interesting_fact='גילוי החומר האנטיביוטי פניצילין ע"י אלכסנדר פלמינג ב-1928 זיכה אותו בפרס נובל.';


INSERT INTO answer_options (question_id, correct_answer, answer_text)
VALUES ('305088105', TRUE, 'אַנטִיבִּיוֹטִיקה') ;

INSERT INTO answer_options (question_id, correct_answer, answer_text)
VALUES ('305088105', FALSE, 'תַרכִּיב');

INSERT INTO answer_options (question_id, correct_answer, answer_text)
VALUES ('305088105', FALSE, 'אנטי ויראלי');

INSERT INTO answer_options (question_id, correct_answer, answer_text)
VALUES ('305088105', FALSE, 'מְשַׁכֵּך כְּאֵבִים');

INSERT INTO questions (question_id, language_id, topic_id, c_grade_id, level, question_text, explanation, interesting_fact)
VALUES ('305089101', 1, 5089, 1, 1, 'בדגל של איזו מדינה יש מגן דוד?', '', 'בדגל ישראל יש מגן דוד עם 6 קודקודים. בדגלי מרוקו ואתיופיה, כמו בדגלים נוספים, יש פנטגרם - כוכב עם 5 קודקודים.') ON CONFLICT (question_id) DO UPDATE SET language_id = 1 ,topic_id= 5089,c_grade_id =1,level=1,question_text='בדגל של איזו מדינה יש מגן דוד?',explanation='',interesting_fact='בדגל ישראל יש מגן דוד עם 6 קודקודים. בדגלי מרוקו ואתיופיה, כמו בדגלים נוספים, יש פנטגרם - כוכב עם 5 קודקודים.';


INSERT INTO answer_options (question_id, correct_answer, answer_text)
VALUES ('305089101', TRUE, 'ישראל') ;

INSERT INTO answer_options (question_id, correct_answer, answer_text)
VALUES ('305089101', FALSE, 'מרוקו');

INSERT INTO answer_options (question_id, correct_answer, answer_text)
VALUES ('305089101', FALSE, 'תוניסיה');

INSERT INTO answer_options (question_id, correct_answer, answer_text)
VALUES ('305089101', FALSE, 'כל התשובות נכונות');

INSERT INTO questions (question_id, language_id, topic_id, c_grade_id, level, question_text, explanation, interesting_fact)
VALUES ('305089102', 1, 5089, 2, 2, 'לאיזה דגל יש חמש טבעות משתלבות על רקע לבן?', '', 'הדגל האולימפי מורכב מחמש טבעות משתלבות, כל אחת מייצגת יבשת אחרת. הטבעות מסמלות אחדות והתכנסות של ספורטאים מרחבי העולם להשתתף במשחקים האולימפיים.') ON CONFLICT (question_id) DO UPDATE SET language_id = 1 ,topic_id= 5089,c_grade_id =2,level=2,question_text='לאיזה דגל יש חמש טבעות משתלבות על רקע לבן?',explanation='',interesting_fact='הדגל האולימפי מורכב מחמש טבעות משתלבות, כל אחת מייצגת יבשת אחרת. הטבעות מסמלות אחדות והתכנסות של ספורטאים מרחבי העולם להשתתף במשחקים האולימפיים.';


INSERT INTO answer_options (question_id, correct_answer, answer_text)
VALUES ('305089102', TRUE, 'האולימפיאדה') ;

INSERT INTO answer_options (question_id, correct_answer, answer_text)
VALUES ('305089102', FALSE, 'ארצות הברית');

INSERT INTO answer_options (question_id, correct_answer, answer_text)
VALUES ('305089102', FALSE, 'הממלכה המאוחדת');

INSERT INTO answer_options (question_id, correct_answer, answer_text)
VALUES ('305089102', FALSE, 'האיחוד האירופאי');

INSERT INTO questions (question_id, language_id, topic_id, c_grade_id, level, question_text, explanation, interesting_fact)
VALUES ('305089103', 1, 5089, 3, 3, 'כמה כוכבים יש בדגל של ארצות הברית?', '', 'חמישים הכוכבים מסמלים את חמישים המדינות המרכיבות את ארצות הברית, ושלושה עשר הפסים מסמלים את שלוש עשרה המושבות המקוריות אשר יצרו את המדינות הראשונות של ארצות הברית.') ON CONFLICT (question_id) DO UPDATE SET language_id = 1 ,topic_id= 5089,c_grade_id =3,level=3,question_text='כמה כוכבים יש בדגל של ארצות הברית?',explanation='',interesting_fact='חמישים הכוכבים מסמלים את חמישים המדינות המרכיבות את ארצות הברית, ושלושה עשר הפסים מסמלים את שלוש עשרה המושבות המקוריות אשר יצרו את המדינות הראשונות של ארצות הברית.';


INSERT INTO answer_options (question_id, correct_answer, answer_text)
VALUES ('305089103', TRUE, '50') ;

INSERT INTO answer_options (question_id, correct_answer, answer_text)
VALUES ('305089103', FALSE, '10');

INSERT INTO answer_options (question_id, correct_answer, answer_text)
VALUES ('305089103', FALSE, '100');

INSERT INTO answer_options (question_id, correct_answer, answer_text)
VALUES ('305089103', FALSE, '26');

INSERT INTO questions (question_id, language_id, topic_id, c_grade_id, level, question_text, explanation, interesting_fact)
VALUES ('305089104', 1, 5089, 4, 4, 'איזה צבע לעתים קרובות משמש בדגלים כסמל לאסלאם?', '', 'ירוק משמש במספר דגלים לאומיים כסמל לאסלאם. אלה כוללים את המדינות: אלג`יריה, אזרבייג`ן, קומורו, איראן, מאוריטניה, פקיסטן, בנגלדש, ערב הסעודית, סרי לנקה וטג`יקיסטן.') ON CONFLICT (question_id) DO UPDATE SET language_id = 1 ,topic_id= 5089,c_grade_id =4,level=4,question_text='איזה צבע לעתים קרובות משמש בדגלים כסמל לאסלאם?',explanation='',interesting_fact='ירוק משמש במספר דגלים לאומיים כסמל לאסלאם. אלה כוללים את המדינות: אלג`יריה, אזרבייג`ן, קומורו, איראן, מאוריטניה, פקיסטן, בנגלדש, ערב הסעודית, סרי לנקה וטג`יקיסטן.';


INSERT INTO answer_options (question_id, correct_answer, answer_text)
VALUES ('305089104', TRUE, 'ירוק') ;

INSERT INTO answer_options (question_id, correct_answer, answer_text)
VALUES ('305089104', FALSE, 'כְּחוֹל');

INSERT INTO answer_options (question_id, correct_answer, answer_text)
VALUES ('305089104', FALSE, 'אָדוֹם');

INSERT INTO answer_options (question_id, correct_answer, answer_text)
VALUES ('305089104', FALSE, 'שָׁחוֹר');

INSERT INTO questions (question_id, language_id, topic_id, c_grade_id, level, question_text, explanation, interesting_fact)
VALUES ('305089105', 1, 5089, 5, 5, 'דגל ארגון הצלב האדום (כמו באמבולנס) דומה לאיזה דגל?', '', 'העיצוב של הצלב האדום מקורו באמנת ג`נבה הראשונה ב-1864. הסמל מייצג דגל שוויץ הפוך כמחווה להנרי דאנט, המייסד השוויצרי של הוועד הבינלאומי של הצלב האדום.') ON CONFLICT (question_id) DO UPDATE SET language_id = 1 ,topic_id= 5089,c_grade_id =5,level=5,question_text='דגל ארגון הצלב האדום (כמו באמבולנס) דומה לאיזה דגל?',explanation='',interesting_fact='העיצוב של הצלב האדום מקורו באמנת ג`נבה הראשונה ב-1864. הסמל מייצג דגל שוויץ הפוך כמחווה להנרי דאנט, המייסד השוויצרי של הוועד הבינלאומי של הצלב האדום.';


INSERT INTO answer_options (question_id, correct_answer, answer_text)
VALUES ('305089105', TRUE, 'שוויץ') ;

INSERT INTO answer_options (question_id, correct_answer, answer_text)
VALUES ('305089105', FALSE, 'איראן');

INSERT INTO answer_options (question_id, correct_answer, answer_text)
VALUES ('305089105', FALSE, 'אוֹסְטְרֵיָה');

INSERT INTO answer_options (question_id, correct_answer, answer_text)
VALUES ('305089105', FALSE, 'אוֹסטְרַלִיָה');

INSERT INTO questions (question_id, language_id, topic_id, c_grade_id, level, question_text, explanation, interesting_fact)
VALUES ('305090101', 1, 5090, 1, 1, 'מה מציינים בחג הפסח?', '', 'חג הפסח חוגג את שחרור בני ישראל מעבדות מצרים, סיפור מפתח בהיסטוריה היהודית.') ON CONFLICT (question_id) DO UPDATE SET language_id = 1 ,topic_id= 5090,c_grade_id =1,level=1,question_text='מה מציינים בחג הפסח?',explanation='',interesting_fact='חג הפסח חוגג את שחרור בני ישראל מעבדות מצרים, סיפור מפתח בהיסטוריה היהודית.';


INSERT INTO answer_options (question_id, correct_answer, answer_text)
VALUES ('305090101', TRUE, 'יציאת מצרים') ;

INSERT INTO answer_options (question_id, correct_answer, answer_text)
VALUES ('305090101', FALSE, 'בריאת העולם');

INSERT INTO answer_options (question_id, correct_answer, answer_text)
VALUES ('305090101', FALSE, 'קרב יריחו');

INSERT INTO answer_options (question_id, correct_answer, answer_text)
VALUES ('305090101', FALSE, 'מתן תורה');

INSERT INTO questions (question_id, language_id, topic_id, c_grade_id, level, question_text, explanation, interesting_fact)
VALUES ('305090102', 1, 5090, 2, 2, 'מה הן קושיות?', '', 'המילה קושיה באה מהמילה `קשה` והיא מילה נרדפת למילה שאלה. ארבע השאלות שנשאלות בשיר `מה נשתנה` נקראות ארבע הקושיות.') ON CONFLICT (question_id) DO UPDATE SET language_id = 1 ,topic_id= 5090,c_grade_id =2,level=2,question_text='מה הן קושיות?',explanation='',interesting_fact='המילה קושיה באה מהמילה `קשה` והיא מילה נרדפת למילה שאלה. ארבע השאלות שנשאלות בשיר `מה נשתנה` נקראות ארבע הקושיות.';


INSERT INTO answer_options (question_id, correct_answer, answer_text)
VALUES ('305090102', TRUE, 'שאלות') ;

INSERT INTO answer_options (question_id, correct_answer, answer_text)
VALUES ('305090102', FALSE, 'חפצים קשים');

INSERT INTO answer_options (question_id, correct_answer, answer_text)
VALUES ('305090102', FALSE, 'נשים שחורות');

INSERT INTO answer_options (question_id, correct_answer, answer_text)
VALUES ('305090102', FALSE, 'אנשים שבאו מארץ כוש');

INSERT INTO questions (question_id, language_id, topic_id, c_grade_id, level, question_text, explanation, interesting_fact)
VALUES ('305090103', 1, 5090, 3, 3, 'איזו מהבאות אינה אחת ממכות מצרים?', '', 'מכות מצריים הן: דם, צפרדע, כינים, ערוב, דבר, שחין, ברד, ארבה, חושך, מכת ברוכות. ובראשי תיבות: דצ"כ עד"ש באח"ב') ON CONFLICT (question_id) DO UPDATE SET language_id = 1 ,topic_id= 5090,c_grade_id =3,level=3,question_text='איזו מהבאות אינה אחת ממכות מצרים?',explanation='',interesting_fact='מכות מצריים הן: דם, צפרדע, כינים, ערוב, דבר, שחין, ברד, ארבה, חושך, מכת ברוכות. ובראשי תיבות: דצ"כ עד"ש באח"ב';


INSERT INTO answer_options (question_id, correct_answer, answer_text)
VALUES ('305090103', TRUE, 'שלג') ;

INSERT INTO answer_options (question_id, correct_answer, answer_text)
VALUES ('305090103', FALSE, 'כינים');

INSERT INTO answer_options (question_id, correct_answer, answer_text)
VALUES ('305090103', FALSE, 'שחין');

INSERT INTO answer_options (question_id, correct_answer, answer_text)
VALUES ('305090103', FALSE, 'ערוב');

INSERT INTO questions (question_id, language_id, topic_id, c_grade_id, level, question_text, explanation, interesting_fact)
VALUES ('305090104', 1, 5090, 4, 4, 'לכבוד מי כוס היין שמשאירים על השולחן בסדר פסח מבלי לשתות ממנה?', '', 'כוס אליהו הנביא מסמלת את הגאולה העתידית של העם היהודי.') ON CONFLICT (question_id) DO UPDATE SET language_id = 1 ,topic_id= 5090,c_grade_id =4,level=4,question_text='לכבוד מי כוס היין שמשאירים על השולחן בסדר פסח מבלי לשתות ממנה?',explanation='',interesting_fact='כוס אליהו הנביא מסמלת את הגאולה העתידית של העם היהודי.';


INSERT INTO answer_options (question_id, correct_answer, answer_text)
VALUES ('305090104', TRUE, 'הכוס של אליהו') ;

INSERT INTO answer_options (question_id, correct_answer, answer_text)
VALUES ('305090104', FALSE, 'הכוס של דוד');

INSERT INTO answer_options (question_id, correct_answer, answer_text)
VALUES ('305090104', FALSE, 'הכוס של משה');

INSERT INTO answer_options (question_id, correct_answer, answer_text)
VALUES ('305090104', FALSE, 'הכוס של אהרון');

INSERT INTO questions (question_id, language_id, topic_id, c_grade_id, level, question_text, explanation, interesting_fact)
VALUES ('305090105', 1, 5090, 5, 5, 'מה משמעות המילה `לפסוח`?', '', 'בזמן מכת בכורות הקב"ה דילג (פסח) על בתי ישראל ולא הרג את הבנים הבכורים.') ON CONFLICT (question_id) DO UPDATE SET language_id = 1 ,topic_id= 5090,c_grade_id =5,level=5,question_text='מה משמעות המילה `לפסוח`?',explanation='',interesting_fact='בזמן מכת בכורות הקב"ה דילג (פסח) על בתי ישראל ולא הרג את הבנים הבכורים.';


INSERT INTO answer_options (question_id, correct_answer, answer_text)
VALUES ('305090105', TRUE, 'לדלג, לעבור') ;

INSERT INTO answer_options (question_id, correct_answer, answer_text)
VALUES ('305090105', FALSE, 'להשמיד את האויבים');

INSERT INTO answer_options (question_id, correct_answer, answer_text)
VALUES ('305090105', FALSE, 'לתת מכות');

INSERT INTO answer_options (question_id, correct_answer, answer_text)
VALUES ('305090105', FALSE, 'לשבור');

INSERT INTO questions (question_id, language_id, topic_id, c_grade_id, level, question_text, explanation, interesting_fact)
VALUES ('305091101', 1, 5091, 1, 1, 'מהו המונח לציור במפה המציג כיוונים (צפון, דרום, מזרח, מערב)?', '', 'שושנת המצפן היא עיצוב על מפה המראה כיוונים ועוזר בניווט במפה.') ON CONFLICT (question_id) DO UPDATE SET language_id = 1 ,topic_id= 5091,c_grade_id =1,level=1,question_text='מהו המונח לציור במפה המציג כיוונים (צפון, דרום, מזרח, מערב)?',explanation='',interesting_fact='שושנת המצפן היא עיצוב על מפה המראה כיוונים ועוזר בניווט במפה.';


INSERT INTO answer_options (question_id, correct_answer, answer_text)
VALUES ('305091101', TRUE, 'שׁוֹשַׁנַת הַרוּחוֹת') ;

INSERT INTO answer_options (question_id, correct_answer, answer_text)
VALUES ('305091101', FALSE, 'סרגל קנה מידה');

INSERT INTO answer_options (question_id, correct_answer, answer_text)
VALUES ('305091101', FALSE, 'שושנת יריחו');

INSERT INTO answer_options (question_id, correct_answer, answer_text)
VALUES ('305091101', FALSE, 'קו המשווה');

INSERT INTO questions (question_id, language_id, topic_id, c_grade_id, level, question_text, explanation, interesting_fact)
VALUES ('305091102', 1, 5091, 2, 2, 'איך קוראים לציור של מפה על משטח כדורי ?', '', 'יצירת גלובוס כולל יצירת מפות (קרטוגרפיה) על משטח כדורי, המייצגות את כדור הארץ בצורתו האמיתית.') ON CONFLICT (question_id) DO UPDATE SET language_id = 1 ,topic_id= 5091,c_grade_id =2,level=2,question_text='איך קוראים לציור של מפה על משטח כדורי ?',explanation='',interesting_fact='יצירת גלובוס כולל יצירת מפות (קרטוגרפיה) על משטח כדורי, המייצגות את כדור הארץ בצורתו האמיתית.';


INSERT INTO answer_options (question_id, correct_answer, answer_text)
VALUES ('305091102', TRUE, 'גלובוס') ;

INSERT INTO answer_options (question_id, correct_answer, answer_text)
VALUES ('305091102', FALSE, 'קרטוגרפיה כדורית');

INSERT INTO answer_options (question_id, correct_answer, answer_text)
VALUES ('305091102', FALSE, 'כדור גיאוגרפי');

INSERT INTO answer_options (question_id, correct_answer, answer_text)
VALUES ('305091102', FALSE, 'שׁוֹשַׁנַת הַרוּחוֹת');

INSERT INTO questions (question_id, language_id, topic_id, c_grade_id, level, question_text, explanation, interesting_fact)
VALUES ('305091103', 1, 5091, 3, 3, 'איך נקרא הקו הדמיוני המחלק את כדור הארץ לחצי הכדור הצפוני והדרומי?', '', 'קו המשווה הוא קו דמיוני סביב אמצע כדור הארץ שנמצא במרחק שווה מהקוטב הצפוני והדרומי.') ON CONFLICT (question_id) DO UPDATE SET language_id = 1 ,topic_id= 5091,c_grade_id =3,level=3,question_text='איך נקרא הקו הדמיוני המחלק את כדור הארץ לחצי הכדור הצפוני והדרומי?',explanation='',interesting_fact='קו המשווה הוא קו דמיוני סביב אמצע כדור הארץ שנמצא במרחק שווה מהקוטב הצפוני והדרומי.';


INSERT INTO answer_options (question_id, correct_answer, answer_text)
VALUES ('305091103', TRUE, 'קו המשווה') ;

INSERT INTO answer_options (question_id, correct_answer, answer_text)
VALUES ('305091103', FALSE, 'קו האמצע');

INSERT INTO answer_options (question_id, correct_answer, answer_text)
VALUES ('305091103', FALSE, 'חוּג הַסַרטָן');

INSERT INTO answer_options (question_id, correct_answer, answer_text)
VALUES ('305091103', FALSE, 'חוּג הַגְדִי');

INSERT INTO questions (question_id, language_id, topic_id, c_grade_id, level, question_text, explanation, interesting_fact)
VALUES ('305091104', 1, 5091, 4, 4, 'כיצד נקראים הקוים במפה המחברים בין הקוטב הצפוני לקוטב הדרומי?', '', 'באנגלית Longitudes מהמילה Long=ארוך') ON CONFLICT (question_id) DO UPDATE SET language_id = 1 ,topic_id= 5091,c_grade_id =4,level=4,question_text='כיצד נקראים הקוים במפה המחברים בין הקוטב הצפוני לקוטב הדרומי?',explanation='',interesting_fact='באנגלית Longitudes מהמילה Long=ארוך';


INSERT INTO answer_options (question_id, correct_answer, answer_text)
VALUES ('305091104', TRUE, 'קוי אורך') ;

INSERT INTO answer_options (question_id, correct_answer, answer_text)
VALUES ('305091104', FALSE, 'קוי המשווה');

INSERT INTO answer_options (question_id, correct_answer, answer_text)
VALUES ('305091104', FALSE, 'קוי רוחב');

INSERT INTO answer_options (question_id, correct_answer, answer_text)
VALUES ('305091104', FALSE, 'חוּג הַגְדִי');

INSERT INTO questions (question_id, language_id, topic_id, c_grade_id, level, question_text, explanation, interesting_fact)
VALUES ('305091105', 1, 5091, 5, 5, 'מה מסמל הצבע הירוק במפה פיזית?', '', 'מפה פיזית כוללת ייצוג של תבליט פני השטח באמצעות שימוש במידרג צבעים המייצגים גבהים שונים. ירוק למקומות נמוכים, חום למקומות גבוהים.') ON CONFLICT (question_id) DO UPDATE SET language_id = 1 ,topic_id= 5091,c_grade_id =5,level=5,question_text='מה מסמל הצבע הירוק במפה פיזית?',explanation='',interesting_fact='מפה פיזית כוללת ייצוג של תבליט פני השטח באמצעות שימוש במידרג צבעים המייצגים גבהים שונים. ירוק למקומות נמוכים, חום למקומות גבוהים.';


INSERT INTO answer_options (question_id, correct_answer, answer_text)
VALUES ('305091105', TRUE, 'עמקים') ;

INSERT INTO answer_options (question_id, correct_answer, answer_text)
VALUES ('305091105', FALSE, 'עצים');

INSERT INTO answer_options (question_id, correct_answer, answer_text)
VALUES ('305091105', FALSE, 'דשא');

INSERT INTO answer_options (question_id, correct_answer, answer_text)
VALUES ('305091105', FALSE, 'הרים');

INSERT INTO questions (question_id, language_id, topic_id, c_grade_id, level, question_text, explanation, interesting_fact)
VALUES ('305092101', 1, 5092, 1, 1, 'איזה חלק בצמח אחראי לספיגת מים וחומרי הזנה מהאדמה?', '', 'שורשים לא רק מעגנים את הצמח באדמה אלא גם סופגים מים וחומרי הזנה החיוניים לצמיחה.') ON CONFLICT (question_id) DO UPDATE SET language_id = 1 ,topic_id= 5092,c_grade_id =1,level=1,question_text='איזה חלק בצמח אחראי לספיגת מים וחומרי הזנה מהאדמה?',explanation='',interesting_fact='שורשים לא רק מעגנים את הצמח באדמה אלא גם סופגים מים וחומרי הזנה החיוניים לצמיחה.';


INSERT INTO answer_options (question_id, correct_answer, answer_text)
VALUES ('305092101', TRUE, 'שורשים') ;

INSERT INTO answer_options (question_id, correct_answer, answer_text)
VALUES ('305092101', FALSE, 'עלים');

INSERT INTO answer_options (question_id, correct_answer, answer_text)
VALUES ('305092101', FALSE, 'גבעולים');

INSERT INTO answer_options (question_id, correct_answer, answer_text)
VALUES ('305092101', FALSE, 'פרחים');

INSERT INTO questions (question_id, language_id, topic_id, c_grade_id, level, question_text, explanation, interesting_fact)
VALUES ('305092102', 1, 5092, 2, 2, 'איזה מונח מתאר צמח שחי יותר משנתיים?', '', 'צמחים רב שנתיים צומחים מחדש מדי אביב וחיים יותר משנתיים, לרוב שנים רבות.') ON CONFLICT (question_id) DO UPDATE SET language_id = 1 ,topic_id= 5092,c_grade_id =2,level=2,question_text='איזה מונח מתאר צמח שחי יותר משנתיים?',explanation='',interesting_fact='צמחים רב שנתיים צומחים מחדש מדי אביב וחיים יותר משנתיים, לרוב שנים רבות.';


INSERT INTO answer_options (question_id, correct_answer, answer_text)
VALUES ('305092102', TRUE, 'רַב שְׁנָתִי') ;

INSERT INTO answer_options (question_id, correct_answer, answer_text)
VALUES ('305092102', FALSE, 'שנתי');

INSERT INTO answer_options (question_id, correct_answer, answer_text)
VALUES ('305092102', FALSE, 'דוּ שְׁנָתִי');

INSERT INTO answer_options (question_id, correct_answer, answer_text)
VALUES ('305092102', FALSE, 'צמח נשיר');

INSERT INTO questions (question_id, language_id, topic_id, c_grade_id, level, question_text, explanation, interesting_fact)
VALUES ('305092103', 1, 5092, 3, 3, 'מהו המונח לצמחים הניזונים מחרקים ובעלי חיים קטנים אחרים?', '', 'צמחים טורפים כמו ונוס לוכד הזבובים ופרחי גביע הסתגלו ללכוד ולעכל חרקים.') ON CONFLICT (question_id) DO UPDATE SET language_id = 1 ,topic_id= 5092,c_grade_id =3,level=3,question_text='מהו המונח לצמחים הניזונים מחרקים ובעלי חיים קטנים אחרים?',explanation='',interesting_fact='צמחים טורפים כמו ונוס לוכד הזבובים ופרחי גביע הסתגלו ללכוד ולעכל חרקים.';


INSERT INTO answer_options (question_id, correct_answer, answer_text)
VALUES ('305092103', TRUE, 'צמחים טורפים') ;

INSERT INTO answer_options (question_id, correct_answer, answer_text)
VALUES ('305092103', FALSE, 'צמחים טרופיים');

INSERT INTO answer_options (question_id, correct_answer, answer_text)
VALUES ('305092103', FALSE, 'צמחים אוכלי כל');

INSERT INTO answer_options (question_id, correct_answer, answer_text)
VALUES ('305092103', FALSE, 'צמחים אוטוטרופיים');

INSERT INTO questions (question_id, language_id, topic_id, c_grade_id, level, question_text, explanation, interesting_fact)
VALUES ('305092104', 1, 5092, 4, 4, 'איזה חלק בצמח מעורב ברבייה ולעתים קרובות מושך מאביקים עם צבעיו וריחותיו?', '', 'פרחים הם חלק הרבייה של רוב הצמחים וממלאים תפקיד מכריע בתהליך ההאבקה.') ON CONFLICT (question_id) DO UPDATE SET language_id = 1 ,topic_id= 5092,c_grade_id =4,level=4,question_text='איזה חלק בצמח מעורב ברבייה ולעתים קרובות מושך מאביקים עם צבעיו וריחותיו?',explanation='',interesting_fact='פרחים הם חלק הרבייה של רוב הצמחים וממלאים תפקיד מכריע בתהליך ההאבקה.';


INSERT INTO answer_options (question_id, correct_answer, answer_text)
VALUES ('305092104', TRUE, 'פֶּרַח') ;

INSERT INTO answer_options (question_id, correct_answer, answer_text)
VALUES ('305092104', FALSE, 'עלה');

INSERT INTO answer_options (question_id, correct_answer, answer_text)
VALUES ('305092104', FALSE, 'גֶזַע');

INSERT INTO answer_options (question_id, correct_answer, answer_text)
VALUES ('305092104', FALSE, 'שורש');

INSERT INTO questions (question_id, language_id, topic_id, c_grade_id, level, question_text, explanation, interesting_fact)
VALUES ('305092105', 1, 5092, 5, 5, 'כיצד יודעים מה גילו של עץ?', '', 'כל שנה, רוב העצים מפיקים שכבת עץ חדשה, שיוצרת טבעת נוספת מסביב לגזע. ספירת טבעות העץ יכולה לספק מידע על גילו של העץ') ON CONFLICT (question_id) DO UPDATE SET language_id = 1 ,topic_id= 5092,c_grade_id =5,level=5,question_text='כיצד יודעים מה גילו של עץ?',explanation='',interesting_fact='כל שנה, רוב העצים מפיקים שכבת עץ חדשה, שיוצרת טבעת נוספת מסביב לגזע. ספירת טבעות העץ יכולה לספק מידע על גילו של העץ';


INSERT INTO answer_options (question_id, correct_answer, answer_text)
VALUES ('305092105', TRUE, 'דרך מספר הטבעות שבגזע') ;

INSERT INTO answer_options (question_id, correct_answer, answer_text)
VALUES ('305092105', FALSE, 'לפי גובהו');

INSERT INTO answer_options (question_id, correct_answer, answer_text)
VALUES ('305092105', FALSE, 'לפי עוביו');

INSERT INTO answer_options (question_id, correct_answer, answer_text)
VALUES ('305092105', FALSE, 'לפי כמות העלים');

INSERT INTO questions (question_id, language_id, topic_id, c_grade_id, level, question_text, explanation, interesting_fact)
VALUES ('305093101', 1, 5093, 1, 1, 'איך נקרא הספר הקדוש לאסלאם?', '', 'הקוראן מכיל יותר מ-6,000 פסוקים.') ON CONFLICT (question_id) DO UPDATE SET language_id = 1 ,topic_id= 5093,c_grade_id =1,level=1,question_text='איך נקרא הספר הקדוש לאסלאם?',explanation='',interesting_fact='הקוראן מכיל יותר מ-6,000 פסוקים.';


INSERT INTO answer_options (question_id, correct_answer, answer_text)
VALUES ('305093101', TRUE, 'קוראן') ;

INSERT INTO answer_options (question_id, correct_answer, answer_text)
VALUES ('305093101', FALSE, 'הברית החדשה');

INSERT INTO answer_options (question_id, correct_answer, answer_text)
VALUES ('305093101', FALSE, 'תלמוד בבלי');

INSERT INTO answer_options (question_id, correct_answer, answer_text)
VALUES ('305093101', FALSE, 'ספר השיעה');

INSERT INTO questions (question_id, language_id, topic_id, c_grade_id, level, question_text, explanation, interesting_fact)
VALUES ('305093102', 1, 5093, 2, 2, 'היכן נמצאת העיר מכה, העיר הקדושה ביותר לאיסלאם?', '', 'מוסלמים עורכים חג`, עלייה לרגל למכה, לפחות פעם אחת בחייהם אם הם יכולים.') ON CONFLICT (question_id) DO UPDATE SET language_id = 1 ,topic_id= 5093,c_grade_id =2,level=2,question_text='היכן נמצאת העיר מכה, העיר הקדושה ביותר לאיסלאם?',explanation='',interesting_fact='מוסלמים עורכים חג`, עלייה לרגל למכה, לפחות פעם אחת בחייהם אם הם יכולים.';


INSERT INTO answer_options (question_id, correct_answer, answer_text)
VALUES ('305093102', TRUE, 'בסעודיה') ;

INSERT INTO answer_options (question_id, correct_answer, answer_text)
VALUES ('305093102', FALSE, 'במצרים');

INSERT INTO answer_options (question_id, correct_answer, answer_text)
VALUES ('305093102', FALSE, 'בירדן');

INSERT INTO answer_options (question_id, correct_answer, answer_text)
VALUES ('305093102', FALSE, 'בסוריה');

INSERT INTO questions (question_id, language_id, topic_id, c_grade_id, level, question_text, explanation, interesting_fact)
VALUES ('305093103', 1, 5093, 3, 3, 'כיצד נקרא החג בו עולים לרגל למכה?', '', 'עיד אל-אדחא המכונה גם חג הקורבן, הוא חג מוסלמי המציין את המועד לקיום החג׳, העלייה לרגל למכה.') ON CONFLICT (question_id) DO UPDATE SET language_id = 1 ,topic_id= 5093,c_grade_id =3,level=3,question_text='כיצד נקרא החג בו עולים לרגל למכה?',explanation='',interesting_fact='עיד אל-אדחא המכונה גם חג הקורבן, הוא חג מוסלמי המציין את המועד לקיום החג׳, העלייה לרגל למכה.';


INSERT INTO answer_options (question_id, correct_answer, answer_text)
VALUES ('305093103', TRUE, 'עיד אל אדחא') ;

INSERT INTO answer_options (question_id, correct_answer, answer_text)
VALUES ('305093103', FALSE, 'עיד אל-פיטר');

INSERT INTO answer_options (question_id, correct_answer, answer_text)
VALUES ('305093103', FALSE, 'עיד סעיד');

INSERT INTO answer_options (question_id, correct_answer, answer_text)
VALUES ('305093103', FALSE, 'עיד אל מוחמד');

INSERT INTO questions (question_id, language_id, topic_id, c_grade_id, level, question_text, explanation, interesting_fact)
VALUES ('305093104', 1, 5093, 4, 4, 'מתי מתקיים הצום בחודש הרמדאן?', '', 'אִפְטַאר היא ארוחת הערב השוברת את הצום היומי בחודש הרמדאן. הארוחה נערכת לאחר תפילה לאחר שקיעת השמש. באופן מסורתי, המאכל הראשון שאוכלים באפטאר הוא תמר.') ON CONFLICT (question_id) DO UPDATE SET language_id = 1 ,topic_id= 5093,c_grade_id =4,level=4,question_text='מתי מתקיים הצום בחודש הרמדאן?',explanation='',interesting_fact='אִפְטַאר היא ארוחת הערב השוברת את הצום היומי בחודש הרמדאן. הארוחה נערכת לאחר תפילה לאחר שקיעת השמש. באופן מסורתי, המאכל הראשון שאוכלים באפטאר הוא תמר.';


INSERT INTO answer_options (question_id, correct_answer, answer_text)
VALUES ('305093104', TRUE, 'מעלות השחר עד השקיעה') ;

INSERT INTO answer_options (question_id, correct_answer, answer_text)
VALUES ('305093104', FALSE, 'מהשקיעה עד עלות השחר');

INSERT INTO answer_options (question_id, correct_answer, answer_text)
VALUES ('305093104', FALSE, '24 שעות');

INSERT INTO answer_options (question_id, correct_answer, answer_text)
VALUES ('305093104', FALSE, 'מעלות השחר עד חצות');

INSERT INTO questions (question_id, language_id, topic_id, c_grade_id, level, question_text, explanation, interesting_fact)
VALUES ('305093105', 1, 5093, 5, 5, 'באיזו דת האתר הקדוש ביותר נמצא בעיר מכה?', '', 'מוסלמים עורכים חג`, עלייה לרגל למכה, לפחות פעם אחת בחייהם אם הם יכולים.') ON CONFLICT (question_id) DO UPDATE SET language_id = 1 ,topic_id= 5093,c_grade_id =5,level=5,question_text='באיזו דת האתר הקדוש ביותר נמצא בעיר מכה?',explanation='',interesting_fact='מוסלמים עורכים חג`, עלייה לרגל למכה, לפחות פעם אחת בחייהם אם הם יכולים.';


INSERT INTO answer_options (question_id, correct_answer, answer_text)
VALUES ('305093105', TRUE, 'אִסלַאם') ;

INSERT INTO answer_options (question_id, correct_answer, answer_text)
VALUES ('305093105', FALSE, 'נַצְרוּת');

INSERT INTO answer_options (question_id, correct_answer, answer_text)
VALUES ('305093105', FALSE, 'יַהֲדוּת');

INSERT INTO answer_options (question_id, correct_answer, answer_text)
VALUES ('305093105', FALSE, 'הינדואיזם');

INSERT INTO questions (question_id, language_id, topic_id, c_grade_id, level, question_text, explanation, interesting_fact)
VALUES ('305094101', 1, 5094, 1, 1, 'עם כמה מדינות יש לישראל גבול?', '', 'לישראל יש גבול עם ארבע מדינות: לבנון, סוריה, ירדן ומצרים.') ON CONFLICT (question_id) DO UPDATE SET language_id = 1 ,topic_id= 5094,c_grade_id =1,level=1,question_text='עם כמה מדינות יש לישראל גבול?',explanation='',interesting_fact='לישראל יש גבול עם ארבע מדינות: לבנון, סוריה, ירדן ומצרים.';


INSERT INTO answer_options (question_id, correct_answer, answer_text)
VALUES ('305094101', TRUE, '4') ;

INSERT INTO answer_options (question_id, correct_answer, answer_text)
VALUES ('305094101', FALSE, '3');

INSERT INTO answer_options (question_id, correct_answer, answer_text)
VALUES ('305094101', FALSE, '5');

INSERT INTO answer_options (question_id, correct_answer, answer_text)
VALUES ('305094101', FALSE, '2');

INSERT INTO questions (question_id, language_id, topic_id, c_grade_id, level, question_text, explanation, interesting_fact)
VALUES ('305094102', 1, 5094, 2, 2, 'איזו מדינה מהבאות חולקת גבול עם הכי הרבה מדינות?', '', 'סין חולקת את גבולותיה עם 14 מדינות, סין ורוסיה הן שתי המדינות המובילות במספר המדינות שעימן הן חולקות גבול.') ON CONFLICT (question_id) DO UPDATE SET language_id = 1 ,topic_id= 5094,c_grade_id =2,level=2,question_text='איזו מדינה מהבאות חולקת גבול עם הכי הרבה מדינות?',explanation='',interesting_fact='סין חולקת את גבולותיה עם 14 מדינות, סין ורוסיה הן שתי המדינות המובילות במספר המדינות שעימן הן חולקות גבול.';


INSERT INTO answer_options (question_id, correct_answer, answer_text)
VALUES ('305094102', TRUE, 'סין') ;

INSERT INTO answer_options (question_id, correct_answer, answer_text)
VALUES ('305094102', FALSE, 'אוסטרליה');

INSERT INTO answer_options (question_id, correct_answer, answer_text)
VALUES ('305094102', FALSE, 'בְּרָזִיל');

INSERT INTO answer_options (question_id, correct_answer, answer_text)
VALUES ('305094102', FALSE, 'גֶרמָנִיָה');

INSERT INTO questions (question_id, language_id, topic_id, c_grade_id, level, question_text, explanation, interesting_fact)
VALUES ('305094103', 1, 5094, 3, 3, 'לאיזו מדינה מהבאות יש גבול רק עם מדינה אחת אחרת?', '', 'קנדה חולקת את הגבול היבשתי היחיד שלה עם ארצות הברית, הגבול הבינלאומי הארוך בעולם.') ON CONFLICT (question_id) DO UPDATE SET language_id = 1 ,topic_id= 5094,c_grade_id =3,level=3,question_text='לאיזו מדינה מהבאות יש גבול רק עם מדינה אחת אחרת?',explanation='',interesting_fact='קנדה חולקת את הגבול היבשתי היחיד שלה עם ארצות הברית, הגבול הבינלאומי הארוך בעולם.';


INSERT INTO answer_options (question_id, correct_answer, answer_text)
VALUES ('305094103', TRUE, 'קנדה') ;

INSERT INTO answer_options (question_id, correct_answer, answer_text)
VALUES ('305094103', FALSE, 'צָרְפַת');

INSERT INTO answer_options (question_id, correct_answer, answer_text)
VALUES ('305094103', FALSE, 'גֶרמָנִיָה');

INSERT INTO answer_options (question_id, correct_answer, answer_text)
VALUES ('305094103', FALSE, 'בְּרָזִיל');

INSERT INTO questions (question_id, language_id, topic_id, c_grade_id, level, question_text, explanation, interesting_fact)
VALUES ('305094104', 1, 5094, 4, 4, 'איזו מהמדינות הללו היא מדינת אי ללא גבולות יבשתיים?', '', 'אוסטרליה היא מדינת אי ללא גבולות יבשתיים. גם אינדונזיה, מלזיה ובריטניה שוכנות על איים, אולם אלו איים דו מדינתיים עם גבולות יבשתיים ביניהן.') ON CONFLICT (question_id) DO UPDATE SET language_id = 1 ,topic_id= 5094,c_grade_id =4,level=4,question_text='איזו מהמדינות הללו היא מדינת אי ללא גבולות יבשתיים?',explanation='',interesting_fact='אוסטרליה היא מדינת אי ללא גבולות יבשתיים. גם אינדונזיה, מלזיה ובריטניה שוכנות על איים, אולם אלו איים דו מדינתיים עם גבולות יבשתיים ביניהן.';


INSERT INTO answer_options (question_id, correct_answer, answer_text)
VALUES ('305094104', TRUE, 'אוסטרליה') ;

INSERT INTO answer_options (question_id, correct_answer, answer_text)
VALUES ('305094104', FALSE, 'אינדונזיה');

INSERT INTO answer_options (question_id, correct_answer, answer_text)
VALUES ('305094104', FALSE, 'מלזיה');

INSERT INTO answer_options (question_id, correct_answer, answer_text)
VALUES ('305094104', FALSE, 'בריטניה');

INSERT INTO questions (question_id, language_id, topic_id, c_grade_id, level, question_text, explanation, interesting_fact)
VALUES ('305094105', 1, 5094, 5, 5, 'איזו מדינה באי הבריטי חולקת גבול עם בריטניה?', '', 'אירלנד חולקת גבול עם בריטניה (צפון אירלנד), מה שהופך אותה לגבול היבשתי היחיד שיש לבריטניה.') ON CONFLICT (question_id) DO UPDATE SET language_id = 1 ,topic_id= 5094,c_grade_id =5,level=5,question_text='איזו מדינה באי הבריטי חולקת גבול עם בריטניה?',explanation='',interesting_fact='אירלנד חולקת גבול עם בריטניה (צפון אירלנד), מה שהופך אותה לגבול היבשתי היחיד שיש לבריטניה.';


INSERT INTO answer_options (question_id, correct_answer, answer_text)
VALUES ('305094105', TRUE, 'אירלנד') ;

INSERT INTO answer_options (question_id, correct_answer, answer_text)
VALUES ('305094105', FALSE, 'צָרְפַת');

INSERT INTO answer_options (question_id, correct_answer, answer_text)
VALUES ('305094105', FALSE, 'אִיסלַנד');

INSERT INTO answer_options (question_id, correct_answer, answer_text)
VALUES ('305094105', FALSE, 'נורווגיה');

INSERT INTO questions (question_id, language_id, topic_id, c_grade_id, level, question_text, explanation, interesting_fact)
VALUES ('305095101', 1, 5095, 1, 1, 'איזו שיטת ממשל מאופיינת בשלטון העם, במישרין או באמצעות נציגים נבחרים?', '', 'במדינה דמוקרטית, לאזרחים יש את הכוח להחליט על חקיקה ולבחור את מנהיגיהם.') ON CONFLICT (question_id) DO UPDATE SET language_id = 1 ,topic_id= 5095,c_grade_id =1,level=1,question_text='איזו שיטת ממשל מאופיינת בשלטון העם, במישרין או באמצעות נציגים נבחרים?',explanation='',interesting_fact='במדינה דמוקרטית, לאזרחים יש את הכוח להחליט על חקיקה ולבחור את מנהיגיהם.';


INSERT INTO answer_options (question_id, correct_answer, answer_text)
VALUES ('305095101', TRUE, 'דֵמוֹקרָטִיָה') ;

INSERT INTO answer_options (question_id, correct_answer, answer_text)
VALUES ('305095101', FALSE, 'מוֹנַרכִיָה');

INSERT INTO answer_options (question_id, correct_answer, answer_text)
VALUES ('305095101', FALSE, 'אוֹלִיגַרכְיָה');

INSERT INTO answer_options (question_id, correct_answer, answer_text)
VALUES ('305095101', FALSE, 'הפרדת רשויות');

INSERT INTO questions (question_id, language_id, topic_id, c_grade_id, level, question_text, explanation, interesting_fact)
VALUES ('305095102', 1, 5095, 2, 2, 'איך נקרא בדרך כלל גוף מחוקק של ממשלה?', '', 'הפרלמנטים אחראים לחוקק חוקים, והמבנה שלהם יכול להשתנות בין מדינות.') ON CONFLICT (question_id) DO UPDATE SET language_id = 1 ,topic_id= 5095,c_grade_id =2,level=2,question_text='איך נקרא בדרך כלל גוף מחוקק של ממשלה?',explanation='',interesting_fact='הפרלמנטים אחראים לחוקק חוקים, והמבנה שלהם יכול להשתנות בין מדינות.';


INSERT INTO answer_options (question_id, correct_answer, answer_text)
VALUES ('305095102', TRUE, 'פַּרלָמֶנט') ;

INSERT INTO answer_options (question_id, correct_answer, answer_text)
VALUES ('305095102', FALSE, 'ועד');

INSERT INTO answer_options (question_id, correct_answer, answer_text)
VALUES ('305095102', FALSE, 'ממשלה');

INSERT INTO answer_options (question_id, correct_answer, answer_text)
VALUES ('305095102', FALSE, 'קבינט');

INSERT INTO questions (question_id, language_id, topic_id, c_grade_id, level, question_text, explanation, interesting_fact)
VALUES ('305095103', 1, 5095, 3, 3, 'איזה מונח מתייחס לממשל של מנהיג יחיד בעל כוח מוחלט, שלעתים קרובות נלקח בכוח?', '', 'דיקטטורה מאופיינת לרוב בשליטה מוחלטת של מנהיג יחיד, והיעדר חופש ביטוי של אזרחי המדינה.') ON CONFLICT (question_id) DO UPDATE SET language_id = 1 ,topic_id= 5095,c_grade_id =3,level=3,question_text='איזה מונח מתייחס לממשל של מנהיג יחיד בעל כוח מוחלט, שלעתים קרובות נלקח בכוח?',explanation='',interesting_fact='דיקטטורה מאופיינת לרוב בשליטה מוחלטת של מנהיג יחיד, והיעדר חופש ביטוי של אזרחי המדינה.';


INSERT INTO answer_options (question_id, correct_answer, answer_text)
VALUES ('305095103', TRUE, 'דיקטטורה') ;

INSERT INTO answer_options (question_id, correct_answer, answer_text)
VALUES ('305095103', FALSE, 'שַׁמְרָנוּת');

INSERT INTO answer_options (question_id, correct_answer, answer_text)
VALUES ('305095103', FALSE, 'אוֹלִיגַרכְיָה');

INSERT INTO answer_options (question_id, correct_answer, answer_text)
VALUES ('305095103', FALSE, 'רפובליקה');

INSERT INTO questions (question_id, language_id, topic_id, c_grade_id, level, question_text, explanation, interesting_fact)
VALUES ('305095104', 1, 5095, 4, 4, 'איזו אידיאולוגיה מדגישה מסורת, ומעדיפה התפתחות הדרגתית על פני שינוי קיצוני?', '', 'השמרנות היא תפיסה המעדיפה את מה שקיים על פני מה שחדש, ומאמינה שכפיית שינויים דרסטיים צפויה להזיק יותר מאשר להועיל.') ON CONFLICT (question_id) DO UPDATE SET language_id = 1 ,topic_id= 5095,c_grade_id =4,level=4,question_text='איזו אידיאולוגיה מדגישה מסורת, ומעדיפה התפתחות הדרגתית על פני שינוי קיצוני?',explanation='',interesting_fact='השמרנות היא תפיסה המעדיפה את מה שקיים על פני מה שחדש, ומאמינה שכפיית שינויים דרסטיים צפויה להזיק יותר מאשר להועיל.';


INSERT INTO answer_options (question_id, correct_answer, answer_text)
VALUES ('305095104', TRUE, 'שַׁמְרָנוּת') ;

INSERT INTO answer_options (question_id, correct_answer, answer_text)
VALUES ('305095104', FALSE, 'לִיבֵּרָלִיוּת');

INSERT INTO answer_options (question_id, correct_answer, answer_text)
VALUES ('305095104', FALSE, 'מרקסיזם');

INSERT INTO answer_options (question_id, correct_answer, answer_text)
VALUES ('305095104', FALSE, 'אנרכיזם');

INSERT INTO questions (question_id, language_id, topic_id, c_grade_id, level, question_text, explanation, interesting_fact)
VALUES ('305095105', 1, 5095, 5, 5, 'כיצד נקרא המצב של היעדר ממשלה או היעדר שלטון יציב?', '', 'ניתן להשתמש במילה על מנת לתאר מצב בו מתקיים אי-סדר באזור מסוים ו"איש הישר בעיניו יעשה" (כגון בעת מהומות אלימות).') ON CONFLICT (question_id) DO UPDATE SET language_id = 1 ,topic_id= 5095,c_grade_id =5,level=5,question_text='כיצד נקרא המצב של היעדר ממשלה או היעדר שלטון יציב?',explanation='',interesting_fact='ניתן להשתמש במילה על מנת לתאר מצב בו מתקיים אי-סדר באזור מסוים ו"איש הישר בעיניו יעשה" (כגון בעת מהומות אלימות).';


INSERT INTO answer_options (question_id, correct_answer, answer_text)
VALUES ('305095105', TRUE, 'אֲנַרכִיָה') ;

INSERT INTO answer_options (question_id, correct_answer, answer_text)
VALUES ('305095105', FALSE, 'מוֹנַרכִיָה');

INSERT INTO answer_options (question_id, correct_answer, answer_text)
VALUES ('305095105', FALSE, 'פדרליזם');

INSERT INTO answer_options (question_id, correct_answer, answer_text)
VALUES ('305095105', FALSE, 'טוטליטריות');

INSERT INTO questions (question_id, language_id, topic_id, c_grade_id, level, question_text, explanation, interesting_fact)
VALUES ('305096101', 1, 5096, 1, 1, 'באיזה ים או אוקינוס גובלת ישראל?', '', 'ישראל ממוקמת באופן ייחודי עם קווי חוף של הים התיכון והים האדום.') ON CONFLICT (question_id) DO UPDATE SET language_id = 1 ,topic_id= 5096,c_grade_id =1,level=1,question_text='באיזה ים או אוקינוס גובלת ישראל?',explanation='',interesting_fact='ישראל ממוקמת באופן ייחודי עם קווי חוף של הים התיכון והים האדום.';


INSERT INTO answer_options (question_id, correct_answer, answer_text)
VALUES ('305096101', TRUE, 'הים התיכון וים סוף') ;

INSERT INTO answer_options (question_id, correct_answer, answer_text)
VALUES ('305096101', FALSE, 'אוקיינוס האטלנטי');

INSERT INTO answer_options (question_id, correct_answer, answer_text)
VALUES ('305096101', FALSE, 'האוקיינוס ההודי');

INSERT INTO answer_options (question_id, correct_answer, answer_text)
VALUES ('305096101', FALSE, 'האוקיינוס השקט');

INSERT INTO questions (question_id, language_id, topic_id, c_grade_id, level, question_text, explanation, interesting_fact)
VALUES ('305096102', 1, 5096, 2, 2, 'מה משותף לשוויץ, מונגוליה ובוליביה?', '', 'יש כ-44 מדינות בעולם שאין להן קו חוף ישיר לאוקיינוס או לים. אלו נמצאות בכל היבשות למעט אוסטרליה.') ON CONFLICT (question_id) DO UPDATE SET language_id = 1 ,topic_id= 5096,c_grade_id =2,level=2,question_text='מה משותף לשוויץ, מונגוליה ובוליביה?',explanation='',interesting_fact='יש כ-44 מדינות בעולם שאין להן קו חוף ישיר לאוקיינוס או לים. אלו נמצאות בכל היבשות למעט אוסטרליה.';


INSERT INTO answer_options (question_id, correct_answer, answer_text)
VALUES ('305096102', TRUE, 'אין להן שום גישה לים (או אוקינוס)') ;

INSERT INTO answer_options (question_id, correct_answer, answer_text)
VALUES ('305096102', FALSE, 'כולן באירופה');

INSERT INTO answer_options (question_id, correct_answer, answer_text)
VALUES ('305096102', FALSE, 'כולן מעל קו המשווה');

INSERT INTO answer_options (question_id, correct_answer, answer_text)
VALUES ('305096102', FALSE, 'לכולן חוף עם האוקינוס האטלנטי');

INSERT INTO questions (question_id, language_id, topic_id, c_grade_id, level, question_text, explanation, interesting_fact)
VALUES ('305096103', 1, 5096, 3, 3, 'האם רוב מדינות העולם גובלות בחוף ים או אוקינוס?', '', 'לרוב מדינות העולם (כ 150) יש חוף לים או אוקינוס.') ON CONFLICT (question_id) DO UPDATE SET language_id = 1 ,topic_id= 5096,c_grade_id =3,level=3,question_text='האם רוב מדינות העולם גובלות בחוף ים או אוקינוס?',explanation='',interesting_fact='לרוב מדינות העולם (כ 150) יש חוף לים או אוקינוס.';


INSERT INTO answer_options (question_id, correct_answer, answer_text)
VALUES ('305096103', TRUE, 'כן') ;

INSERT INTO answer_options (question_id, correct_answer, answer_text)
VALUES ('305096103', FALSE, 'לא');

INSERT INTO answer_options (question_id, correct_answer, answer_text)
VALUES ('305096103', FALSE, 'תלוי בסיבוב כדור הארץ');

INSERT INTO answer_options (question_id, correct_answer, answer_text)
VALUES ('305096103', FALSE, 'בערך חצי חצי');

INSERT INTO questions (question_id, language_id, topic_id, c_grade_id, level, question_text, explanation, interesting_fact)
VALUES ('305096104', 1, 5096, 4, 4, 'באיזה אוקיינוס גובלת ארצות הברית?', '', 'לארצות הברית יש קווי חוף באוקיינוס השקט במערב ולאוקיינוס האטלנטי במזרח') ON CONFLICT (question_id) DO UPDATE SET language_id = 1 ,topic_id= 5096,c_grade_id =4,level=4,question_text='באיזה אוקיינוס גובלת ארצות הברית?',explanation='',interesting_fact='לארצות הברית יש קווי חוף באוקיינוס השקט במערב ולאוקיינוס האטלנטי במזרח';


INSERT INTO answer_options (question_id, correct_answer, answer_text)
VALUES ('305096104', TRUE, 'האוקיינוסים השקט והאטלנטי') ;

INSERT INTO answer_options (question_id, correct_answer, answer_text)
VALUES ('305096104', FALSE, 'האוקיינוס ההודי');

INSERT INTO answer_options (question_id, correct_answer, answer_text)
VALUES ('305096104', FALSE, 'האוקיינוס השקט');

INSERT INTO answer_options (question_id, correct_answer, answer_text)
VALUES ('305096104', FALSE, 'האוקיינוס הדרומי');

INSERT INTO questions (question_id, language_id, topic_id, c_grade_id, level, question_text, explanation, interesting_fact)
VALUES ('305096105', 1, 5096, 5, 5, 'באיזה אוקיינוס גובלת יפן?', '', 'יפן היא מדינת איים באוקיינוס השקט, הידועה בהיסטוריה העשירה ובהתקדמות הטכנולוגית שלה.') ON CONFLICT (question_id) DO UPDATE SET language_id = 1 ,topic_id= 5096,c_grade_id =5,level=5,question_text='באיזה אוקיינוס גובלת יפן?',explanation='',interesting_fact='יפן היא מדינת איים באוקיינוס השקט, הידועה בהיסטוריה העשירה ובהתקדמות הטכנולוגית שלה.';


INSERT INTO answer_options (question_id, correct_answer, answer_text)
VALUES ('305096105', TRUE, 'האוקיינוס השקט') ;

INSERT INTO answer_options (question_id, correct_answer, answer_text)
VALUES ('305096105', FALSE, 'האוקיינוס ההודי');

INSERT INTO answer_options (question_id, correct_answer, answer_text)
VALUES ('305096105', FALSE, 'אוקיינוס האטלנטי');

INSERT INTO answer_options (question_id, correct_answer, answer_text)
VALUES ('305096105', FALSE, 'האוקיינוס הארקטי');

INSERT INTO questions (question_id, language_id, topic_id, c_grade_id, level, question_text, explanation, interesting_fact)
VALUES ('305097101', 1, 5097, 1, 1, 'איזו מדינה ידועה בסושי שלה, מנה של אורז המוגש עם דגים או ירקות?', '', 'סושי, במקור שיטה לשימור דגים, התפתח לצורת אמנות קולינרית יפנית פופולרית.') ON CONFLICT (question_id) DO UPDATE SET language_id = 1 ,topic_id= 5097,c_grade_id =1,level=1,question_text='איזו מדינה ידועה בסושי שלה, מנה של אורז המוגש עם דגים או ירקות?',explanation='',interesting_fact='סושי, במקור שיטה לשימור דגים, התפתח לצורת אמנות קולינרית יפנית פופולרית.';


INSERT INTO answer_options (question_id, correct_answer, answer_text)
VALUES ('305097101', TRUE, 'יפן') ;

INSERT INTO answer_options (question_id, correct_answer, answer_text)
VALUES ('305097101', FALSE, 'סין');

INSERT INTO answer_options (question_id, correct_answer, answer_text)
VALUES ('305097101', FALSE, 'תאילנד');

INSERT INTO answer_options (question_id, correct_answer, answer_text)
VALUES ('305097101', FALSE, 'הוֹדוּ');

INSERT INTO questions (question_id, language_id, topic_id, c_grade_id, level, question_text, explanation, interesting_fact)
VALUES ('305097102', 1, 5097, 2, 2, 'מהיכן מקורם של תפוחי אדמה, תירס ועגבניות?', '', 'תפוחי אדמה בויתו לראשונה באזור האנדים ולאחר מכן הובאו לאירופה על ידי הספרדים במאה ה-16. משמע לפני 500 שנה לא היו באירופה תפוחי אדמה.') ON CONFLICT (question_id) DO UPDATE SET language_id = 1 ,topic_id= 5097,c_grade_id =2,level=2,question_text='מהיכן מקורם של תפוחי אדמה, תירס ועגבניות?',explanation='',interesting_fact='תפוחי אדמה בויתו לראשונה באזור האנדים ולאחר מכן הובאו לאירופה על ידי הספרדים במאה ה-16. משמע לפני 500 שנה לא היו באירופה תפוחי אדמה.';


INSERT INTO answer_options (question_id, correct_answer, answer_text)
VALUES ('305097102', TRUE, 'יבשת אמריקה') ;

INSERT INTO answer_options (question_id, correct_answer, answer_text)
VALUES ('305097102', FALSE, 'אֵירוֹפָּה');

INSERT INTO answer_options (question_id, correct_answer, answer_text)
VALUES ('305097102', FALSE, 'אַסְיָה');

INSERT INTO answer_options (question_id, correct_answer, answer_text)
VALUES ('305097102', FALSE, 'אפריקה');

INSERT INTO questions (question_id, language_id, topic_id, c_grade_id, level, question_text, explanation, interesting_fact)
VALUES ('305097103', 1, 5097, 3, 3, 'מאיזו מדינה מקורו של השוקולד, שנצרך במקור כמשקה מר?', '', 'השוקולד שימש לראשונה את האצטקים, שצרכו אותו כמשקה מר מעורבב עם תבלינים או יין.') ON CONFLICT (question_id) DO UPDATE SET language_id = 1 ,topic_id= 5097,c_grade_id =3,level=3,question_text='מאיזו מדינה מקורו של השוקולד, שנצרך במקור כמשקה מר?',explanation='',interesting_fact='השוקולד שימש לראשונה את האצטקים, שצרכו אותו כמשקה מר מעורבב עם תבלינים או יין.';


INSERT INTO answer_options (question_id, correct_answer, answer_text)
VALUES ('305097103', TRUE, 'מקסיקו') ;

INSERT INTO answer_options (question_id, correct_answer, answer_text)
VALUES ('305097103', FALSE, 'שוויץ');

INSERT INTO answer_options (question_id, correct_answer, answer_text)
VALUES ('305097103', FALSE, 'בלגיה');

INSERT INTO answer_options (question_id, correct_answer, answer_text)
VALUES ('305097103', FALSE, 'ארצות הברית');

INSERT INTO questions (question_id, language_id, topic_id, c_grade_id, level, question_text, explanation, interesting_fact)
VALUES ('305097104', 1, 5097, 4, 4, 'באיזה אזור בעולם האורז הוא המזון העיקרי במטבחים המקומיים?', '', 'אורז הוא מרכיב בסיסי במטבחים אסיאתיים רבים, במיוחד במדינות כמו סין, יפן ותאילנד.') ON CONFLICT (question_id) DO UPDATE SET language_id = 1 ,topic_id= 5097,c_grade_id =4,level=4,question_text='באיזה אזור בעולם האורז הוא המזון העיקרי במטבחים המקומיים?',explanation='',interesting_fact='אורז הוא מרכיב בסיסי במטבחים אסיאתיים רבים, במיוחד במדינות כמו סין, יפן ותאילנד.';


INSERT INTO answer_options (question_id, correct_answer, answer_text)
VALUES ('305097104', TRUE, 'מזרח אסיה ודרום מזרח אסיה') ;

INSERT INTO answer_options (question_id, correct_answer, answer_text)
VALUES ('305097104', FALSE, 'מערב אירופה');

INSERT INTO answer_options (question_id, correct_answer, answer_text)
VALUES ('305097104', FALSE, 'צפון אמריקה');

INSERT INTO answer_options (question_id, correct_answer, answer_text)
VALUES ('305097104', FALSE, 'אוֹסטְרַלִיָה');

INSERT INTO questions (question_id, language_id, topic_id, c_grade_id, level, question_text, explanation, interesting_fact)
VALUES ('305097105', 1, 5097, 5, 5, 'באיזה חלק של העולם "ארוחת תירס" היא מזון עיקרי, המוכן לרוב כדייסה או בצק הנקרא "אוגלי" או "סדזה"?', '', 'מקורו של התירס במרכז-אמריקה אולם במדינות רבות באפריקה שמדרום לסהרה, ארוחת תירס היא מזון עיקרי, המוכן במנות כמו אוגלי (מזרח אפריקה) וסדזה (זימבווה).') ON CONFLICT (question_id) DO UPDATE SET language_id = 1 ,topic_id= 5097,c_grade_id =5,level=5,question_text='באיזה חלק של העולם "ארוחת תירס" היא מזון עיקרי, המוכן לרוב כדייסה או בצק הנקרא "אוגלי" או "סדזה"?',explanation='',interesting_fact='מקורו של התירס במרכז-אמריקה אולם במדינות רבות באפריקה שמדרום לסהרה, ארוחת תירס היא מזון עיקרי, המוכן במנות כמו אוגלי (מזרח אפריקה) וסדזה (זימבווה).';


INSERT INTO answer_options (question_id, correct_answer, answer_text)
VALUES ('305097105', TRUE, 'אפריקה שמדרום לסהרה') ;

INSERT INTO answer_options (question_id, correct_answer, answer_text)
VALUES ('305097105', FALSE, 'דרום מזרח אסיה');

INSERT INTO answer_options (question_id, correct_answer, answer_text)
VALUES ('305097105', FALSE, 'אירופה הצפונית');

INSERT INTO answer_options (question_id, correct_answer, answer_text)
VALUES ('305097105', FALSE, 'דרום אמריקה');

INSERT INTO questions (question_id, language_id, topic_id, c_grade_id, level, question_text, explanation, interesting_fact)
VALUES ('305098101', 1, 5098, 1, 1, 'מהו חג מתן תורה?', '', 'שם זה אינו מופיע בתורה, והוא ניתן בעקבות המסורת לפיה ביום זה נערך מעמד הר סיני, שבו אלוהים התגלה אל עם ישראל והורה להם את עשרת הדיברות.') ON CONFLICT (question_id) DO UPDATE SET language_id = 1 ,topic_id= 5098,c_grade_id =1,level=1,question_text='מהו חג מתן תורה?',explanation='',interesting_fact='שם זה אינו מופיע בתורה, והוא ניתן בעקבות המסורת לפיה ביום זה נערך מעמד הר סיני, שבו אלוהים התגלה אל עם ישראל והורה להם את עשרת הדיברות.';


INSERT INTO answer_options (question_id, correct_answer, answer_text)
VALUES ('305098101', TRUE, 'חג שבועות') ;

INSERT INTO answer_options (question_id, correct_answer, answer_text)
VALUES ('305098101', FALSE, 'חג פסח');

INSERT INTO answer_options (question_id, correct_answer, answer_text)
VALUES ('305098101', FALSE, 'חג סוכות');

INSERT INTO answer_options (question_id, correct_answer, answer_text)
VALUES ('305098101', FALSE, 'ראש השנה');

INSERT INTO questions (question_id, language_id, topic_id, c_grade_id, level, question_text, explanation, interesting_fact)
VALUES ('305098102', 1, 5098, 2, 2, 'איזו מגילה נוהגים לקרוא בבתי הכנסת בחג השבועות?', '', 'מגילת רות נקראת מכיוון שאירועיה התרחשו בסביבות עונת הקציר של שבועות.') ON CONFLICT (question_id) DO UPDATE SET language_id = 1 ,topic_id= 5098,c_grade_id =2,level=2,question_text='איזו מגילה נוהגים לקרוא בבתי הכנסת בחג השבועות?',explanation='',interesting_fact='מגילת רות נקראת מכיוון שאירועיה התרחשו בסביבות עונת הקציר של שבועות.';


INSERT INTO answer_options (question_id, correct_answer, answer_text)
VALUES ('305098102', TRUE, 'מגילת רות') ;

INSERT INTO answer_options (question_id, correct_answer, answer_text)
VALUES ('305098102', FALSE, 'מגילת אסתר');

INSERT INTO answer_options (question_id, correct_answer, answer_text)
VALUES ('305098102', FALSE, 'ספר תהילים');

INSERT INTO answer_options (question_id, correct_answer, answer_text)
VALUES ('305098102', FALSE, 'ספר בראשית');

INSERT INTO questions (question_id, language_id, topic_id, c_grade_id, level, question_text, explanation, interesting_fact)
VALUES ('305098103', 1, 5098, 3, 3, 'כמה ימים נמשך חג השבועות בארץ ישראל?', '', 'בתפוצות מציינים את חג השבועות במשך יומיים ואילו בארץ הוא נמשך יום אחד בלבד.') ON CONFLICT (question_id) DO UPDATE SET language_id = 1 ,topic_id= 5098,c_grade_id =3,level=3,question_text='כמה ימים נמשך חג השבועות בארץ ישראל?',explanation='',interesting_fact='בתפוצות מציינים את חג השבועות במשך יומיים ואילו בארץ הוא נמשך יום אחד בלבד.';


INSERT INTO answer_options (question_id, correct_answer, answer_text)
VALUES ('305098103', TRUE, 'יום אחד') ;

INSERT INTO answer_options (question_id, correct_answer, answer_text)
VALUES ('305098103', FALSE, '2 ימים');

INSERT INTO answer_options (question_id, correct_answer, answer_text)
VALUES ('305098103', FALSE, '7 שבועות');

INSERT INTO answer_options (question_id, correct_answer, answer_text)
VALUES ('305098103', FALSE, '49 ימים');

INSERT INTO questions (question_id, language_id, topic_id, c_grade_id, level, question_text, explanation, interesting_fact)
VALUES ('305098104', 1, 5098, 4, 4, 'איזה היבט חקלאי קשור גם לשבועות?', '', 'חג השבועות מקושר לקציר החיטה בארץ ישראל ומכונה גם "חג הקציר".') ON CONFLICT (question_id) DO UPDATE SET language_id = 1 ,topic_id= 5098,c_grade_id =4,level=4,question_text='איזה היבט חקלאי קשור גם לשבועות?',explanation='',interesting_fact='חג השבועות מקושר לקציר החיטה בארץ ישראל ומכונה גם "חג הקציר".';


INSERT INTO answer_options (question_id, correct_answer, answer_text)
VALUES ('305098104', TRUE, 'קציר חיטה') ;

INSERT INTO answer_options (question_id, correct_answer, answer_text)
VALUES ('305098104', FALSE, 'קציר ענבים');

INSERT INTO answer_options (question_id, correct_answer, answer_text)
VALUES ('305098104', FALSE, 'מָסִיק');

INSERT INTO answer_options (question_id, correct_answer, answer_text)
VALUES ('305098104', FALSE, 'קציר תאנים');

INSERT INTO questions (question_id, language_id, topic_id, c_grade_id, level, question_text, explanation, interesting_fact)
VALUES ('305098105', 1, 5098, 5, 5, 'איזה מהבאים אינו שם של חג שבועות?', '', 'בִּכּוּרִים הם כינוי לפירות הראשונים של השנה משבעת המינים. מצווה מהתורה להביא את הביכורים לבית המקדש ולהעניקם במתנה לכהנים.') ON CONFLICT (question_id) DO UPDATE SET language_id = 1 ,topic_id= 5098,c_grade_id =5,level=5,question_text='איזה מהבאים אינו שם של חג שבועות?',explanation='',interesting_fact='בִּכּוּרִים הם כינוי לפירות הראשונים של השנה משבעת המינים. מצווה מהתורה להביא את הביכורים לבית המקדש ולהעניקם במתנה לכהנים.';


INSERT INTO answer_options (question_id, correct_answer, answer_text)
VALUES ('305098105', TRUE, 'חג הכיפורים') ;

INSERT INTO answer_options (question_id, correct_answer, answer_text)
VALUES ('305098105', FALSE, 'חג הביכורים');

INSERT INTO answer_options (question_id, correct_answer, answer_text)
VALUES ('305098105', FALSE, 'חג הקציר');

INSERT INTO answer_options (question_id, correct_answer, answer_text)
VALUES ('305098105', FALSE, 'חג מתן תורה');

INSERT INTO questions (question_id, language_id, topic_id, c_grade_id, level, question_text, explanation, interesting_fact)
VALUES ('305099101', 1, 5099, 1, 1, 'מיצר גיברלטר מחבר את הים התיכון לאיזה אוקיינוס?', '', 'מיצר גיברלטר מחבר את הים התיכון לאוקיינוס האטלנטי, ומאפשר זרימת מים בין השניים.') ON CONFLICT (question_id) DO UPDATE SET language_id = 1 ,topic_id= 5099,c_grade_id =1,level=1,question_text='מיצר גיברלטר מחבר את הים התיכון לאיזה אוקיינוס?',explanation='',interesting_fact='מיצר גיברלטר מחבר את הים התיכון לאוקיינוס האטלנטי, ומאפשר זרימת מים בין השניים.';


INSERT INTO answer_options (question_id, correct_answer, answer_text)
VALUES ('305099101', TRUE, 'האוקיינוס האטלנטי') ;

INSERT INTO answer_options (question_id, correct_answer, answer_text)
VALUES ('305099101', FALSE, 'ים סוף');

INSERT INTO answer_options (question_id, correct_answer, answer_text)
VALUES ('305099101', FALSE, 'הים הקריבי');

INSERT INTO answer_options (question_id, correct_answer, answer_text)
VALUES ('305099101', FALSE, 'הים השחור');

INSERT INTO questions (question_id, language_id, topic_id, c_grade_id, level, question_text, explanation, interesting_fact)
VALUES ('305099102', 1, 5099, 2, 2, 'מיצר הבוספורוס מחבר את הים השחור לאיזה ים?', '', 'מיצר הבוספורוס מחבר את הים השחור לים התיכון. כמו כן הוא מחלק את העיר איסטנבול- מפריד בין החלק האירופי של טורקיה לחלק האסייתי שלה.') ON CONFLICT (question_id) DO UPDATE SET language_id = 1 ,topic_id= 5099,c_grade_id =2,level=2,question_text='מיצר הבוספורוס מחבר את הים השחור לאיזה ים?',explanation='',interesting_fact='מיצר הבוספורוס מחבר את הים השחור לים התיכון. כמו כן הוא מחלק את העיר איסטנבול- מפריד בין החלק האירופי של טורקיה לחלק האסייתי שלה.';


INSERT INTO answer_options (question_id, correct_answer, answer_text)
VALUES ('305099102', TRUE, 'הים התיכון') ;

INSERT INTO answer_options (question_id, correct_answer, answer_text)
VALUES ('305099102', FALSE, 'ים סוף');

INSERT INTO answer_options (question_id, correct_answer, answer_text)
VALUES ('305099102', FALSE, 'הים הקריבי');

INSERT INTO answer_options (question_id, correct_answer, answer_text)
VALUES ('305099102', FALSE, 'האוקיינוס ההודי');

INSERT INTO questions (question_id, language_id, topic_id, c_grade_id, level, question_text, explanation, interesting_fact)
VALUES ('305099103', 1, 5099, 3, 3, 'תעלת סואץ מחברת את הים התיכון לאיזה ים?', '', 'תעלת סואץ מאפשרת תעבורה ימית בין הים התיכון לים האדום (ים סוף). כך היא מספקת קיצור דרך חיוני לספינות הנוסעות בין אירופה לאסיה. אחרת הן צריכות להקיף את כל יבשת אפריקה!') ON CONFLICT (question_id) DO UPDATE SET language_id = 1 ,topic_id= 5099,c_grade_id =3,level=3,question_text='תעלת סואץ מחברת את הים התיכון לאיזה ים?',explanation='',interesting_fact='תעלת סואץ מאפשרת תעבורה ימית בין הים התיכון לים האדום (ים סוף). כך היא מספקת קיצור דרך חיוני לספינות הנוסעות בין אירופה לאסיה. אחרת הן צריכות להקיף את כל יבשת אפריקה!';


INSERT INTO answer_options (question_id, correct_answer, answer_text)
VALUES ('305099103', TRUE, 'ים סוף') ;

INSERT INTO answer_options (question_id, correct_answer, answer_text)
VALUES ('305099103', FALSE, 'הים הקריבי');

INSERT INTO answer_options (question_id, correct_answer, answer_text)
VALUES ('305099103', FALSE, 'ים סין הדרומי');

INSERT INTO answer_options (question_id, correct_answer, answer_text)
VALUES ('305099103', FALSE, 'הים הבלטי');

INSERT INTO questions (question_id, language_id, topic_id, c_grade_id, level, question_text, explanation, interesting_fact)
VALUES ('305099104', 1, 5099, 4, 4, 'תעלת למאנש מפרידה בין אילו שתי מדינות?', '', 'תעלת למאנש מפרידה בין החוף הדרומי של אנגליה לחוף הצפוני של צרפת.') ON CONFLICT (question_id) DO UPDATE SET language_id = 1 ,topic_id= 5099,c_grade_id =4,level=4,question_text='תעלת למאנש מפרידה בין אילו שתי מדינות?',explanation='',interesting_fact='תעלת למאנש מפרידה בין החוף הדרומי של אנגליה לחוף הצפוני של צרפת.';


INSERT INTO answer_options (question_id, correct_answer, answer_text)
VALUES ('305099104', TRUE, 'צרפת ואנגליה') ;

INSERT INTO answer_options (question_id, correct_answer, answer_text)
VALUES ('305099104', FALSE, 'איטליה ויוון');

INSERT INTO answer_options (question_id, correct_answer, answer_text)
VALUES ('305099104', FALSE, 'יפן ודרום קוריאה');

INSERT INTO answer_options (question_id, correct_answer, answer_text)
VALUES ('305099104', FALSE, 'אוסטרליה וניו זילנד');

INSERT INTO questions (question_id, language_id, topic_id, c_grade_id, level, question_text, explanation, interesting_fact)
VALUES ('305099105', 1, 5099, 5, 5, 'מיצר גיברלטר מפריד בין אילו שתי יבשות?', '', 'מיצר גיברלטר מפריד בין הקצה הדרומי של ספרד (אירופה) לקצה הצפוני של מרוקו (אפריקה), ומחבר את האוקיינוס האטלנטי לים התיכון.') ON CONFLICT (question_id) DO UPDATE SET language_id = 1 ,topic_id= 5099,c_grade_id =5,level=5,question_text='מיצר גיברלטר מפריד בין אילו שתי יבשות?',explanation='',interesting_fact='מיצר גיברלטר מפריד בין הקצה הדרומי של ספרד (אירופה) לקצה הצפוני של מרוקו (אפריקה), ומחבר את האוקיינוס האטלנטי לים התיכון.';


INSERT INTO answer_options (question_id, correct_answer, answer_text)
VALUES ('305099105', TRUE, 'אירופה ואפריקה') ;

INSERT INTO answer_options (question_id, correct_answer, answer_text)
VALUES ('305099105', FALSE, 'אירופה ואסיה');

INSERT INTO answer_options (question_id, correct_answer, answer_text)
VALUES ('305099105', FALSE, 'דרום אמריקה ואנטארקטיקה');

INSERT INTO answer_options (question_id, correct_answer, answer_text)
VALUES ('305099105', FALSE, 'אוסטרליה ואסיה');

INSERT INTO questions (question_id, language_id, topic_id, c_grade_id, level, question_text, explanation, interesting_fact)
VALUES ('305100101', 1, 5100, 1, 1, 'מה מייצג ראשי התיבות "CPU" במחשוב?', '', 'המעבד Central Processing Unit הוא המרכיב העיקרי של מחשב שמבצע את רוב העיבוד בתוכו.') ON CONFLICT (question_id) DO UPDATE SET language_id = 1 ,topic_id= 5100,c_grade_id =1,level=1,question_text='מה מייצג ראשי התיבות "CPU" במחשוב?',explanation='',interesting_fact='המעבד Central Processing Unit הוא המרכיב העיקרי של מחשב שמבצע את רוב העיבוד בתוכו.';


INSERT INTO answer_options (question_id, correct_answer, answer_text)
VALUES ('305100101', TRUE, 'יחידת עיבוד מרכזית') ;

INSERT INTO answer_options (question_id, correct_answer, answer_text)
VALUES ('305100101', FALSE, 'יחידת עיבוד מחשב');

INSERT INTO answer_options (question_id, correct_answer, answer_text)
VALUES ('305100101', FALSE, 'יחידת תכנות מרכזית');

INSERT INTO answer_options (question_id, correct_answer, answer_text)
VALUES ('305100101', FALSE, 'יחידת עיבוד בקרה');

INSERT INTO questions (question_id, language_id, topic_id, c_grade_id, level, question_text, explanation, interesting_fact)
VALUES ('305100102', 1, 5100, 2, 2, 'מי הקים את מיקרוסופט?', '', 'פול אלן וביל גייטס הקימו את מיקרוסופט ב-1975, שפיתחה את תוכנת Windows והפכה לחברת תוכנת המחשבים הגדולה בעולם.') ON CONFLICT (question_id) DO UPDATE SET language_id = 1 ,topic_id= 5100,c_grade_id =2,level=2,question_text='מי הקים את מיקרוסופט?',explanation='',interesting_fact='פול אלן וביל גייטס הקימו את מיקרוסופט ב-1975, שפיתחה את תוכנת Windows והפכה לחברת תוכנת המחשבים הגדולה בעולם.';


INSERT INTO answer_options (question_id, correct_answer, answer_text)
VALUES ('305100102', TRUE, 'ביל גייטס') ;

INSERT INTO answer_options (question_id, correct_answer, answer_text)
VALUES ('305100102', FALSE, 'סטיב ג`ובס');

INSERT INTO answer_options (question_id, correct_answer, answer_text)
VALUES ('305100102', FALSE, 'לארי פייג`');

INSERT INTO answer_options (question_id, correct_answer, answer_text)
VALUES ('305100102', FALSE, 'מארק צוקרברג');

INSERT INTO questions (question_id, language_id, topic_id, c_grade_id, level, question_text, explanation, interesting_fact)
VALUES ('305100103', 1, 5100, 3, 3, 'מהו המטבע הקריפטוגרפי הראשון שהוצג על ידי אדם עם שם בדוי Satoshi Nakamoto?', '', 'ביטקוין, מטבע הקריפטו הראשון, הציג את הרעיון המהפכני של טכנולוגיית בלוקצ`יין ומטבע דיגיטלי מבוזר.') ON CONFLICT (question_id) DO UPDATE SET language_id = 1 ,topic_id= 5100,c_grade_id =3,level=3,question_text='מהו המטבע הקריפטוגרפי הראשון שהוצג על ידי אדם עם שם בדוי Satoshi Nakamoto?',explanation='',interesting_fact='ביטקוין, מטבע הקריפטו הראשון, הציג את הרעיון המהפכני של טכנולוגיית בלוקצ`יין ומטבע דיגיטלי מבוזר.';


INSERT INTO answer_options (question_id, correct_answer, answer_text)
VALUES ('305100103', TRUE, 'ביטקוין') ;

INSERT INTO answer_options (question_id, correct_answer, answer_text)
VALUES ('305100103', FALSE, 'את`ריום');

INSERT INTO answer_options (question_id, correct_answer, answer_text)
VALUES ('305100103', FALSE, 'לייטקוין');

INSERT INTO answer_options (question_id, correct_answer, answer_text)
VALUES ('305100103', FALSE, 'אַדְוָה');

INSERT INTO questions (question_id, language_id, topic_id, c_grade_id, level, question_text, explanation, interesting_fact)
VALUES ('305100104', 1, 5100, 4, 4, 'איזו מדיה חברתית הוקמה על ידי מארק צוקרברג והפכה במהרה לגדולה מסוגה בעולם?', '', 'פייסבוק, שנוצרה בתחילה עבור סטודנטים בהרווארד, התרחבה במהירות והייתה לה השפעה עמוקה על המדיה החברתית והתקשורת העולמית.') ON CONFLICT (question_id) DO UPDATE SET language_id = 1 ,topic_id= 5100,c_grade_id =4,level=4,question_text='איזו מדיה חברתית הוקמה על ידי מארק צוקרברג והפכה במהרה לגדולה מסוגה בעולם?',explanation='',interesting_fact='פייסבוק, שנוצרה בתחילה עבור סטודנטים בהרווארד, התרחבה במהירות והייתה לה השפעה עמוקה על המדיה החברתית והתקשורת העולמית.';


INSERT INTO answer_options (question_id, correct_answer, answer_text)
VALUES ('305100104', TRUE, 'פייסבוק') ;

INSERT INTO answer_options (question_id, correct_answer, answer_text)
VALUES ('305100104', FALSE, 'טוויטר');

INSERT INTO answer_options (question_id, correct_answer, answer_text)
VALUES ('305100104', FALSE, 'אינסטגרם');

INSERT INTO answer_options (question_id, correct_answer, answer_text)
VALUES ('305100104', FALSE, 'לינקדאין');

INSERT INTO questions (question_id, language_id, topic_id, c_grade_id, level, question_text, explanation, interesting_fact)
VALUES ('305100105', 1, 5100, 5, 5, 'מה משמעות האותיות WWW בכתובת אינטרנט?', '', 'טים ברנרס-לי המציא את ה-World Wide Web ב-1989.') ON CONFLICT (question_id) DO UPDATE SET language_id = 1 ,topic_id= 5100,c_grade_id =5,level=5,question_text='מה משמעות האותיות WWW בכתובת אינטרנט?',explanation='',interesting_fact='טים ברנרס-לי המציא את ה-World Wide Web ב-1989.';


INSERT INTO answer_options (question_id, correct_answer, answer_text)
VALUES ('305100105', TRUE, 'World Wide Web') ;

INSERT INTO answer_options (question_id, correct_answer, answer_text)
VALUES ('305100105', FALSE, 'Wait Wait Wait');

INSERT INTO answer_options (question_id, correct_answer, answer_text)
VALUES ('305100105', FALSE, 'World With Web');

INSERT INTO answer_options (question_id, correct_answer, answer_text)
VALUES ('305100105', FALSE, 'Why What Who');
